-- phpMyAdmin SQL Dump
-- version 5.2.1
-- https://www.phpmyadmin.net/
--
-- Host: 127.0.0.1:3306
-- Generation Time: Jan 21, 2025 at 03:08 PM
-- Server version: 8.3.0
-- PHP Version: 8.2.18

SET SQL_MODE = "NO_AUTO_VALUE_ON_ZERO";
START TRANSACTION;
SET time_zone = "+00:00";


/*!40101 SET @OLD_CHARACTER_SET_CLIENT=@@CHARACTER_SET_CLIENT */;
/*!40101 SET @OLD_CHARACTER_SET_RESULTS=@@CHARACTER_SET_RESULTS */;
/*!40101 SET @OLD_COLLATION_CONNECTION=@@COLLATION_CONNECTION */;
/*!40101 SET NAMES utf8mb4 */;

--
-- Database: `pos_laravel`
--

-- --------------------------------------------------------

--
-- Table structure for table `apps`
--

DROP TABLE IF EXISTS `apps`;
CREATE TABLE IF NOT EXISTS `apps` (
  `id` int NOT NULL AUTO_INCREMENT,
  `title` varchar(255) DEFAULT NULL,
  `route` varchar(255) DEFAULT NULL,
  `app_form` varchar(30) DEFAULT NULL,
  `description` text,
  `icon` varchar(255) DEFAULT NULL,
  `sdp` tinyint DEFAULT '0',
  `app_type` varchar(45) DEFAULT 'CORE_APP',
  `active` int DEFAULT NULL,
  `extra_fields` longtext,
  `created_at` timestamp NULL DEFAULT CURRENT_TIMESTAMP,
  `updated_at` datetime DEFAULT NULL,
  `deleted_at` datetime DEFAULT NULL,
  PRIMARY KEY (`id`) USING BTREE
) ENGINE=InnoDB AUTO_INCREMENT=85 DEFAULT CHARSET=utf8mb3 ROW_FORMAT=DYNAMIC;

--
-- Dumping data for table `apps`
--

INSERT INTO `apps` (`id`, `title`, `route`, `app_form`, `description`, `icon`, `sdp`, `app_type`, `active`, `extra_fields`, `created_at`, `updated_at`, `deleted_at`) VALUES
(1, 'Pos', 'settings', '', '', 'bx bx-wrench', 0, 'CORE_APP', 1, '', '2022-05-16 20:16:02', '2022-10-05 22:23:28', NULL),
(84, 'FMC', 'fmc', '', 'Find My Cell is Application For Police', 'bx bx-devices', 0, 'CORE_APP', 0, '', '2023-10-27 13:53:15', '2023-12-13 12:02:56', '2023-12-13 12:02:56');

-- --------------------------------------------------------

--
-- Table structure for table `companies`
--

DROP TABLE IF EXISTS `companies`;
CREATE TABLE IF NOT EXISTS `companies` (
  `id` int NOT NULL AUTO_INCREMENT,
  `company_type_id` bigint UNSIGNED DEFAULT NULL,
  `company_level_id` bigint UNSIGNED DEFAULT NULL,
  `parent_id` int DEFAULT NULL,
  `country_id` int DEFAULT NULL,
  `province_id` int DEFAULT NULL,
  `division_id` int DEFAULT NULL,
  `district_id` int DEFAULT NULL,
  `tehsil_id` int DEFAULT NULL,
  `title` varchar(255) DEFAULT NULL,
  `description` text,
  `prefix` varchar(10) DEFAULT NULL,
  `user_id` int DEFAULT NULL,
  `created_at` timestamp NULL DEFAULT CURRENT_TIMESTAMP,
  `updated_at` datetime DEFAULT NULL,
  `deleted_at` datetime DEFAULT NULL,
  `reference_id` bigint DEFAULT NULL,
  `reference_model` varchar(255) DEFAULT NULL,
  PRIMARY KEY (`id`) USING BTREE
) ENGINE=InnoDB AUTO_INCREMENT=526 DEFAULT CHARSET=utf8mb3 ROW_FORMAT=DYNAMIC;

--
-- Dumping data for table `companies`
--

INSERT INTO `companies` (`id`, `company_type_id`, `company_level_id`, `parent_id`, `country_id`, `province_id`, `division_id`, `district_id`, `tehsil_id`, `title`, `description`, `prefix`, `user_id`, `created_at`, `updated_at`, `deleted_at`, `reference_id`, `reference_model`) VALUES
(1, 1, 1, 0, 1, 1, 0, 0, 0, 'Developers Department', 'Department for developer accounts', '', 2, '2022-05-28 21:05:10', '2022-06-23 10:00:33', '0000-00-00 00:00:00', 0, ''),
(491, 36, 7, 382, 0, 1, 7, 1, 0, 'Police Station East Cantt', '', '', 2, '2023-11-14 06:11:09', '2023-11-14 12:11:29', '0000-00-00 00:00:00', 0, ''),
(492, 36, 7, 382, 0, 1, 7, 1, 0, 'Police Station West Cantt', '', '', 2, '2023-11-14 06:12:56', '2023-11-14 12:14:39', '0000-00-00 00:00:00', 0, ''),
(493, 36, 7, 382, 0, 1, 7, 1, 0, 'Police Station Michani Gat', '', '', 2, '2023-11-14 06:16:17', '2023-11-14 12:16:57', '0000-00-00 00:00:00', 0, ''),
(494, 36, 7, 382, 0, 1, 7, 1, 0, 'Police Station Gulberg', '', '', 2, '2023-11-14 06:19:10', '2023-11-14 12:19:10', '0000-00-00 00:00:00', 0, ''),
(495, 36, 7, 382, 0, 1, 7, 1, 0, 'Police Station Hayatabad', '', '', 2, '2023-11-14 06:20:25', '2023-11-14 12:20:25', '0000-00-00 00:00:00', 0, ''),
(496, 36, 7, 382, 0, 1, 7, 1, 0, 'Police Station Tatara', '', '', 2, '2023-11-14 06:24:10', '2023-11-14 12:24:10', '0000-00-00 00:00:00', 0, ''),
(497, 36, 7, 382, 0, 1, 7, 1, 0, 'Police Station Pishtakhara', '', '', 2, '2023-11-14 06:25:16', '2023-11-14 12:25:16', '0000-00-00 00:00:00', 0, ''),
(498, 36, 7, 382, 0, 1, 7, 1, 0, 'Police Station Town', '', '', 2, '2023-11-14 06:26:37', '2023-11-14 12:26:37', '0000-00-00 00:00:00', 0, ''),
(499, 36, 7, 382, 0, 1, 7, 1, 0, 'Police Station Tehkal', '', '', 2, '2023-11-14 06:27:57', '2023-11-14 12:28:14', '0000-00-00 00:00:00', 0, ''),
(500, 36, 7, 382, 0, 1, 7, 1, 0, 'Police Station KRS', '', '', 2, '2023-11-14 06:29:17', '2023-11-14 12:29:17', '0000-00-00 00:00:00', 0, ''),
(501, 36, 7, 382, 0, 1, 7, 1, 0, 'Police Station Shahqabool', '', '', 2, '2023-11-14 06:30:35', '2023-11-14 12:30:35', '0000-00-00 00:00:00', 0, ''),
(502, 36, 7, 382, 0, 1, 7, 1, 0, 'Police Station SGH', '', '', 2, '2023-11-14 06:31:55', '2023-11-14 12:31:55', '0000-00-00 00:00:00', 0, ''),
(503, 36, 7, 382, 0, 1, 7, 1, 0, 'Police Station Kotwali', '', '', 2, '2023-11-14 06:34:15', '2023-11-14 12:34:15', '0000-00-00 00:00:00', 0, ''),
(504, 36, 7, 382, 0, 1, 7, 1, 0, 'Police Station Faqirabad', '', '', 2, '2023-11-14 06:36:16', '2023-11-14 12:36:16', '0000-00-00 00:00:00', 0, ''),
(505, 36, 7, 382, 0, 1, 7, 1, 0, 'Police Station Pharipura', '', '', 2, '2023-11-14 06:38:26', '2023-11-14 12:38:26', '0000-00-00 00:00:00', 0, ''),
(506, 36, 7, 382, 0, 1, 7, 1, 0, 'Police Station AMJ Shah', '', '', 2, '2023-11-14 06:39:30', '2023-11-14 12:39:30', '0000-00-00 00:00:00', 0, ''),
(507, 36, 7, 382, 0, 1, 7, 1, 0, 'Police Station Bhanamanri', '', '', 2, '2023-11-14 06:40:33', '2023-11-14 12:40:33', '0000-00-00 00:00:00', 0, ''),
(508, 36, 7, 382, 0, 1, 7, 1, 0, 'Police Station Rehman Baba', '', '', 2, '2023-11-14 06:41:50', '2023-11-14 12:41:50', '0000-00-00 00:00:00', 0, ''),
(509, 36, 7, 382, 0, 1, 7, 1, 0, 'Police Station Gulbahar', '', '', 2, '2023-11-14 06:43:05', '2023-11-14 12:43:05', '0000-00-00 00:00:00', 0, ''),
(510, 36, 7, 382, 0, 1, 7, 1, 0, 'Police Station Phandu', '', '', 2, '2023-11-14 06:44:05', '2023-11-14 12:44:05', '0000-00-00 00:00:00', 0, ''),
(511, 36, 7, 382, 0, 1, 7, 1, 0, 'Police Station Chamkani', '', '', 2, '2023-11-14 06:45:01', '2023-11-14 12:45:01', '0000-00-00 00:00:00', 0, ''),
(512, 36, 7, 382, 0, 1, 7, 1, 0, 'Police Station Shahpur', '', '', 2, '2023-11-14 06:46:02', '2023-11-14 12:46:02', '0000-00-00 00:00:00', 0, ''),
(513, 36, 7, 382, 0, 1, 7, 1, 0, 'Police Station Khazana', '', '', 2, '2023-11-14 06:47:06', '2023-11-14 12:47:06', '0000-00-00 00:00:00', 0, ''),
(514, 36, 7, 382, 0, 1, 7, 1, 0, 'Police Station Daudzai', '', '', 2, '2023-11-14 06:48:13', '2023-11-14 12:48:13', '0000-00-00 00:00:00', 0, ''),
(515, 36, 7, 382, 0, 1, 7, 1, 0, 'Police Station Mathra', '', '', 2, '2023-11-14 06:49:03', '2023-11-14 12:49:03', '0000-00-00 00:00:00', 0, ''),
(516, 36, 7, 382, 0, 1, 7, 1, 0, 'Police Station Regi', '', '', 2, '2023-11-14 06:50:08', '2023-11-14 12:50:08', '0000-00-00 00:00:00', 0, ''),
(517, 36, 7, 382, 0, 1, 7, 1, 0, 'Police Station Nasir Bagh', '', '', 2, '2023-11-14 06:51:21', '2023-11-14 12:51:21', '0000-00-00 00:00:00', 0, ''),
(518, 36, 7, 382, 0, 1, 7, 1, 0, 'Police Station RMT', '', '', 2, '2023-11-14 06:52:13', '2023-11-14 12:52:13', '0000-00-00 00:00:00', 0, ''),
(519, 36, 7, 382, 0, 1, 7, 1, 0, 'Police Station Badhber', '', '', 2, '2023-11-14 06:53:09', '2023-11-14 12:53:09', '0000-00-00 00:00:00', 0, ''),
(520, 36, 7, 382, 0, 1, 7, 1, 0, 'Police Station Inqilab', '', '', 2, '2023-11-14 06:54:03', '2023-11-14 12:54:03', '0000-00-00 00:00:00', 0, ''),
(521, 36, 7, 382, 0, 1, 7, 1, 0, 'Police Station Sarband', '', '', 2, '2023-11-14 06:55:01', '2023-11-14 12:55:01', '0000-00-00 00:00:00', 0, ''),
(522, 36, 7, 382, 0, 1, 7, 1, 0, 'Police Station Mattani', '', '', 2, '2023-11-14 06:56:16', '2023-11-14 12:56:16', '0000-00-00 00:00:00', 0, ''),
(523, 36, 7, 382, 0, 1, 7, 1, 0, 'Police Station Hassan Khel', '', '', 2, '2023-11-14 06:57:21', '2023-11-14 12:57:21', '0000-00-00 00:00:00', 0, ''),
(524, 36, 7, 382, 0, 1, 7, 1, 0, 'Police Station Urmer', '', '', 2, '2023-11-14 06:58:20', '2023-11-14 12:58:20', '0000-00-00 00:00:00', 0, ''),
(525, 36, 7, 382, 0, 1, 7, 1, 0, 'Police Station Women Police station', '', '', 2, '2023-11-14 06:59:14', '2023-11-14 12:59:14', '0000-00-00 00:00:00', 0, '');

-- --------------------------------------------------------

--
-- Table structure for table `company_levels`
--

DROP TABLE IF EXISTS `company_levels`;
CREATE TABLE IF NOT EXISTS `company_levels` (
  `id` bigint UNSIGNED NOT NULL AUTO_INCREMENT,
  `title` varchar(255) DEFAULT NULL,
  `description` text,
  `created_at` timestamp NULL DEFAULT NULL,
  `updated_at` timestamp NULL DEFAULT NULL,
  `deleted_at` timestamp NULL DEFAULT NULL,
  PRIMARY KEY (`id`) USING BTREE
) ENGINE=InnoDB AUTO_INCREMENT=8 DEFAULT CHARSET=utf8mb3 ROW_FORMAT=DYNAMIC;

--
-- Dumping data for table `company_levels`
--

INSERT INTO `company_levels` (`id`, `title`, `description`, `created_at`, `updated_at`, `deleted_at`) VALUES
(1, 'National Level', '', '0000-00-00 00:00:00', '0000-00-00 00:00:00', NULL),
(2, 'Provincial Level', '', '0000-00-00 00:00:00', '0000-00-00 00:00:00', NULL),
(3, 'Regional / Divisional Level', '', '0000-00-00 00:00:00', '0000-00-00 00:00:00', NULL),
(4, 'District Level', '', '0000-00-00 00:00:00', '0000-00-00 00:00:00', NULL),
(5, 'Sub Divisional Level', '', '0000-00-00 00:00:00', '0000-00-00 00:00:00', NULL),
(6, 'Tehsil Level', '', '0000-00-00 00:00:00', '0000-00-00 00:00:00', NULL),
(7, 'UC/NC Level', '', '0000-00-00 00:00:00', '0000-00-00 00:00:00', NULL);

-- --------------------------------------------------------

--
-- Table structure for table `company_types`
--

DROP TABLE IF EXISTS `company_types`;
CREATE TABLE IF NOT EXISTS `company_types` (
  `id` bigint UNSIGNED NOT NULL AUTO_INCREMENT,
  `title` varchar(255) DEFAULT NULL,
  `description` text,
  `created_at` timestamp NULL DEFAULT NULL,
  `updated_at` timestamp NULL DEFAULT NULL,
  `deleted_at` timestamp NULL DEFAULT NULL,
  PRIMARY KEY (`id`) USING BTREE
) ENGINE=InnoDB AUTO_INCREMENT=48 DEFAULT CHARSET=utf8mb3 ROW_FORMAT=DYNAMIC;

--
-- Dumping data for table `company_types`
--

INSERT INTO `company_types` (`id`, `title`, `description`, `created_at`, `updated_at`, `deleted_at`) VALUES
(1, 'Developer', '', '0000-00-00 00:00:00', '0000-00-00 00:00:00', '0000-00-00 00:00:00'),
(36, 'Police', '', '0000-00-00 00:00:00', '0000-00-00 00:00:00', '0000-00-00 00:00:00');

-- --------------------------------------------------------

--
-- Table structure for table `consultants`
--

DROP TABLE IF EXISTS `consultants`;
CREATE TABLE IF NOT EXISTS `consultants` (
  `id` bigint NOT NULL AUTO_INCREMENT,
  `name` varchar(255) CHARACTER SET utf8mb4 COLLATE utf8mb4_general_ci DEFAULT NULL,
  `consultant_department_id` int DEFAULT NULL,
  `consultant_speciality_id` int DEFAULT NULL,
  `cnic` varchar(100) CHARACTER SET utf8mb4 COLLATE utf8mb4_general_ci DEFAULT NULL,
  `joining_date` date DEFAULT NULL,
  `consultant_type_id` int DEFAULT NULL,
  `share_percentage` decimal(10,2) DEFAULT '0.00',
  `is_active` int DEFAULT '1',
  PRIMARY KEY (`id`)
) ENGINE=InnoDB AUTO_INCREMENT=19 DEFAULT CHARSET=utf8mb4 COLLATE=utf8mb4_general_ci;

--
-- Dumping data for table `consultants`
--

INSERT INTO `consultants` (`id`, `name`, `consultant_department_id`, `consultant_speciality_id`, `cnic`, `joining_date`, `consultant_type_id`, `share_percentage`, `is_active`) VALUES
(1, 'Dr.Toheed ur rehman', 4, 6, '4654654654654', '2024-12-24', 1, 0.00, 1),
(2, 'Dr.Ishaq Ahmad', 5, 3, '2343243243242', '2024-12-01', 1, 0.00, 1),
(3, 'Dr.Basit', 3, 1, '3445435435345', '2024-12-17', 1, 0.00, 1),
(4, 'Dr Farhan Ahmad', 3, 1, '8997554334332', '2024-12-23', 1, 0.00, 1),
(5, 'Dr Faisal Zia', 10, 10, '3454567788799', '2024-09-09', 1, 0.00, 1),
(6, 'Dr Rashid Ahmad', 9, 9, '6566767788979', '2024-03-01', 1, 0.00, 1),
(7, 'Dr Sabeen sahar', 1, 7, '6578787989898', '2042-02-21', 1, 0.00, 1),
(8, 'Dr Aroosa Usma', 1, 7, '4567687888799', '2024-05-05', 1, 0.00, 1),
(9, 'Dr Faisal Iftikhar', 8, 4, '5677898798988', '2024-04-04', 1, 0.00, 1),
(10, 'Dr Ijaz Ahmad', 2, 5, '6776877989898', '2024-04-05', 1, 0.00, 1),
(11, 'Dr Haroon Nawaz', 2, 5, '7876676767676', '2024-05-12', 1, 0.00, 1),
(12, 'Dr Amjad Khan', 7, 8, '566778787888', '2024-03-06', 1, 0.00, 1),
(13, 'Dr Sami Ullah', 12, 12, '5565768787899', '2024-01-09', 1, 0.00, 1),
(14, 'Dr Farooq Islam', 5, 3, '6566444555555', '2025-01-01', 1, 0.00, 1),
(15, 'Dr Aamir', 10, 10, '3333333333333', '2025-01-01', 1, 0.00, 1),
(16, 'Dr Abdur Rehman', 6, 11, '5444444444444', '2025-01-01', 1, 20.00, 1),
(17, 'Dr Abbas Ali', 11, 5, '5444444444444', '2025-01-01', 1, 0.00, 1),
(18, 'Dr Kashif Iqbal', 4, 6, '1556622255555', '2025-01-14', 1, 0.00, 1);

-- --------------------------------------------------------

--
-- Table structure for table `consultant_department`
--

DROP TABLE IF EXISTS `consultant_department`;
CREATE TABLE IF NOT EXISTS `consultant_department` (
  `id` int NOT NULL AUTO_INCREMENT,
  `name` varchar(255) CHARACTER SET utf8mb4 COLLATE utf8mb4_general_ci NOT NULL,
  `is_active` int NOT NULL DEFAULT '1',
  PRIMARY KEY (`id`)
) ENGINE=InnoDB AUTO_INCREMENT=13 DEFAULT CHARSET=utf8mb4 COLLATE=utf8mb4_general_ci;

--
-- Dumping data for table `consultant_department`
--

INSERT INTO `consultant_department` (`id`, `name`, `is_active`) VALUES
(1, 'Gyne', 1),
(2, 'Peads', 0),
(3, 'Urology', 1),
(4, 'nephrology', 1),
(5, 'Gastro', 1),
(6, 'orthopedic', 1),
(7, 'Ultrasound Specalist', 1),
(8, 'Cardiologist', 1),
(9, 'ENT', 1),
(10, 'Genaral Surgeon', 1),
(11, 'Peads', 1),
(12, 'Medical Specialist', 1);

-- --------------------------------------------------------

--
-- Table structure for table `consultant_speciality`
--

DROP TABLE IF EXISTS `consultant_speciality`;
CREATE TABLE IF NOT EXISTS `consultant_speciality` (
  `id` int NOT NULL AUTO_INCREMENT,
  `name` varchar(255) CHARACTER SET utf8mb4 COLLATE utf8mb4_general_ci DEFAULT NULL,
  `is_active` int NOT NULL DEFAULT '1',
  PRIMARY KEY (`id`)
) ENGINE=InnoDB AUTO_INCREMENT=13 DEFAULT CHARSET=utf8mb4 COLLATE=utf8mb4_general_ci;

--
-- Dumping data for table `consultant_speciality`
--

INSERT INTO `consultant_speciality` (`id`, `name`, `is_active`) VALUES
(1, 'Urologys', 1),
(2, 'test', 0),
(3, 'Gastro', 1),
(4, 'Cardiology', 1),
(5, 'Peads', 1),
(6, 'Nephrology', 1),
(7, 'Gynae', 1),
(8, 'Ultrasound Specialist', 1),
(9, 'ENT', 1),
(10, 'Genaral Surgery', 1),
(11, 'Orthopedic', 1),
(12, 'Medicine', 1);

-- --------------------------------------------------------

--
-- Table structure for table `consultant_type`
--

DROP TABLE IF EXISTS `consultant_type`;
CREATE TABLE IF NOT EXISTS `consultant_type` (
  `id` int NOT NULL AUTO_INCREMENT,
  `name` varchar(255) CHARACTER SET utf8mb4 COLLATE utf8mb4_general_ci DEFAULT NULL,
  `is_active` int NOT NULL DEFAULT '1',
  PRIMARY KEY (`id`)
) ENGINE=InnoDB AUTO_INCREMENT=4 DEFAULT CHARSET=utf8mb4 COLLATE=utf8mb4_general_ci;

--
-- Dumping data for table `consultant_type`
--

INSERT INTO `consultant_type` (`id`, `name`, `is_active`) VALUES
(1, 'FCPS Nephrology', 1),
(2, 'asdf', 0),
(3, 'Dr Kashif Iqbal', 1);

-- --------------------------------------------------------

--
-- Table structure for table `departments`
--

DROP TABLE IF EXISTS `departments`;
CREATE TABLE IF NOT EXISTS `departments` (
  `id` bigint NOT NULL AUTO_INCREMENT,
  `name` varchar(255) NOT NULL,
  PRIMARY KEY (`id`)
) ENGINE=InnoDB AUTO_INCREMENT=4 DEFAULT CHARSET=utf8mb4 COLLATE=utf8mb4_0900_ai_ci;

--
-- Dumping data for table `departments`
--

INSERT INTO `departments` (`id`, `name`) VALUES
(1, 'AMC Hospital');

-- --------------------------------------------------------

--
-- Table structure for table `districts`
--

DROP TABLE IF EXISTS `districts`;
CREATE TABLE IF NOT EXISTS `districts` (
  `id` int NOT NULL AUTO_INCREMENT,
  `province_id` int NOT NULL,
  `division_id` int DEFAULT NULL,
  `reagin` int DEFAULT NULL,
  `title` varchar(255) CHARACTER SET utf8mb4 COLLATE utf8mb4_general_ci DEFAULT NULL,
  `short_title` varchar(3) CHARACTER SET utf8mb4 COLLATE utf8mb4_general_ci NOT NULL,
  `latitude` varchar(100) CHARACTER SET utf8mb4 COLLATE utf8mb4_general_ci DEFAULT NULL,
  `longitude` varchar(100) CHARACTER SET utf8mb4 COLLATE utf8mb4_general_ci DEFAULT NULL,
  `description` text CHARACTER SET utf8mb4 COLLATE utf8mb4_general_ci,
  `active` tinyint NOT NULL DEFAULT '1',
  `district_group_id` int DEFAULT NULL,
  `deleted_at` datetime DEFAULT NULL,
  `created_at` timestamp NOT NULL DEFAULT CURRENT_TIMESTAMP,
  `updated_at` datetime DEFAULT NULL,
  `check` int DEFAULT '0',
  PRIMARY KEY (`id`) USING BTREE,
  KEY `province_id` (`province_id`) USING BTREE,
  KEY `division_id` (`division_id`) USING BTREE
) ENGINE=InnoDB AUTO_INCREMENT=359 DEFAULT CHARSET=utf8mb4 COLLATE=utf8mb4_general_ci ROW_FORMAT=DYNAMIC;

--
-- Dumping data for table `districts`
--

INSERT INTO `districts` (`id`, `province_id`, `division_id`, `reagin`, `title`, `short_title`, `latitude`, `longitude`, `description`, `active`, `district_group_id`, `deleted_at`, `created_at`, `updated_at`, `check`) VALUES
(1, 1, 7, 1, 'Peshawar', 'pes', '34.014975', '71.580490', NULL, 1, 1, NULL, '2017-02-09 03:09:00', NULL, 0),
(2, 1, 6, 2, 'Mardan', 'mar', '34.200114', '72.050801', NULL, 1, 1, NULL, '2017-02-09 03:09:00', NULL, 0),
(3, 1, 7, 2, 'Charsadda', 'cha', '34.149433', '71.742781', NULL, 1, 2, NULL, '2017-02-09 03:09:00', NULL, 0),
(4, 1, 1, 6, 'Bannu', 'ban', '32.989724', '70.603833', NULL, 1, 1, NULL, '2017-02-09 03:09:00', NULL, 0),
(5, 1, 2, 7, 'Dera Ismail Khan', 'dik', '31.842362', '70.895234', NULL, 1, 1, NULL, '2017-02-09 03:09:00', NULL, 0),
(6, 1, 5, 3, 'Dir Upper', 'dru', '35.206591', '71.878309', NULL, 1, 3, NULL, '2017-02-09 03:09:00', NULL, 0),
(7, 1, 5, 3, 'Dir Lower', 'drl', '34.832810', '71.836166', NULL, 1, 2, NULL, '2017-02-09 03:09:00', NULL, 0),
(8, 1, 3, 4, 'Abbottabad', 'abb', '34.168750', '73.221498', NULL, 1, 1, NULL, '2017-02-09 03:09:00', NULL, 0),
(9, 1, 3, 4, 'Battagram', 'bat', '34.676658', '73.025769', NULL, 1, 4, NULL, '2017-02-09 03:09:00', NULL, 0),
(10, 1, 5, 3, 'Buner', 'bun', '34.394322', '72.615117', NULL, 1, 3, NULL, '2017-02-09 03:09:00', NULL, 0),
(11, 1, 5, 3, 'Chitral Lower', 'cht', '35.852287', '71.787107', NULL, 1, 3, NULL, '2017-02-09 03:09:00', NULL, 0),
(12, 1, 4, 5, 'Hangu', 'han', '33.528665', '71.067605', NULL, 1, 3, NULL, '2017-02-09 03:09:00', NULL, 0),
(13, 1, 3, 4, 'Haripur', 'har', '33.995984', '72.936762', NULL, 1, 2, NULL, '2017-02-09 03:09:00', NULL, 0),
(14, 1, 4, 5, 'Karak', 'kar', '33.110118', '71.091156', NULL, 1, 3, NULL, '2017-02-09 03:09:00', NULL, 0),
(15, 1, 4, 5, 'Kohat', 'koh', '33.583401', '71.433219', NULL, 1, 1, NULL, '2017-02-09 03:09:00', NULL, 0),
(16, 1, 3, 4, 'Kohistan Upper', 'kou', '35.261126', '73.276536', NULL, 1, 4, NULL, '2017-02-09 03:09:00', NULL, 0),
(17, 1, 1, 6, 'Lakki Marwat', 'lak', '32.546259', '70.716847', NULL, 1, 3, NULL, '2017-02-09 03:09:00', NULL, 0),
(18, 1, 5, 3, 'Malakand', 'mlk', '34.503041', '71.904565', NULL, 1, 2, NULL, '2017-02-09 03:09:00', NULL, 0),
(19, 1, 3, 4, 'Mansehra', 'man', '34.333882', '73.201062', NULL, 1, 2, NULL, '2017-02-09 03:09:00', NULL, 0),
(20, 1, 7, 2, 'Nowshera', 'now', '34.015856', '71.975452', NULL, 1, 2, NULL, '2017-02-09 03:09:00', NULL, 0),
(21, 1, 5, 3, 'Shangla', 'sha', '34.801508', '72.757002', NULL, 1, 3, NULL, '2017-02-09 03:09:00', NULL, 0),
(22, 1, 6, 2, 'Swabi', 'swb', '34.116416', '72.464278', NULL, 1, 2, NULL, '2017-02-09 03:09:00', NULL, 0),
(23, 1, 5, 3, 'Swat', 'swt', '34.749212', '72.356271', NULL, 1, 1, NULL, '2017-02-09 03:09:00', NULL, 0),
(24, 1, 2, 7, 'Tank', 'tan', '32.341693', '70.526493', NULL, 1, 4, NULL, '2017-02-09 03:09:00', NULL, 0),
(25, 1, 3, 4, 'Tor Ghar', 'tor', '34.6172337', '72.8586485', NULL, 1, 4, NULL, '2017-02-09 03:09:00', NULL, 0),
(26, 1, 3, 4, 'Kohistan Lower', 'kol', '35.261126', '73.276536', NULL, 1, 4, NULL, '2017-02-09 03:09:00', NULL, 0),
(138, 1, 5, 3, 'Bajaur', 'baj', '34.7313', '71.5130', NULL, 1, 5, NULL, '2017-02-09 03:09:00', NULL, 1),
(140, 1, 7, 1, 'Khyber', 'khy', '34.9526', '72.3311', NULL, 1, 5, NULL, '2017-02-09 03:09:00', NULL, 1),
(141, 1, 4, 5, 'Kurram', 'kur', '33.6960', '70.3361', NULL, 1, 5, NULL, '2017-02-09 03:09:00', NULL, 1),
(142, 1, 7, 2, 'Mohmand', 'moh', '34.5356', '71.2874', NULL, 1, 5, NULL, '2017-02-09 03:09:00', NULL, 1),
(143, 1, 1, 6, 'North Waziristan', 'nor', '32.9431', '69.9550', NULL, 1, 5, NULL, '2017-02-09 03:09:00', NULL, 1),
(144, 1, 4, 5, 'Orakzai', 'ora', '33.6671', '70.9547', NULL, 1, 5, NULL, '2017-02-09 03:09:00', NULL, 1),
(145, 1, 2, 7, 'South Waziristan (Upper)', 'sou', '32.3202', '69.8597', NULL, 1, 5, NULL, '2017-02-09 03:09:00', NULL, 1),
(198, 1, 3, 4, 'Kolai Pallas', 'klp', '35.261126', '73.276536', NULL, 1, 4, NULL, '2017-02-09 03:09:00', NULL, 0),
(351, 1, 5, 3, 'Chitral Upper', 'chu', '35.852287', '71.787107', NULL, 1, 4, NULL, '2019-10-25 08:41:35', NULL, 0),
(357, 1, 2, 7, 'South Waziristan (Lower)', 'sol', '32.3202', '69.8597', NULL, 1, 5, NULL, '2017-02-09 03:09:00', NULL, 1);

-- --------------------------------------------------------

--
-- Table structure for table `expenses`
--

DROP TABLE IF EXISTS `expenses`;
CREATE TABLE IF NOT EXISTS `expenses` (
  `ExpenseID` int NOT NULL AUTO_INCREMENT,
  `ExpenseTitle` varchar(255) DEFAULT NULL,
  `IsActive` int DEFAULT '1',
  `Editable` int DEFAULT '0',
  PRIMARY KEY (`ExpenseID`)
) ENGINE=InnoDB AUTO_INCREMENT=6 DEFAULT CHARSET=utf8mb3;

--
-- Dumping data for table `expenses`
--

INSERT INTO `expenses` (`ExpenseID`, `ExpenseTitle`, `IsActive`, `Editable`) VALUES
(1, 'Salary', 1, 0),
(2, 'Demage', 1, 0),
(3, 'Experss', 1, 0),
(4, 'Exp', 1, 0),
(5, NULL, 1, 0);

-- --------------------------------------------------------

--
-- Table structure for table `expense_sub`
--

DROP TABLE IF EXISTS `expense_sub`;
CREATE TABLE IF NOT EXISTS `expense_sub` (
  `ESID` int NOT NULL AUTO_INCREMENT,
  `ESTitle` varchar(255) DEFAULT NULL,
  `ExpenseID` int DEFAULT NULL,
  `IsActive` int DEFAULT '1',
  `Editable` int DEFAULT '0',
  PRIMARY KEY (`ESID`)
) ENGINE=InnoDB AUTO_INCREMENT=5 DEFAULT CHARSET=utf8mb3;

--
-- Dumping data for table `expense_sub`
--

INSERT INTO `expense_sub` (`ESID`, `ESTitle`, `ExpenseID`, `IsActive`, `Editable`) VALUES
(1, 'Jameel', 1, 1, 0),
(2, 'Warehouse Demage', 2, 1, 0),
(3, 'sdfsdf', 3, 1, 0),
(4, NULL, NULL, 1, 0);

-- --------------------------------------------------------

--
-- Table structure for table `general_expenses`
--

DROP TABLE IF EXISTS `general_expenses`;
CREATE TABLE IF NOT EXISTS `general_expenses` (
  `GXID` int NOT NULL AUTO_INCREMENT,
  `ESID` int DEFAULT NULL,
  `Amount` decimal(10,2) DEFAULT NULL,
  `Dated` date DEFAULT NULL,
  `Description` text,
  `CreatedAt` date DEFAULT NULL,
  `CreatedBy` int DEFAULT NULL,
  `ModifiedAt` date DEFAULT NULL,
  `ModifiedBy` int DEFAULT NULL,
  `IsActive` int DEFAULT '1',
  PRIMARY KEY (`GXID`),
  KEY `ESID` (`ESID`),
  KEY `IsActive` (`IsActive`)
) ENGINE=InnoDB AUTO_INCREMENT=3 DEFAULT CHARSET=utf8mb3;

--
-- Dumping data for table `general_expenses`
--

INSERT INTO `general_expenses` (`GXID`, `ESID`, `Amount`, `Dated`, `Description`, `CreatedAt`, `CreatedBy`, `ModifiedAt`, `ModifiedBy`, `IsActive`) VALUES
(1, 2, 10.00, '2024-12-01', 'Item Name:Banana Total :1 Demage ,and Unit Price of Item is10.00 . Total amount of Damage items is 10', '2024-12-01', 30, NULL, NULL, 1),
(2, 1, 3333.00, '2024-12-04', 'sdfsd', NULL, NULL, NULL, NULL, 1);

-- --------------------------------------------------------

--
-- Table structure for table `grn`
--

DROP TABLE IF EXISTS `grn`;
CREATE TABLE IF NOT EXISTS `grn` (
  `GRNID` int NOT NULL AUTO_INCREMENT,
  `grn_request_id` int DEFAULT NULL,
  `SCID` int DEFAULT NULL,
  `InvoiceNo` varchar(55) DEFAULT NULL,
  `Freight` float DEFAULT NULL,
  `Dated` date DEFAULT NULL,
  `Description` varchar(500) DEFAULT NULL,
  `Discount` float DEFAULT NULL,
  `per_item_discount` decimal(10,2) NOT NULL DEFAULT '0.00',
  `TotalPurchase` decimal(10,2) DEFAULT NULL,
  `paid_amount` decimal(10,2) NOT NULL DEFAULT '0.00',
  `total_gst` decimal(10,2) DEFAULT NULL,
  `total_advance_tax` decimal(10,2) DEFAULT NULL,
  `CreatedBy` int DEFAULT NULL,
  `CreatedAt` date DEFAULT NULL,
  `ModifiedBy` int DEFAULT NULL,
  `ModifiedAt` date DEFAULT NULL,
  `bill_json_form` text,
  PRIMARY KEY (`GRNID`)
) ENGINE=InnoDB AUTO_INCREMENT=65 DEFAULT CHARSET=latin1;

--
-- Dumping data for table `grn`
--

INSERT INTO `grn` (`GRNID`, `grn_request_id`, `SCID`, `InvoiceNo`, `Freight`, `Dated`, `Description`, `Discount`, `per_item_discount`, `TotalPurchase`, `paid_amount`, `total_gst`, `total_advance_tax`, `CreatedBy`, `CreatedAt`, `ModifiedBy`, `ModifiedAt`, `bill_json_form`) VALUES
(1, 1, 218, '34196', 0, '2025-01-04', NULL, 0, 0.00, 71870.47, 0.00, 1690.77, 0.00, 2, '2025-01-04', NULL, NULL, NULL),
(2, 2, 218, '8164', 0, '2025-01-04', NULL, 0, 0.00, 18000.00, 0.00, 0.00, 0.00, 2, '2025-01-04', NULL, NULL, NULL),
(3, 3, 217, '234', 0, '2025-01-04', NULL, 0, 0.00, 136323.00, 0.00, 0.00, 0.00, 2, '2025-01-04', 2, NULL, NULL),
(4, 4, 219, '123', 0, '2025-01-06', NULL, 0, 0.00, 0.00, 0.00, 0.00, 0.00, 2, '2025-01-06', 2, NULL, NULL),
(5, 6, 217, '1764', 0, '2025-01-06', NULL, 0, 0.00, 14295.00, 0.00, 0.00, 0.00, 2, '2025-01-06', 2, NULL, NULL),
(6, 7, 220, '123454', 0, '2025-01-07', NULL, 0, 0.00, 3509.00, 0.00, 0.00, 0.00, 2, '2025-01-07', 2, NULL, NULL),
(7, 5, 220, '247-125', 0, '2025-01-06', NULL, 0, 0.00, 100994.11, 0.00, 0.00, 0.00, 2, '2025-01-06', 2, NULL, NULL),
(8, 8, 220, '4322', 0, '2025-01-07', NULL, 0, 0.00, 1166.26, 0.00, 0.00, 0.00, 2, '2025-01-07', 2, NULL, NULL),
(9, 9, 221, '0112739', 0, '2025-01-07', NULL, 0, 0.00, 35471.50, 0.00, 0.00, 0.00, 2, '2025-01-07', 2, NULL, NULL),
(10, 10, 220, '11-direct-from-pharmacy', 0, '2025-01-07', NULL, 0, 0.00, 7087.28, 0.00, 0.00, 0.00, 2, '2025-01-07', 2, NULL, NULL),
(11, 11, 220, 'DIRECT FROM AMC PHARMACY', 0, '2025-01-07', NULL, 0, 0.00, 180.00, 0.00, 0.00, 0.00, 2, '2025-01-07', 2, NULL, NULL),
(12, 12, 220, 'amc bill', 0, '2025-01-07', NULL, 0, 0.00, 500.00, 0.00, 0.00, 0.00, 12257, '2025-01-07', NULL, NULL, NULL),
(13, 13, 220, 'direct grn', 0, '2025-01-07', NULL, 0, 0.00, 806.00, 0.00, 0.00, 0.00, 2, '2025-01-07', 2, NULL, NULL),
(14, 14, 220, 'direct grn', 0, '2025-01-07', NULL, 0, 0.00, 2038.00, 0.00, 0.00, 0.00, 2, '2025-01-07', NULL, NULL, NULL),
(15, 15, 217, '1787', 0, '2025-01-08', NULL, 0, 0.00, 53585.00, 0.00, 0.00, 0.00, 2, '2025-01-08', 12257, NULL, NULL),
(16, 16, 220, '252', 0, '2025-01-09', NULL, 0, 0.00, 2089.69, 0.00, 0.00, 20.69, 12257, '2025-01-09', NULL, NULL, NULL),
(18, 17, 220, 'dierct Grn', 0, '2025-01-09', NULL, 0, 0.00, 1360.00, 0.00, 0.00, 0.00, 2, '2025-01-09', 2, NULL, NULL),
(20, 18, 222, '62865', 0, '2025-01-09', NULL, 0, 0.00, 22695.25, 0.00, 0.00, 112.91, 12257, '2025-01-09', 12257, NULL, NULL),
(21, 19, 220, '53543', 0, '2025-01-10', NULL, 0, 0.00, 650.27, 0.00, 0.00, 0.00, 12257, '2025-01-10', 2, NULL, NULL),
(22, 20, 220, '125478', 0, '2025-01-10', NULL, 0, 0.00, 1150.70, 0.00, 0.00, 0.00, 12257, '2025-01-10', 12257, NULL, NULL),
(23, 21, 220, '1235487', 0, '2025-01-11', NULL, 0, 0.00, 206.40, 0.00, 0.00, 0.00, 12257, '2025-01-11', 12257, NULL, NULL),
(24, 22, 220, 'direct grn akram', 0, '2025-01-12', NULL, 0, 0.00, 1477.32, 0.00, 0.00, 0.00, 2, '2025-01-12', NULL, NULL, NULL),
(25, 23, 222, '62996', 0, '2025-01-13', NULL, 0, 0.00, 16555.16, 0.00, 0.00, 82.36, 2, '2025-01-13', 2, NULL, NULL),
(26, 24, 220, '5568465', 0, '2025-01-14', NULL, 0, 0.00, 746.03, 0.00, 0.00, 7.39, 12257, '2025-01-14', 12257, NULL, NULL),
(27, 25, 220, '+625954', 0, '2025-01-14', NULL, 0, 0.00, 1034.36, 0.00, 0.00, 3.93, 12257, '2025-01-14', 12257, NULL, NULL),
(28, 26, 220, '3+6362+', 0, '2025-01-14', NULL, 0, 0.00, 2248.45, 0.00, 0.00, 10.00, 12257, '2025-01-14', 12257, NULL, NULL),
(29, 26, 220, '3+6362+', 0, '2025-01-14', NULL, 0, 0.00, 2248.45, 0.00, 0.00, 10.00, 12257, '2025-01-14', 12257, NULL, NULL),
(30, 27, 224, '133872', 0, '2025-01-14', NULL, 0, 0.00, 25484.88, 0.00, 0.00, 621.58, 12257, '2025-01-14', 12257, NULL, NULL),
(31, 28, 220, '151563', 0, '2025-01-14', NULL, 0, 0.00, 105600.00, 0.00, 0.00, 0.00, 12257, '2025-01-14', 12257, NULL, NULL),
(32, 29, 220, '013214', 0, '2025-01-14', NULL, 0, 0.00, 9.71, 0.00, 0.00, 0.00, 12257, '2025-01-14', 12257, NULL, NULL),
(33, 31, 220, '1244', 0, '2025-01-14', NULL, 0, 0.00, 319.60, 0.00, 0.00, 0.00, 12257, '2025-01-14', 12257, NULL, NULL),
(34, 32, 220, '758675835', 0, '2025-01-15', NULL, 0, 0.00, 1398.85, 0.00, 0.00, 13.85, 12257, '2025-01-15', 12257, NULL, NULL),
(35, 30, 217, '1819', 0, '2025-01-14', NULL, 0, 0.00, 26140.02, 0.00, 0.00, 0.00, 12257, '2025-01-14', 12257, NULL, NULL),
(36, 33, 220, '124325', 0, '2025-01-15', NULL, 0, 0.00, 200.16, 0.00, 0.00, 1.98, 12257, '2025-01-15', 12257, NULL, NULL),
(37, 34, 220, '6932', 0, '2025-01-15', NULL, 0, 0.00, 149.72, 0.00, 0.00, 1.48, 12257, '2025-01-15', 12257, NULL, NULL),
(38, 35, 220, '122', 0, '2025-01-15', NULL, 0, 0.00, 909.00, 0.00, 0.00, 9.00, 12257, '2025-01-15', 12257, NULL, NULL),
(39, 36, 220, '132321', 0, '2025-01-15', NULL, 0, 0.00, 314.11, 0.00, 0.00, 3.11, 12257, '2025-01-15', NULL, NULL, NULL),
(40, 37, 217, '1827', 0, '2025-01-15', NULL, 0, 0.00, 9000.00, 0.00, 0.00, 0.00, 12257, '2025-01-15', 12257, NULL, NULL),
(41, 38, 220, '32145', 0, '2025-01-15', NULL, 0, 0.00, 90.00, 0.00, 0.00, 0.00, 12257, '2025-01-15', NULL, NULL, NULL),
(42, 39, 220, '1525', 0, '2025-01-16', NULL, 0, 0.00, 263.94, 0.00, 0.00, 0.00, 12257, '2025-01-16', 12257, NULL, NULL),
(43, 40, 220, '1282', 0, '2025-01-16', NULL, 0, 0.00, 561.15, 0.00, 0.00, 0.00, 12257, '2025-01-16', 12257, NULL, NULL),
(44, 41, 220, '5484845', 0, '2025-01-16', NULL, 0, 0.00, 560.20, 0.00, 0.00, 5.55, 12257, '2025-01-16', 12257, NULL, NULL),
(45, 42, 218, '34604', 0, '2025-01-16', NULL, 0, 0.00, 21641.35, 0.00, 101.35, 0.00, 12257, '2025-01-16', 12257, NULL, NULL),
(46, 43, 222, '63219', 0, '2025-01-16', NULL, 0, 0.00, 18960.50, 0.00, 0.00, 0.00, 12257, '2025-01-16', 12257, NULL, NULL),
(47, 44, 220, '124578', 0, '2025-01-16', NULL, 0, 0.00, 204.00, 0.00, 0.00, 0.00, 12257, '2025-01-16', 12257, NULL, NULL),
(48, 45, 220, '14782', 0, '2025-01-16', NULL, 0, 0.00, 59.00, 0.00, 0.00, 0.00, 12257, '2025-01-16', NULL, NULL, NULL),
(49, 46, 220, '6+', 0, '2025-01-17', NULL, 0, 0.00, 387.13, 0.00, 0.00, 3.83, 12257, '2025-01-17', 12257, NULL, NULL),
(50, 47, 220, '12105', 0, '2025-01-17', NULL, 0, 0.00, 35080.00, 0.00, 0.00, 0.00, 12257, '2025-01-17', 12257, NULL, NULL),
(51, 48, 220, '4241', 0, '2025-01-17', NULL, 0, 0.00, 3309.00, 0.00, 0.00, 9.00, 12257, '2025-01-17', 12257, NULL, NULL),
(52, 49, 220, '120588', 0, '2025-01-17', NULL, 0, 0.00, 8396.90, 0.00, 0.00, 0.00, 12257, '2025-01-17', 12257, NULL, NULL),
(53, 50, 220, '1745235', 0, '2025-01-17', NULL, 0, 0.00, 9219.17, 0.00, 0.00, 2.17, 12257, '2025-01-17', 12257, NULL, NULL),
(54, 51, 220, '85367536', 0, '2025-01-17', NULL, 0, 0.00, 531.05, 0.00, 0.00, 1.05, 12257, '2025-01-17', 12257, NULL, NULL),
(55, 52, 220, '458212', 0, '2025-01-18', NULL, 0, 0.00, 0.00, 0.00, 0.00, 0.00, 12257, '2025-01-18', 12257, NULL, NULL),
(56, 54, 220, '5365836', 0, '2025-01-18', NULL, 0, 0.00, 0.00, 0.00, 0.00, 0.00, 12257, '2025-01-18', 12257, NULL, NULL),
(57, 53, 228, '55125', 0, '2025-01-18', NULL, 0, 0.00, 52932.00, 0.00, 0.00, 132.00, 12257, '2025-01-18', 12257, NULL, NULL),
(58, 55, 217, '1840', 0, '2025-01-18', NULL, 0, 0.00, 9827.00, 0.00, 0.00, 32.00, 12257, '2025-01-18', 12257, NULL, NULL),
(59, 57, 229, '7327', 0, '2025-01-18', NULL, 0, 0.00, 25899.54, 0.00, 631.70, 0.00, 12257, '2025-01-18', 12257, NULL, NULL),
(60, 58, 217, '1856', 0, '2025-01-20', NULL, 0, 0.00, 68844.00, 0.00, 0.00, 0.00, 12257, '2025-01-20', 12257, NULL, NULL),
(61, 59, 220, '315', 0, '2025-01-20', NULL, 0, 0.00, 6348.00, 0.00, 0.00, 0.00, 12257, '2025-01-20', 12257, NULL, NULL),
(62, 60, 219, '315', 0, '2025-01-20', NULL, 0, 0.00, 634.80, 0.00, 0.00, 0.00, 12257, '2025-01-20', 12257, NULL, NULL),
(63, 61, 221, '0113600', 0, '2025-01-21', NULL, 0, 739.59, 7395.90, 0.00, 0.00, 0.00, 12257, '2025-01-21', 12257, NULL, NULL),
(64, 62, 220, '0356.3', 0, '2025-01-21', NULL, 0, 0.00, 0.72, 0.00, 0.00, 0.00, 12257, '2025-01-21', 12257, NULL, NULL);

-- --------------------------------------------------------

--
-- Table structure for table `grn_damage`
--

DROP TABLE IF EXISTS `grn_damage`;
CREATE TABLE IF NOT EXISTS `grn_damage` (
  `DamageID` int NOT NULL AUTO_INCREMENT,
  `GDID` int DEFAULT NULL,
  `ProductID` int DEFAULT NULL,
  `Quantity` float DEFAULT NULL,
  `date` date DEFAULT NULL,
  `Description` text,
  `GXID` int DEFAULT '0',
  PRIMARY KEY (`DamageID`),
  KEY `GDID` (`GDID`),
  KEY `ProductID` (`ProductID`),
  KEY `date` (`date`),
  KEY `GXID` (`GXID`)
) ENGINE=InnoDB DEFAULT CHARSET=latin1;

-- --------------------------------------------------------

--
-- Table structure for table `grn_details`
--

DROP TABLE IF EXISTS `grn_details`;
CREATE TABLE IF NOT EXISTS `grn_details` (
  `GDID` int NOT NULL AUTO_INCREMENT,
  `ProductID` int DEFAULT NULL,
  `GRNID` int DEFAULT NULL,
  `batch_no` varchar(255) CHARACTER SET latin1 COLLATE latin1_swedish_ci DEFAULT NULL,
  `Quantity` float DEFAULT NULL,
  `Damage` float DEFAULT NULL,
  `UnitPrice` decimal(10,2) DEFAULT NULL,
  `discount` decimal(10,2) NOT NULL DEFAULT '0.00',
  `pack_price` decimal(10,2) DEFAULT NULL,
  `pack_size` decimal(10,2) DEFAULT NULL,
  `taxPercentage` decimal(10,2) DEFAULT NULL,
  `taxAmount` decimal(10,2) NOT NULL DEFAULT '0.00',
  `gst_tax_amount` decimal(10,2) DEFAULT NULL,
  `advance_tax_amount` decimal(10,2) DEFAULT NULL,
  `advance_tax` decimal(10,2) DEFAULT NULL,
  `gst_tax` decimal(10,2) DEFAULT NULL,
  `SoldQuantity` int DEFAULT '0',
  `TotalReturn` int DEFAULT '0',
  `RemainingQuantity` float DEFAULT NULL,
  `ProductStatus` int DEFAULT '1',
  `expiry_date` date DEFAULT NULL,
  PRIMARY KEY (`GDID`),
  KEY `ProductID` (`ProductID`),
  KEY `GRNID` (`GRNID`),
  KEY `ProductStatus` (`ProductStatus`)
) ENGINE=InnoDB AUTO_INCREMENT=409 DEFAULT CHARSET=latin1;

--
-- Dumping data for table `grn_details`
--

INSERT INTO `grn_details` (`GDID`, `ProductID`, `GRNID`, `batch_no`, `Quantity`, `Damage`, `UnitPrice`, `discount`, `pack_price`, `pack_size`, `taxPercentage`, `taxAmount`, `gst_tax_amount`, `advance_tax_amount`, `advance_tax`, `gst_tax`, `SoldQuantity`, `TotalReturn`, `RemainingQuantity`, `ProductStatus`, `expiry_date`) VALUES
(1, 332, 1, 'T632', 75, 0, 48.00, 0.00, 240.00, 5.00, 0.00, 0.00, 90.00, 0.00, 0.00, 2.50, 5, 0, 70, 1, NULL),
(2, 292, 1, 'T704', 150, 0, 2.50, 0.00, 25.00, 10.00, 0.00, 0.00, 9.38, 0.00, 0.00, 2.50, 0, 0, 150, 1, NULL),
(3, 293, 1, 'T676', 100, 0, 7.90, 0.00, 79.00, 10.00, 0.00, 0.00, 19.75, 0.00, 0.00, 2.50, 0, 0, 100, 1, NULL),
(4, 294, 1, '1096', 150, 0, 12.00, 0.00, 120.00, 10.00, 0.00, 0.00, 45.00, 0.00, 0.00, 2.50, 0, 0, 150, 1, NULL),
(5, 295, 1, '24j26', 300, 0, 4.25, 0.00, 85.00, 20.00, 0.00, 0.00, 31.88, 0.00, 0.00, 2.50, 0, 0, 300, 1, NULL),
(6, 296, 1, 'v0296', 15, 0, 65.00, 0.00, 65.00, 1.00, 0.00, 0.00, 24.38, 0.00, 0.00, 2.50, 0, 0, 15, 1, NULL),
(7, 297, 1, 'v0297', 15, 0, 147.00, 0.00, 147.00, 1.00, 0.00, 0.00, 55.13, 0.00, 0.00, 2.50, 2, 0, 13, 1, NULL),
(8, 298, 1, '045', 15, 0, 98.00, 0.00, 98.00, 1.00, 0.00, 0.00, 36.75, 0.00, 0.00, 2.50, 0, 0, 15, 1, NULL),
(9, 299, 1, 'f227014', 15, 0, 85.00, 0.00, 85.00, 1.00, 0.00, 0.00, 31.88, 0.00, 0.00, 2.50, 12, 0, 3, 1, NULL),
(10, 300, 1, 'F228012', 15, 0, 140.00, 0.00, 140.00, 1.00, 0.00, 0.00, 52.50, 0.00, 0.00, 2.50, 3, 4, 12, 1, NULL),
(11, 302, 1, '393', 15, 0, 225.00, 0.00, 225.00, 1.00, 0.00, 0.00, 84.38, 0.00, 0.00, 2.50, 7, 1, 8, 1, NULL),
(12, 301, 1, '160', 15, 0, 160.00, 0.00, 160.00, 1.00, 0.00, 0.00, 60.00, 0.00, 0.00, 2.50, 1, 0, 14, 1, NULL),
(13, 303, 1, '122', 15, 0, 105.00, 0.00, 105.00, 1.00, 0.00, 0.00, 39.38, 0.00, 0.00, 2.50, 0, 0, 15, 1, NULL),
(14, 304, 1, 'ax2000', 20, 0, 55.00, 0.00, 55.00, 1.00, 0.00, 0.00, 27.50, 0.00, 0.00, 2.50, 18, 0, 2, 1, NULL),
(15, 305, 1, 'e281077', 15, 0, 125.00, 0.00, 125.00, 1.00, 0.00, 0.00, 46.88, 0.00, 0.00, 2.50, 0, 0, 15, 1, NULL),
(16, 306, 1, '001', 30, 0, 95.00, 0.00, 95.00, 1.00, 0.00, 0.00, 71.25, 0.00, 0.00, 2.50, 7, 1, 23, 1, NULL),
(17, 307, 1, 'e446004', 250, 0, 8.20, 0.00, 205.00, 25.00, 0.00, 0.00, 51.25, 0.00, 0.00, 2.50, 39, 3, 211, 1, NULL),
(18, 308, 1, '324', 250, 0, 7.60, 0.00, 190.00, 25.00, 0.00, 0.00, 47.50, 0.00, 0.00, 2.50, 14, 0, 236, 1, NULL),
(19, 309, 1, '2432', 15, 0, 190.00, 0.00, 190.00, 1.00, 0.00, 0.00, 71.25, 0.00, 0.00, 2.50, 0, 0, 15, 1, NULL),
(20, 310, 1, '243423', 15, 0, 280.00, 0.00, 280.00, 1.00, 0.00, 0.00, 105.00, 0.00, 0.00, 2.50, 2, 0, 13, 1, NULL),
(21, 311, 1, '3424234', 25, 0, 70.00, 0.00, 350.00, 5.00, 0.00, 0.00, 43.75, 0.00, 0.00, 2.50, 11, 0, 14, 1, NULL),
(22, 312, 1, '3445', 30, 0, 115.00, 0.00, 115.00, 1.00, 0.00, 0.00, 86.25, 0.00, 0.00, 2.50, 8, 2, 22, 1, NULL),
(23, 313, 1, '2343', 280, 0, 8.93, 0.00, 250.00, 28.00, 0.00, 0.00, 62.50, 0.00, 0.00, 2.50, 0, 0, 280, 1, NULL),
(24, 314, 1, '234234', 100, 0, 11.00, 0.00, 220.00, 20.00, 0.00, 0.00, 27.50, 0.00, 0.00, 2.50, 0, 0, 100, 1, NULL),
(25, 315, 1, '234234', 100, 0, 3.00, 0.00, 30.00, 10.00, 0.00, 0.00, 7.50, 0.00, 0.00, 2.50, 0, 0, 100, 1, NULL),
(26, 316, 1, '23432', 10, 0, 40.00, 0.00, 400.00, 10.00, 0.00, 0.00, 10.00, 0.00, 0.00, 2.50, 4, 0, 6, 1, NULL),
(27, 317, 1, '234234', 15, 0, 110.00, 0.00, 110.00, 1.00, 0.00, 0.00, 41.25, 0.00, 0.00, 2.50, 4, 0, 11, 1, NULL),
(28, 318, 1, '234', 10, 0, 175.00, 0.00, 175.00, 1.00, 0.00, 0.00, 43.75, 0.00, 0.00, 2.50, 0, 0, 10, 1, NULL),
(29, 319, 1, '23434', 60, 0, 46.67, 0.00, 280.00, 6.00, 0.00, 0.00, 70.00, 0.00, 0.00, 2.50, 0, 0, 60, 1, NULL),
(30, 320, 1, '234234', 50, 0, 50.00, 0.00, 250.00, 5.00, 0.00, 0.00, 62.50, 0.00, 0.00, 2.50, 0, 0, 50, 1, NULL),
(31, 321, 1, '2343', 150, 0, 7.33, 0.00, 220.00, 30.00, 0.00, 0.00, 27.50, 0.00, 0.00, 2.50, 0, 0, 150, 1, NULL),
(32, 322, 1, '324324', 150, 0, 10.17, 0.00, 307.40, 30.00, 0.00, 0.00, 38.39, 0.00, 0.00, 2.50, 0, 0, 150, 1, NULL),
(33, 323, 1, '324324', 100, 0, 47.50, 0.00, 475.36, 10.00, 0.00, 0.00, 118.84, 0.00, 0.00, 2.50, 40, 10, 60, 1, NULL),
(34, 324, 1, '324324', 50, 0, 51.00, 0.00, 510.00, 10.00, 0.00, 0.00, 0.00, 0.00, 0.00, 0.00, 0, 0, 50, 1, NULL),
(35, 325, 1, '2342', 100, 0, 20.00, 0.00, 200.00, 10.00, 0.00, 0.00, 50.00, 0.00, 0.00, 2.50, 0, 0, 100, 1, NULL),
(36, 326, 2, '34t', 500, 0, 9.00, 0.00, 900.00, 100.00, 0.00, 0.00, 0.00, 0.00, 0.00, 0.00, 193, 10, 307, 1, NULL),
(37, 334, 2, '34254', 300, 0, 22.00, 0.00, 1320.00, 60.00, 0.00, 0.00, 0.00, 0.00, 0.00, 0.00, 24, 5, 276, 1, NULL),
(38, 327, 2, '34254', 250, 0, 12.00, 0.00, 600.00, 50.00, 0.00, 0.00, 0.00, 0.00, 0.00, 0.00, 28, 12, 222, 1, NULL),
(39, 328, 2, '34254', 100, 0, 22.00, 0.00, 2200.00, 100.00, 0.00, 0.00, 0.00, 0.00, 0.00, 0.00, 13, 1, 87, 1, NULL),
(40, 330, 2, '34254', 100, 0, 17.00, 0.00, 1700.00, 100.00, 0.00, 0.00, 0.00, 0.00, 0.00, 0.00, 8, 0, 92, 1, NULL),
(41, 270, 3, '324', 150, 0, 41.00, 0.00, 410.00, 10.00, 0.00, 0.00, 0.00, 0.00, 0.00, 0.00, 38, 8, 112, 1, NULL),
(42, 271, 3, '345', 100, 0, 69.00, 0.00, 690.00, 10.00, 0.00, 0.00, 0.00, 0.00, 0.00, 0.00, 21, 6, 79, 1, NULL),
(43, 93, 3, '354', 40, 0, 47.50, 0.00, 950.00, 20.00, 0.00, 0.00, 0.00, 0.00, 0.00, 0.00, 13, 1, 27, 1, NULL),
(44, 15, 3, '354', 100, 0, 25.00, 0.00, 2500.00, 100.00, 0.00, 0.00, 0.00, 0.00, 0.00, 0.00, 61, 11, 39, 1, NULL),
(45, 3, 3, '2334', 20, 0, 280.00, 0.00, 280.00, 1.00, 0.00, 0.00, 0.00, 0.00, 0.00, 0.00, 11, 0, 9, 1, NULL),
(46, 2, 3, '2324', 20, 0, 200.00, 0.00, 1000.00, 5.00, 0.00, 0.00, 0.00, 0.00, 0.00, 0.00, 12, 3, 8, 1, NULL),
(47, 101, 3, '2324', 20, 0, 65.00, 0.00, 325.00, 5.00, 0.00, 0.00, 0.00, 0.00, 0.00, 0.00, 7, 0, 13, 1, NULL),
(48, 272, 3, '2324', 120, 0, 26.67, 0.00, 320.00, 12.00, 0.00, 0.00, 0.00, 0.00, 0.00, 0.00, 50, 0, 70, 1, NULL),
(49, 269, 3, '2324', 10, 0, 35.00, 0.00, 35.00, 1.00, 0.00, 0.00, 0.00, 0.00, 0.00, 0.00, 0, 0, 10, 1, NULL),
(50, 273, 3, '2324', 100, 0, 41.00, 0.00, 410.00, 10.00, 0.00, 0.00, 0.00, 0.00, 0.00, 0.00, 4, 1, 96, 1, NULL),
(51, 263, 3, '2324', 15, 0, 160.00, 0.00, 160.00, 1.00, 0.00, 0.00, 0.00, 0.00, 0.00, 0.00, 6, 4, 9, 1, NULL),
(52, 274, 3, '2324', 250, 0, 6.60, 0.00, 330.00, 50.00, 0.00, 0.00, 0.00, 0.00, 0.00, 0.00, 28, 10, 222, 1, NULL),
(53, 149, 3, '2324', 20, 0, 30.00, 0.00, 30.00, 1.00, 0.00, 0.00, 0.00, 0.00, 0.00, 0.00, 0, 0, 20, 1, NULL),
(54, 4, 3, '2324', 200, 0, 4.50, 0.00, 450.00, 100.00, 0.00, 0.00, 0.00, 0.00, 0.00, 0.00, 7, 1, 193, 1, NULL),
(55, 290, 3, '2324', 100, 0, 7.50, 0.00, 750.00, 100.00, 0.00, 0.00, 0.00, 0.00, 0.00, 0.00, 4, 5, 96, 1, NULL),
(56, 5, 3, '2324', 30, 0, 36.00, 0.00, 360.00, 10.00, 0.00, 0.00, 0.00, 0.00, 0.00, 0.00, 9, 2, 21, 1, NULL),
(57, 19, 3, '2324', 20, 0, 225.00, 0.00, 225.00, 1.00, 0.00, 0.00, 0.00, 0.00, 0.00, 0.00, 14, 1, 6, 1, NULL),
(58, 276, 3, '2324', 30, 0, 160.00, 0.00, 160.00, 1.00, 0.00, 0.00, 0.00, 0.00, 0.00, 0.00, 8, 0, 22, 1, NULL),
(59, 331, 3, '2324', 800, 0, 5.70, 0.00, 570.00, 100.00, 0.00, 0.00, 0.00, 0.00, 0.00, 0.00, 16, 2, 784, 1, NULL),
(60, 277, 3, '2324', 100, 0, 8.50, 0.00, 850.00, 100.00, 0.00, 0.00, 0.00, 0.00, 0.00, 0.00, 1, 0, 99, 1, NULL),
(61, 278, 3, '2324', 25, 0, 68.00, 0.00, 68.00, 1.00, 0.00, 0.00, 0.00, 0.00, 0.00, 0.00, 1, 0, 24, 1, NULL),
(62, 279, 3, '2324', 225, 0, 16.33, 0.00, 245.00, 15.00, 0.00, 0.00, 0.00, 0.00, 0.00, 0.00, 45, 15, 180, 1, NULL),
(63, 91, 3, '2324', 4, 0, 2000.00, 0.00, 2000.00, 1.00, 0.00, 0.00, 0.00, 0.00, 0.00, 0.00, 0, 0, 4, 1, NULL),
(64, 238, 3, '2324', 20, 0, 32.00, 0.00, 320.00, 10.00, 0.00, 0.00, 0.00, 0.00, 0.00, 0.00, 0, 0, 20, 1, NULL),
(65, 236, 3, '2324', 30, 0, 55.00, 0.00, 55.00, 1.00, 0.00, 0.00, 0.00, 0.00, 0.00, 0.00, 3, 0, 27, 1, NULL),
(66, 281, 3, '2324', 30, 0, 65.00, 0.00, 65.00, 1.00, 0.00, 0.00, 0.00, 0.00, 0.00, 0.00, 0, 0, 30, 1, NULL),
(67, 259, 3, '2324', 300, 0, 5.00, 0.00, 50.00, 10.00, 0.00, 0.00, 0.00, 0.00, 0.00, 0.00, 2, 0, 298, 1, NULL),
(68, 282, 3, '2324', 20, 0, 135.00, 0.00, 135.00, 1.00, 0.00, 0.00, 0.00, 0.00, 0.00, 0.00, 1, 0, 19, 1, NULL),
(69, 284, 3, '2324', 10, 0, 35.00, 0.00, 35.00, 1.00, 0.00, 0.00, 0.00, 0.00, 0.00, 0.00, 0, 0, 10, 1, NULL),
(70, 286, 3, '2324', 10, 0, 120.00, 0.00, 120.00, 1.00, 0.00, 0.00, 0.00, 0.00, 0.00, 0.00, 0, 0, 10, 1, NULL),
(71, 287, 3, '2324', 10, 0, 120.00, 0.00, 120.00, 1.00, 0.00, 0.00, 0.00, 0.00, 0.00, 0.00, 0, 0, 10, 1, NULL),
(72, 288, 3, '2324', 500, 0, 9.50, 0.00, 950.00, 100.00, 0.00, 0.00, 0.00, 0.00, 0.00, 0.00, 19, 0, 481, 1, NULL),
(73, 159, 3, '2324', 20, 0, 197.00, 0.00, 197.00, 1.00, 0.00, 0.00, 0.00, 0.00, 0.00, 0.00, 2, 0, 18, 1, NULL),
(74, 257, 3, '2324', 25, 0, 43.00, 0.00, 43.00, 1.00, 0.00, 0.00, 0.00, 0.00, 0.00, 0.00, 13, 2, 12, 1, NULL),
(75, 92, 3, '234', 26, NULL, 73.00, 0.00, 73.00, 1.00, NULL, 0.00, 0.00, 0.00, 0.00, 0.00, 26, 3, 0, 0, NULL),
(76, 283, 3, '234324', 13, NULL, 85.00, 0.00, 85.00, 1.00, NULL, 0.00, 0.00, 0.00, 0.00, 0.00, 0, 0, 13, 1, NULL),
(77, 158, 3, '1231323', 50, NULL, 82.00, 0.00, 4100.00, 50.00, NULL, 0.00, 0.00, 0.00, 0.00, 0.00, 11, 0, 39, 1, NULL),
(78, 157, 3, '24323', 50, NULL, 82.00, 0.00, 4100.00, 50.00, NULL, 0.00, 0.00, 0.00, 0.00, 0.00, 17, 1, 33, 1, NULL),
(79, 156, 3, '23423', 50, NULL, 82.00, 0.00, 4100.00, 50.00, NULL, 0.00, 0.00, 0.00, 0.00, 0.00, 2, 2, 48, 1, NULL),
(80, 275, 3, '6565', 12, NULL, 191.67, 0.00, 2300.00, 12.00, NULL, 0.00, 0.00, 0.00, 0.00, 0.00, 2, 2, 10, 1, NULL),
(81, 339, 3, '23432', 12, NULL, 191.67, 0.00, 2300.00, 12.00, NULL, 0.00, 0.00, 0.00, 0.00, 0.00, 0, 0, 12, 1, NULL),
(82, 98, 3, '75675', 12, NULL, 275.00, 0.00, 3300.00, 12.00, NULL, 0.00, 0.00, 0.00, 0.00, 0.00, 5, 3, 7, 1, NULL),
(83, 112, 3, '656756', 24, NULL, 275.00, 0.00, 3300.00, 12.00, NULL, 0.00, 0.00, 0.00, 0.00, 0.00, 7, 7, 17, 1, NULL),
(84, 116, 3, '546546', 12, NULL, 291.67, 0.00, 3500.00, 12.00, NULL, 0.00, 0.00, 0.00, 0.00, 0.00, 0, 2, 12, 1, NULL),
(85, 337, 3, '5645', 12, NULL, 291.67, 0.00, 3500.00, 12.00, NULL, 0.00, 0.00, 0.00, 0.00, 0.00, 0, 0, 12, 1, NULL),
(86, 338, 3, '5765', 12, NULL, 291.67, 0.00, 3500.00, 12.00, NULL, 0.00, 0.00, 0.00, 0.00, 0.00, 3, 0, 9, 1, NULL),
(87, 253, 3, '4654', 12, NULL, 75.00, 0.00, 900.00, 12.00, NULL, 0.00, 0.00, 0.00, 0.00, 0.00, 0, 0, 12, 1, NULL),
(88, 265, 3, '765', 12, NULL, 75.00, 0.00, 900.00, 12.00, NULL, 0.00, 0.00, 0.00, 0.00, 0.00, 4, 0, 8, 1, NULL),
(89, 266, 3, '547576', 12, NULL, 75.00, 0.00, 900.00, 12.00, NULL, 0.00, 0.00, 0.00, 0.00, 0.00, 0, 0, 12, 1, NULL),
(90, 336, 3, '23234', 12, NULL, 75.00, 0.00, 900.00, 12.00, NULL, 0.00, 0.00, 0.00, 0.00, 0.00, 0, 0, 12, 1, NULL),
(91, 323, 4, '435353', 100, 0, 47.50, 0.00, 0.00, 10.00, 0.00, 0.00, 0.00, 0.00, 0.00, 0.00, 0, 0, 100, 1, NULL),
(92, 322, 4, '234', 5, NULL, 10.17, 0.00, 0.00, 30.00, NULL, 0.00, 0.00, 0.00, 0.00, 0.00, 0, 0, 5, 1, NULL),
(93, 405, 5, '4554', 20, 0, 38.00, 0.00, 380.00, 10.00, 0.00, 0.00, 0.00, 0.00, 0.00, 0.00, 9, 1, 11, 1, NULL),
(94, 408, 5, '--', 20, NULL, 62.00, 0.00, 620.00, 10.00, NULL, 0.00, 0.00, 0.00, 0.00, 0.00, 3, 0, 17, 1, NULL),
(95, 409, 5, '4325', 20, NULL, 35.00, 0.00, 350.00, 10.00, NULL, 0.00, 0.00, 0.00, 0.00, 0.00, 7, 0, 13, 1, NULL),
(96, 401, 5, '432', 40, NULL, 85.00, 0.00, 85.00, 1.00, NULL, 0.00, 0.00, 0.00, 0.00, 0.00, 1, 2, 39, 1, NULL),
(97, 14, 5, '12121', 20, NULL, 175.00, 0.00, 175.00, 1.00, NULL, 0.00, 0.00, 0.00, 0.00, 0.00, 7, 1, 13, 1, NULL),
(98, 410, 5, '1243', 10, NULL, 75.00, 0.00, 75.00, 1.00, NULL, 0.00, 0.00, 0.00, 0.00, 0.00, 0, 3, 10, 1, NULL),
(99, 92, 5, '5436', 10, NULL, 75.00, 0.00, 75.00, 1.00, NULL, 0.00, 0.00, 0.00, 0.00, 0.00, 10, 2, 0, 0, NULL),
(100, 411, 5, '657', 50, NULL, 48.00, 0.00, 480.00, 10.00, NULL, 0.00, 0.00, 0.00, 0.00, 0.00, 15, 5, 35, 1, '2025-01-06'),
(101, 165, 5, '6757', 15, NULL, 53.00, 0.00, 265.00, 5.00, NULL, 0.00, 0.00, 0.00, 0.00, 0.00, 4, 4, 11, 1, '2025-01-06'),
(102, 413, 6, '752724', 6, 0, 70.00, 0.00, 70.00, 1.00, 0.00, 0.00, 0.00, 0.00, 0.00, 0.00, 3, 1, 3, 1, '2028-08-28'),
(103, 414, 6, '637825', 5, NULL, 90.00, 0.00, 90.00, 1.00, NULL, 0.00, 0.00, 0.00, 0.00, 0.00, 3, 0, 2, 1, '2027-03-28'),
(104, 415, 6, '6702224', 6, NULL, 70.00, 0.00, 70.00, 1.00, NULL, 0.00, 0.00, 0.00, 0.00, 0.00, 6, 1, 0, 0, '2028-06-28'),
(105, 416, 6, '60334', 5, NULL, 90.00, 0.00, 90.00, 1.00, NULL, 0.00, 0.00, 0.00, 0.00, 0.00, 5, 4, 0, 0, '2028-04-28'),
(106, 417, 6, '67724', 6, NULL, 70.00, 0.00, 70.00, 1.00, NULL, 0.00, 0.00, 0.00, 0.00, 0.00, 1, 0, 5, 1, '2028-06-28'),
(107, 418, 6, '82124', 5, NULL, 90.00, 0.00, 90.00, 1.00, NULL, 0.00, 0.00, 0.00, 0.00, 0.00, 5, 2, 0, 0, '2028-11-28'),
(108, 419, 6, '810324', 10, NULL, 50.00, 0.00, 50.00, 1.00, NULL, 0.00, 0.00, 0.00, 0.00, 0.00, 10, 0, 0, 0, '2028-10-28'),
(109, 420, 6, 'NL4B', 200, NULL, 2.00, 0.00, 399.00, 200.00, NULL, 0.00, 0.00, 0.00, 0.00, 0.00, 0, 0, 200, 1, '2028-01-28'),
(110, 344, 7, '2343', 400, 0, 1.85, 0.00, 184.73, 100.00, 0.00, 0.00, 0.00, 0.00, 0.00, 0.00, 0, 0, 400, 1, '2028-06-28'),
(111, 345, 7, '643782', 100, NULL, 28.56, 0.00, 285.60, 10.00, NULL, 0.00, 0.00, 0.00, 0.00, 0.00, 5, 0, 95, 1, '2025-07-28'),
(112, 346, 7, '23', 13, NULL, 81.00, 0.00, 81.00, 1.00, NULL, 0.00, 0.00, 0.00, 0.00, 0.00, 0, 0, 13, 1, '2027-01-28'),
(113, 347, 7, '234', 9, NULL, 64.00, 0.00, 64.00, 1.00, NULL, 0.00, 0.00, 0.00, 0.00, 0.00, 0, 0, 9, 1, '2026-12-28'),
(114, 348, 7, '34', 25, NULL, 382.00, 0.00, 382.00, 1.00, NULL, 0.00, 0.00, 0.00, 0.00, 0.00, 6, 0, 19, 1, '2027-08-28'),
(115, 349, 7, '7898', 12, NULL, 255.00, 0.00, 255.00, 1.00, NULL, 0.00, 0.00, 0.00, 0.00, 0.00, 0, 0, 12, 1, '2027-07-28'),
(116, 350, 7, '456', 28, NULL, 32.93, 0.00, 461.00, 14.00, NULL, 0.00, 0.00, 0.00, 0.00, 0.00, 0, 0, 28, 1, '2027-10-28'),
(117, 351, 7, '6576', 30, NULL, 84.00, 0.00, 420.00, 5.00, NULL, 0.00, 0.00, 0.00, 0.00, 0.00, 0, 0, 30, 1, '2025-06-28'),
(118, 352, 7, '56', 84, NULL, 27.17, 0.00, 326.00, 12.00, NULL, 0.00, 0.00, 0.00, 0.00, 0.00, 0, 0, 84, 1, '2025-10-28'),
(119, 353, 7, '243', 84, NULL, 12.83, 0.00, 154.00, 12.00, NULL, 0.00, 0.00, 0.00, 0.00, 0.00, 0, 0, 84, 1, '2025-11-28'),
(120, 354, 7, '234', 60, NULL, 24.93, 0.00, 748.00, 30.00, NULL, 0.00, 0.00, 0.00, 0.00, 0.00, 0, 0, 60, 1, '2025-08-28'),
(121, 355, 7, '23', 56, NULL, 14.71, 0.00, 206.00, 14.00, NULL, 0.00, 0.00, 0.00, 0.00, 0.00, 0, 0, 56, 1, '2025-10-28'),
(122, 356, 7, '23', 40, NULL, 17.20, 0.00, 344.00, 20.00, NULL, 0.00, 0.00, 0.00, 0.00, 0.00, 0, 0, 40, 1, '2025-07-28'),
(123, 358, 7, '43', 10, NULL, 174.17, 0.00, 174.17, 1.00, NULL, 0.00, 0.00, 0.00, 0.00, 0.00, 0, 0, 10, 1, '2025-05-28'),
(124, 359, 7, '213', 4, NULL, 85.00, 0.00, 85.00, 1.00, NULL, 0.00, 0.00, 0.00, 0.00, 0.00, 0, 0, 4, 1, '2025-12-17'),
(125, 360, 7, '546', 4, NULL, 68.00, 0.00, 68.00, 1.00, NULL, 0.00, 0.00, 0.00, 0.00, 0.00, 0, 0, 4, 1, '2026-11-17'),
(126, 361, 7, '546', 30, NULL, 7.00, 0.00, 70.00, 10.00, NULL, 0.00, 0.00, 0.00, 0.00, 0.00, 0, 0, 30, 1, '2025-11-17'),
(127, 363, 7, '234', 50, NULL, 39.40, 0.00, 394.00, 10.00, NULL, 0.00, 0.00, 0.00, 0.00, 0.00, 0, 0, 50, 1, '2026-12-28'),
(128, 396, 7, '321', 60, NULL, 11.28, 0.00, 112.80, 10.00, NULL, 0.00, 0.00, 0.00, 0.00, 0.00, 0, 0, 60, 1, '2027-07-28'),
(129, 149, 7, '232', 10, NULL, 22.00, 0.00, 22.00, 1.00, NULL, 0.00, 0.00, 0.00, 0.00, 0.00, 0, 0, 10, 1, '2029-12-28'),
(130, 365, 7, '332', 5, NULL, 140.00, 0.00, 700.00, 5.00, NULL, 0.00, 0.00, 0.00, 0.00, 0.00, 4, 0, 1, 1, '2025-08-28'),
(131, 366, 7, '223', 8, NULL, 37.90, 0.00, 37.90, 1.00, NULL, 0.00, 0.00, 0.00, 0.00, 0.00, 0, 0, 8, 1, '2026-09-08'),
(132, 367, 7, '213', 20, NULL, 80.20, 0.00, 401.00, 5.00, NULL, 0.00, 0.00, 0.00, 0.00, 0.00, 9, 2, 11, 1, '2026-09-28'),
(133, 368, 7, '231', 10, NULL, 33.00, 0.00, 165.00, 5.00, NULL, 0.00, 0.00, 0.00, 0.00, 0.00, 5, 1, 5, 1, '2026-08-28'),
(134, 369, 7, '213', 50, NULL, 10.80, 0.00, 108.00, 10.00, NULL, 0.00, 0.00, 0.00, 0.00, 0.00, 0, 0, 50, 1, '2025-12-28'),
(135, 370, 7, '321', 10, NULL, 37.40, 0.00, 374.00, 10.00, NULL, 0.00, 0.00, 0.00, 0.00, 0.00, 0, 0, 10, 1, '2026-12-28'),
(136, 372, 7, '312', 100, NULL, 2.30, 0.00, 230.00, 100.00, NULL, 0.00, 0.00, 0.00, 0.00, 0.00, 0, 0, 100, 1, '2026-08-28'),
(137, 373, 7, '234', 28, NULL, 3.79, 0.00, 53.00, 14.00, NULL, 0.00, 0.00, 0.00, 0.00, 0.00, 0, 0, 28, 1, '2026-11-17'),
(138, 374, 7, '231', 60, NULL, 1.62, 0.00, 97.00, 60.00, NULL, 0.00, 0.00, 0.00, 0.00, 0.00, 0, 0, 60, 1, '2026-07-28'),
(139, 340, 7, '32', 294, NULL, 13.64, 0.00, 191.00, 14.00, NULL, 0.00, 0.00, 0.00, 0.00, 0.00, 5, 0, 289, 1, '2026-04-28'),
(140, 341, 7, '23', 105, NULL, 18.43, 0.00, 258.00, 14.00, NULL, 0.00, 0.00, 0.00, 0.00, 0.00, 21, 0, 84, 1, '2025-12-28'),
(141, 342, 7, '231', 30, NULL, 17.40, 0.00, 174.00, 10.00, NULL, 0.00, 0.00, 0.00, 0.00, 0.00, 0, 0, 30, 1, '2025-11-29'),
(142, 343, 7, '324', 40, NULL, 32.70, 0.00, 327.00, 10.00, NULL, 0.00, 0.00, 0.00, 0.00, 0.00, 0, 0, 40, 1, '2025-10-28'),
(143, 375, 7, '23', 9, NULL, 90.00, 0.00, 90.00, 1.00, NULL, 0.00, 0.00, 0.00, 0.00, 0.00, 4, 0, 5, 1, '2026-01-17'),
(144, 377, 7, '21', 220, NULL, 28.00, 0.00, 280.00, 10.00, NULL, 0.00, 0.00, 0.00, 0.00, 0.00, 50, 0, 170, 1, '2025-09-28'),
(145, 378, 7, '24', 110, NULL, 15.40, 0.00, 308.00, 20.00, NULL, 0.00, 0.00, 0.00, 0.00, 0.00, 20, 0, 90, 1, '2027-09-28'),
(146, 379, 7, '23', 600, NULL, 6.55, 0.00, 655.00, 100.00, NULL, 0.00, 0.00, 0.00, 0.00, 0.00, 80, 10, 520, 1, '2025-10-28'),
(147, 380, 7, '23', 100, NULL, 15.30, 0.00, 306.00, 20.00, NULL, 0.00, 0.00, 0.00, 0.00, 0.00, 0, 0, 100, 1, '2025-08-28'),
(148, 381, 7, '45', 100, NULL, 23.00, 0.00, 460.00, 20.00, NULL, 0.00, 0.00, 0.00, 0.00, 0.00, 0, 0, 100, 1, '2025-09-28'),
(149, 382, 7, '546', 100, NULL, 31.45, 0.00, 629.00, 20.00, NULL, 0.00, 0.00, 0.00, 0.00, 0.00, 0, 0, 100, 1, '2025-09-28'),
(150, 384, 7, '34243', 100, NULL, 24.23, 0.00, 484.50, 20.00, NULL, 0.00, 0.00, 0.00, 0.00, 0.00, 0, 0, 100, 1, '2025-08-28'),
(151, 383, 7, '324', 100, NULL, 23.80, 0.00, 476.00, 20.00, NULL, 0.00, 0.00, 0.00, 0.00, 0.00, 0, 0, 100, 1, '2025-09-28'),
(152, 385, 7, '65', 100, NULL, 23.80, 0.00, 476.00, 20.00, NULL, 0.00, 0.00, 0.00, 0.00, 0.00, 0, 0, 100, 1, '2025-09-28'),
(153, 386, 7, '3425', 280, NULL, 12.85, 0.00, 257.00, 20.00, NULL, 0.00, 0.00, 0.00, 0.00, 0.00, 0, 0, 280, 1, '2025-11-28'),
(154, 387, 7, '4356', 600, NULL, 3.91, 0.00, 234.88, 60.00, NULL, 0.00, 0.00, 0.00, 0.00, 0.00, 0, 0, 600, 1, '2026-09-28'),
(155, 388, 7, '43425', 140, NULL, 13.66, 0.00, 382.50, 28.00, NULL, 0.00, 0.00, 0.00, 0.00, 0.00, 0, 0, 140, 1, '2025-07-28'),
(156, 392, 7, '455', 56, NULL, 15.17, 0.00, 424.62, 28.00, NULL, 0.00, 0.00, 0.00, 0.00, 0.00, 0, 0, 56, 1, '2025-08-28'),
(157, 389, 7, '244', 112, NULL, 16.70, 0.00, 467.50, 28.00, NULL, 0.00, 0.00, 0.00, 0.00, 0.00, 0, 0, 112, 1, '2025-09-28'),
(158, 393, 7, '234', 10, NULL, 18.44, 0.00, 184.40, 10.00, NULL, 0.00, 0.00, 0.00, 0.00, 0.00, 0, 0, 10, 1, '2025-07-28'),
(159, 394, 7, '233', 80, NULL, 21.61, 0.00, 432.13, 20.00, NULL, 0.00, 0.00, 0.00, 0.00, 0.00, 0, 0, 80, 1, '2028-08-28'),
(160, 395, 7, '232', 900, NULL, 9.10, 0.00, 909.50, 100.00, NULL, 0.00, 0.00, 0.00, 0.00, 0.00, 0, 0, 900, 1, '2026-09-28'),
(161, 396, 7, '2313', 30, NULL, 11.28, 0.00, 112.80, 10.00, NULL, 0.00, 0.00, 0.00, 0.00, 0.00, 0, 0, 30, 1, '2027-03-28'),
(162, 397, 7, '3939', 6, NULL, 56.67, 0.00, 340.00, 6.00, NULL, 0.00, 0.00, 0.00, 0.00, 0.00, 4, 0, 2, 1, '2027-09-28'),
(163, 398, 7, '467', 3, NULL, 243.55, 0.00, 243.55, 1.00, NULL, 0.00, 0.00, 0.00, 0.00, 0.00, 3, 0, 0, 0, '2027-06-28'),
(164, 400, 7, '7567', 10, NULL, 137.85, 0.00, 1378.52, 10.00, NULL, 0.00, 0.00, 0.00, 0.00, 0.00, 4, 0, 6, 1, '2027-09-28'),
(165, 401, 7, '67', 3, NULL, 90.00, 0.00, 90.00, 1.00, NULL, 0.00, 0.00, 0.00, 0.00, 0.00, 0, 0, 3, 1, '2029-01-28'),
(166, 402, 7, '657', 2, NULL, 190.00, 0.00, 190.00, 1.00, NULL, 0.00, 0.00, 0.00, 0.00, 0.00, 2, 0, 0, 0, '2027-08-28'),
(167, 403, 7, '678', 50, NULL, 3.12, 0.00, 312.00, 100.00, NULL, 0.00, 0.00, 0.00, 0.00, 0.00, 50, 0, 0, 0, '2027-08-28'),
(168, 404, 7, '435', 5, NULL, 130.00, 0.00, 130.00, 1.00, NULL, 0.00, 0.00, 0.00, 0.00, 0.00, 3, 0, 2, 1, '2028-12-28'),
(169, 405, 7, '4356', 10, NULL, 40.00, 0.00, 400.00, 10.00, NULL, 0.00, 0.00, 0.00, 0.00, 0.00, 0, 0, 10, 1, '2025-12-30'),
(170, 203, 7, '6574', 1, NULL, 59.50, 0.00, 59.50, 1.00, NULL, 0.00, 0.00, 0.00, 0.00, 0.00, 1, 0, 0, 0, '2028-02-28'),
(171, 376, 7, '43242', 4, NULL, 118.00, 0.00, 118.00, 1.00, NULL, 0.00, 0.00, 0.00, 0.00, 0.00, 2, 0, 2, 1, '2026-10-17'),
(172, 362, 7, '54321', 70, NULL, 19.20, 0.00, 192.00, 10.00, NULL, 0.00, 0.00, 0.00, 0.00, 0.00, 0, 0, 70, 1, '2025-08-28'),
(173, 165, 7, '4321', 5, NULL, 44.00, 0.00, 220.00, 5.00, NULL, 0.00, 0.00, 0.00, 0.00, 0.00, 0, 0, 5, 1, '2026-04-28'),
(174, 71, 7, '4650', 20, NULL, 24.51, 0.00, 612.85, 25.00, NULL, 0.00, 0.00, 0.00, 0.00, 0.00, 0, 0, 20, 1, '2026-05-28'),
(175, 371, 7, '4325', 24, NULL, 50.07, 0.00, 300.42, 6.00, NULL, 0.00, 0.00, 0.00, 0.00, 0.00, 0, 0, 24, 1, '2025-12-28'),
(176, 421, 8, '142', 4, 0, 148.75, 0.00, 148.75, 1.00, 0.00, 0.00, 0.00, 0.00, 0.00, 0.00, 4, 1, 0, 0, '2027-09-28'),
(177, 423, 8, 'HC080A', 5, NULL, 62.27, 0.00, 1556.82, 25.00, NULL, 0.00, 0.00, 0.00, 0.00, 0.00, 0, 1, 5, 1, '2027-12-28'),
(178, 424, 8, '000124', 10, NULL, 25.99, 0.00, 519.80, 20.00, NULL, 0.00, 0.00, 0.00, 0.00, 0.00, 0, 0, 10, 1, '2026-05-28'),
(179, 28, 9, '2434', 20, 0, 246.53, 0.00, 246.53, 1.00, 0.00, 0.00, 0.00, 0.00, 0.00, 0.00, 13, 1, 7, 1, '2026-10-28'),
(180, 426, 9, '4234', 10, NULL, 174.62, 0.00, 174.62, 1.00, NULL, 0.00, 0.00, 0.00, 0.00, 0.00, 1, 0, 9, 1, '2026-10-28'),
(181, 425, 9, '23423', 300, NULL, 40.47, 0.00, 242.84, 6.00, NULL, 0.00, 0.00, 0.00, 0.00, 0.00, 16, 0, 284, 1, '2026-10-28'),
(182, 427, 9, '234234', 10, NULL, 283.76, 0.00, 283.76, 1.00, NULL, 0.00, 0.00, 0.00, 0.00, 0.00, 1, 0, 9, 1, '2026-10-28'),
(183, 428, 9, '23423', 60, NULL, 24.56, 0.00, 147.34, 6.00, NULL, 0.00, 0.00, 0.00, 0.00, 0.00, 0, 0, 60, 1, '2026-10-28'),
(184, 429, 9, '23424', 300, NULL, 31.98, 0.00, 191.90, 6.00, NULL, 0.00, 0.00, 0.00, 0.00, 0.00, 50, 0, 250, 1, '2026-10-28'),
(185, 430, 9, '234', 10, NULL, 274.67, 0.00, 274.67, 1.00, NULL, 0.00, 0.00, 0.00, 0.00, 0.00, 0, 0, 10, 1, '2026-10-28'),
(186, 264, 10, '43345345', 3, 0, 122.00, 0.00, 122.00, 1.00, 0.00, 0.00, 0.00, 0.00, 0.00, 0.00, 3, 1, 0, 0, NULL),
(187, 432, 10, '43345345', 1, 0, 1189.15, 0.00, 1189.15, 1.00, 0.00, 0.00, 0.00, 0.00, 0.00, 0.00, 0, 0, 1, 1, NULL),
(188, 433, 10, '43345345', 10, 0, 18.00, 0.00, 18.00, 1.00, 0.00, 0.00, 0.00, 0.00, 0.00, 0.00, 3, 3, 7, 1, NULL),
(189, 436, 10, '43345345', 3, 0, 38.00, 0.00, 380.00, 10.00, 0.00, 0.00, 0.00, 0.00, 0.00, 0.00, 3, 1, 0, 0, NULL),
(190, 437, 10, '43345345', 10, 0, 16.44, 0.00, 164.44, 10.00, 0.00, 0.00, 0.00, 0.00, 0.00, 0.00, 0, 0, 10, 1, NULL),
(191, 239, 10, '43345345', 5, 0, 16.44, 0.00, 164.44, 10.00, 0.00, 0.00, 0.00, 0.00, 0.00, 0.00, 0, 5, 5, 1, NULL),
(192, 439, 10, '43345345', 99, 0, 5.53, 0.00, 553.00, 100.00, 0.00, 0.00, 0.00, 0.00, 0.00, 0.00, 6, 0, 93, 1, NULL),
(193, 434, 10, '43345345', 24, 0, 180.00, 0.00, 1080.00, 6.00, 0.00, 0.00, 0.00, 0.00, 0.00, 0.00, 2, 4, 22, 1, NULL),
(194, 435, 10, '43345345', 2, 0, 62.00, 0.00, 62.00, 1.00, 0.00, 0.00, 0.00, 0.00, 0.00, 0.00, 2, 1, 0, 0, NULL),
(195, 444, 11, '423424', 2, 0, 90.00, 0.00, 90.00, 1.00, 0.00, 0.00, 0.00, 0.00, 0.00, 0.00, 2, 0, 0, 0, '2026-12-27'),
(196, 422, 12, '2343', 10, 0, 50.00, 0.00, 50.00, 1.00, 0.00, 0.00, 0.00, 0.00, 0.00, 0.00, 10, 0, 0, 0, NULL),
(197, 114, 13, '765675', 2, 0, 18.00, 0.00, 900.00, 50.00, 0.00, 0.00, 0.00, 0.00, 0.00, 0.00, 0, 1, 2, 1, '2026-12-23'),
(198, 445, 13, '765675', 14, 0, 55.00, 0.00, 55.00, 1.00, 0.00, 0.00, 0.00, 0.00, 0.00, 0.00, 1, 2, 13, 1, '2026-12-30'),
(199, 446, 14, '24324', 2, 0, 1019.15, 0.00, 1019.15, 1.00, 0.00, 0.00, 0.00, 0.00, 0.00, 0.00, 1, 0, 1, 1, NULL),
(200, 419, 15, '810324', 60, 0, 60.00, 0.00, 60.00, 1.00, 0.00, 0.00, 0.00, 0.00, 0.00, 0.00, 1, 1, 59, 1, NULL),
(201, 417, 15, '677124', 20, NULL, 75.00, 0.00, 75.00, 1.00, NULL, 0.00, 0.00, 0.00, 0.00, 0.00, 0, 0, 20, 1, '2028-06-28'),
(202, 174, 15, '002822', 20, NULL, 96.00, 0.00, 96.00, 1.00, NULL, 0.00, 0.00, 0.00, 0.00, 0.00, 0, 0, 20, 1, '2025-07-28'),
(203, 173, 15, '335823', 20, NULL, 85.00, 0.00, 85.00, 1.00, NULL, 0.00, 0.00, 0.00, 0.00, 0.00, 1, 0, 19, 1, '2026-06-28'),
(204, 422, 15, '837424', 60, NULL, 60.00, 0.00, 60.00, 1.00, NULL, 0.00, 0.00, 0.00, 0.00, 0.00, 13, 2, 47, 1, '2027-11-28'),
(205, 415, 15, '671224', 20, NULL, 75.00, 0.00, 75.00, 1.00, NULL, 0.00, 0.00, 0.00, 0.00, 0.00, 1, 0, 19, 1, '2028-07-28'),
(206, 416, 15, '767224', 20, NULL, 100.00, 0.00, 100.00, 1.00, NULL, 0.00, 0.00, 0.00, 0.00, 0.00, 17, 1, 3, 1, '2028-09-28'),
(207, 413, 15, '752524', 20, NULL, 80.00, 0.00, 80.00, 1.00, NULL, 0.00, 0.00, 0.00, 0.00, 0.00, 0, 0, 20, 1, '2027-08-28'),
(208, 414, 15, '751724', 20, NULL, 125.00, 0.00, 125.00, 1.00, NULL, 0.00, 0.00, 0.00, 0.00, 0.00, 0, 0, 20, 1, '2027-08-28'),
(209, 451, 15, 'TP-017', 50, NULL, 12.00, 0.00, 300.00, 25.00, NULL, 0.00, 0.00, 0.00, 0.00, 0.00, 0, 0, 50, 1, '2026-08-28'),
(210, 447, 15, '23tf01', 125, NULL, 3.80, 0.00, 19.00, 5.00, NULL, 0.00, 0.00, 0.00, 0.00, 0.00, 7, 1, 118, 1, '2025-10-28'),
(211, 448, 15, '24J369', 200, NULL, 1.40, 0.00, 14.00, 10.00, NULL, 0.00, 0.00, 0.00, 0.00, 0.00, 15, 0, 185, 1, '2026-01-08'),
(212, 421, 15, 'KEG146', 10, NULL, 154.00, 0.00, 154.00, 1.00, NULL, 0.00, 0.00, 0.00, 0.00, 0.00, 3, 0, 7, 1, '2027-01-09'),
(213, 440, 15, '3S6H', 5, NULL, 195.00, 0.00, 195.00, 1.00, NULL, 0.00, 0.00, 0.00, 0.00, 0.00, 1, 0, 4, 1, '2026-01-09'),
(214, 449, 15, '127', 5, NULL, 460.00, 0.00, 460.00, 1.00, NULL, 0.00, 0.00, 0.00, 0.00, 0.00, 3, 0, 2, 1, '2029-01-05'),
(215, 450, 15, '24HP006A', 7, NULL, 1100.00, 0.00, 1100.00, 1.00, NULL, 0.00, 0.00, 0.00, 0.00, 0.00, 0, 0, 7, 1, '2026-01-02'),
(216, 92, 15, 'XL230507', 20, NULL, 75.00, 0.00, 75.00, 1.00, NULL, 0.00, 0.00, 0.00, 0.00, 0.00, 11, 0, 9, 1, '2028-01-04'),
(217, 433, 15, 'KM241140A', 50, NULL, 11.00, 0.00, 11.00, 1.00, NULL, 0.00, 0.00, 0.00, 0.00, 0.00, 0, 0, 50, 1, '2029-10-09'),
(218, 264, 15, 'KOM240120', 65, NULL, 125.00, 0.00, 125.00, 1.00, NULL, 0.00, 0.00, 0.00, 0.00, 0.00, 7, 0, 58, 1, '2028-01-12'),
(219, 436, 15, '002008', 10, NULL, 62.00, 0.00, 620.00, 10.00, NULL, 0.00, 0.00, 0.00, 0.00, 0.00, 1, 0, 9, 1, '2026-01-02'),
(220, 112, 15, '241007', 12, NULL, 275.00, 0.00, 3300.00, 12.00, NULL, 0.00, 0.00, 0.00, 0.00, 0.00, 0, 0, 12, 1, '2029-01-09'),
(221, 19, 15, '098124', 10, NULL, 225.00, 0.00, 225.00, 1.00, NULL, 0.00, 0.00, 0.00, 0.00, 0.00, 0, 0, 10, 1, '2027-01-09'),
(222, 452, 15, '551', 100, NULL, 5.50, 0.00, 550.00, 100.00, NULL, 0.00, 0.00, 0.00, 0.00, 0.00, 1, 0, 99, 1, '2027-01-08'),
(223, 453, 15, 'GFDD', 3, NULL, 40.00, 0.00, 40.00, 1.00, NULL, 0.00, 0.00, 0.00, 0.00, 0.00, 0, 0, 3, 1, '2026-01-28'),
(224, 454, 15, 'FHGF', 100, NULL, 7.50, 0.00, 750.00, 100.00, NULL, 0.00, 0.00, 0.00, 0.00, 0.00, 2, 0, 98, 1, '2026-03-09'),
(225, 455, 15, 'FGF', 5, NULL, 270.00, 0.00, 270.00, 1.00, NULL, 0.00, 0.00, 0.00, 0.00, 0.00, 0, 0, 5, 1, '2026-01-02'),
(226, 456, 15, '3056007', 40, NULL, 17.00, 0.00, 680.00, 40.00, NULL, 0.00, 0.00, 0.00, 0.00, 0.00, 0, 0, 40, 1, '2025-05-05'),
(227, 457, 16, '-009', 5, 0, 382.50, 0.00, 382.50, 1.00, 0.00, 0.00, 0.00, 19.13, 1.00, 0.00, 3, 0, 2, 1, NULL),
(228, 458, 16, '211', 1, 0, 155.55, 0.00, 155.55, 1.00, 0.00, 0.00, 0.00, 1.56, 1.00, 0.00, 1, 0, 0, 0, NULL),
(256, 462, 18, '1214', 1, 0, 170.00, 0.00, 170.00, 1.00, 0.00, 0.00, 0.00, 0.00, 0.00, 0.00, 0, 1, 1, 1, NULL),
(257, 461, 18, '1214', 2, 0, 75.00, 0.00, 75.00, 1.00, 0.00, 0.00, 0.00, 0.00, 0.00, 0.00, 2, 1, 0, 0, NULL),
(258, 470, 18, '124', 4, NULL, 260.00, 0.00, 3120.00, 12.00, NULL, 0.00, 0.00, 0.00, 0.00, 0.00, 0, 0, 4, 1, '2025-01-07'),
(263, 463, 20, '510', 20, 0, 116.17, 0.00, 116.17, 1.00, 0.00, 0.00, 0.00, 11.62, 0.50, 0.00, 0, 0, 20, 1, '2026-09-01'),
(264, 465, 20, 'NX2-021F', 50, NULL, 144.00, 0.00, 720.00, 5.00, NULL, 0.00, 0.00, 36.00, 0.50, 0.00, 2, 2, 48, 1, '2027-03-01'),
(265, 464, 20, 'S2012', 10, NULL, 242.48, 0.00, 242.48, 1.00, NULL, 0.00, 0.00, 12.12, 0.50, 0.00, 0, 0, 10, 1, '2027-01-11'),
(266, 466, 20, 'SF2-530F', 10, NULL, 212.50, 0.00, 212.50, 1.00, NULL, 0.00, 0.00, 10.63, 0.50, 0.00, 5, 1, 5, 1, '2027-01-06'),
(267, 467, 20, 'SF3-594F', 10, NULL, 338.30, 0.00, 338.30, 1.00, NULL, 0.00, 0.00, 16.92, 0.50, 0.00, 10, 0, 0, 0, '2027-01-01'),
(268, 468, 20, 'TRJ-066F', 50, NULL, 80.22, 0.00, 401.09, 5.00, NULL, 0.00, 0.00, 20.05, 0.50, 0.00, 10, 0, 40, 1, '2026-01-09'),
(269, 469, 20, 'VNS-193F', 24, NULL, 46.47, 0.00, 278.81, 6.00, NULL, 0.00, 0.00, 5.58, 0.50, 0.00, 13, 0, 11, 1, '2026-01-11'),
(270, 475, 21, 'BKK081', 5, NULL, 40.80, 0.00, 204.00, 5.00, NULL, 0.00, 0.00, 0.00, 0.00, 0.00, 5, 0, 0, 0, '2026-06-01'),
(271, 473, 21, 'V1424071', 10, NULL, 32.10, 0.00, 962.88, 30.00, NULL, 0.00, 0.00, 0.00, 0.00, 0.00, 0, 0, 10, 1, '2026-03-01'),
(272, 476, 21, '56', 1, NULL, 125.31, 0.00, 125.31, 1.00, NULL, 0.00, 0.00, 0.00, 0.00, 0.00, 0, 0, 1, 1, '2025-11-01'),
(273, 479, 22, '1424', 1, 0, 765.00, 0.00, 765.00, 1.00, 0.00, 0.00, 0.00, 0.00, 0.00, 0.00, 1, 0, 0, 0, '2025-11-28'),
(274, 480, 22, '303287', 10, NULL, 37.32, 0.00, 1866.00, 50.00, NULL, 0.00, 0.00, 0.00, 0.00, 0.00, 10, 0, 0, 0, '2026-05-07'),
(275, 481, 22, '20230715A', 10, NULL, 1.25, 0.00, 250.00, 200.00, NULL, 0.00, 0.00, 0.00, 0.00, 0.00, 10, 0, 0, 0, '2028-07-14'),
(276, 486, 23, '3486', 10, NULL, 20.64, 0.00, 412.80, 20.00, NULL, 0.00, 0.00, 0.00, 0.00, 0.00, 10, 0, 0, 0, '2028-08-25'),
(277, 487, 24, '123', 1, 0, 100.00, 0.00, 100.00, 1.00, 0.00, 0.00, 0.00, 0.00, 0.00, 0.00, 1, 0, 0, 0, NULL),
(278, 488, 24, '123', 1, 0, 369.32, 0.00, 369.32, 1.00, 0.00, 0.00, 0.00, 0.00, 0.00, 0.00, 1, 0, 0, 0, NULL),
(279, 183, 24, '123', 10, 0, 94.60, 0.00, 946.05, 10.00, 0.00, 0.00, 0.00, 0.00, 0.00, 0.00, 4, 0, 6, 1, NULL),
(280, 435, 24, '123', 1, 0, 62.00, 0.00, 62.00, 1.00, 0.00, 0.00, 0.00, 0.00, 0.00, 0.00, 1, 0, 0, 0, NULL),
(281, 489, 25, '076', 10, 0, 446.25, 0.00, 446.25, 1.00, 0.00, 0.00, 0.00, 22.31, 0.50, 0.00, 0, 0, 10, 1, '2027-10-01'),
(282, 490, 25, '249', 10, 0, 633.25, 0.00, 633.25, 1.00, 0.00, 0.00, 0.00, 31.66, 0.50, 0.00, 2, 0, 8, 1, '2027-05-01'),
(283, 491, 25, '311', 400, 0, 14.19, 0.00, 283.89, 20.00, 0.00, 0.00, 0.00, 28.39, 0.50, 0.00, 0, 0, 400, 1, '2027-09-01'),
(284, 488, 26, '155454', 2, 0, 369.32, 0.00, 369.32, 1.00, 0.00, 0.00, 0.00, 7.39, 1.00, 0.00, 2, 0, 0, 0, '2026-09-01'),
(285, 492, 27, '252613', 3, 0, 131.07, 0.00, 1310.70, 10.00, 0.00, 0.00, 0.00, 13.11, 1.00, 0.00, 3, 0, 0, 0, '2026-10-20'),
(286, 493, 27, '55289', 3, NULL, 94.61, 0.00, 946.05, 10.00, NULL, 0.00, 0.00, 0.00, 0.00, 0.00, 3, 0, 0, 0, '2026-10-10'),
(287, 494, 27, '002+656', 1, NULL, 127.57, 0.00, 127.57, 1.00, NULL, 0.00, 0.00, 0.00, 0.00, 0.00, 1, 0, 0, 0, '2026-02-01'),
(288, 495, 27, '155456', 1, NULL, 107.27, 0.00, 107.27, 1.00, NULL, 0.00, 0.00, 0.00, 0.00, 0.00, 1, 0, 0, 0, '2026-02-12'),
(289, 480, 27, '1596+5', 3, NULL, 37.32, 0.00, 1866.00, 50.00, NULL, 0.00, 0.00, 0.00, 0.00, 0.00, 3, 0, 0, 0, '2026-02-03'),
(290, 498, 27, '2505', 3, NULL, 2.20, 0.00, 220.00, 100.00, NULL, 0.00, 0.00, 0.00, 0.00, 0.00, 3, 0, 0, 0, '2026-10-12'),
(291, 506, 28, '41', 10, 0, 100.00, 0.00, 100.00, 1.00, 0.00, 0.00, 0.00, 10.00, 1.00, 0.00, 7, 0, 3, 1, '2027-12-01'),
(292, 505, 28, '1254', 1, NULL, 161.50, 0.00, 161.50, 1.00, NULL, 0.00, 0.00, 0.00, 0.00, 0.00, 1, 0, 0, 0, '2027-10-01'),
(293, 493, 28, '15274', 10, NULL, 94.61, 0.00, 946.05, 10.00, NULL, 0.00, 0.00, 0.00, 0.00, 0.00, 3, 0, 7, 1, '2026-06-01'),
(294, 507, 28, 'SD661', 2, NULL, 65.45, 0.00, 65.45, 1.00, NULL, 0.00, 0.00, 0.00, 0.00, 0.00, 2, 0, 0, 0, '2026-10-02'),
(295, 506, 29, '41', 10, 0, 100.00, 0.00, 100.00, 1.00, 0.00, 0.00, 0.00, 10.00, 1.00, 0.00, 0, 0, 10, 1, '2027-12-01'),
(296, 505, 29, '1254', 1, NULL, 161.50, 0.00, 161.50, 1.00, NULL, 0.00, 0.00, 0.00, 0.00, 0.00, 0, 0, 1, 1, '2027-10-01'),
(297, 493, 29, '15274', 10, NULL, 94.61, 0.00, 946.05, 10.00, NULL, 0.00, 0.00, 0.00, 0.00, 0.00, 0, 0, 10, 1, '2026-06-01'),
(298, 507, 29, 'SD661', 2, NULL, 65.45, 0.00, 65.45, 1.00, NULL, 0.00, 0.00, 0.00, 0.00, 0.00, 0, 0, 2, 1, '2026-10-02'),
(299, 508, 30, '250405', 110, 0, 226.03, 0.00, 226.03, 1.00, 0.00, 0.00, 0.00, 621.58, 2.50, 0.00, 7, 0, 103, 1, '2028-08-12'),
(300, 483, 31, '514132', 48, 0, 550.00, 0.00, 550.00, 1.00, 0.00, 0.00, 0.00, 0.00, 0.00, 0.00, 28, 0, 20, 1, '2027-01-12'),
(301, 482, 31, '5545145', 48, NULL, 1550.00, 0.00, 1550.00, 1.00, NULL, 0.00, 0.00, 0.00, 0.00, 0.00, 16, 0, 32, 1, '2027-01-12'),
(302, 484, 31, '565', 48, NULL, 100.00, 0.00, 100.00, 1.00, NULL, 0.00, 0.00, 0.00, 0.00, 0.00, 11, 13, 37, 1, '2027-01-02'),
(303, 509, 32, '454548', 1, 0, 9.71, 0.00, 485.29, 50.00, 0.00, 0.00, 0.00, 0.00, NULL, 0.00, 1, 0, 0, 0, '2026-02-01'),
(304, 510, 33, '007FM1', 14, NULL, 22.83, 0.00, 319.60, 14.00, NULL, 0.00, 0.00, 0.00, 0.00, 0.00, 5, 0, 9, 1, '2025-03-28'),
(305, 524, 34, '905', 4, 0, 140.00, 0.00, 140.00, 1.00, 0.00, 0.00, 0.00, 5.60, 1.00, 0.00, 2, 0, 2, 1, '2028-12-01'),
(306, 304, 34, '240102', 15, 0, 55.00, 0.00, 55.00, 1.00, 0.00, 0.00, 0.00, 8.25, 1.00, 0.00, 0, 0, 15, 1, '2027-08-12'),
(307, 499, 35, '2544', 24, 0, 150.00, 0.00, 150.00, 1.00, 0.00, 0.00, 0.00, 0.00, 0.00, 0.00, 0, 0, 24, 1, '2030-01-01'),
(308, 500, 35, '25k24', 24, NULL, 220.00, 0.00, 220.00, 1.00, NULL, 0.00, 0.00, 0.00, 0.00, 0.00, 0, 0, 24, 1, '2030-01-01'),
(309, 501, 35, '810.', 11, NULL, 70.00, 0.00, 70.00, 1.00, NULL, 0.00, 0.00, 0.00, 0.00, 0.00, 3, 0, 8, 1, '2028-01-01'),
(310, 502, 35, '820.', 36, NULL, 80.00, 0.00, 80.00, 1.00, NULL, 0.00, 0.00, 0.00, 0.00, 0.00, 0, 0, 36, 1, '2028-01-01'),
(311, 503, 35, '222', 15, NULL, 130.00, 0.00, 130.00, 1.00, NULL, 0.00, 0.00, 0.00, 0.00, 0.00, 0, 0, 15, 1, '2026-04-01'),
(312, 504, 35, 'PP-0423', 10, NULL, 56.00, 0.00, 280.00, 5.00, NULL, 0.00, 0.00, 0.00, 0.00, 0.00, 0, 0, 10, 1, '2025-11-01'),
(313, 92, 35, 'KL230507', 20, NULL, 75.00, 0.00, 75.00, 1.00, NULL, 0.00, 0.00, 0.00, 0.00, 0.00, 0, 0, 20, 1, '2028-04-01'),
(314, 498, 35, '303287', 100, NULL, 2.20, 0.00, 220.00, 100.00, NULL, 0.00, 0.00, 0.00, 0.00, 0.00, 2, 0, 98, 1, '2029-06-25'),
(315, 496, 35, '240626T', 50, NULL, 38.00, 0.00, 1900.00, 50.00, NULL, 0.00, 0.00, 0.00, 0.00, 0.00, 2, 0, 48, 1, '2026-05-07'),
(316, 445, 35, 'KM24117A', 20, NULL, 35.00, 0.00, 35.00, 1.00, NULL, 0.00, 0.00, 0.00, 0.00, 0.00, 0, 0, 20, 1, '2029-07-01'),
(317, 476, 35, 'KL218', 10, NULL, 130.00, 0.00, 130.00, 1.00, NULL, 0.00, 0.00, 0.00, 0.00, 0.00, 0, 0, 10, 1, '2026-09-28'),
(318, 397, 35, '842', 12, NULL, 58.34, 0.00, 350.01, 6.00, NULL, 0.00, 0.00, 0.00, 0.00, 0.00, 0, 0, 12, 1, '2027-02-28'),
(319, 488, 35, '155454', 1, NULL, 380.00, 0.00, 380.00, 1.00, NULL, 0.00, 0.00, 0.00, 0.00, 0.00, 0, 0, 1, 1, '2026-09-28'),
(320, 337, 35, '196514', 12, NULL, 233.33, 0.00, 2800.00, 12.00, NULL, 0.00, 0.00, 0.00, 0.00, 0.00, 0, 0, 12, 1, '2028-01-02'),
(321, 525, 35, '362', 10, NULL, 160.00, 0.00, 1600.00, 10.00, NULL, 0.00, 0.00, 0.00, 0.00, 0.00, 1, 1, 9, 1, '0029-10-12'),
(322, 526, 36, '14561', 1, 0, 90.91, 0.00, 90.91, 1.00, 0.00, 0.00, 0.00, 0.91, 1.00, 0.00, 0, 0, 1, 1, '2026-10-02'),
(323, 495, 36, '14561', 1, 0, 107.27, 0.00, 107.27, 1.00, 0.00, 0.00, 0.00, 1.07, 1.00, 0.00, 0, 0, 1, 1, '2026-11-02'),
(324, 527, 37, '517', 15, 0, 9.88, 0.00, 148.24, 15.00, 0.00, 0.00, 0.00, 1.48, 1.00, 0.00, 10, 0, 5, 1, '2027-12-02'),
(325, 418, 38, '124543212', 10, 0, 90.00, 0.00, 90.00, 1.00, 0.00, 0.00, 0.00, 9.00, 1.00, 0.00, 10, 6, 0, 0, '2029-01-01'),
(326, 458, 39, '2154415', 2, 0, 155.55, 0.00, 155.55, 1.00, 0.00, 0.00, 0.00, 3.11, 1.00, 0.00, 1, 1, 1, 1, NULL),
(327, 529, 40, '11', 25, 0, 240.00, 0.00, 1200.00, 5.00, 0.00, 0.00, 0.00, 0.00, 0.00, 0.00, 0, 0, 25, 1, NULL),
(328, 272, 40, 'NMT303907', 120, NULL, 25.00, 0.00, 300.00, 12.00, NULL, 0.00, 0.00, 0.00, 0.00, 0.00, 0, 0, 120, 1, '2029-07-28'),
(329, 444, 41, '1212', 1, 0, 90.00, 0.00, 90.00, 1.00, 0.00, 0.00, 0.00, 0.00, 0.00, 0.00, 1, 0, 0, 0, NULL),
(330, 530, 42, '1452', 10, 0, 26.39, 0.00, 527.87, 20.00, 0.00, 0.00, 0.00, 0.00, 0.00, 0.00, 10, 0, 0, 0, '2026-01-02'),
(331, 403, 43, '55825', 130, 0, 3.12, 0.00, 312.00, 100.00, 0.00, 0.00, 0.00, 0.00, 0.00, 0.00, 60, 10, 70, 1, '2026-01-02'),
(332, 458, 43, '147455', 1, NULL, 155.55, 0.00, 155.55, 1.00, NULL, 0.00, 0.00, 0.00, 0.00, 0.00, 1, 0, 0, 0, '2026-01-02'),
(333, 398, 44, '1514', 1, 0, 243.55, 0.00, 243.55, 1.00, 0.00, 0.00, 0.00, 2.44, 1.00, 0.00, 0, 0, 1, 1, '2026-10-20'),
(334, 458, 44, '1514', 2, 0, 155.55, 0.00, 155.55, 1.00, 0.00, 0.00, 0.00, 3.11, 1.00, 0.00, 1, 0, 1, 1, '2026-10-10'),
(335, 299, 45, '227014', 30, 0, 85.00, 0.00, 85.00, 1.00, 0.00, 0.00, 94.35, 0.00, NULL, 3.70, 0, 0, 30, 1, '2027-08-12'),
(336, 300, 45, '228013', 30, 0, 140.00, 0.00, 140.00, 1.00, 0.00, 0.00, 0.00, 0.00, 0.00, 0.00, 0, 0, 30, 1, '2029-08-12'),
(337, 531, 45, '240908', 30, NULL, 70.00, 0.00, 70.00, 1.00, NULL, 0.00, 0.00, 0.00, 0.00, 0.00, 0, 0, 30, 1, '2026-08-01'),
(338, 532, 45, '089040022', 600, NULL, 3.60, 0.00, 720.00, 200.00, NULL, 0.00, 0.00, 0.00, 0.00, 0.00, 0, 0, 600, 1, '2026-08-01'),
(339, 533, 45, '2402', 20, NULL, 105.00, 0.00, 105.00, 1.00, NULL, 0.00, 0.00, 0.00, 0.00, 0.00, 0, 0, 20, 1, '2026-10-01'),
(340, 534, 45, '654', 100, NULL, 3.50, 0.00, 70.00, 20.00, NULL, 0.00, 0.00, 0.00, 0.00, 0.00, 0, 0, 100, 1, '2026-10-01'),
(341, 535, 45, '701', 20, NULL, 18.00, 0.00, 36.00, 2.00, NULL, 0.00, 0.00, 0.00, 0.00, 0.00, 0, 0, 20, 1, '2026-12-02'),
(342, 536, 45, '694', 20, NULL, 50.00, 0.00, 50.00, 1.00, NULL, 0.00, 0.00, 0.00, 0.00, 0.00, 0, 0, 20, 1, '2026-09-01'),
(343, 537, 45, '559', 50, NULL, 3.40, 0.00, 34.00, 10.00, NULL, 0.00, 0.00, 0.00, 0.00, 0.00, 0, 0, 50, 1, '2025-11-01'),
(344, 538, 45, '247004', 5, NULL, 280.00, 0.00, 280.00, 1.00, NULL, 0.00, 0.00, 0.00, 0.00, 0.00, 0, 0, 5, 1, '2026-07-01'),
(345, 539, 45, '159013', 60, NULL, 62.50, 0.00, 750.00, 12.00, NULL, 0.00, 0.00, 0.00, 0.00, 0.00, 12, 0, 48, 1, '2026-07-01'),
(346, 540, 45, '00325', 20, NULL, 70.00, 0.00, 70.00, 1.00, NULL, 0.00, 7.00, 0.00, NULL, 0.50, 0, 0, 20, 1, '2026-11-01'),
(347, 542, 46, 'LIG093', 25, NULL, 110.00, 0.00, 110.00, 1.00, NULL, 0.00, 0.00, 0.00, 0.00, 0.00, 0, 0, 25, 1, '2026-11-01'),
(348, 541, 46, '3022', 10, NULL, 227.00, 0.00, 227.00, 1.00, NULL, 0.00, 0.00, 0.00, 0.00, 0.00, 0, 0, 10, 1, '2029-09-01'),
(349, 469, 46, '2003F', 300, NULL, 46.47, 0.00, 278.81, 6.00, NULL, 0.00, 0.00, 0.00, 0.00, 0.00, 0, 0, 300, 1, '2026-11-01'),
(350, 475, 47, '121212', 5, 0, 40.80, 0.00, 204.00, 5.00, 0.00, 0.00, 0.00, 0.00, 0.00, 0.00, 2, 0, 3, 1, NULL),
(351, 441, 48, '101', 1, 0, 59.29, 0.00, 59.29, 1.00, 0.00, 0.00, 0.00, 0.00, 0.00, 0.00, 1, 0, 0, 0, NULL),
(352, 544, 49, '6.365', 5, 0, 76.66, 0.00, 76.66, 1.00, 0.00, 0.00, 0.00, 3.83, 1.00, 0.00, 1, 0, 4, 1, '2026-01-01'),
(353, 545, 50, '799254', 100, 0, 100.00, 0.00, 100.00, 1.00, 0.00, 0.00, 0.00, 0.00, 0.00, 0.00, 1, 0, 99, 1, '2029-11-01'),
(354, 546, 50, '735024', 100, NULL, 75.00, 0.00, 75.00, 1.00, NULL, 0.00, 0.00, 0.00, 0.00, 0.00, 8, 1, 92, 1, '2029-08-01'),
(355, 418, 50, '777624', 60, NULL, 90.00, 0.00, 90.00, 1.00, NULL, 0.00, 0.00, 0.00, 0.00, 0.00, 25, 0, 35, 1, '2029-02-01'),
(356, 415, 50, '658224', 20, NULL, 65.00, 0.00, 65.00, 1.00, NULL, 0.00, 0.00, 0.00, 0.00, 0.00, 0, 0, 20, 1, '2028-01-01'),
(357, 416, 50, '767224', 60, NULL, 95.00, 0.00, 95.00, 1.00, NULL, 0.00, 0.00, 0.00, 0.00, 0.00, 0, 0, 60, 1, '2029-02-01'),
(358, 419, 50, '8103240', 60, NULL, 53.00, 0.00, 53.00, 1.00, NULL, 0.00, 0.00, 0.00, 0.00, 0.00, 0, 0, 60, 1, '2030-11-01'),
(359, 547, 50, '5250', 20, NULL, 100.00, 0.00, 100.00, 1.00, NULL, 0.00, 0.00, 0.00, 0.00, 0.00, 0, 0, 20, 1, '2029-02-01'),
(360, 555, 51, '5415', 2, 0, 450.00, 0.00, 450.00, 1.00, 0.00, 0.00, 0.00, 9.00, 1.00, 0.00, 1, 0, 1, 1, '2029-02-01'),
(361, 556, 51, '584158', 2, NULL, 450.00, 0.00, 450.00, 1.00, NULL, 0.00, 0.00, 0.00, 0.00, 0.00, 0, 0, 2, 1, '2029-01-01'),
(362, 278, 51, '5635', 5, NULL, 100.00, 0.00, 100.00, 1.00, NULL, 0.00, 0.00, 0.00, 0.00, 0.00, 0, 0, 5, 1, '2026-02-02'),
(363, 558, 51, '5641', 1, NULL, 1000.00, 0.00, 1000.00, 1.00, NULL, 0.00, 0.00, 0.00, 0.00, 0.00, 1, 0, 0, 0, '2026-01-01'),
(364, 550, 52, '268', 10, NULL, 197.05, 0.00, 197.05, 1.00, NULL, 0.00, 0.00, 0.00, NULL, 0.00, 0, 0, 10, 1, '2027-09-01'),
(365, 551, 52, '0135', 20, NULL, 149.85, 0.00, 149.85, 1.00, NULL, 0.00, 0.00, 0.00, 0.00, 0.00, 0, 0, 20, 1, '2026-09-01'),
(366, 552, 52, 'D182', 400, NULL, 2.79, 0.00, 558.30, 200.00, NULL, 0.00, 0.00, 0.00, 0.00, 0.00, 0, 0, 400, 1, '2029-03-01'),
(367, 366, 52, '306', 10, NULL, 38.84, 0.00, 38.84, 1.00, NULL, 0.00, 0.00, 0.00, 0.00, 0.00, 0, 0, 10, 1, '2028-05-01'),
(368, 441, 52, '150', 20, NULL, 60.77, 0.00, 60.77, 1.00, NULL, 0.00, 0.00, 0.00, 0.00, 0.00, 3, 0, 17, 1, '2028-12-01'),
(369, 554, 52, '3358', 200, NULL, 3.55, 0.00, 70.90, 20.00, NULL, 0.00, 0.00, 0.00, 0.00, 0.00, 0, 0, 200, 1, '2029-01-01'),
(370, 549, 53, '51', 5, 0, 43.40, 0.00, 43.40, 1.00, 0.00, 0.00, 0.00, 2.17, 1.00, 0.00, 1, 0, 4, 1, '2029-01-01'),
(371, 548, 53, '5353', 1, NULL, 9000.00, 0.00, 9000.00, 1.00, NULL, 0.00, 0.00, 0.00, 0.00, 0.00, 0, 0, 1, 1, '2029-02-01'),
(372, 559, 54, '51455', 1, 0, 105.00, 0.00, 105.00, 1.00, 0.00, 0.00, 0.00, 1.05, 1.00, 0.00, 1, 0, 0, 0, '2028-01-12'),
(373, 560, 54, '2184', 5, NULL, 85.00, 0.00, 85.00, 1.00, NULL, 0.00, 0.00, 0.00, 0.00, 0.00, 5, 0, 0, 0, '2028-02-02'),
(374, 467, 55, '5546', 9, 0, 0.00, 0.00, 0.00, 1.00, 0.00, 0.00, 0.00, 0.00, 1.00, 0.00, 3, 0, 6, 1, '2026-01-02'),
(375, 466, 55, '554655', 12, 0, 0.00, 0.00, 0.00, 1.00, 0.00, 0.00, 0.00, 0.00, 0.00, 0.00, 0, 0, 12, 1, '2026-01-02'),
(376, 560, 56, '55145', 20, 0, 0.00, 0.00, 0.00, 1.00, 0.00, 0.00, 0.00, 0.00, 1.00, 0.00, 17, 0, 3, 1, '2026-02-02'),
(377, 483, 57, '261566', 24, 0, 550.00, 0.00, 550.00, 1.00, 0.00, 0.00, 0.00, 132.00, 1.00, 0.00, 0, 0, 24, 1, '2026-01-02'),
(378, 561, 57, '14514', 12, NULL, 1650.00, 0.00, 1650.00, 1.00, NULL, 0.00, 0.00, 0.00, 0.00, 0.00, 12, 0, 0, 0, '2026-01-01'),
(379, 562, 57, '58966', 12, NULL, 1650.00, 0.00, 1650.00, 1.00, NULL, 0.00, 0.00, 0.00, 0.00, 0.00, 0, 0, 12, 1, '2027-01-01'),
(380, 3, 58, '16', 10, 0, 320.00, 0.00, 320.00, 1.00, 0.00, 0.00, 0.00, 32.00, 1.00, 0.00, 0, 0, 10, 1, '2026-01-01'),
(381, 276, 58, '52532', 15, NULL, 165.00, 0.00, 165.00, 1.00, NULL, 0.00, 0.00, 0.00, 0.00, 0.00, 0, 0, 15, 1, '2026-02-01'),
(382, 563, 58, '53650', 50, NULL, 3.00, 0.00, 150.00, 50.00, NULL, 0.00, 0.00, 0.00, 0.00, 0.00, 0, 0, 50, 1, '2029-02-02'),
(383, 92, 58, '535', 20, NULL, 75.00, 0.00, 75.00, 1.00, NULL, 0.00, 0.00, 0.00, 0.00, 0.00, 0, 0, 20, 1, '2027-02-02'),
(384, 564, 58, '2824', 50, NULL, 7.40, 0.00, 370.00, 50.00, NULL, 0.00, 0.00, 0.00, 0.00, 0.00, 0, 0, 50, 1, '2027-09-01'),
(385, 2, 58, '675', 5, NULL, 420.00, 0.00, 2100.00, 5.00, NULL, 0.00, 0.00, 0.00, 0.00, 0.00, 0, 0, 5, 1, '2026-09-02'),
(386, 494, 59, 'ACG785', 15, NULL, 127.50, 0.00, 127.50, 1.00, NULL, 0.00, 47.81, 0.00, 0.00, 2.50, 0, 0, 15, 1, '2027-03-11'),
(387, 421, 59, 'KEG162', 28, NULL, 148.75, 0.00, 148.75, 1.00, NULL, 0.00, 104.13, 0.00, 0.00, 2.50, 0, 0, 28, 1, '2027-03-11'),
(388, 565, 59, 'HSSG24C', 24, NULL, 799.60, 0.00, 3198.39, 4.00, NULL, 0.00, 479.76, 0.00, 0.00, 2.50, 0, 0, 24, 1, '2029-08-01'),
(389, 339, 60, '584718', 36, NULL, 191.67, 0.00, 2300.00, 12.00, NULL, 0.00, 0.00, 0.00, 0.00, 0.00, 0, 0, 36, 1, '2028-09-20'),
(390, 98, 60, '54105', 36, NULL, 275.00, 0.00, 3300.00, 12.00, NULL, 0.00, 0.00, 0.00, 0.00, 0.00, 0, 0, 36, 1, '2028-09-20'),
(391, 92, 60, '554', 150, NULL, 75.00, 0.00, 75.00, 1.00, NULL, 0.00, 0.00, 0.00, 0.00, 0.00, 0, 0, 150, 1, '2029-09-20'),
(392, 3, 60, '54541', 15, NULL, 320.00, 0.00, 320.00, 1.00, NULL, 0.00, 0.00, 0.00, 0.00, 0.00, 0, 0, 15, 1, '2025-04-01'),
(393, 555, 60, '13954', 5, NULL, 550.00, 0.00, 550.00, 1.00, NULL, 0.00, 0.00, 0.00, 0.00, 0.00, 0, 0, 5, 1, '2028-01-01'),
(394, 556, 60, '5145', 5, NULL, 550.00, 0.00, 550.00, 1.00, NULL, 0.00, 0.00, 0.00, 0.00, 0.00, 0, 0, 5, 1, '2028-09-20'),
(395, 558, 60, '5115', 5, NULL, 900.00, 0.00, 900.00, 1.00, NULL, 0.00, 0.00, 0.00, 0.00, 0.00, 0, 0, 5, 1, '2028-01-04'),
(396, 116, 60, '545', 24, NULL, 175.00, 0.00, 2100.00, 12.00, NULL, 0.00, 0.00, 0.00, 0.00, 0.00, 0, 0, 24, 1, '2027-09-20'),
(397, 112, 60, '14514', 36, NULL, 275.00, 0.00, 3300.00, 12.00, NULL, 0.00, 0.00, 0.00, 0.00, 0.00, 0, 0, 36, 1, '2029-09-20'),
(398, 567, 60, '6458', 15, NULL, 130.00, 0.00, 130.00, 1.00, NULL, 0.00, 0.00, 0.00, 0.00, 0.00, 0, 0, 15, 1, '2028-09-20'),
(399, 174, 60, '51154', 10, NULL, 110.00, 0.00, 110.00, 1.00, NULL, 0.00, 0.00, 0.00, 0.00, 0.00, 0, 0, 10, 1, '2028-09-20'),
(400, 409, 60, '0523', 30, NULL, 35.00, 0.00, 350.00, 10.00, NULL, 0.00, 0.00, 0.00, 0.00, 0.00, 0, 0, 30, 1, '2026-11-01'),
(401, 5, 60, '2544', 30, NULL, 24.00, 0.00, 240.00, 10.00, NULL, 0.00, 0.00, 0.00, 0.00, 0.00, 0, 0, 30, 1, '2026-06-02'),
(402, 568, 60, '8386', 40, NULL, 23.10, 0.00, 462.00, 20.00, NULL, 0.00, 0.00, 0.00, 0.00, 0.00, 0, 0, 40, 1, '2027-09-01'),
(403, 2, 60, '67F', 25, NULL, 210.00, 0.00, 1050.00, 5.00, NULL, 0.00, 0.00, 0.00, 0.00, 0.00, 0, 0, 25, 1, '2026-09-01'),
(404, 569, 60, '67878', 10, NULL, 90.00, 0.00, 90.00, 1.00, NULL, 0.00, 0.00, 0.00, 0.00, 0.00, 0, 0, 10, 1, '2027-01-01'),
(405, 570, 61, 'fef003', 30, NULL, 211.60, 0.00, 211.60, 1.00, NULL, 0.00, 0.00, 0.00, 0.00, 0.00, 0, 0, 30, 1, '2026-02-01'),
(406, 570, 62, 'fef005', 3, NULL, 211.60, 0.00, 211.60, 1.00, NULL, 0.00, 0.00, 0.00, 0.00, 0.00, 0, 0, 3, 1, '2026-02-01'),
(407, 28, 63, 'PN250136', 30, NULL, 246.53, 10.00, 246.53, 1.00, NULL, 0.00, 0.00, 0.00, 0.00, 0.00, 0, 0, 30, 1, '2026-11-01'),
(408, 572, 64, '41242', 2, NULL, 0.36, 0.00, 18.00, 50.00, NULL, 0.00, 0.00, 0.00, 0.00, 0.00, 1, 0, 1, 1, '2025-09-21');

-- --------------------------------------------------------

--
-- Table structure for table `grn_request`
--

DROP TABLE IF EXISTS `grn_request`;
CREATE TABLE IF NOT EXISTS `grn_request` (
  `GRNID` int NOT NULL AUTO_INCREMENT,
  `SCID` int DEFAULT NULL,
  `InvoiceNo` varchar(55) DEFAULT NULL,
  `Freight` float DEFAULT NULL,
  `Dated` date DEFAULT NULL,
  `Description` varchar(500) DEFAULT NULL,
  `Discount` float DEFAULT NULL,
  `per_item_discount` decimal(10,2) DEFAULT '0.00',
  `TotalPurchase` decimal(10,2) DEFAULT NULL,
  `paid_amount` decimal(10,2) NOT NULL DEFAULT '0.00',
  `total_gst` decimal(10,2) DEFAULT NULL,
  `total_advance_tax` decimal(10,2) DEFAULT NULL,
  `CreatedBy` int DEFAULT NULL,
  `CreatedAt` date DEFAULT NULL,
  `ModifiedBy` int DEFAULT NULL,
  `ModifiedAt` date DEFAULT NULL,
  `bill_json_form` text,
  `bill_status` int NOT NULL DEFAULT '0',
  PRIMARY KEY (`GRNID`)
) ENGINE=InnoDB AUTO_INCREMENT=63 DEFAULT CHARSET=latin1;

--
-- Dumping data for table `grn_request`
--

INSERT INTO `grn_request` (`GRNID`, `SCID`, `InvoiceNo`, `Freight`, `Dated`, `Description`, `Discount`, `per_item_discount`, `TotalPurchase`, `paid_amount`, `total_gst`, `total_advance_tax`, `CreatedBy`, `CreatedAt`, `ModifiedBy`, `ModifiedAt`, `bill_json_form`, `bill_status`) VALUES
(1, 218, '34196', 0, '2025-01-04', NULL, 0, 0.00, 71870.47, 0.00, 1690.77, 0.00, 2, '2025-01-04', NULL, NULL, '[{\"ProductID\":\"332\",\"Product\":\"Fedroxime 400mg\",\"Name\":\"Fedroxime 400mg\",\"pack_price\":\"240.00\",\"unit_price\":\"48.00\",\"Quantity\":\"15\",\"Total\":\"3600\",\"AvailableQuantity\":\"0\",\"taxAmount\":\"0\",\"taxPercentage\":\"0\",\"gst_tax_amount\":\"90.00\",\"advance_tax_amount\":\"0.00\",\"batch_no\":\"T632\",\"expiry_date\":\"2025-01-04\",\"advance_tax\":\"0\",\"gst_tax\":\"2.5\",\"net_amount\":\"3690\",\"pack_size\":\"5.00\"},{\"ProductID\":\"292\",\"Product\":\"Zik 10mg Tab\",\"Name\":\"Zik 10mg Tab\",\"pack_price\":\"25.00\",\"unit_price\":\"2.50\",\"Quantity\":\"15\",\"Total\":\"375\",\"AvailableQuantity\":\"0\",\"taxAmount\":\"0\",\"taxPercentage\":\"0\",\"gst_tax_amount\":\"9.38\",\"advance_tax_amount\":\"0.00\",\"batch_no\":\"T704\",\"expiry_date\":\"2025-01-04\",\"advance_tax\":\"0\",\"gst_tax\":\"2.5\",\"net_amount\":\"384.38\",\"pack_size\":\"10.00\"},{\"ProductID\":\"293\",\"Product\":\"Fedromol-t 325\\/37.5mg tab\",\"Name\":\"Fedromol-t 325\\/37.5mg tab\",\"pack_price\":\"79.00\",\"unit_price\":\"7.90\",\"Quantity\":\"10\",\"Total\":\"790\",\"AvailableQuantity\":\"0\",\"taxAmount\":\"0\",\"taxPercentage\":\"0\",\"gst_tax_amount\":\"19.75\",\"advance_tax_amount\":\"0.00\",\"batch_no\":\"T676\",\"expiry_date\":\"2025-01-04\",\"advance_tax\":\"0\",\"gst_tax\":\"2.5\",\"net_amount\":\"809.75\",\"pack_size\":\"10.00\"},{\"ProductID\":\"294\",\"Product\":\"Wicran sachet\",\"Name\":\"Wicran sachet\",\"pack_price\":\"120.00\",\"unit_price\":\"12.00\",\"Quantity\":\"15\",\"Total\":\"1800\",\"AvailableQuantity\":\"0\",\"taxAmount\":\"0\",\"taxPercentage\":\"0\",\"gst_tax_amount\":\"45.00\",\"advance_tax_amount\":\"0.00\",\"batch_no\":\"1096\",\"expiry_date\":\"2025-01-04\",\"advance_tax\":\"0\",\"gst_tax\":\"2.5\",\"net_amount\":\"1845\",\"pack_size\":\"10.00\"},{\"ProductID\":\"295\",\"Product\":\"D-lide 25mg tab\",\"Name\":\"D-lide 25mg tab\",\"pack_price\":\"85.00\",\"unit_price\":\"4.25\",\"Quantity\":\"15\",\"Total\":\"1275\",\"AvailableQuantity\":\"0\",\"taxAmount\":\"0\",\"taxPercentage\":\"0\",\"gst_tax_amount\":\"31.88\",\"advance_tax_amount\":\"0.00\",\"batch_no\":\"24j26\",\"expiry_date\":\"2025-01-04\",\"advance_tax\":\"0\",\"gst_tax\":\"2.5\",\"net_amount\":\"1306.88\",\"pack_size\":\"20.00\",\"UnitePrice\":\"85.00\"},{\"ProductID\":\"296\",\"Product\":\"Amitax 100mg inj\",\"Name\":\"Amitax 100mg inj\",\"pack_price\":\"65.00\",\"unit_price\":\"65.00\",\"Quantity\":\"15\",\"Total\":\"975\",\"AvailableQuantity\":\"0\",\"taxAmount\":\"0\",\"taxPercentage\":\"0\",\"gst_tax_amount\":\"24.38\",\"advance_tax_amount\":\"0.00\",\"batch_no\":\"v0296\",\"expiry_date\":\"2025-01-04\",\"advance_tax\":\"0\",\"gst_tax\":\"2.5\",\"net_amount\":\"999.38\",\"pack_size\":\"1.00\"},{\"ProductID\":\"297\",\"Product\":\"Amitax 500mg inj\",\"Name\":\"Amitax 500mg inj\",\"pack_price\":\"147.00\",\"unit_price\":\"147.00\",\"Quantity\":\"15\",\"Total\":\"2205\",\"AvailableQuantity\":\"0\",\"taxAmount\":\"0\",\"taxPercentage\":\"0\",\"gst_tax_amount\":\"55.13\",\"advance_tax_amount\":\"0.00\",\"batch_no\":\"v0297\",\"expiry_date\":\"2025-01-04\",\"advance_tax\":\"0\",\"gst_tax\":\"2.5\",\"net_amount\":\"2260.13\",\"pack_size\":\"1.00\",\"UnitePrice\":\"147.00\"},{\"ProductID\":\"298\",\"Product\":\"Glykin-250mg inj\",\"Name\":\"Glykin-250mg inj\",\"pack_price\":\"98.00\",\"unit_price\":\"98.00\",\"Quantity\":\"15\",\"Total\":\"1470\",\"AvailableQuantity\":\"0\",\"taxAmount\":\"0\",\"taxPercentage\":\"0\",\"gst_tax_amount\":\"36.75\",\"advance_tax_amount\":\"0.00\",\"batch_no\":\"045\",\"expiry_date\":\"2025-01-04\",\"advance_tax\":\"0\",\"gst_tax\":\"2.5\",\"net_amount\":\"1506.75\",\"pack_size\":\"1.00\",\"UnitePrice\":\"98.00\"},{\"ProductID\":\"299\",\"Product\":\"Rotacort 100mg inj\",\"Name\":\"Rotacort 100mg inj\",\"pack_price\":\"85.00\",\"unit_price\":\"85.00\",\"Quantity\":\"15\",\"Total\":\"1275\",\"AvailableQuantity\":\"0\",\"taxAmount\":\"0\",\"taxPercentage\":\"0\",\"gst_tax_amount\":\"31.88\",\"advance_tax_amount\":\"0.00\",\"batch_no\":\"f227014\",\"expiry_date\":\"2025-01-04\",\"advance_tax\":\"0\",\"gst_tax\":\"2.5\",\"net_amount\":\"1306.88\",\"pack_size\":\"1.00\"},{\"ProductID\":\"300\",\"Product\":\"Rotacart 250mg inj\",\"Name\":\"Rotacart 250mg inj\",\"pack_price\":\"140.00\",\"unit_price\":\"140.00\",\"Quantity\":\"15\",\"Total\":\"2100\",\"AvailableQuantity\":\"0\",\"taxAmount\":\"0\",\"taxPercentage\":\"0\",\"gst_tax_amount\":\"52.50\",\"advance_tax_amount\":\"0.00\",\"batch_no\":\"F228012\",\"expiry_date\":\"2025-01-04\",\"advance_tax\":\"0\",\"gst_tax\":\"2.5\",\"net_amount\":\"2152.5\",\"pack_size\":\"1.00\"},{\"ProductID\":\"302\",\"Product\":\"Celtis-1G inj\",\"Name\":\"Celtis-1G inj\",\"pack_price\":\"225.00\",\"unit_price\":\"225.00\",\"Quantity\":\"15\",\"Total\":\"3375\",\"AvailableQuantity\":\"0\",\"taxAmount\":\"0\",\"taxPercentage\":\"0\",\"gst_tax_amount\":\"84.38\",\"advance_tax_amount\":\"0.00\",\"batch_no\":\"393\",\"expiry_date\":\"2025-01-04\",\"advance_tax\":\"0\",\"gst_tax\":\"2.5\",\"net_amount\":\"3459.38\",\"pack_size\":\"1.00\"},{\"ProductID\":\"301\",\"Product\":\"Celtis-500mg inj\",\"Name\":\"Celtis-500mg inj\",\"pack_price\":\"160.00\",\"unit_price\":\"160.00\",\"Quantity\":\"15\",\"Total\":\"2400\",\"AvailableQuantity\":\"0\",\"taxAmount\":\"0\",\"taxPercentage\":\"0\",\"gst_tax_amount\":\"60.00\",\"advance_tax_amount\":\"0.00\",\"batch_no\":\"160\",\"expiry_date\":\"2025-01-04\",\"advance_tax\":\"0\",\"gst_tax\":\"2.5\",\"net_amount\":\"2460\",\"pack_size\":\"1.00\"},{\"ProductID\":\"303\",\"Product\":\"Celtis-250mg inj\",\"Name\":\"Celtis-250mg inj\",\"pack_price\":\"105.00\",\"unit_price\":\"105.00\",\"Quantity\":\"15\",\"Total\":\"1575\",\"AvailableQuantity\":\"0\",\"taxAmount\":\"0\",\"taxPercentage\":\"0\",\"gst_tax_amount\":\"39.38\",\"advance_tax_amount\":\"0.00\",\"batch_no\":\"122\",\"expiry_date\":\"2025-01-04\",\"advance_tax\":\"0\",\"gst_tax\":\"2.5\",\"net_amount\":\"1614.38\",\"pack_size\":\"1.00\"},{\"ProductID\":\"304\",\"Product\":\"Apoclox 250mg inj\",\"Name\":\"Apoclox 250mg inj\",\"pack_price\":\"55.00\",\"unit_price\":\"55.00\",\"Quantity\":\"20\",\"Total\":\"1100\",\"AvailableQuantity\":\"0\",\"taxAmount\":\"0\",\"taxPercentage\":\"0\",\"gst_tax_amount\":\"27.50\",\"advance_tax_amount\":\"0.00\",\"batch_no\":\"ax2000\",\"expiry_date\":\"2025-01-04\",\"advance_tax\":\"0\",\"gst_tax\":\"2.5\",\"net_amount\":\"1127.5\",\"pack_size\":\"1.00\"},{\"ProductID\":\"305\",\"Product\":\"Timezol 40mg inj\",\"Name\":\"Timezol 40mg inj\",\"pack_price\":\"125.00\",\"unit_price\":\"125.00\",\"Quantity\":\"15\",\"Total\":\"1875\",\"AvailableQuantity\":\"0\",\"taxAmount\":\"0\",\"taxPercentage\":\"0\",\"gst_tax_amount\":\"46.88\",\"advance_tax_amount\":\"0.00\",\"batch_no\":\"e281077\",\"expiry_date\":\"2025-01-04\",\"advance_tax\":\"0\",\"gst_tax\":\"2.5\",\"net_amount\":\"1921.88\",\"pack_size\":\"1.00\"},{\"ProductID\":\"306\",\"Product\":\"Novazol 500mg inf\",\"Name\":\"Novazol 500mg inf\",\"pack_price\":\"95.00\",\"unit_price\":\"95.00\",\"Quantity\":\"30\",\"Total\":\"2850\",\"AvailableQuantity\":\"0\",\"taxAmount\":\"0\",\"taxPercentage\":\"0\",\"gst_tax_amount\":\"71.25\",\"advance_tax_amount\":\"0.00\",\"batch_no\":\"001\",\"expiry_date\":\"2025-01-04\",\"advance_tax\":\"0\",\"gst_tax\":\"2.5\",\"net_amount\":\"2921.25\",\"pack_size\":\"1.00\"},{\"ProductID\":\"307\",\"Product\":\"GVN 50mg inj\",\"Name\":\"GVN 50mg inj\",\"pack_price\":\"205.00\",\"unit_price\":\"8.20\",\"Quantity\":\"10\",\"Total\":\"2050\",\"AvailableQuantity\":\"0\",\"taxAmount\":\"0\",\"taxPercentage\":\"0\",\"gst_tax_amount\":\"51.25\",\"advance_tax_amount\":\"0.00\",\"batch_no\":\"e446004\",\"expiry_date\":\"2025-01-04\",\"advance_tax\":\"0\",\"gst_tax\":\"2.5\",\"net_amount\":\"2101.25\",\"pack_size\":\"25.00\"},{\"ProductID\":\"308\",\"Product\":\"DMX 4mg inj\",\"Name\":\"DMX 4mg inj\",\"pack_price\":\"190.00\",\"unit_price\":\"7.60\",\"Quantity\":\"10\",\"Total\":\"1900\",\"AvailableQuantity\":\"0\",\"taxAmount\":\"0\",\"taxPercentage\":\"0\",\"gst_tax_amount\":\"47.50\",\"advance_tax_amount\":\"0.00\",\"batch_no\":\"324\",\"expiry_date\":\"2025-01-04\",\"advance_tax\":\"0\",\"gst_tax\":\"2.5\",\"net_amount\":\"1947.5\",\"pack_size\":\"25.00\"},{\"ProductID\":\"309\",\"Product\":\"Deezon 1g inj\",\"Name\":\"Deezon 1g inj\",\"pack_price\":\"190.00\",\"unit_price\":\"190.00\",\"Quantity\":\"15\",\"Total\":\"2850\",\"AvailableQuantity\":\"0\",\"taxAmount\":\"0\",\"taxPercentage\":\"0\",\"gst_tax_amount\":\"71.25\",\"advance_tax_amount\":\"0.00\",\"batch_no\":\"2432\",\"expiry_date\":\"2025-01-04\",\"advance_tax\":\"0\",\"gst_tax\":\"2.5\",\"net_amount\":\"2921.25\",\"pack_size\":\"1.00\"},{\"ProductID\":\"310\",\"Product\":\"Deezone 2g inj\",\"Name\":\"Deezone 2g inj\",\"pack_price\":\"280.00\",\"unit_price\":\"280.00\",\"Quantity\":\"15\",\"Total\":\"4200\",\"AvailableQuantity\":\"0\",\"taxAmount\":\"0\",\"taxPercentage\":\"0\",\"gst_tax_amount\":\"105.00\",\"advance_tax_amount\":\"0.00\",\"batch_no\":\"243423\",\"expiry_date\":\"2025-01-04\",\"advance_tax\":\"0\",\"gst_tax\":\"2.5\",\"net_amount\":\"4305\",\"pack_size\":\"1.00\"},{\"ProductID\":\"311\",\"Product\":\"ODS 8mg inj\",\"Name\":\"ODS 8mg inj\",\"pack_price\":\"350.00\",\"unit_price\":\"70.00\",\"Quantity\":\"5\",\"Total\":\"1750\",\"AvailableQuantity\":\"0\",\"taxAmount\":\"0\",\"taxPercentage\":\"0\",\"gst_tax_amount\":\"43.75\",\"advance_tax_amount\":\"0.00\",\"batch_no\":\"3424234\",\"expiry_date\":\"2025-01-04\",\"advance_tax\":\"0\",\"gst_tax\":\"2.5\",\"net_amount\":\"1793.75\",\"pack_size\":\"5.00\"},{\"ProductID\":\"312\",\"Product\":\"Novetamol 1g inf\",\"Name\":\"Novetamol 1g inf\",\"pack_price\":\"115.00\",\"unit_price\":\"115.00\",\"Quantity\":\"30\",\"Total\":\"3450\",\"AvailableQuantity\":\"0\",\"taxAmount\":\"0\",\"taxPercentage\":\"0\",\"gst_tax_amount\":\"86.25\",\"advance_tax_amount\":\"0.00\",\"batch_no\":\"3445\",\"expiry_date\":\"2025-01-04\",\"advance_tax\":\"0\",\"gst_tax\":\"2.5\",\"net_amount\":\"3536.25\",\"pack_size\":\"1.00\"},{\"ProductID\":\"313\",\"Product\":\"Novaclop 75mg Tab\",\"Name\":\"Novaclop 75mg Tab\",\"pack_price\":\"250.00\",\"unit_price\":\"8.93\",\"Quantity\":\"10\",\"Total\":\"2500\",\"AvailableQuantity\":\"0\",\"taxAmount\":\"0\",\"taxPercentage\":\"0\",\"gst_tax_amount\":\"62.50\",\"advance_tax_amount\":\"0.00\",\"batch_no\":\"2343\",\"expiry_date\":\"2025-01-04\",\"advance_tax\":\"0\",\"gst_tax\":\"2.5\",\"net_amount\":\"2562.5\",\"pack_size\":\"28.00\"},{\"ProductID\":\"314\",\"Product\":\"Osaar 50mg tab\",\"Name\":\"Osaar 50mg tab\",\"pack_price\":\"220.00\",\"unit_price\":\"11.00\",\"Quantity\":\"5\",\"Total\":\"1100\",\"AvailableQuantity\":\"0\",\"taxAmount\":\"0\",\"taxPercentage\":\"0\",\"gst_tax_amount\":\"27.50\",\"advance_tax_amount\":\"0.00\",\"batch_no\":\"234234\",\"expiry_date\":\"2025-01-04\",\"advance_tax\":\"0\",\"gst_tax\":\"2.5\",\"net_amount\":\"1127.5\",\"pack_size\":\"20.00\"},{\"ProductID\":\"315\",\"Product\":\"Fedcid 40mg Tab\",\"Name\":\"Fedcid 40mg Tab\",\"pack_price\":\"30.00\",\"unit_price\":\"3.00\",\"Quantity\":\"10\",\"Total\":\"300\",\"AvailableQuantity\":\"0\",\"taxAmount\":\"0\",\"taxPercentage\":\"0\",\"gst_tax_amount\":\"7.50\",\"advance_tax_amount\":\"0.00\",\"batch_no\":\"234234\",\"expiry_date\":\"2025-01-04\",\"advance_tax\":\"0\",\"gst_tax\":\"2.5\",\"net_amount\":\"307.5\",\"pack_size\":\"10.00\"},{\"ProductID\":\"316\",\"Product\":\"Tenamic 500mg inj\",\"Name\":\"Tenamic 500mg inj\",\"pack_price\":\"400.00\",\"unit_price\":\"40.00\",\"Quantity\":\"1\",\"Total\":\"400\",\"AvailableQuantity\":\"0\",\"taxAmount\":\"0\",\"taxPercentage\":\"0\",\"gst_tax_amount\":\"10.00\",\"advance_tax_amount\":\"0.00\",\"batch_no\":\"23432\",\"expiry_date\":\"2025-01-04\",\"advance_tax\":\"0\",\"gst_tax\":\"2.5\",\"net_amount\":\"410\",\"pack_size\":\"10.00\"},{\"ProductID\":\"317\",\"Product\":\"Cliver-500mg inj\",\"Name\":\"Cliver-500mg inj\",\"pack_price\":\"110.00\",\"unit_price\":\"110.00\",\"Quantity\":\"15\",\"Total\":\"1650\",\"AvailableQuantity\":\"0\",\"taxAmount\":\"0\",\"taxPercentage\":\"0\",\"gst_tax_amount\":\"41.25\",\"advance_tax_amount\":\"0.00\",\"batch_no\":\"234234\",\"expiry_date\":\"2025-01-04\",\"advance_tax\":\"0\",\"gst_tax\":\"2.5\",\"net_amount\":\"1691.25\",\"pack_size\":\"1.00\"},{\"ProductID\":\"318\",\"Product\":\"Cliver-1g inj\",\"Name\":\"Cliver-1g inj\",\"pack_price\":\"175.00\",\"unit_price\":\"175.00\",\"Quantity\":\"10\",\"Total\":\"1750\",\"AvailableQuantity\":\"0\",\"taxAmount\":\"0\",\"taxPercentage\":\"0\",\"gst_tax_amount\":\"43.75\",\"advance_tax_amount\":\"0.00\",\"batch_no\":\"234\",\"expiry_date\":\"2025-01-04\",\"advance_tax\":\"0\",\"gst_tax\":\"2.5\",\"net_amount\":\"1793.75\",\"pack_size\":\"1.00\",\"UnitePrice\":\"175.00\"},{\"ProductID\":\"319\",\"Product\":\"Zefed 500mg tab\",\"Name\":\"Zefed 500mg tab\",\"pack_price\":\"280.00\",\"unit_price\":\"46.67\",\"Quantity\":\"10\",\"Total\":\"2800\",\"AvailableQuantity\":\"0\",\"taxAmount\":\"0\",\"taxPercentage\":\"0\",\"gst_tax_amount\":\"70.00\",\"advance_tax_amount\":\"0.00\",\"batch_no\":\"23434\",\"expiry_date\":\"2025-01-04\",\"advance_tax\":\"0\",\"gst_tax\":\"2.5\",\"net_amount\":\"2870\",\"pack_size\":\"6.00\"},{\"ProductID\":\"320\",\"Product\":\"Ayanomox 400mg tab\",\"Name\":\"Ayanomox 400mg tab\",\"pack_price\":\"250.00\",\"unit_price\":\"50.00\",\"Quantity\":\"10\",\"Total\":\"2500\",\"AvailableQuantity\":\"0\",\"taxAmount\":\"0\",\"taxPercentage\":\"0\",\"gst_tax_amount\":\"62.50\",\"advance_tax_amount\":\"0.00\",\"batch_no\":\"234234\",\"expiry_date\":\"2025-01-04\",\"advance_tax\":\"0\",\"gst_tax\":\"2.5\",\"net_amount\":\"2562.5\",\"pack_size\":\"5.00\"},{\"ProductID\":\"321\",\"Product\":\"Puricap 100mg Tab\",\"Name\":\"Puricap 100mg Tab\",\"pack_price\":\"220.00\",\"unit_price\":\"7.33\",\"Quantity\":\"5\",\"Total\":\"1100\",\"AvailableQuantity\":\"0\",\"taxAmount\":\"0\",\"taxPercentage\":\"0\",\"gst_tax_amount\":\"27.50\",\"advance_tax_amount\":\"0.00\",\"batch_no\":\"2343\",\"expiry_date\":\"2025-01-04\",\"advance_tax\":\"0\",\"gst_tax\":\"2.5\",\"net_amount\":\"1127.5\",\"pack_size\":\"30.00\"},{\"ProductID\":\"322\",\"Product\":\"Niquil 3mg Tab\",\"Name\":\"Niquil 3mg Tab\",\"pack_price\":\"307.40\",\"unit_price\":\"10.17\",\"Quantity\":\"5\",\"Total\":\"1535.6999999999998\",\"AvailableQuantity\":\"0\",\"taxAmount\":\"0\",\"taxPercentage\":\"0\",\"gst_tax_amount\":\"38.39\",\"advance_tax_amount\":\"0.00\",\"batch_no\":\"324324\",\"expiry_date\":\"2025-01-04\",\"advance_tax\":\"0\",\"gst_tax\":\"2.5\",\"net_amount\":\"1574.09\",\"pack_size\":\"30.00\",\"UnitePrice\":\"307.14\"},{\"ProductID\":\"323\",\"Product\":\"Orcid 500mg Tab\",\"Name\":\"Orcid 500mg Tab\",\"pack_price\":\"475.36\",\"unit_price\":\"47.50\",\"Quantity\":\"10\",\"Total\":\"4754\",\"AvailableQuantity\":\"0\",\"taxAmount\":\"0\",\"taxPercentage\":\"0\",\"gst_tax_amount\":\"118.84\",\"advance_tax_amount\":\"0.00\",\"batch_no\":\"324324\",\"expiry_date\":\"2025-01-04\",\"advance_tax\":\"0\",\"gst_tax\":\"2.5\",\"net_amount\":\"4872.4400000000005\",\"pack_size\":\"10.00\"},{\"ProductID\":\"324\",\"Product\":\"Texklar 500mg tab\",\"Name\":\"Texklar 500mg tab\",\"pack_price\":\"510.00\",\"unit_price\":\"51.00\",\"Quantity\":\"5\",\"Total\":\"2550\",\"AvailableQuantity\":\"0\",\"taxAmount\":\"0\",\"taxPercentage\":\"0\",\"gst_tax_amount\":\"0.00\",\"advance_tax_amount\":\"0.00\",\"batch_no\":\"324324\",\"expiry_date\":\"2025-01-04\",\"advance_tax\":\"0\",\"gst_tax\":\"0\",\"net_amount\":\"2550\",\"pack_size\":\"10.00\"},{\"ProductID\":\"325\",\"Product\":\"Bexus 500mg Tab\",\"Name\":\"Bexus 500mg Tab\",\"pack_price\":\"200.00\",\"unit_price\":\"20.00\",\"Quantity\":\"10\",\"Total\":\"2000\",\"AvailableQuantity\":\"0\",\"taxAmount\":\"0\",\"taxPercentage\":\"0\",\"gst_tax_amount\":\"50.00\",\"advance_tax_amount\":\"0.00\",\"batch_no\":\"2342\",\"expiry_date\":\"2025-01-04\",\"advance_tax\":\"0\",\"gst_tax\":\"2.5\",\"net_amount\":\"2050\",\"pack_size\":\"10.00\"}]', 1),
(2, 218, '8164', 0, '2025-01-04', NULL, 0, 0.00, 18000.00, 0.00, 0.00, 0.00, 2, '2025-01-04', NULL, NULL, '[{\"ProductID\":\"326\",\"Product\":\"10cc zindagi Siring\",\"Name\":\"10cc zindagi Siring\",\"pack_price\":\"900.00\",\"unit_price\":\"9.00\",\"Quantity\":\"5\",\"Total\":\"4500\",\"AvailableQuantity\":\"0\",\"taxAmount\":\"0\",\"taxPercentage\":\"0\",\"gst_tax_amount\":\"0.00\",\"advance_tax_amount\":\"0.00\",\"batch_no\":\"34t\",\"expiry_date\":\"2025-01-04\",\"advance_tax\":\"0\",\"gst_tax\":\"0\",\"net_amount\":\"4500\",\"pack_size\":\"100.00\"},{\"ProductID\":\"334\",\"Product\":\"Zindagi IV set Blister\",\"Name\":\"Zindagi IV set Blister\",\"pack_price\":\"1320.00\",\"unit_price\":\"22.00\",\"Quantity\":\"5\",\"Total\":\"6600\",\"AvailableQuantity\":\"0\",\"taxAmount\":\"0\",\"taxPercentage\":\"0\",\"gst_tax_amount\":\"0.00\",\"advance_tax_amount\":\"0.00\",\"batch_no\":\"34254\",\"expiry_date\":\"2025-01-04\",\"advance_tax\":\"0\",\"gst_tax\":\"0\",\"net_amount\":\"6600\",\"pack_size\":\"60.00\"},{\"ProductID\":\"327\",\"Product\":\"5cc zindagi Siring\",\"Name\":\"5cc zindagi Siring\",\"pack_price\":\"600.00\",\"unit_price\":\"12.00\",\"Quantity\":\"5\",\"Total\":\"3000\",\"AvailableQuantity\":\"0\",\"taxAmount\":\"0\",\"taxPercentage\":\"0\",\"gst_tax_amount\":\"0.00\",\"advance_tax_amount\":\"0.00\",\"batch_no\":\"34254\",\"expiry_date\":\"2025-01-04\",\"advance_tax\":\"0\",\"gst_tax\":\"0\",\"net_amount\":\"3000\",\"pack_size\":\"50.00\"},{\"ProductID\":\"328\",\"Product\":\"20cc zindagi Siring\",\"Name\":\"20cc zindagi Siring\",\"pack_price\":\"2200.00\",\"unit_price\":\"22.00\",\"Quantity\":\"1\",\"Total\":\"2200\",\"AvailableQuantity\":\"0\",\"taxAmount\":\"0\",\"taxPercentage\":\"0\",\"gst_tax_amount\":\"0.00\",\"advance_tax_amount\":\"0.00\",\"batch_no\":\"34254\",\"expiry_date\":\"2025-01-04\",\"advance_tax\":\"0\",\"gst_tax\":\"0\",\"net_amount\":\"2200\",\"pack_size\":\"100.00\"},{\"ProductID\":\"330\",\"Product\":\"1cc Insulin Silver Sirange\",\"Name\":\"1cc Insulin Silver Sirange\",\"pack_price\":\"1700.00\",\"unit_price\":\"17.00\",\"Quantity\":\"1\",\"Total\":\"1700\",\"AvailableQuantity\":\"0\",\"taxAmount\":\"0\",\"taxPercentage\":\"0\",\"gst_tax_amount\":\"0.00\",\"advance_tax_amount\":\"0.00\",\"batch_no\":\"34254\",\"expiry_date\":\"2025-01-04\",\"advance_tax\":\"0\",\"gst_tax\":\"0\",\"net_amount\":\"1700\",\"pack_size\":\"100.00\"}]', 1),
(3, 217, '234', 0, '2025-01-04', NULL, 0, 0.00, 136323.00, 0.00, 0.00, 0.00, 2, '2025-01-04', 2, NULL, '[{\"ProductID\":\"158\",\"Product\":\"Cannula IV introcan 22 g\",\"Name\":\"Cannula IV introcan 22 g\",\"pack_price\":\"4100.00\",\"unit_price\":\"82.00\",\"Quantity\":\"3\",\"Total\":\"12300\",\"AvailableQuantity\":\"0\",\"taxAmount\":\"0\",\"taxPercentage\":\"0\",\"gst_tax_amount\":\"0.00\",\"advance_tax_amount\":\"0.00\",\"batch_no\":\"324\",\"expiry_date\":\"2025-01-04\",\"advance_tax\":\"0\",\"gst_tax\":\"0\",\"net_amount\":\"12300\",\"pack_size\":\"50.00\"},{\"ProductID\":\"270\",\"Product\":\"Pakband guaze\",\"Name\":\"Pakband guaze\",\"pack_price\":\"410.00\",\"unit_price\":\"41.00\",\"Quantity\":\"15\",\"Total\":\"6150\",\"AvailableQuantity\":\"0\",\"taxAmount\":\"0\",\"taxPercentage\":\"0\",\"gst_tax_amount\":\"0.00\",\"advance_tax_amount\":\"0.00\",\"batch_no\":\"324\",\"expiry_date\":\"2025-01-04\",\"advance_tax\":\"0\",\"gst_tax\":\"0\",\"net_amount\":\"6150\",\"pack_size\":\"10.00\"},{\"ProductID\":\"271\",\"Product\":\"Pakbannd Laps Sponges\",\"Name\":\"Pakbannd Laps Sponges\",\"pack_price\":\"690.00\",\"unit_price\":\"69.00\",\"Quantity\":\"10\",\"Total\":\"6900\",\"AvailableQuantity\":\"0\",\"taxAmount\":\"0\",\"taxPercentage\":\"0\",\"gst_tax_amount\":\"0.00\",\"advance_tax_amount\":\"0.00\",\"batch_no\":\"345\",\"expiry_date\":\"2025-01-04\",\"advance_tax\":\"0\",\"gst_tax\":\"0\",\"net_amount\":\"6900\",\"pack_size\":\"10.00\"},{\"ProductID\":\"93\",\"Product\":\"BLADE\",\"Name\":\"BLADE\",\"pack_price\":\"950.00\",\"unit_price\":\"47.50\",\"Quantity\":\"2\",\"Total\":\"1900\",\"AvailableQuantity\":\"0\",\"taxAmount\":\"0\",\"taxPercentage\":\"0\",\"gst_tax_amount\":\"0.00\",\"advance_tax_amount\":\"0.00\",\"batch_no\":\"354\",\"expiry_date\":\"2025-01-04\",\"advance_tax\":\"0\",\"gst_tax\":\"0\",\"net_amount\":\"1900\",\"pack_size\":\"20.00\"},{\"ProductID\":\"15\",\"Product\":\"DRIP SET SMD\",\"Name\":\"DRIP SET SMD\",\"pack_price\":\"2500.00\",\"unit_price\":\"25.00\",\"Quantity\":\"1\",\"Total\":\"2500\",\"AvailableQuantity\":\"0\",\"taxAmount\":\"0\",\"taxPercentage\":\"0\",\"gst_tax_amount\":\"0.00\",\"advance_tax_amount\":\"0.00\",\"batch_no\":\"354\",\"expiry_date\":\"2025-01-04\",\"advance_tax\":\"0\",\"gst_tax\":\"0\",\"net_amount\":\"2500\",\"pack_size\":\"100.00\"},{\"ProductID\":\"3\",\"Product\":\"INJ PROFOL\",\"Name\":\"INJ PROFOL\",\"pack_price\":\"280.00\",\"unit_price\":\"280.00\",\"Quantity\":\"20\",\"Total\":\"5600\",\"AvailableQuantity\":\"0\",\"taxAmount\":\"0\",\"taxPercentage\":\"0\",\"gst_tax_amount\":\"0.00\",\"advance_tax_amount\":\"0.00\",\"batch_no\":\"2334\",\"expiry_date\":\"2025-01-04\",\"advance_tax\":\"0\",\"gst_tax\":\"0\",\"net_amount\":\"5600\",\"pack_size\":\"1.00\"},{\"ProductID\":\"2\",\"Product\":\"Efacurim 50mg\\/mlInj(Atracurium\",\"Name\":\"Efacurim 50mg\\/mlInj(Atracurium\",\"pack_price\":\"1000.00\",\"unit_price\":\"200.00\",\"Quantity\":\"4\",\"Total\":\"4000\",\"AvailableQuantity\":\"0\",\"taxAmount\":\"0\",\"taxPercentage\":\"0\",\"gst_tax_amount\":\"0.00\",\"advance_tax_amount\":\"0.00\",\"batch_no\":\"2324\",\"expiry_date\":\"2025-01-04\",\"advance_tax\":\"0\",\"gst_tax\":\"0\",\"net_amount\":\"4000\",\"pack_size\":\"5.00\"},{\"ProductID\":\"101\",\"Product\":\"BUPIVACAINE sp\",\"Name\":\"BUPIVACAINE sp\",\"pack_price\":\"325.00\",\"unit_price\":\"65.00\",\"Quantity\":\"4\",\"Total\":\"1300\",\"AvailableQuantity\":\"0\",\"taxAmount\":\"0\",\"taxPercentage\":\"0\",\"gst_tax_amount\":\"0.00\",\"advance_tax_amount\":\"0.00\",\"batch_no\":\"2324\",\"expiry_date\":\"2025-01-04\",\"advance_tax\":\"0\",\"gst_tax\":\"0\",\"net_amount\":\"1300\",\"pack_size\":\"5.00\"},{\"ProductID\":\"272\",\"Product\":\"Surgical tape\",\"Name\":\"Surgical tape\",\"pack_price\":\"320.00\",\"unit_price\":\"26.67\",\"Quantity\":\"10\",\"Total\":\"3200\",\"AvailableQuantity\":\"0\",\"taxAmount\":\"0\",\"taxPercentage\":\"0\",\"gst_tax_amount\":\"0.00\",\"advance_tax_amount\":\"0.00\",\"batch_no\":\"2324\",\"expiry_date\":\"2025-01-04\",\"advance_tax\":\"0\",\"gst_tax\":\"0\",\"net_amount\":\"3200\",\"pack_size\":\"12.00\"},{\"ProductID\":\"269\",\"Product\":\"NELTON TUBE 24 FR\",\"Name\":\"NELTON TUBE 24 FR\",\"pack_price\":\"35.00\",\"unit_price\":\"35.00\",\"Quantity\":\"10\",\"Total\":\"350\",\"AvailableQuantity\":\"0\",\"taxAmount\":\"0\",\"taxPercentage\":\"0\",\"gst_tax_amount\":\"0.00\",\"advance_tax_amount\":\"0.00\",\"batch_no\":\"2324\",\"expiry_date\":\"2025-01-04\",\"advance_tax\":\"0\",\"gst_tax\":\"0\",\"net_amount\":\"350\",\"pack_size\":\"1.00\"},{\"ProductID\":\"273\",\"Product\":\"Dignity Sheet\",\"Name\":\"Dignity Sheet\",\"pack_price\":\"410.00\",\"unit_price\":\"41.00\",\"Quantity\":\"10\",\"Total\":\"4100\",\"AvailableQuantity\":\"0\",\"taxAmount\":\"0\",\"taxPercentage\":\"0\",\"gst_tax_amount\":\"0.00\",\"advance_tax_amount\":\"0.00\",\"batch_no\":\"2324\",\"expiry_date\":\"2025-01-04\",\"advance_tax\":\"0\",\"gst_tax\":\"0\",\"net_amount\":\"4100\",\"pack_size\":\"10.00\"},{\"ProductID\":\"263\",\"Product\":\"SUCTION TUBE\",\"Name\":\"SUCTION TUBE\",\"pack_price\":\"160.00\",\"unit_price\":\"160.00\",\"Quantity\":\"15\",\"Total\":\"2400\",\"AvailableQuantity\":\"0\",\"taxAmount\":\"0\",\"taxPercentage\":\"0\",\"gst_tax_amount\":\"0.00\",\"advance_tax_amount\":\"0.00\",\"batch_no\":\"2324\",\"expiry_date\":\"2025-01-04\",\"advance_tax\":\"0\",\"gst_tax\":\"0\",\"net_amount\":\"2400\",\"pack_size\":\"1.00\"},{\"ProductID\":\"274\",\"Product\":\"Oxytocin inj\",\"Name\":\"Oxytocin inj\",\"pack_price\":\"330.00\",\"unit_price\":\"6.60\",\"Quantity\":\"5\",\"Total\":\"1650\",\"AvailableQuantity\":\"0\",\"taxAmount\":\"0\",\"taxPercentage\":\"0\",\"gst_tax_amount\":\"0.00\",\"advance_tax_amount\":\"0.00\",\"batch_no\":\"2324\",\"expiry_date\":\"2025-01-04\",\"advance_tax\":\"0\",\"gst_tax\":\"0\",\"net_amount\":\"1650\",\"pack_size\":\"50.00\",\"UnitePrice\":\"330.00\"},{\"ProductID\":\"265\",\"Product\":\"SILK 1- 0 ks\",\"Name\":\"SILK 1- 0 ks\",\"pack_price\":\"900.00\",\"unit_price\":\"75.00\",\"Quantity\":\"4\",\"Total\":\"3600\",\"AvailableQuantity\":\"0\",\"taxAmount\":\"0\",\"taxPercentage\":\"0\",\"gst_tax_amount\":\"0.00\",\"advance_tax_amount\":\"0.00\",\"batch_no\":\"2324\",\"expiry_date\":\"2025-01-04\",\"advance_tax\":\"0\",\"gst_tax\":\"0\",\"net_amount\":\"3600\",\"pack_size\":\"12.00\"},{\"ProductID\":\"149\",\"Product\":\"Magnisium Sulphate\",\"Name\":\"Magnisium Sulphate\",\"pack_price\":\"30.00\",\"unit_price\":\"30.00\",\"Quantity\":\"20\",\"Total\":\"600\",\"AvailableQuantity\":\"0\",\"taxAmount\":\"0\",\"taxPercentage\":\"0\",\"gst_tax_amount\":\"0.00\",\"advance_tax_amount\":\"0.00\",\"batch_no\":\"2324\",\"expiry_date\":\"2025-01-04\",\"advance_tax\":\"0\",\"gst_tax\":\"0\",\"net_amount\":\"600\",\"pack_size\":\"1.00\"},{\"ProductID\":\"4\",\"Product\":\"INJ ATROPINE\",\"Name\":\"INJ ATROPINE\",\"pack_price\":\"450.00\",\"unit_price\":\"4.50\",\"Quantity\":\"2\",\"Total\":\"900\",\"AvailableQuantity\":\"0\",\"taxAmount\":\"0\",\"taxPercentage\":\"0\",\"gst_tax_amount\":\"0.00\",\"advance_tax_amount\":\"0.00\",\"batch_no\":\"2324\",\"expiry_date\":\"2025-01-04\",\"advance_tax\":\"0\",\"gst_tax\":\"0\",\"net_amount\":\"900\",\"pack_size\":\"100.00\"},{\"ProductID\":\"290\",\"Product\":\"Adrnaline\",\"Name\":\"Adrnaline\",\"pack_price\":\"750.00\",\"unit_price\":\"7.50\",\"Quantity\":\"1\",\"Total\":\"750\",\"AvailableQuantity\":\"0\",\"taxAmount\":\"0\",\"taxPercentage\":\"0\",\"gst_tax_amount\":\"0.00\",\"advance_tax_amount\":\"0.00\",\"batch_no\":\"2324\",\"expiry_date\":\"2025-01-04\",\"advance_tax\":\"0\",\"gst_tax\":\"0\",\"net_amount\":\"750\",\"pack_size\":\"100.00\"},{\"ProductID\":\"116\",\"Product\":\"PROLINE 1\",\"Name\":\"PROLINE 1\",\"pack_price\":\"3500.00\",\"unit_price\":\"291.67\",\"Quantity\":\"3\",\"Total\":\"10500\",\"AvailableQuantity\":\"0\",\"taxAmount\":\"0\",\"taxPercentage\":\"0\",\"gst_tax_amount\":\"0.00\",\"advance_tax_amount\":\"0.00\",\"batch_no\":\"2324\",\"expiry_date\":\"2025-01-04\",\"advance_tax\":\"0\",\"gst_tax\":\"0\",\"net_amount\":\"10500\",\"pack_size\":\"12.00\"},{\"ProductID\":\"5\",\"Product\":\"GLYCOL-P 0.2mg inj\",\"Name\":\"GLYCOL-P 0.2mg inj\",\"pack_price\":\"360.00\",\"unit_price\":\"36.00\",\"Quantity\":\"3\",\"Total\":\"1080\",\"AvailableQuantity\":\"0\",\"taxAmount\":\"0\",\"taxPercentage\":\"0\",\"gst_tax_amount\":\"0.00\",\"advance_tax_amount\":\"0.00\",\"batch_no\":\"2324\",\"expiry_date\":\"2025-01-04\",\"advance_tax\":\"0\",\"gst_tax\":\"0\",\"net_amount\":\"1080\",\"pack_size\":\"10.00\"},{\"ProductID\":\"98\",\"Product\":\"VICRIL 2\\/0\",\"Name\":\"VICRIL 2\\/0\",\"pack_price\":\"3300.00\",\"unit_price\":\"275.00\",\"Quantity\":\"3\",\"Total\":\"9900\",\"AvailableQuantity\":\"0\",\"taxAmount\":\"0\",\"taxPercentage\":\"0\",\"gst_tax_amount\":\"0.00\",\"advance_tax_amount\":\"0.00\",\"batch_no\":\"2324\",\"expiry_date\":\"2025-01-04\",\"advance_tax\":\"0\",\"gst_tax\":\"0\",\"net_amount\":\"9900\",\"pack_size\":\"12.00\"},{\"ProductID\":\"19\",\"Product\":\"PYODINE small\",\"Name\":\"PYODINE small\",\"pack_price\":\"225.00\",\"unit_price\":\"225.00\",\"Quantity\":\"20\",\"Total\":\"4500\",\"AvailableQuantity\":\"0\",\"taxAmount\":\"0\",\"taxPercentage\":\"0\",\"gst_tax_amount\":\"0.00\",\"advance_tax_amount\":\"0.00\",\"batch_no\":\"2324\",\"expiry_date\":\"2025-01-04\",\"advance_tax\":\"0\",\"gst_tax\":\"0\",\"net_amount\":\"4500\",\"pack_size\":\"1.00\"},{\"ProductID\":\"276\",\"Product\":\"spinal Needle 25G\",\"Name\":\"spinal Needle 25G\",\"pack_price\":\"160.00\",\"unit_price\":\"160.00\",\"Quantity\":\"30\",\"Total\":\"4800\",\"AvailableQuantity\":\"0\",\"taxAmount\":\"0\",\"taxPercentage\":\"0\",\"gst_tax_amount\":\"0.00\",\"advance_tax_amount\":\"0.00\",\"batch_no\":\"2324\",\"expiry_date\":\"2025-01-04\",\"advance_tax\":\"0\",\"gst_tax\":\"0\",\"net_amount\":\"4800\",\"pack_size\":\"1.00\"},{\"ProductID\":\"331\",\"Product\":\"5cc clinic Syring\",\"Name\":\"5cc clinic Syring\",\"pack_price\":\"570.00\",\"unit_price\":\"5.70\",\"Quantity\":\"8\",\"Total\":\"4560\",\"AvailableQuantity\":\"0\",\"taxAmount\":\"0\",\"taxPercentage\":\"0\",\"gst_tax_amount\":\"0.00\",\"advance_tax_amount\":\"0.00\",\"batch_no\":\"2324\",\"expiry_date\":\"2025-01-04\",\"advance_tax\":\"0\",\"gst_tax\":\"0\",\"net_amount\":\"4560\",\"pack_size\":\"100.00\"},{\"ProductID\":\"277\",\"Product\":\"Syring 1cc Bm\",\"Name\":\"Syring 1cc Bm\",\"pack_price\":\"850.00\",\"unit_price\":\"8.50\",\"Quantity\":\"1\",\"Total\":\"850\",\"AvailableQuantity\":\"0\",\"taxAmount\":\"0\",\"taxPercentage\":\"0\",\"gst_tax_amount\":\"0.00\",\"advance_tax_amount\":\"0.00\",\"batch_no\":\"2324\",\"expiry_date\":\"2025-01-04\",\"advance_tax\":\"0\",\"gst_tax\":\"0\",\"net_amount\":\"850\",\"pack_size\":\"100.00\"},{\"ProductID\":\"278\",\"Product\":\"syring 60cc Star\",\"Name\":\"syring 60cc Star\",\"pack_price\":\"68.00\",\"unit_price\":\"68.00\",\"Quantity\":\"25\",\"Total\":\"1700\",\"AvailableQuantity\":\"0\",\"taxAmount\":\"0\",\"taxPercentage\":\"0\",\"gst_tax_amount\":\"0.00\",\"advance_tax_amount\":\"0.00\",\"batch_no\":\"2324\",\"expiry_date\":\"2025-01-04\",\"advance_tax\":\"0\",\"gst_tax\":\"0\",\"net_amount\":\"1700\",\"pack_size\":\"1.00\"},{\"ProductID\":\"279\",\"Product\":\"Hush Pads\",\"Name\":\"Hush Pads\",\"pack_price\":\"245.00\",\"unit_price\":\"16.33\",\"Quantity\":\"15\",\"Total\":\"3675\",\"AvailableQuantity\":\"0\",\"taxAmount\":\"0\",\"taxPercentage\":\"0\",\"gst_tax_amount\":\"0.00\",\"advance_tax_amount\":\"0.00\",\"batch_no\":\"2324\",\"expiry_date\":\"2025-01-04\",\"advance_tax\":\"0\",\"gst_tax\":\"0\",\"net_amount\":\"3675\",\"pack_size\":\"15.00\"},{\"ProductID\":\"91\",\"Product\":\"INJ KITAMINE\",\"Name\":\"INJ KITAMINE\",\"pack_price\":\"2000.00\",\"unit_price\":\"2000.00\",\"Quantity\":\"4\",\"Total\":\"8000\",\"AvailableQuantity\":\"0\",\"taxAmount\":\"0\",\"taxPercentage\":\"0\",\"gst_tax_amount\":\"0.00\",\"advance_tax_amount\":\"0.00\",\"batch_no\":\"2324\",\"expiry_date\":\"2025-01-04\",\"advance_tax\":\"0\",\"gst_tax\":\"0\",\"net_amount\":\"8000\",\"pack_size\":\"1.00\"},{\"ProductID\":\"238\",\"Product\":\"Bupican 10ml\",\"Name\":\"Bupican 10ml\",\"pack_price\":\"320.00\",\"unit_price\":\"32.00\",\"Quantity\":\"2\",\"Total\":\"640\",\"AvailableQuantity\":\"0\",\"taxAmount\":\"0\",\"taxPercentage\":\"0\",\"gst_tax_amount\":\"0.00\",\"advance_tax_amount\":\"0.00\",\"batch_no\":\"2324\",\"expiry_date\":\"2025-01-04\",\"advance_tax\":\"0\",\"gst_tax\":\"0\",\"net_amount\":\"640\",\"pack_size\":\"10.00\"},{\"ProductID\":\"236\",\"Product\":\"Mepore 9x20\",\"Name\":\"Mepore 9x20\",\"pack_price\":\"55.00\",\"unit_price\":\"55.00\",\"Quantity\":\"30\",\"Total\":\"1650\",\"AvailableQuantity\":\"0\",\"taxAmount\":\"0\",\"taxPercentage\":\"0\",\"gst_tax_amount\":\"0.00\",\"advance_tax_amount\":\"0.00\",\"batch_no\":\"2324\",\"expiry_date\":\"2025-01-04\",\"advance_tax\":\"0\",\"gst_tax\":\"0\",\"net_amount\":\"1650\",\"pack_size\":\"1.00\"},{\"ProductID\":\"281\",\"Product\":\"Mepore 9x25\",\"Name\":\"Mepore 9x25\",\"pack_price\":\"65.00\",\"unit_price\":\"65.00\",\"Quantity\":\"30\",\"Total\":\"1950\",\"AvailableQuantity\":\"0\",\"taxAmount\":\"0\",\"taxPercentage\":\"0\",\"gst_tax_amount\":\"0.00\",\"advance_tax_amount\":\"0.00\",\"batch_no\":\"2324\",\"expiry_date\":\"2025-01-04\",\"advance_tax\":\"0\",\"gst_tax\":\"0\",\"net_amount\":\"1950\",\"pack_size\":\"1.00\"},{\"ProductID\":\"259\",\"Product\":\"URINE Bag Star\",\"Name\":\"URINE Bag Star\",\"pack_price\":\"50.00\",\"unit_price\":\"5.00\",\"Quantity\":\"30\",\"Total\":\"1500\",\"AvailableQuantity\":\"0\",\"taxAmount\":\"0\",\"taxPercentage\":\"0\",\"gst_tax_amount\":\"0.00\",\"advance_tax_amount\":\"0.00\",\"batch_no\":\"2324\",\"expiry_date\":\"2025-01-04\",\"advance_tax\":\"0\",\"gst_tax\":\"0\",\"net_amount\":\"1500\",\"pack_size\":\"10.00\"},{\"ProductID\":\"282\",\"Product\":\"Neublizer Mask L\",\"Name\":\"Neublizer Mask L\",\"pack_price\":\"135.00\",\"unit_price\":\"135.00\",\"Quantity\":\"20\",\"Total\":\"2700\",\"AvailableQuantity\":\"0\",\"taxAmount\":\"0\",\"taxPercentage\":\"0\",\"gst_tax_amount\":\"0.00\",\"advance_tax_amount\":\"0.00\",\"batch_no\":\"2324\",\"expiry_date\":\"2025-01-04\",\"advance_tax\":\"0\",\"gst_tax\":\"0\",\"net_amount\":\"2700\",\"pack_size\":\"1.00\"},{\"ProductID\":\"284\",\"Product\":\"NG 16fr\",\"Name\":\"NG 16fr\",\"pack_price\":\"35.00\",\"unit_price\":\"35.00\",\"Quantity\":\"10\",\"Total\":\"350\",\"AvailableQuantity\":\"0\",\"taxAmount\":\"0\",\"taxPercentage\":\"0\",\"gst_tax_amount\":\"0.00\",\"advance_tax_amount\":\"0.00\",\"batch_no\":\"2324\",\"expiry_date\":\"2025-01-04\",\"advance_tax\":\"0\",\"gst_tax\":\"0\",\"net_amount\":\"350\",\"pack_size\":\"1.00\"},{\"ProductID\":\"286\",\"Product\":\"Oxygen Mask Child\",\"Name\":\"Oxygen Mask Child\",\"pack_price\":\"120.00\",\"unit_price\":\"120.00\",\"Quantity\":\"10\",\"Total\":\"1200\",\"AvailableQuantity\":\"0\",\"taxAmount\":\"0\",\"taxPercentage\":\"0\",\"gst_tax_amount\":\"0.00\",\"advance_tax_amount\":\"0.00\",\"batch_no\":\"2324\",\"expiry_date\":\"2025-01-04\",\"advance_tax\":\"0\",\"gst_tax\":\"0\",\"net_amount\":\"1200\",\"pack_size\":\"1.00\"},{\"ProductID\":\"287\",\"Product\":\"Oxygen Mask large\",\"Name\":\"Oxygen Mask large\",\"pack_price\":\"120.00\",\"unit_price\":\"120.00\",\"Quantity\":\"10\",\"Total\":\"1200\",\"AvailableQuantity\":\"0\",\"taxAmount\":\"0\",\"taxPercentage\":\"0\",\"gst_tax_amount\":\"0.00\",\"advance_tax_amount\":\"0.00\",\"batch_no\":\"2324\",\"expiry_date\":\"2025-01-04\",\"advance_tax\":\"0\",\"gst_tax\":\"0\",\"net_amount\":\"1200\",\"pack_size\":\"1.00\"},{\"ProductID\":\"288\",\"Product\":\"Examintion GLOVES Medium\",\"Name\":\"Examintion GLOVES Medium\",\"pack_price\":\"950.00\",\"unit_price\":\"9.50\",\"Quantity\":\"5\",\"Total\":\"4750\",\"AvailableQuantity\":\"0\",\"taxAmount\":\"0\",\"taxPercentage\":\"0\",\"gst_tax_amount\":\"0.00\",\"advance_tax_amount\":\"0.00\",\"batch_no\":\"2324\",\"expiry_date\":\"2025-01-04\",\"advance_tax\":\"0\",\"gst_tax\":\"0\",\"net_amount\":\"4750\",\"pack_size\":\"100.00\"},{\"ProductID\":\"159\",\"Product\":\"Cannula 24G B Braun\",\"Name\":\"Cannula 24G B Braun\",\"pack_price\":\"197.00\",\"unit_price\":\"197.00\",\"Quantity\":\"20\",\"Total\":\"3940\",\"AvailableQuantity\":\"0\",\"taxAmount\":\"0\",\"taxPercentage\":\"0\",\"gst_tax_amount\":\"0.00\",\"advance_tax_amount\":\"0.00\",\"batch_no\":\"2324\",\"expiry_date\":\"2025-01-04\",\"advance_tax\":\"0\",\"gst_tax\":\"0\",\"net_amount\":\"3940\",\"pack_size\":\"1.00\"},{\"ProductID\":\"257\",\"Product\":\"XYLOCAN GEL\",\"Name\":\"XYLOCAN GEL\",\"pack_price\":\"43.00\",\"unit_price\":\"43.00\",\"Quantity\":\"25\",\"Total\":\"1075\",\"AvailableQuantity\":\"0\",\"taxAmount\":\"0\",\"taxPercentage\":\"0\",\"gst_tax_amount\":\"0.00\",\"advance_tax_amount\":\"0.00\",\"batch_no\":\"2324\",\"expiry_date\":\"2025-01-04\",\"advance_tax\":\"0\",\"gst_tax\":\"0\",\"net_amount\":\"1075\",\"pack_size\":\"1.00\"}]', 1),
(4, 219, '123', 0, '2025-01-06', NULL, 0, 0.00, 0.00, 0.00, 0.00, 0.00, 2, '2025-01-06', 2, NULL, '[{\"ProductID\":\"323\",\"Product\":\"Orcid 500mg Tab\",\"Name\":\"Orcid 500mg Tab\",\"pack_price\":\"0\",\"unit_price\":\"47.50\",\"Quantity\":\"10\",\"Total\":\"0\",\"AvailableQuantity\":\"0\",\"taxAmount\":\"0\",\"taxPercentage\":\"0\",\"gst_tax_amount\":\"0.00\",\"advance_tax_amount\":\"0.00\",\"batch_no\":\"435353\",\"expiry_date\":\"2025-01-06\",\"advance_tax\":\"0\",\"gst_tax\":\"0\",\"net_amount\":\"0\",\"pack_size\":\"10.00\"}]', 1),
(5, 220, '247-125', 0, '2025-01-06', NULL, 0, 0.00, 100994.11, 0.00, 0.00, 0.00, 2, '2025-01-06', 2, NULL, '[{\"ProductID\":\"344\",\"Product\":\"Maxolon 10mg Tab\",\"Name\":\"Maxolon 10mg Tab\",\"pack_price\":\"184.73\",\"unit_price\":\"1.85\",\"Quantity\":\"4\",\"Total\":\"739\",\"AvailableQuantity\":\"0\",\"taxAmount\":\"0\",\"taxPercentage\":\"0\",\"gst_tax_amount\":\"0.00\",\"advance_tax_amount\":\"0.00\",\"batch_no\":\"2343\",\"expiry_date\":\"2025-01-06\",\"advance_tax\":\"0\",\"gst_tax\":\"0\",\"net_amount\":\"738.92\",\"pack_size\":\"100.00\"}]', 1),
(6, 217, '1764', 0, '2025-01-06', NULL, 0, 0.00, 14295.00, 0.00, 0.00, 0.00, 2, '2025-01-06', 2, NULL, '[{\"ProductID\":\"405\",\"Product\":\"Suxathon 100mg inj\",\"Name\":\"Suxathon 100mg inj\",\"pack_price\":\"380\",\"unit_price\":\"40.00\",\"Quantity\":\"1\",\"Total\":\"380\",\"AvailableQuantity\":\"0\",\"taxAmount\":\"0\",\"taxPercentage\":\"0\",\"gst_tax_amount\":\"0.00\",\"advance_tax_amount\":\"0.00\",\"batch_no\":\"4554\",\"expiry_date\":\"2025-01-06\",\"advance_tax\":\"0\",\"gst_tax\":\"0\",\"net_amount\":\"380\",\"pack_size\":\"10.00\"}]', 1),
(7, 220, '123454', 0, '2025-01-07', NULL, 0, 0.00, 3509.00, 0.00, 0.00, 0.00, 2, '2025-01-07', 2, NULL, '[{\"ProductID\":\"413\",\"Product\":\"STERIFLUID RLD 500ML\",\"Name\":\"STERIFLUID RLD 500ML\",\"pack_price\":\"70.00\",\"unit_price\":\"70.00\",\"Quantity\":\"6\",\"Total\":\"420\",\"AvailableQuantity\":\"0\",\"taxAmount\":\"0\",\"taxPercentage\":\"0\",\"gst_tax_amount\":\"0.00\",\"advance_tax_amount\":\"0.00\",\"batch_no\":\"752724\",\"expiry_date\":\"2027-01-08\",\"advance_tax\":\"0\",\"gst_tax\":\"0\",\"net_amount\":\"420\",\"pack_size\":\"1.00\"}]', 1),
(8, 220, '4322', 0, '2025-01-07', NULL, 0, 0.00, 1166.26, 0.00, 0.00, 0.00, 2, '2025-01-07', 2, NULL, '[{\"ProductID\":\"421\",\"Product\":\"KLEEN ENEEMA\",\"Name\":\"KLEEN ENEEMA\",\"pack_price\":\"148.75\",\"unit_price\":\"148.75\",\"Quantity\":\"1\",\"Total\":\"149\",\"AvailableQuantity\":\"0\",\"taxAmount\":\"0\",\"taxPercentage\":\"0\",\"gst_tax_amount\":\"0.00\",\"advance_tax_amount\":\"0.00\",\"batch_no\":\"142\",\"expiry_date\":\"2025-01-07\",\"advance_tax\":\"0\",\"gst_tax\":\"0\",\"net_amount\":\"148.75\",\"pack_size\":\"1.00\"}]', 1),
(9, 221, '0112739', 0, '2025-01-07', NULL, 0, 0.00, 35471.50, 0.00, 0.00, 0.00, 2, '2025-01-07', 2, NULL, '[{\"ProductID\":\"28\",\"Product\":\"CALAMOX 1.2Gm Inj\",\"Name\":\"CALAMOX 1.2Gm Inj\",\"pack_price\":\"246.53\",\"unit_price\":\"246.53\",\"Quantity\":\"1\",\"Total\":\"247\",\"AvailableQuantity\":\"0\",\"taxAmount\":\"0\",\"taxPercentage\":\"0\",\"gst_tax_amount\":\"0.00\",\"advance_tax_amount\":\"0.00\",\"batch_no\":\"2434\",\"expiry_date\":\"2025-01-07\",\"advance_tax\":\"0\",\"gst_tax\":\"0\",\"net_amount\":\"246.53\",\"pack_size\":\"1.00\"}]', 1),
(10, 220, '11-direct-from-pharmacy', 0, '2025-01-07', NULL, 0, 0.00, 7087.28, 0.00, 0.00, 0.00, 2, '2025-01-07', 2, NULL, '[{\"ProductID\":\"264\",\"Product\":\"ETT All Sizes\",\"Name\":\"ETT All Sizes\",\"pack_price\":\"122.00\",\"unit_price\":\"122.00\",\"Quantity\":\"3\",\"Total\":\"366\",\"AvailableQuantity\":\"0\",\"taxAmount\":\"0\",\"taxPercentage\":\"0\",\"gst_tax_amount\":\"0.00\",\"advance_tax_amount\":\"0.00\",\"batch_no\":\"43345345\",\"expiry_date\":\"2025-01-07\",\"advance_tax\":\"0\",\"gst_tax\":\"0\",\"net_amount\":\"366\",\"pack_size\":\"1.00\"},{\"ProductID\":\"432\",\"Product\":\"Glandin Vaginal Gel\",\"Name\":\"Glandin Vaginal Gel\",\"pack_price\":\"1189.15\",\"unit_price\":\"1189.15\",\"Quantity\":\"1\",\"Total\":\"1189\",\"AvailableQuantity\":\"0\",\"taxAmount\":\"0\",\"taxPercentage\":\"0\",\"gst_tax_amount\":\"0.00\",\"advance_tax_amount\":\"0.00\",\"batch_no\":\"43345345\",\"expiry_date\":\"2025-01-07\",\"advance_tax\":\"0\",\"gst_tax\":\"0\",\"net_amount\":\"1189.15\",\"pack_size\":\"1.00\"},{\"ProductID\":\"433\",\"Product\":\"Cord Clamp\",\"Name\":\"Cord Clamp\",\"pack_price\":\"18.00\",\"unit_price\":\"18.00\",\"Quantity\":\"10\",\"Total\":\"180\",\"AvailableQuantity\":\"0\",\"taxAmount\":\"0\",\"taxPercentage\":\"0\",\"gst_tax_amount\":\"0.00\",\"advance_tax_amount\":\"0.00\",\"batch_no\":\"43345345\",\"expiry_date\":\"2025-01-07\",\"advance_tax\":\"0\",\"gst_tax\":\"0\",\"net_amount\":\"180\",\"pack_size\":\"1.00\"},{\"ProductID\":\"436\",\"Product\":\"Liquid parraffin\",\"Name\":\"Liquid parraffin\",\"pack_price\":\"380.00\",\"unit_price\":\"38.00\",\"Quantity\":\"3\",\"Total\":\"1140\",\"AvailableQuantity\":\"0\",\"taxAmount\":\"0\",\"taxPercentage\":\"0\",\"gst_tax_amount\":\"0.00\",\"advance_tax_amount\":\"0.00\",\"batch_no\":\"43345345\",\"expiry_date\":\"2025-01-07\",\"advance_tax\":\"0\",\"gst_tax\":\"0\",\"net_amount\":\"1140\",\"pack_size\":\"10.00\"},{\"ProductID\":\"437\",\"Product\":\"breeky Tab\",\"Name\":\"breeky Tab\",\"pack_price\":\"164.44\",\"unit_price\":\"16.44\",\"Quantity\":\"10\",\"Total\":\"1644\",\"AvailableQuantity\":\"0\",\"taxAmount\":\"0\",\"taxPercentage\":\"0\",\"gst_tax_amount\":\"0.00\",\"advance_tax_amount\":\"0.00\",\"batch_no\":\"43345345\",\"expiry_date\":\"2025-01-07\",\"advance_tax\":\"0\",\"gst_tax\":\"0\",\"net_amount\":\"1644.4\",\"pack_size\":\"10.00\"},{\"ProductID\":\"239\",\"Product\":\"Tab S.Tmom\",\"Name\":\"Tab S.Tmom\",\"pack_price\":\"164.44\",\"unit_price\":\"16.44\",\"Quantity\":\"5\",\"Total\":\"822\",\"AvailableQuantity\":\"0\",\"taxAmount\":\"0\",\"taxPercentage\":\"0\",\"gst_tax_amount\":\"0.00\",\"advance_tax_amount\":\"0.00\",\"batch_no\":\"43345345\",\"expiry_date\":\"2025-01-07\",\"advance_tax\":\"0\",\"gst_tax\":\"0\",\"net_amount\":\"822.2\",\"pack_size\":\"10.00\"},{\"ProductID\":\"439\",\"Product\":\"Apecain 2%\",\"Name\":\"Apecain 2%\",\"pack_price\":\"553.00\",\"unit_price\":\"5.53\",\"Quantity\":\"1\",\"Total\":\"553\",\"AvailableQuantity\":\"0\",\"taxAmount\":\"0\",\"taxPercentage\":\"0\",\"gst_tax_amount\":\"0.00\",\"advance_tax_amount\":\"0.00\",\"batch_no\":\"43345345\",\"expiry_date\":\"2025-01-07\",\"advance_tax\":\"0\",\"gst_tax\":\"0\",\"net_amount\":\"553\",\"pack_size\":\"100.00\"},{\"ProductID\":\"434\",\"Product\":\"Orthoplast Gipsona\",\"Name\":\"Orthoplast Gipsona\",\"pack_price\":\"1080.00\",\"unit_price\":\"180.00\",\"Quantity\":\"4\",\"Total\":\"4320\",\"AvailableQuantity\":\"0\",\"taxAmount\":\"0\",\"taxPercentage\":\"0\",\"gst_tax_amount\":\"0.00\",\"advance_tax_amount\":\"0.00\",\"batch_no\":\"43345345\",\"expiry_date\":\"2025-01-07\",\"advance_tax\":\"0\",\"gst_tax\":\"0\",\"net_amount\":\"4320\",\"pack_size\":\"6.00\"},{\"ProductID\":\"435\",\"Product\":\"Fine Crepe\",\"Name\":\"Fine Crepe\",\"pack_price\":\"62.00\",\"unit_price\":\"62.00\",\"Quantity\":\"2\",\"Total\":\"124\",\"AvailableQuantity\":\"0\",\"taxAmount\":\"0\",\"taxPercentage\":\"0\",\"gst_tax_amount\":\"0.00\",\"advance_tax_amount\":\"0.00\",\"batch_no\":\"43345345\",\"expiry_date\":\"2025-01-07\",\"advance_tax\":\"0\",\"gst_tax\":\"0\",\"net_amount\":\"124\",\"pack_size\":\"1.00\"}]', 1),
(11, 220, 'DIRECT FROM AMC PHARMACY', 0, '2025-01-07', NULL, 0, 0.00, 180.00, 0.00, 0.00, 0.00, 2, '2025-01-07', 2, NULL, '[{\"ProductID\":\"444\",\"Product\":\"Steri cetamol\",\"Name\":\"Steri cetamol\",\"pack_price\":\"90.00\",\"unit_price\":\"90.00\",\"Quantity\":\"2\",\"Total\":\"180\",\"AvailableQuantity\":\"0\",\"taxAmount\":\"0\",\"taxPercentage\":\"0\",\"gst_tax_amount\":\"0.00\",\"advance_tax_amount\":\"0.00\",\"batch_no\":\"423424\",\"expiry_date\":\"2026-01-07\",\"advance_tax\":\"0\",\"gst_tax\":\"0\",\"net_amount\":\"180\",\"pack_size\":\"1.00\"}]', 1),
(12, 220, 'amc bill', 0, '2025-01-07', NULL, 0, 0.00, 500.00, 0.00, 0.00, 0.00, 12257, '2025-01-07', NULL, NULL, '[{\"ProductID\":\"422\",\"Product\":\"Sterifluid-5 100ML\",\"Name\":\"Sterifluid-5 100ML\",\"pack_price\":\"50.00\",\"unit_price\":\"50.00\",\"Quantity\":\"10\",\"Total\":\"500\",\"AvailableQuantity\":\"0\",\"taxAmount\":\"0\",\"taxPercentage\":\"0\",\"gst_tax_amount\":\"0.00\",\"advance_tax_amount\":\"0.00\",\"batch_no\":\"2343\",\"expiry_date\":\"2025-01-07\",\"advance_tax\":\"0\",\"gst_tax\":\"0\",\"net_amount\":\"500\",\"pack_size\":\"1.00\"}]', 1),
(13, 220, 'direct grn', 0, '2025-01-07', NULL, 0, 0.00, 806.00, 0.00, 0.00, 0.00, 2, '2025-01-07', 2, NULL, '[{\"ProductID\":\"114\",\"Product\":\"INJ XYLOCAINE\",\"Name\":\"INJ XYLOCAINE\",\"pack_price\":\"900.00\",\"unit_price\":\"18.00\",\"Quantity\":\"2\",\"Total\":\"1800\",\"AvailableQuantity\":\"0\",\"taxAmount\":\"0\",\"taxPercentage\":\"0\",\"gst_tax_amount\":\"0.00\",\"advance_tax_amount\":\"0.00\",\"batch_no\":\"765675\",\"expiry_date\":\"2025-01-07\",\"advance_tax\":\"0\",\"gst_tax\":\"0\",\"net_amount\":\"1800\",\"pack_size\":\"50.00\"},{\"ProductID\":\"445\",\"Product\":\"Suction catheter no 10\",\"Name\":\"Suction catheter no 10\",\"pack_price\":\"55.00\",\"unit_price\":\"55.00\",\"Quantity\":\"14\",\"Total\":\"770\",\"AvailableQuantity\":\"0\",\"taxAmount\":\"0\",\"taxPercentage\":\"0\",\"gst_tax_amount\":\"0.00\",\"advance_tax_amount\":\"0.00\",\"batch_no\":\"765675\",\"expiry_date\":\"2025-01-07\",\"advance_tax\":\"0\",\"gst_tax\":\"0\",\"net_amount\":\"770\",\"pack_size\":\"1.00\",\"UnitePrice\":\"55.00\"}]', 1),
(14, 220, 'direct grn', 0, '2025-01-07', NULL, 0, 0.00, 2038.00, 0.00, 0.00, 0.00, 2, '2025-01-07', NULL, NULL, '[{\"ProductID\":\"446\",\"Product\":\"Glandin-E2 TAB\",\"Name\":\"Glandin-E2 TAB\",\"pack_price\":\"1019.15\",\"unit_price\":\"1019.15\",\"Quantity\":\"2\",\"Total\":\"2038\",\"AvailableQuantity\":\"0\",\"taxAmount\":\"0\",\"taxPercentage\":\"0\",\"gst_tax_amount\":\"0.00\",\"advance_tax_amount\":\"0.00\",\"batch_no\":\"24324\",\"expiry_date\":\"2025-01-07\",\"advance_tax\":\"0\",\"gst_tax\":\"0\",\"net_amount\":\"2038.3\",\"pack_size\":\"1.00\"}]', 1),
(15, 217, '1787', 0, '2025-01-08', NULL, 0, 0.00, 53585.00, 0.00, 0.00, 0.00, 2, '2025-01-08', 12257, NULL, '[{\"ProductID\":\"419\",\"Product\":\"STERIFLUID NS 100ML\",\"Name\":\"STERIFLUID NS 100ML\",\"pack_price\":\"50\",\"unit_price\":\"50.00\",\"Quantity\":\"1\",\"Total\":\"50\",\"AvailableQuantity\":\"0\",\"taxAmount\":\"0\",\"taxPercentage\":\"0\",\"gst_tax_amount\":\"0.00\",\"advance_tax_amount\":\"0.00\",\"batch_no\":\"810324\",\"expiry_date\":\"2028-11-28\",\"advance_tax\":\"0\",\"gst_tax\":\"0\",\"net_amount\":\"50\",\"pack_size\":\"1.00\"}]', 1),
(16, 220, '252', 0, '2025-01-09', NULL, 0, 0.00, 2089.69, 0.00, 0.00, 20.69, 12257, '2025-01-09', NULL, NULL, '[{\"ProductID\":\"457\",\"Product\":\"AULATIN OINTMENT\",\"Name\":\"AULATIN OINTMENT\",\"pack_price\":\"382.50\",\"unit_price\":\"382.50\",\"Quantity\":\"5\",\"Total\":\"1913\",\"AvailableQuantity\":\"0\",\"taxAmount\":\"0\",\"taxPercentage\":\"0\",\"gst_tax_amount\":\"0.00\",\"advance_tax_amount\":\"19.13\",\"batch_no\":\"-009\",\"expiry_date\":\"2025-01-11\",\"advance_tax\":\"1\",\"gst_tax\":\"0\",\"net_amount\":\"1931.63\",\"pack_size\":\"1.00\"},{\"ProductID\":\"458\",\"Product\":\"Laxoberon liquid\",\"Name\":\"Laxoberon liquid\",\"pack_price\":\"155.55\",\"unit_price\":\"155.55\",\"Quantity\":\"1\",\"Total\":\"156\",\"AvailableQuantity\":\"0\",\"taxAmount\":\"0\",\"taxPercentage\":\"0\",\"gst_tax_amount\":\"0.00\",\"advance_tax_amount\":\"1.56\",\"batch_no\":\"211\",\"expiry_date\":\"2026-01-11\",\"advance_tax\":\"1\",\"gst_tax\":\"0\",\"net_amount\":\"157.11\",\"pack_size\":\"1.00\"}]', 1),
(17, 220, 'dierct Grn', 0, '2025-01-09', NULL, 0, 0.00, 1360.00, 0.00, 0.00, 0.00, 2, '2025-01-09', 2, NULL, '[{\"ProductID\":\"462\",\"Product\":\"Orthoban\",\"Name\":\"Orthoban\",\"pack_price\":\"170.00\",\"unit_price\":\"170.00\",\"Quantity\":\"1\",\"Total\":\"170\",\"AvailableQuantity\":\"0\",\"taxAmount\":\"0\",\"taxPercentage\":\"0\",\"gst_tax_amount\":\"0.00\",\"advance_tax_amount\":\"0.00\",\"batch_no\":\"1214\",\"expiry_date\":\"2025-01-09\",\"advance_tax\":\"0\",\"gst_tax\":\"0\",\"net_amount\":\"170\",\"pack_size\":\"1.00\"},{\"ProductID\":\"461\",\"Product\":\"Crepe FINE Bandage 6\",\"Name\":\"Crepe FINE Bandage 6\",\"pack_price\":\"75.00\",\"unit_price\":\"75.00\",\"Quantity\":\"2\",\"Total\":\"150\",\"AvailableQuantity\":\"0\",\"taxAmount\":\"0\",\"taxPercentage\":\"0\",\"gst_tax_amount\":\"0.00\",\"advance_tax_amount\":\"0.00\",\"batch_no\":\"1214\",\"expiry_date\":\"2025-01-09\",\"advance_tax\":\"0\",\"gst_tax\":\"0\",\"net_amount\":\"150\",\"pack_size\":\"1.00\"}]', 1),
(18, 222, '62865', 0, '2025-01-09', NULL, 0, 0.00, 22695.25, 0.00, 0.00, 112.91, 12257, '2025-01-09', 12257, NULL, '[{\"ProductID\":\"463\",\"Product\":\"INTOBIX INF\",\"Name\":\"INTOBIX INF\",\"pack_price\":\"116.17\",\"unit_price\":\"116.17\",\"Quantity\":\"20\",\"Total\":\"2323\",\"AvailableQuantity\":\"0\",\"taxAmount\":\"0\",\"taxPercentage\":\"0\",\"gst_tax_amount\":\"0.00\",\"advance_tax_amount\":\"13.24\",\"batch_no\":\"510\",\"expiry_date\":\"2026-09-28\",\"advance_tax\":\"0.57\",\"gst_tax\":\"0\",\"net_amount\":\"2336.64\",\"pack_size\":\"1.00\"}]', 1),
(19, 220, '53543', 0, '2025-01-10', NULL, 0, 0.00, 650.27, 0.00, 0.00, 0.00, 12257, '2025-01-10', 2, NULL, '[{\"ProductID\":\"474\",\"Product\":\"Maltofer-Fol Chew. Tab.\",\"Name\":\"Maltofer-Fol Chew. Tab.\",\"pack_price\":\"467.50\",\"unit_price\":\"15.58\",\"Quantity\":\"8\",\"Total\":\"3740\",\"AvailableQuantity\":\"0\",\"taxAmount\":\"0\",\"taxPercentage\":\"0\",\"gst_tax_amount\":\"0.00\",\"advance_tax_amount\":\"39.64\",\"batch_no\":\"671224\",\"expiry_date\":\"2025-11-01\",\"advance_tax\":\"1.06\",\"gst_tax\":\"0\",\"net_amount\":\"3779.64\",\"pack_size\":\"30.00\"}]', 1);
INSERT INTO `grn_request` (`GRNID`, `SCID`, `InvoiceNo`, `Freight`, `Dated`, `Description`, `Discount`, `per_item_discount`, `TotalPurchase`, `paid_amount`, `total_gst`, `total_advance_tax`, `CreatedBy`, `CreatedAt`, `ModifiedBy`, `ModifiedAt`, `bill_json_form`, `bill_status`) VALUES
(20, 220, '125478', 0, '2025-01-10', NULL, 0, 0.00, 1150.70, 0.00, 0.00, 0.00, 12257, '2025-01-10', 12257, NULL, '[{\"ProductID\":\"479\",\"Product\":\"INSUGET R INJ\",\"Name\":\"INSUGET R INJ\",\"pack_price\":\"765.00\",\"unit_price\":\"765.00\",\"Quantity\":\"1\",\"Total\":\"765\",\"AvailableQuantity\":\"0\",\"taxAmount\":\"0\",\"taxPercentage\":\"0\",\"gst_tax_amount\":\"0.00\",\"advance_tax_amount\":\"0.00\",\"batch_no\":\"1424\",\"expiry_date\":\"2025-11-28\",\"advance_tax\":\"0\",\"gst_tax\":\"0\",\"net_amount\":\"765\",\"pack_size\":\"1.00\"}]', 1),
(21, 220, '1235487', 0, '2025-01-11', NULL, 0, 0.00, 206.40, 0.00, 0.00, 0.00, 12257, '2025-01-11', 12257, NULL, '[{\"ProductID\":\"486\",\"Product\":\"Danzen Ds tab\",\"Name\":\"Danzen Ds tab\",\"pack_price\":\"412.80\",\"unit_price\":\"20.64\",\"Quantity\":\"1\",\"Total\":\"413\",\"AvailableQuantity\":\"0\",\"taxAmount\":\"0\",\"taxPercentage\":\"0\",\"gst_tax_amount\":\"0.00\",\"advance_tax_amount\":\"0.00\",\"batch_no\":\"121\",\"expiry_date\":\"2025-01-11\",\"advance_tax\":\"0\",\"gst_tax\":\"0\",\"net_amount\":\"412.8\",\"pack_size\":\"20.00\"}]', 1),
(22, 220, 'direct grn akram', 0, '2025-01-12', NULL, 0, 0.00, 1477.32, 0.00, 0.00, 0.00, 2, '2025-01-12', NULL, NULL, '[{\"ProductID\":\"487\",\"Product\":\"sterSterilyte-M 500ml\",\"Name\":\"sterSterilyte-M 500ml\",\"pack_price\":\"100.00\",\"unit_price\":\"100.00\",\"Quantity\":\"1\",\"Total\":\"100\",\"AvailableQuantity\":\"0\",\"taxAmount\":\"0\",\"taxPercentage\":\"0\",\"gst_tax_amount\":\"0.00\",\"advance_tax_amount\":\"0.00\",\"batch_no\":\"123\",\"expiry_date\":\"2025-01-12\",\"advance_tax\":\"0\",\"gst_tax\":\"0\",\"net_amount\":\"100\",\"pack_size\":\"1.00\"},{\"ProductID\":\"488\",\"Product\":\"Lerace 500mg Inj.\",\"Name\":\"Lerace 500mg Inj.\",\"pack_price\":\"369.32\",\"unit_price\":\"369.32\",\"Quantity\":\"1\",\"Total\":\"369.32\",\"AvailableQuantity\":\"0\",\"taxAmount\":\"0\",\"taxPercentage\":\"0\",\"gst_tax_amount\":\"0.00\",\"advance_tax_amount\":\"0.00\",\"batch_no\":\"123\",\"expiry_date\":\"2025-01-12\",\"advance_tax\":\"0\",\"gst_tax\":\"0\",\"net_amount\":\"369.32\",\"pack_size\":\"1.00\",\"UnitePrice\":\"369.32\"},{\"ProductID\":\"183\",\"Product\":\"clenil neb\",\"Name\":\"clenil neb\",\"pack_price\":\"946.05\",\"unit_price\":\"94.60\",\"Quantity\":\"1\",\"Total\":\"946\",\"AvailableQuantity\":\"0\",\"taxAmount\":\"0\",\"taxPercentage\":\"0\",\"gst_tax_amount\":\"0.00\",\"advance_tax_amount\":\"0.00\",\"batch_no\":\"123\",\"expiry_date\":\"2025-01-12\",\"advance_tax\":\"0\",\"gst_tax\":\"0\",\"net_amount\":\"946.05\",\"pack_size\":\"10.00\"},{\"ProductID\":\"435\",\"Product\":\"Fine Crepe\",\"Name\":\"Fine Crepe\",\"pack_price\":\"62.00\",\"unit_price\":\"62.00\",\"Quantity\":\"1\",\"Total\":\"62\",\"AvailableQuantity\":\"0\",\"taxAmount\":\"0\",\"taxPercentage\":\"0\",\"gst_tax_amount\":\"0.00\",\"advance_tax_amount\":\"0.00\",\"batch_no\":\"123\",\"expiry_date\":\"2025-01-12\",\"advance_tax\":\"0\",\"gst_tax\":\"0\",\"net_amount\":\"62\",\"pack_size\":\"1.00\"}]', 1),
(23, 222, '62996', 0, '2025-01-13', NULL, 0, 0.00, 16555.16, 0.00, 0.00, 82.36, 2, '2025-01-13', 2, NULL, '[{\"ProductID\":\"489\",\"Product\":\"Q-BACT 1G INJ\",\"Name\":\"Q-BACT 1G INJ\",\"pack_price\":\"446.25\",\"unit_price\":\"446.25\",\"Quantity\":\"10\",\"Total\":\"4463\",\"AvailableQuantity\":\"0\",\"taxAmount\":\"0\",\"taxPercentage\":\"0\",\"gst_tax_amount\":\"0.00\",\"advance_tax_amount\":\"22.31\",\"batch_no\":\"076\",\"expiry_date\":\"2026-10-01\",\"advance_tax\":\"0.5\",\"gst_tax\":\"0\",\"net_amount\":\"4484.81\",\"pack_size\":\"1.00\"},{\"ProductID\":\"490\",\"Product\":\"Q-BACT 2G INJ\",\"Name\":\"Q-BACT 2G INJ\",\"pack_price\":\"633.25\",\"unit_price\":\"633.25\",\"Quantity\":\"10\",\"Total\":\"6333\",\"AvailableQuantity\":\"0\",\"taxAmount\":\"0\",\"taxPercentage\":\"0\",\"gst_tax_amount\":\"0.00\",\"advance_tax_amount\":\"31.66\",\"batch_no\":\"249\",\"expiry_date\":\"2026-09-01\",\"advance_tax\":\"0.5\",\"gst_tax\":\"0\",\"net_amount\":\"6364.16\",\"pack_size\":\"1.00\"},{\"ProductID\":\"491\",\"Product\":\"SULVORID 25MG TAB\",\"Name\":\"SULVORID 25MG TAB\",\"pack_price\":\"283.89\",\"unit_price\":\"14.19\",\"Quantity\":\"20\",\"Total\":\"5678\",\"AvailableQuantity\":\"0\",\"taxAmount\":\"0\",\"taxPercentage\":\"0\",\"gst_tax_amount\":\"0.00\",\"advance_tax_amount\":\"28.39\",\"batch_no\":\"311\",\"expiry_date\":\"2027-09-01\",\"advance_tax\":\"0.5\",\"gst_tax\":\"0\",\"net_amount\":\"5706.1900000000005\",\"pack_size\":\"20.00\"}]', 1),
(24, 220, '5568465', 0, '2025-01-14', NULL, 0, 0.00, 746.03, 0.00, 0.00, 7.39, 12257, '2025-01-14', 12257, NULL, '[{\"ProductID\":\"488\",\"Product\":\"Lerace 500mg Inj.\",\"Name\":\"Lerace 500mg Inj.\",\"pack_price\":\"369.32\",\"unit_price\":\"369.32\",\"Quantity\":\"2\",\"Total\":\"739\",\"AvailableQuantity\":\"0\",\"taxAmount\":\"0\",\"taxPercentage\":\"0\",\"gst_tax_amount\":\"0.00\",\"advance_tax_amount\":\"7.39\",\"batch_no\":\"155454\",\"expiry_date\":\"2025-01-14\",\"advance_tax\":\"1\",\"gst_tax\":\"0\",\"net_amount\":\"746.03\",\"pack_size\":\"1.00\"}]', 1),
(25, 220, '+625954', 0, '2025-01-14', NULL, 0, 0.00, 1034.36, 0.00, 0.00, 3.93, 12257, '2025-01-14', 12257, NULL, '[{\"ProductID\":\"492\",\"Product\":\"atem neubilization\",\"Name\":\"atem neubilization\",\"pack_price\":\"1310.70\",\"unit_price\":\"131.07\",\"Quantity\":\"3\",\"Total\":\"3932\",\"AvailableQuantity\":\"0\",\"taxAmount\":\"0\",\"taxPercentage\":\"0\",\"gst_tax_amount\":\"0.00\",\"advance_tax_amount\":\"39.32\",\"batch_no\":\"252613\",\"expiry_date\":\"2025-01-14\",\"advance_tax\":\"1\",\"gst_tax\":\"0\",\"net_amount\":\"3971.42\",\"pack_size\":\"10.00\"}]', 1),
(26, 220, '3+6362+', 0, '2025-01-14', NULL, 0, 0.00, 2248.45, 0.00, 0.00, 10.00, 12257, '2025-01-14', 12257, NULL, '[{\"ProductID\":\"506\",\"Product\":\"STERILYTE-M 500ML\",\"Name\":\"STERILYTE-M 500ML\",\"pack_price\":\"100.00\",\"unit_price\":\"100.00\",\"Quantity\":\"10\",\"Total\":\"1000\",\"AvailableQuantity\":\"0\",\"taxAmount\":\"0\",\"taxPercentage\":\"0\",\"gst_tax_amount\":\"0.00\",\"advance_tax_amount\":\"10.00\",\"batch_no\":\"41\",\"expiry_date\":\"2027-01-14\",\"advance_tax\":\"1\",\"gst_tax\":\"0\",\"net_amount\":\"1010\",\"pack_size\":\"1.00\"}]', 1),
(27, 224, '133872', 0, '2025-01-14', NULL, 0, 0.00, 25484.88, 0.00, 0.00, 621.58, 12257, '2025-01-14', 12257, NULL, '[{\"ProductID\":\"508\",\"Product\":\"CEFXONE 1G INJ\",\"Name\":\"CEFXONE 1G INJ\",\"pack_price\":\"226.027\",\"unit_price\":\"382.50\",\"Quantity\":\"110\",\"Total\":\"24863\",\"AvailableQuantity\":\"0\",\"taxAmount\":\"0\",\"taxPercentage\":\"0\",\"gst_tax_amount\":\"0.00\",\"advance_tax_amount\":\"621.57\",\"batch_no\":\"250405\",\"expiry_date\":\"2025-01-14\",\"advance_tax\":\"2.5\",\"gst_tax\":\"0\",\"net_amount\":\"25484.54\",\"pack_size\":\"1.00\"}]', 1),
(28, 220, '151563', 0, '2025-01-14', NULL, 0, 0.00, 105600.00, 0.00, 0.00, 0.00, 12257, '2025-01-14', 12257, NULL, '[{\"ProductID\":\"483\",\"Product\":\"PART-A & B DIALYSIS (VITA\",\"Name\":\"PART-A & B DIALYSIS (VITA\",\"pack_price\":\"550\",\"unit_price\":\"460.00\",\"Quantity\":\"48\",\"Total\":\"26400\",\"AvailableQuantity\":\"0\",\"taxAmount\":\"0\",\"taxPercentage\":\"0\",\"gst_tax_amount\":\"0.00\",\"advance_tax_amount\":\"0.00\",\"batch_no\":\"514132\",\"expiry_date\":\"2027-01-10\",\"advance_tax\":\"0\",\"gst_tax\":\"0\",\"net_amount\":\"26400\",\"pack_size\":\"1.00\"}]', 1),
(29, 220, '013214', 0, '2025-01-14', NULL, 0, 0.00, 9.71, 0.00, 0.00, 0.00, 12257, '2025-01-14', 12257, NULL, '[{\"ProductID\":\"509\",\"Product\":\"Lasix Inj.\",\"Name\":\"Lasix Inj.\",\"pack_price\":\"485.29\",\"unit_price\":\"9.71\",\"Quantity\":\"1\",\"Total\":\"485\",\"AvailableQuantity\":\"0\",\"taxAmount\":\"0\",\"taxPercentage\":\"0\",\"gst_tax_amount\":\"0.00\",\"advance_tax_amount\":\"4.85\",\"batch_no\":\"454548\",\"expiry_date\":\"2026-01-14\",\"advance_tax\":\"1\",\"gst_tax\":\"0\",\"net_amount\":\"490.14000000000004\",\"pack_size\":\"50.00\"}]', 1),
(30, 217, '1819', 0, '2025-01-14', NULL, 0, 0.00, 26140.02, 0.00, 0.00, 0.00, 12257, '2025-01-14', 12257, NULL, '[{\"ProductID\":\"499\",\"Product\":\"Orthoplast gypsona 4inch Bandages\",\"Name\":\"Orthoplast gypsona 4inch Bandages\",\"pack_price\":\"150.00\",\"unit_price\":\"150.00\",\"Quantity\":\"24\",\"Total\":\"3600\",\"AvailableQuantity\":\"0\",\"taxAmount\":\"0\",\"taxPercentage\":\"0\",\"gst_tax_amount\":\"0.00\",\"advance_tax_amount\":\"0.00\",\"batch_no\":\"2544\",\"expiry_date\":\"2027-11-25\",\"advance_tax\":\"0\",\"gst_tax\":\"0\",\"net_amount\":\"3600\",\"pack_size\":\"1.00\"}]', 1),
(31, 220, '1244', 0, '2025-01-14', NULL, 0, 0.00, 319.60, 0.00, 0.00, 0.00, 12257, '2025-01-14', 12257, NULL, '[{\"ProductID\":\"510\",\"Product\":\"Diampa-MXR 12.5\\/1000mg tab\",\"Name\":\"Diampa-MXR 12.5\\/1000mg tab\",\"pack_price\":\"319.60\",\"unit_price\":\"22.83\",\"Quantity\":\"1\",\"Total\":\"320\",\"AvailableQuantity\":\"0\",\"taxAmount\":\"0\",\"taxPercentage\":\"0\",\"gst_tax_amount\":\"0.00\",\"advance_tax_amount\":\"0.00\",\"batch_no\":\"0071\",\"expiry_date\":\"2025-01-14\",\"advance_tax\":\"0\",\"gst_tax\":\"0\",\"net_amount\":\"319.6\",\"pack_size\":\"14.00\"}]', 1),
(32, 220, '758675835', 0, '2025-01-15', NULL, 0, 0.00, 1398.85, 0.00, 0.00, 13.85, 12257, '2025-01-15', 12257, NULL, '[{\"ProductID\":\"524\",\"Product\":\"K-KORT 40ML\\/ML\",\"Name\":\"K-KORT 40ML\\/ML\",\"pack_price\":\"140.00\",\"unit_price\":\"140.00\",\"Quantity\":\"4\",\"Total\":\"560\",\"AvailableQuantity\":\"0\",\"taxAmount\":\"0\",\"taxPercentage\":\"0\",\"gst_tax_amount\":\"0.00\",\"advance_tax_amount\":\"5.60\",\"batch_no\":\"905\",\"expiry_date\":\"2027-01-15\",\"advance_tax\":\"1\",\"gst_tax\":\"0\",\"net_amount\":\"565.6\",\"pack_size\":\"1.00\"},{\"ProductID\":\"304\",\"Product\":\"Apoclox 250mg inj\",\"Name\":\"Apoclox 250mg inj\",\"pack_price\":\"55.00\",\"unit_price\":\"55.00\",\"Quantity\":\"15\",\"Total\":\"825\",\"AvailableQuantity\":\"0\",\"taxAmount\":\"0\",\"taxPercentage\":\"0\",\"gst_tax_amount\":\"0.00\",\"advance_tax_amount\":\"8.25\",\"batch_no\":\"240102\",\"expiry_date\":\"2027-01-15\",\"advance_tax\":\"1\",\"gst_tax\":\"0\",\"net_amount\":\"833.25\",\"pack_size\":\"1.00\"}]', 1),
(33, 220, '124325', 0, '2025-01-15', NULL, 0, 0.00, 200.16, 0.00, 0.00, 1.98, 12257, '2025-01-15', 12257, NULL, '[{\"ProductID\":\"526\",\"Product\":\"CALPOL 100ML SYP\",\"Name\":\"CALPOL 100ML SYP\",\"pack_price\":\"90.91\",\"unit_price\":\"90.91\",\"Quantity\":\"1\",\"Total\":\"91\",\"AvailableQuantity\":\"0\",\"taxAmount\":\"0\",\"taxPercentage\":\"0\",\"gst_tax_amount\":\"0.00\",\"advance_tax_amount\":\"0.91\",\"batch_no\":\"14561\",\"expiry_date\":\"2026-01-12\",\"advance_tax\":\"1\",\"gst_tax\":\"0\",\"net_amount\":\"91.82\",\"pack_size\":\"1.00\"},{\"ProductID\":\"495\",\"Product\":\"RIGIX ORAL DROPS\",\"Name\":\"RIGIX ORAL DROPS\",\"pack_price\":\"107.27\",\"unit_price\":\"107.27\",\"Quantity\":\"1\",\"Total\":\"107\",\"AvailableQuantity\":\"0\",\"taxAmount\":\"0\",\"taxPercentage\":\"0\",\"gst_tax_amount\":\"0.00\",\"advance_tax_amount\":\"1.07\",\"batch_no\":\"14561\",\"expiry_date\":\"2026-01-12\",\"advance_tax\":\"1\",\"gst_tax\":\"0\",\"net_amount\":\"108.33999999999999\",\"pack_size\":\"1.00\"}]', 1),
(34, 220, '6932', 0, '2025-01-15', NULL, 0, 0.00, 149.72, 0.00, 0.00, 1.48, 12257, '2025-01-15', 12257, NULL, '[{\"ProductID\":\"527\",\"Product\":\"NUBEROL FORTE TAB\",\"Name\":\"NUBEROL FORTE TAB\",\"pack_price\":\"148.24\",\"unit_price\":\"9.88\",\"Quantity\":\"1\",\"Total\":\"148\",\"AvailableQuantity\":\"0\",\"taxAmount\":\"0\",\"taxPercentage\":\"0\",\"gst_tax_amount\":\"0.00\",\"advance_tax_amount\":\"1.48\",\"batch_no\":\"517\",\"expiry_date\":\"2025-01-15\",\"advance_tax\":\"1\",\"gst_tax\":\"0\",\"net_amount\":\"149.72\",\"pack_size\":\"15.00\"}]', 1),
(35, 220, '122', 0, '2025-01-15', NULL, 0, 0.00, 909.00, 0.00, 0.00, 9.00, 12257, '2025-01-15', 12257, NULL, '[{\"ProductID\":\"418\",\"Product\":\"STERIFLUID NS 1000ML\",\"Name\":\"STERIFLUID NS 1000ML\",\"pack_price\":\"90.00\",\"unit_price\":\"90.00\",\"Quantity\":\"10\",\"Total\":\"900\",\"AvailableQuantity\":\"0\",\"taxAmount\":\"0\",\"taxPercentage\":\"0\",\"gst_tax_amount\":\"0.00\",\"advance_tax_amount\":\"9.00\",\"batch_no\":\"124543212\",\"expiry_date\":\"2029-01-15\",\"advance_tax\":\"1\",\"gst_tax\":\"0\",\"net_amount\":\"909\",\"pack_size\":\"1.00\"}]', 1),
(36, 220, '132321', 0, '2025-01-15', NULL, 0, 0.00, 314.11, 0.00, 0.00, 3.11, 12257, '2025-01-15', NULL, NULL, '[{\"ProductID\":\"458\",\"Product\":\"Laxoberon liquid\",\"Name\":\"Laxoberon liquid\",\"pack_price\":\"155.55\",\"unit_price\":\"155.55\",\"Quantity\":\"2\",\"Total\":\"311\",\"AvailableQuantity\":\"0\",\"taxAmount\":\"0\",\"taxPercentage\":\"0\",\"gst_tax_amount\":\"0.00\",\"advance_tax_amount\":\"3.11\",\"batch_no\":\"2154415\",\"expiry_date\":\"2027-01-15\",\"advance_tax\":\"1\",\"gst_tax\":\"0\",\"net_amount\":\"314.21000000000004\",\"pack_size\":\"1.00\"}]', 1),
(37, 217, '1827', 0, '2025-01-15', NULL, 0, 0.00, 9000.00, 0.00, 0.00, 0.00, 12257, '2025-01-15', 12257, NULL, '[{\"ProductID\":\"529\",\"Product\":\"Mesh 6*11\",\"Name\":\"Mesh 6*11\",\"pack_price\":\"1200.00\",\"unit_price\":\"240.00\",\"Quantity\":\"5\",\"Total\":\"6000\",\"AvailableQuantity\":\"0\",\"taxAmount\":\"0\",\"taxPercentage\":\"0\",\"gst_tax_amount\":\"0.00\",\"advance_tax_amount\":\"0.00\",\"batch_no\":\"11\",\"expiry_date\":\"2025-01-15\",\"advance_tax\":\"0\",\"gst_tax\":\"0\",\"net_amount\":\"6000\",\"pack_size\":\"5.00\"}]', 1),
(38, 220, '32145', 0, '2025-01-15', NULL, 0, 0.00, 90.00, 0.00, 0.00, 0.00, 12257, '2025-01-15', NULL, NULL, '[{\"ProductID\":\"444\",\"Product\":\"Steri cetamol\",\"Name\":\"Steri cetamol\",\"pack_price\":\"90.00\",\"unit_price\":\"90.00\",\"Quantity\":\"1\",\"Total\":\"90\",\"AvailableQuantity\":\"0\",\"taxAmount\":\"0\",\"taxPercentage\":\"0\",\"gst_tax_amount\":\"0.00\",\"advance_tax_amount\":\"0.00\",\"batch_no\":\"1212\",\"expiry_date\":\"2025-01-15\",\"advance_tax\":\"0\",\"gst_tax\":\"0\",\"net_amount\":\"90\",\"pack_size\":\"1.00\"}]', 1),
(39, 220, '1525', 0, '2025-01-16', NULL, 0, 0.00, 263.94, 0.00, 0.00, 0.00, 12257, '2025-01-16', 12257, NULL, '[{\"ProductID\":\"530\",\"Product\":\"thiolox 4mg cap\",\"Name\":\"thiolox 4mg cap\",\"pack_price\":\"527.87\",\"unit_price\":\"26.39\",\"Quantity\":\"0.5\",\"Total\":\"264\",\"AvailableQuantity\":\"0\",\"taxAmount\":\"0\",\"taxPercentage\":\"0\",\"gst_tax_amount\":\"0.00\",\"advance_tax_amount\":\"0.00\",\"batch_no\":\"1452\",\"expiry_date\":\"2026-01-02\",\"advance_tax\":\"0\",\"gst_tax\":\"0\",\"net_amount\":\"263.94\",\"pack_size\":\"20.00\"}]', 1),
(40, 220, '1282', 0, '2025-01-16', NULL, 0, 0.00, 561.15, 0.00, 0.00, 0.00, 12257, '2025-01-16', 12257, NULL, '[{\"ProductID\":\"403\",\"Product\":\"Riam 400mg Tab\",\"Name\":\"Riam 400mg Tab\",\"pack_price\":\"312.00\",\"unit_price\":\"3.12\",\"Quantity\":\"130\",\"Total\":\"40560\",\"AvailableQuantity\":\"0\",\"taxAmount\":\"0\",\"taxPercentage\":\"0\",\"gst_tax_amount\":\"0.00\",\"advance_tax_amount\":\"0.00\",\"batch_no\":\"55825\",\"expiry_date\":\"2025-01-16\",\"advance_tax\":\"0\",\"gst_tax\":\"0\",\"net_amount\":\"40560\",\"pack_size\":\"100.00\"}]', 1),
(41, 220, '5484845', 0, '2025-01-16', NULL, 0, 0.00, 560.20, 0.00, 0.00, 5.55, 12257, '2025-01-16', 12257, NULL, '[{\"ProductID\":\"398\",\"Product\":\"Duphalac Syp\",\"Name\":\"Duphalac Syp\",\"pack_price\":\"243.55\",\"unit_price\":\"243.55\",\"Quantity\":\"1\",\"Total\":\"244\",\"AvailableQuantity\":\"0\",\"taxAmount\":\"0\",\"taxPercentage\":\"0\",\"gst_tax_amount\":\"0.00\",\"advance_tax_amount\":\"2.44\",\"batch_no\":\"1514\",\"expiry_date\":\"2025-01-16\",\"advance_tax\":\"1\",\"gst_tax\":\"0\",\"net_amount\":\"245.99\",\"pack_size\":\"1.00\"},{\"ProductID\":\"458\",\"Product\":\"Laxoberon liquid\",\"Name\":\"Laxoberon liquid\",\"pack_price\":\"155.55\",\"unit_price\":\"155.55\",\"Quantity\":\"2\",\"Total\":\"311\",\"AvailableQuantity\":\"0\",\"taxAmount\":\"0\",\"taxPercentage\":\"0\",\"gst_tax_amount\":\"0.00\",\"advance_tax_amount\":\"3.11\",\"batch_no\":\"1514\",\"expiry_date\":\"2025-01-16\",\"advance_tax\":\"1\",\"gst_tax\":\"0\",\"net_amount\":\"314.21000000000004\",\"pack_size\":\"1.00\"}]', 1),
(42, 218, '34604', 0, '2025-01-16', NULL, 0, 0.00, 21641.35, 0.00, 101.35, 0.00, 12257, '2025-01-16', 12257, NULL, '[{\"ProductID\":\"299\",\"Product\":\"Rotacort 100mg inj\",\"Name\":\"Rotacort 100mg inj\",\"pack_price\":\"85.00\",\"unit_price\":\"85.00\",\"Quantity\":\"30\",\"Total\":\"2550\",\"AvailableQuantity\":\"0\",\"taxAmount\":\"0\",\"taxPercentage\":\"0\",\"gst_tax_amount\":\"0.00\",\"advance_tax_amount\":\"1626.90\",\"batch_no\":\"227014\",\"expiry_date\":\"2027-08-01\",\"advance_tax\":\"63.8\",\"gst_tax\":\"0\",\"net_amount\":\"4176.9\",\"pack_size\":\"1.00\"},{\"ProductID\":\"300\",\"Product\":\"Rotacart 250mg inj\",\"Name\":\"Rotacart 250mg inj\",\"pack_price\":\"140.00\",\"unit_price\":\"140.00\",\"Quantity\":\"30\",\"Total\":\"4200\",\"AvailableQuantity\":\"0\",\"taxAmount\":\"0\",\"taxPercentage\":\"0\",\"gst_tax_amount\":\"0.00\",\"advance_tax_amount\":\"0.00\",\"batch_no\":\"228013\",\"expiry_date\":\"2029-07-10\",\"advance_tax\":\"0\",\"gst_tax\":\"0\",\"net_amount\":\"4200\",\"pack_size\":\"1.00\"}]', 1),
(43, 222, '63219', 0, '2025-01-16', NULL, 0, 0.00, 18960.50, 0.00, 0.00, 0.00, 12257, '2025-01-16', 12257, NULL, '[{\"ProductID\":\"542\",\"Product\":\"LOPROT IV 40MG INJ | PS:1.00\",\"Name\":\"LOPROT IV 40MG INJ | PS:1.00\",\"pack_price\":\"110\",\"Quantity\":\"25\",\"Total\":\"2750\",\"AvailableQuantity\":\"0\",\"taxAmount\":\"0\",\"taxPercentage\":\"0\",\"gst_tax_amount\":\"0.00\",\"advance_tax_amount\":\"27.50\",\"batch_no\":\"093\",\"expiry_date\":\"2026-01-01\",\"advance_tax\":\"1\",\"gst_tax\":\"0\",\"net_amount\":\"2777.5\"}]', 1),
(44, 220, '124578', 0, '2025-01-16', NULL, 0, 0.00, 204.00, 0.00, 0.00, 0.00, 12257, '2025-01-16', 12257, NULL, '[{\"ProductID\":\"475\",\"Product\":\"dicloran 75mg\\/3ml inj\",\"Name\":\"dicloran 75mg\\/3ml inj\",\"pack_price\":\"204.00\",\"unit_price\":\"40.80\",\"Quantity\":\"5\",\"Total\":\"1020\",\"AvailableQuantity\":\"0\",\"taxAmount\":\"0\",\"taxPercentage\":\"0\",\"gst_tax_amount\":\"0.00\",\"advance_tax_amount\":\"0.00\",\"batch_no\":\"121212\",\"expiry_date\":\"2026-01-28\",\"advance_tax\":\"0\",\"gst_tax\":\"0\",\"net_amount\":\"1020\",\"pack_size\":\"5.00\"}]', 1),
(45, 220, '14782', 0, '2025-01-16', NULL, 0, 0.00, 59.00, 0.00, 0.00, 0.00, 12257, '2025-01-16', NULL, NULL, '[{\"ProductID\":\"441\",\"Product\":\"Xynosine Adult\",\"Name\":\"Xynosine Adult\",\"pack_price\":\"59.29\",\"unit_price\":\"59.29\",\"Quantity\":\"1\",\"Total\":\"59\",\"AvailableQuantity\":\"0\",\"taxAmount\":\"0\",\"taxPercentage\":\"0\",\"gst_tax_amount\":\"0.00\",\"advance_tax_amount\":\"0.00\",\"batch_no\":\"101\",\"expiry_date\":\"2026-01-01\",\"advance_tax\":\"0\",\"gst_tax\":\"0\",\"net_amount\":\"59.29\",\"pack_size\":\"1.00\"}]', 1),
(46, 220, '6+', 0, '2025-01-17', NULL, 0, 0.00, 387.13, 0.00, 0.00, 3.83, 12257, '2025-01-17', 12257, NULL, '[{\"ProductID\":\"544\",\"Product\":\"AVIL\",\"Name\":\"AVIL\",\"pack_price\":\"76.66\",\"unit_price\":\"76.66\",\"Quantity\":\"5\",\"Total\":\"383\",\"AvailableQuantity\":\"0\",\"taxAmount\":\"0\",\"taxPercentage\":\"0\",\"gst_tax_amount\":\"0.00\",\"advance_tax_amount\":\"3.83\",\"batch_no\":\"6.365\",\"expiry_date\":\"2025-01-17\",\"advance_tax\":\"1\",\"gst_tax\":\"0\",\"net_amount\":\"387.13\",\"pack_size\":\"1.00\"}]', 1),
(47, 220, '12105', 0, '2025-01-17', NULL, 0, 0.00, 35080.00, 0.00, 0.00, 0.00, 12257, '2025-01-17', 12257, NULL, '[{\"ProductID\":\"545\",\"Product\":\"STERICETAMOL\",\"Name\":\"STERICETAMOL\",\"pack_price\":\"100.00\",\"unit_price\":\"100.00\",\"Quantity\":\"100\",\"Total\":\"10000\",\"AvailableQuantity\":\"0\",\"taxAmount\":\"0\",\"taxPercentage\":\"0\",\"gst_tax_amount\":\"0.00\",\"advance_tax_amount\":\"100.00\",\"batch_no\":\"799254\",\"expiry_date\":\"2025-01-17\",\"advance_tax\":\"1\",\"gst_tax\":\"0\",\"net_amount\":\"10100\",\"pack_size\":\"1.00\"}]', 1),
(48, 220, '4241', 0, '2025-01-17', NULL, 0, 0.00, 3309.00, 0.00, 0.00, 9.00, 12257, '2025-01-17', 12257, NULL, '[{\"ProductID\":\"555\",\"Product\":\"FOLY TUBE 3WAY\",\"Name\":\"FOLY TUBE 3WAY\",\"pack_price\":\"450.00\",\"unit_price\":\"450.00\",\"Quantity\":\"2\",\"Total\":\"900\",\"AvailableQuantity\":\"0\",\"taxAmount\":\"0\",\"taxPercentage\":\"0\",\"gst_tax_amount\":\"0.00\",\"advance_tax_amount\":\"9.00\",\"batch_no\":\"5415\",\"expiry_date\":\"2025-01-17\",\"advance_tax\":\"1\",\"gst_tax\":\"0\",\"net_amount\":\"909\",\"pack_size\":\"1.00\"}]', 1),
(49, 220, '120588', 0, '2025-01-17', NULL, 0, 0.00, 8396.90, 0.00, 0.00, 0.00, 12257, '2025-01-17', 12257, NULL, '[{\"ProductID\":\"550\",\"Product\":\"Benzirn 240ml Mouth wash\",\"Name\":\"Benzirn 240ml Mouth wash\",\"pack_price\":\"192.20\",\"unit_price\":\"192.20\",\"Quantity\":\"10\",\"Total\":\"1922\",\"AvailableQuantity\":\"0\",\"taxAmount\":\"0\",\"taxPercentage\":\"0\",\"gst_tax_amount\":\"0.00\",\"advance_tax_amount\":\"19.22\",\"batch_no\":\"268\",\"expiry_date\":\"2025-01-17\",\"advance_tax\":\"1\",\"gst_tax\":\"0\",\"net_amount\":\"1941.22\",\"pack_size\":\"1.00\"}]', 1),
(50, 220, '1745235', 0, '2025-01-17', NULL, 0, 0.00, 9219.17, 0.00, 0.00, 2.17, 12257, '2025-01-17', 12257, NULL, '[{\"ProductID\":\"549\",\"Product\":\"XYNOSINE (CHILDEN )15ML\",\"Name\":\"XYNOSINE (CHILDEN )15ML\",\"pack_price\":\"43.40\",\"unit_price\":\"43.40\",\"Quantity\":\"5\",\"Total\":\"217\",\"AvailableQuantity\":\"0\",\"taxAmount\":\"0\",\"taxPercentage\":\"0\",\"gst_tax_amount\":\"0.00\",\"advance_tax_amount\":\"2.17\",\"batch_no\":\"51\",\"expiry_date\":\"2029-01-02\",\"advance_tax\":\"1\",\"gst_tax\":\"0\",\"net_amount\":\"219.17\",\"pack_size\":\"1.00\"}]', 1),
(51, 220, '85367536', 0, '2025-01-17', NULL, 0, 0.00, 531.05, 0.00, 0.00, 1.05, 12257, '2025-01-17', 12257, NULL, '[{\"ProductID\":\"559\",\"Product\":\"STERIFLUID %5 1000ML\",\"Name\":\"STERIFLUID %5 1000ML\",\"pack_price\":\"105.00\",\"unit_price\":\"105.00\",\"Quantity\":\"1\",\"Total\":\"105\",\"AvailableQuantity\":\"0\",\"taxAmount\":\"0\",\"taxPercentage\":\"0\",\"gst_tax_amount\":\"0.00\",\"advance_tax_amount\":\"1.05\",\"batch_no\":\"51455\",\"expiry_date\":\"2025-01-17\",\"advance_tax\":\"1\",\"gst_tax\":\"0\",\"net_amount\":\"106.05\",\"pack_size\":\"1.00\"}]', 1),
(52, 220, '458212', 0, '2025-01-18', NULL, 0, 0.00, 0.00, 0.00, 0.00, 0.00, 12257, '2025-01-18', 12257, NULL, '[{\"ProductID\":\"467\",\"Product\":\"SERGIFEX 1G INJ\",\"Name\":\"SERGIFEX 1G INJ\",\"pack_price\":\"0\",\"unit_price\":\"338.30\",\"Quantity\":\"9\",\"Total\":\"0\",\"AvailableQuantity\":\"0\",\"taxAmount\":\"0\",\"taxPercentage\":\"0\",\"gst_tax_amount\":\"0.00\",\"advance_tax_amount\":\"0.00\",\"batch_no\":\"5546\",\"expiry_date\":\"2026-01-02\",\"advance_tax\":\"1\",\"gst_tax\":\"0\",\"net_amount\":\"0\",\"pack_size\":\"1.00\"},{\"ProductID\":\"466\",\"Product\":\"SERGIFEX 500MG INJ\",\"Name\":\"SERGIFEX 500MG INJ\",\"pack_price\":\"0\",\"unit_price\":\"212.50\",\"Quantity\":\"12\",\"Total\":\"0\",\"AvailableQuantity\":\"0\",\"taxAmount\":\"0\",\"taxPercentage\":\"0\",\"gst_tax_amount\":\"0.00\",\"advance_tax_amount\":\"0.00\",\"batch_no\":\"554655\",\"expiry_date\":\"2026-01-02\",\"advance_tax\":\"0\",\"gst_tax\":\"0\",\"net_amount\":\"0\",\"pack_size\":\"1.00\"}]', 1),
(53, 228, '55125', 0, '2025-01-18', NULL, 0, 0.00, 52932.00, 0.00, 0.00, 132.00, 12257, '2025-01-18', 12257, NULL, '[{\"ProductID\":\"483\",\"Product\":\"PART-A & B DIALYSIS (VITA\",\"Name\":\"PART-A & B DIALYSIS (VITA\",\"pack_price\":\"460.00\",\"unit_price\":\"460.00\",\"Quantity\":\"24\",\"Total\":\"11040\",\"AvailableQuantity\":\"0\",\"taxAmount\":\"0\",\"taxPercentage\":\"0\",\"gst_tax_amount\":\"0.00\",\"advance_tax_amount\":\"110.40\",\"batch_no\":\"261566\",\"expiry_date\":\"2026-01-02\",\"advance_tax\":\"1\",\"gst_tax\":\"0\",\"net_amount\":\"11150.4\",\"pack_size\":\"1.00\"}]', 1),
(54, 220, '5365836', 0, '2025-01-18', NULL, 0, 0.00, 0.00, 0.00, 0.00, 0.00, 12257, '2025-01-18', 12257, NULL, '[{\"ProductID\":\"560\",\"Product\":\"STERIFLUID %5 500ML\",\"Name\":\"STERIFLUID %5 500ML\",\"pack_price\":\"0\",\"unit_price\":\"85.00\",\"Quantity\":\"20\",\"Total\":\"0\",\"AvailableQuantity\":\"0\",\"taxAmount\":\"0\",\"taxPercentage\":\"0\",\"gst_tax_amount\":\"0.00\",\"advance_tax_amount\":\"0.00\",\"batch_no\":\"55145\",\"expiry_date\":\"2026-01-02\",\"advance_tax\":\"1\",\"gst_tax\":\"0\",\"net_amount\":\"0\",\"pack_size\":\"1.00\"}]', 1),
(55, 217, '1840', 0, '2025-01-18', NULL, 0, 0.00, 9827.00, 0.00, 0.00, 32.00, 12257, '2025-01-18', 12257, NULL, '[{\"ProductID\":\"3\",\"Product\":\"INJ PROFOL\",\"Name\":\"INJ PROFOL\",\"pack_price\":\"320\",\"unit_price\":\"280.00\",\"Quantity\":\"10\",\"Total\":\"3200\",\"AvailableQuantity\":\"0\",\"taxAmount\":\"0\",\"taxPercentage\":\"0\",\"gst_tax_amount\":\"0.00\",\"advance_tax_amount\":\"32.00\",\"batch_no\":\"16\",\"expiry_date\":\"2025-01-18\",\"advance_tax\":\"1\",\"gst_tax\":\"0\",\"net_amount\":\"3232\",\"pack_size\":\"1.00\"}]', 1),
(56, 220, '32434', 0, '2025-01-18', NULL, 0, 0.00, 0.00, 0.00, 0.00, 0.00, 2, '2025-01-18', 2, NULL, 'nill', 0),
(57, 229, '7327', 0, '2025-01-18', NULL, 0, 0.00, 25899.54, 0.00, 631.70, 0.00, 12257, '2025-01-18', 12257, NULL, 'nill', 1),
(58, 217, '1856', 0, '2025-01-20', NULL, 0, 0.00, 68844.00, 0.00, 0.00, 0.00, 12257, '2025-01-20', 12257, NULL, 'nill', 1),
(59, 220, '315', 0, '2025-01-20', NULL, 0, 0.00, 6348.00, 0.00, 0.00, 0.00, 12257, '2025-01-20', 12257, NULL, 'nill', 1),
(60, 219, '315', 0, '2025-01-20', NULL, 0, 0.00, 634.80, 0.00, 0.00, 0.00, 12257, '2025-01-20', 12257, NULL, 'nill', 1),
(61, 221, '0113600', 0, '2025-01-21', NULL, 0, 739.59, 7395.90, 0.00, 0.00, 0.00, 12257, '2025-01-21', 12257, NULL, 'nill', 1),
(62, 220, '0356.3', 0, '2025-01-21', NULL, 0, 0.00, 0.72, 0.00, 0.00, 0.00, 12257, '2025-01-21', 12257, NULL, 'nill', 1);

-- --------------------------------------------------------

--
-- Table structure for table `grn_request_details`
--

DROP TABLE IF EXISTS `grn_request_details`;
CREATE TABLE IF NOT EXISTS `grn_request_details` (
  `GDID` int NOT NULL AUTO_INCREMENT,
  `ProductID` int DEFAULT NULL,
  `GRNID` int DEFAULT NULL,
  `batch_no` varchar(255) NOT NULL,
  `Quantity` float DEFAULT NULL,
  `Damage` float DEFAULT NULL,
  `UnitPrice` decimal(10,2) DEFAULT NULL,
  `discount` decimal(10,2) NOT NULL DEFAULT '0.00',
  `pack_price` decimal(10,2) DEFAULT NULL,
  `pack_size` decimal(10,2) DEFAULT NULL,
  `taxPercentage` decimal(10,2) DEFAULT NULL,
  `taxAmount` decimal(10,2) NOT NULL DEFAULT '0.00',
  `gst_tax_amount` decimal(10,2) DEFAULT NULL,
  `advance_tax_amount` decimal(10,2) DEFAULT NULL,
  `advance_tax` decimal(10,2) DEFAULT NULL,
  `gst_tax` decimal(10,2) DEFAULT NULL,
  `SoldQuantity` int DEFAULT '0',
  `TotalReturn` int DEFAULT '0',
  `RemainingQuantity` float DEFAULT NULL,
  `ProductStatus` int DEFAULT '1',
  `expiry_date` date DEFAULT NULL,
  PRIMARY KEY (`GDID`),
  KEY `ProductID` (`ProductID`),
  KEY `GRNID` (`GRNID`),
  KEY `ProductStatus` (`ProductStatus`)
) ENGINE=InnoDB AUTO_INCREMENT=425 DEFAULT CHARSET=latin1;

--
-- Dumping data for table `grn_request_details`
--

INSERT INTO `grn_request_details` (`GDID`, `ProductID`, `GRNID`, `batch_no`, `Quantity`, `Damage`, `UnitPrice`, `discount`, `pack_price`, `pack_size`, `taxPercentage`, `taxAmount`, `gst_tax_amount`, `advance_tax_amount`, `advance_tax`, `gst_tax`, `SoldQuantity`, `TotalReturn`, `RemainingQuantity`, `ProductStatus`, `expiry_date`) VALUES
(1, 332, 1, 'T632', 75, 0, 48.00, 0.00, 240.00, 5.00, 0.00, 0.00, 90.00, 0.00, 0.00, 2.50, 0, 0, 75, 1, NULL),
(2, 292, 1, 'T704', 150, 0, 2.50, 0.00, 25.00, 10.00, 0.00, 0.00, 9.38, 0.00, 0.00, 2.50, 0, 0, 150, 1, NULL),
(3, 293, 1, 'T676', 100, 0, 7.90, 0.00, 79.00, 10.00, 0.00, 0.00, 19.75, 0.00, 0.00, 2.50, 0, 0, 100, 1, NULL),
(4, 294, 1, '1096', 150, 0, 12.00, 0.00, 120.00, 10.00, 0.00, 0.00, 45.00, 0.00, 0.00, 2.50, 0, 0, 150, 1, NULL),
(5, 295, 1, '24j26', 300, 0, 4.25, 0.00, 85.00, 20.00, 0.00, 0.00, 31.88, 0.00, 0.00, 2.50, 0, 0, 300, 1, NULL),
(6, 296, 1, 'v0296', 15, 0, 65.00, 0.00, 65.00, 1.00, 0.00, 0.00, 24.38, 0.00, 0.00, 2.50, 0, 0, 15, 1, NULL),
(7, 297, 1, 'v0297', 15, 0, 147.00, 0.00, 147.00, 1.00, 0.00, 0.00, 55.13, 0.00, 0.00, 2.50, 0, 0, 15, 1, NULL),
(8, 298, 1, '045', 15, 0, 98.00, 0.00, 98.00, 1.00, 0.00, 0.00, 36.75, 0.00, 0.00, 2.50, 0, 0, 15, 1, NULL),
(9, 299, 1, 'f227014', 15, 0, 85.00, 0.00, 85.00, 1.00, 0.00, 0.00, 31.88, 0.00, 0.00, 2.50, 0, 0, 15, 1, NULL),
(10, 300, 1, 'F228012', 15, 0, 140.00, 0.00, 140.00, 1.00, 0.00, 0.00, 52.50, 0.00, 0.00, 2.50, 0, 0, 15, 1, NULL),
(11, 302, 1, '393', 15, 0, 225.00, 0.00, 225.00, 1.00, 0.00, 0.00, 84.38, 0.00, 0.00, 2.50, 0, 0, 15, 1, NULL),
(12, 301, 1, '160', 15, 0, 160.00, 0.00, 160.00, 1.00, 0.00, 0.00, 60.00, 0.00, 0.00, 2.50, 0, 0, 15, 1, NULL),
(13, 303, 1, '122', 15, 0, 105.00, 0.00, 105.00, 1.00, 0.00, 0.00, 39.38, 0.00, 0.00, 2.50, 0, 0, 15, 1, NULL),
(14, 304, 1, 'ax2000', 20, 0, 55.00, 0.00, 55.00, 1.00, 0.00, 0.00, 27.50, 0.00, 0.00, 2.50, 0, 0, 20, 1, NULL),
(15, 305, 1, 'e281077', 15, 0, 125.00, 0.00, 125.00, 1.00, 0.00, 0.00, 46.88, 0.00, 0.00, 2.50, 0, 0, 15, 1, NULL),
(16, 306, 1, '001', 30, 0, 95.00, 0.00, 95.00, 1.00, 0.00, 0.00, 71.25, 0.00, 0.00, 2.50, 0, 0, 30, 1, NULL),
(17, 307, 1, 'e446004', 250, 0, 8.20, 0.00, 205.00, 25.00, 0.00, 0.00, 51.25, 0.00, 0.00, 2.50, 0, 0, 250, 1, NULL),
(18, 308, 1, '324', 250, 0, 7.60, 0.00, 190.00, 25.00, 0.00, 0.00, 47.50, 0.00, 0.00, 2.50, 0, 0, 250, 1, NULL),
(19, 309, 1, '2432', 15, 0, 190.00, 0.00, 190.00, 1.00, 0.00, 0.00, 71.25, 0.00, 0.00, 2.50, 0, 0, 15, 1, NULL),
(20, 310, 1, '243423', 15, 0, 280.00, 0.00, 280.00, 1.00, 0.00, 0.00, 105.00, 0.00, 0.00, 2.50, 0, 0, 15, 1, NULL),
(21, 311, 1, '3424234', 25, 0, 70.00, 0.00, 350.00, 5.00, 0.00, 0.00, 43.75, 0.00, 0.00, 2.50, 0, 0, 25, 1, NULL),
(22, 312, 1, '3445', 30, 0, 115.00, 0.00, 115.00, 1.00, 0.00, 0.00, 86.25, 0.00, 0.00, 2.50, 0, 0, 30, 1, NULL),
(23, 313, 1, '2343', 280, 0, 8.93, 0.00, 250.00, 28.00, 0.00, 0.00, 62.50, 0.00, 0.00, 2.50, 0, 0, 280, 1, NULL),
(24, 314, 1, '234234', 100, 0, 11.00, 0.00, 220.00, 20.00, 0.00, 0.00, 27.50, 0.00, 0.00, 2.50, 0, 0, 100, 1, NULL),
(25, 315, 1, '234234', 100, 0, 3.00, 0.00, 30.00, 10.00, 0.00, 0.00, 7.50, 0.00, 0.00, 2.50, 0, 0, 100, 1, NULL),
(26, 316, 1, '23432', 10, 0, 40.00, 0.00, 400.00, 10.00, 0.00, 0.00, 10.00, 0.00, 0.00, 2.50, 0, 0, 10, 1, NULL),
(27, 317, 1, '234234', 15, 0, 110.00, 0.00, 110.00, 1.00, 0.00, 0.00, 41.25, 0.00, 0.00, 2.50, 0, 0, 15, 1, NULL),
(28, 318, 1, '234', 10, 0, 175.00, 0.00, 175.00, 1.00, 0.00, 0.00, 43.75, 0.00, 0.00, 2.50, 0, 0, 10, 1, NULL),
(29, 319, 1, '23434', 60, 0, 46.67, 0.00, 280.00, 6.00, 0.00, 0.00, 70.00, 0.00, 0.00, 2.50, 0, 0, 60, 1, NULL),
(30, 320, 1, '234234', 50, 0, 50.00, 0.00, 250.00, 5.00, 0.00, 0.00, 62.50, 0.00, 0.00, 2.50, 0, 0, 50, 1, NULL),
(31, 321, 1, '2343', 150, 0, 7.33, 0.00, 220.00, 30.00, 0.00, 0.00, 27.50, 0.00, 0.00, 2.50, 0, 0, 150, 1, NULL),
(32, 322, 1, '324324', 150, 0, 10.17, 0.00, 307.40, 30.00, 0.00, 0.00, 38.39, 0.00, 0.00, 2.50, 0, 0, 150, 1, NULL),
(33, 323, 1, '324324', 100, 0, 47.50, 0.00, 475.36, 10.00, 0.00, 0.00, 118.84, 0.00, 0.00, 2.50, 0, 0, 100, 1, NULL),
(34, 324, 1, '324324', 50, 0, 51.00, 0.00, 510.00, 10.00, 0.00, 0.00, 0.00, 0.00, 0.00, 0.00, 0, 0, 50, 1, NULL),
(35, 325, 1, '2342', 100, 0, 20.00, 0.00, 200.00, 10.00, 0.00, 0.00, 50.00, 0.00, 0.00, 2.50, 0, 0, 100, 1, NULL),
(36, 326, 2, '34t', 500, 0, 9.00, 0.00, 900.00, 100.00, 0.00, 0.00, 0.00, 0.00, 0.00, 0.00, 0, 0, 500, 1, NULL),
(37, 334, 2, '34254', 300, 0, 22.00, 0.00, 1320.00, 60.00, 0.00, 0.00, 0.00, 0.00, 0.00, 0.00, 0, 0, 300, 1, NULL),
(38, 327, 2, '34254', 250, 0, 12.00, 0.00, 600.00, 50.00, 0.00, 0.00, 0.00, 0.00, 0.00, 0.00, 0, 0, 250, 1, NULL),
(39, 328, 2, '34254', 100, 0, 22.00, 0.00, 2200.00, 100.00, 0.00, 0.00, 0.00, 0.00, 0.00, 0.00, 0, 0, 100, 1, NULL),
(40, 330, 2, '34254', 100, 0, 17.00, 0.00, 1700.00, 100.00, 0.00, 0.00, 0.00, 0.00, 0.00, 0.00, 0, 0, 100, 1, NULL),
(42, 270, 3, '324', 150, 0, 41.00, 0.00, 410.00, 10.00, 0.00, 0.00, 0.00, 0.00, 0.00, 0.00, 0, 0, 150, 1, NULL),
(43, 271, 3, '345', 100, 0, 69.00, 0.00, 690.00, 10.00, 0.00, 0.00, 0.00, 0.00, 0.00, 0.00, 0, 0, 100, 1, NULL),
(44, 93, 3, '354', 40, 0, 47.50, 0.00, 950.00, 20.00, 0.00, 0.00, 0.00, 0.00, 0.00, 0.00, 0, 0, 40, 1, NULL),
(45, 15, 3, '354', 100, 0, 25.00, 0.00, 2500.00, 100.00, 0.00, 0.00, 0.00, 0.00, 0.00, 0.00, 0, 0, 100, 1, NULL),
(46, 3, 3, '2334', 20, 0, 280.00, 0.00, 280.00, 1.00, 0.00, 0.00, 0.00, 0.00, 0.00, 0.00, 0, 0, 20, 1, NULL),
(47, 2, 3, '2324', 20, 0, 200.00, 0.00, 1000.00, 5.00, 0.00, 0.00, 0.00, 0.00, 0.00, 0.00, 0, 0, 20, 1, NULL),
(48, 101, 3, '2324', 20, 0, 65.00, 0.00, 325.00, 5.00, 0.00, 0.00, 0.00, 0.00, 0.00, 0.00, 0, 0, 20, 1, NULL),
(49, 272, 3, '2324', 120, 0, 26.67, 0.00, 320.00, 12.00, 0.00, 0.00, 0.00, 0.00, 0.00, 0.00, 0, 0, 120, 1, NULL),
(50, 269, 3, '2324', 10, 0, 35.00, 0.00, 35.00, 1.00, 0.00, 0.00, 0.00, 0.00, 0.00, 0.00, 0, 0, 10, 1, NULL),
(51, 273, 3, '2324', 100, 0, 41.00, 0.00, 410.00, 10.00, 0.00, 0.00, 0.00, 0.00, 0.00, 0.00, 0, 0, 100, 1, NULL),
(52, 263, 3, '2324', 15, 0, 160.00, 0.00, 160.00, 1.00, 0.00, 0.00, 0.00, 0.00, 0.00, 0.00, 0, 0, 15, 1, NULL),
(53, 274, 3, '2324', 250, 0, 6.60, 0.00, 330.00, 50.00, 0.00, 0.00, 0.00, 0.00, 0.00, 0.00, 0, 0, 250, 1, NULL),
(55, 149, 3, '2324', 20, 0, 30.00, 0.00, 30.00, 1.00, 0.00, 0.00, 0.00, 0.00, 0.00, 0.00, 0, 0, 20, 1, NULL),
(56, 4, 3, '2324', 200, 0, 4.50, 0.00, 450.00, 100.00, 0.00, 0.00, 0.00, 0.00, 0.00, 0.00, 0, 0, 200, 1, NULL),
(57, 290, 3, '2324', 100, 0, 7.50, 0.00, 750.00, 100.00, 0.00, 0.00, 0.00, 0.00, 0.00, 0.00, 0, 0, 100, 1, NULL),
(59, 5, 3, '2324', 30, 0, 36.00, 0.00, 360.00, 10.00, 0.00, 0.00, 0.00, 0.00, 0.00, 0.00, 0, 0, 30, 1, NULL),
(61, 19, 3, '2324', 20, 0, 225.00, 0.00, 225.00, 1.00, 0.00, 0.00, 0.00, 0.00, 0.00, 0.00, 0, 0, 20, 1, NULL),
(62, 276, 3, '2324', 30, 0, 160.00, 0.00, 160.00, 1.00, 0.00, 0.00, 0.00, 0.00, 0.00, 0.00, 0, 0, 30, 1, NULL),
(63, 331, 3, '2324', 800, 0, 5.70, 0.00, 570.00, 100.00, 0.00, 0.00, 0.00, 0.00, 0.00, 0.00, 0, 0, 800, 1, NULL),
(64, 277, 3, '2324', 100, 0, 8.50, 0.00, 850.00, 100.00, 0.00, 0.00, 0.00, 0.00, 0.00, 0.00, 0, 0, 100, 1, NULL),
(65, 278, 3, '2324', 25, 0, 68.00, 0.00, 68.00, 1.00, 0.00, 0.00, 0.00, 0.00, 0.00, 0.00, 0, 0, 25, 1, NULL),
(66, 279, 3, '2324', 225, 0, 16.33, 0.00, 245.00, 15.00, 0.00, 0.00, 0.00, 0.00, 0.00, 0.00, 0, 0, 225, 1, NULL),
(67, 91, 3, '2324', 4, 0, 2000.00, 0.00, 2000.00, 1.00, 0.00, 0.00, 0.00, 0.00, 0.00, 0.00, 0, 0, 4, 1, NULL),
(68, 238, 3, '2324', 20, 0, 32.00, 0.00, 320.00, 10.00, 0.00, 0.00, 0.00, 0.00, 0.00, 0.00, 0, 0, 20, 1, NULL),
(69, 236, 3, '2324', 30, 0, 55.00, 0.00, 55.00, 1.00, 0.00, 0.00, 0.00, 0.00, 0.00, 0.00, 0, 0, 30, 1, NULL),
(70, 281, 3, '2324', 30, 0, 65.00, 0.00, 65.00, 1.00, 0.00, 0.00, 0.00, 0.00, 0.00, 0.00, 0, 0, 30, 1, NULL),
(71, 259, 3, '2324', 300, 0, 5.00, 0.00, 50.00, 10.00, 0.00, 0.00, 0.00, 0.00, 0.00, 0.00, 0, 0, 300, 1, NULL),
(72, 282, 3, '2324', 20, 0, 135.00, 0.00, 135.00, 1.00, 0.00, 0.00, 0.00, 0.00, 0.00, 0.00, 0, 0, 20, 1, NULL),
(73, 284, 3, '2324', 10, 0, 35.00, 0.00, 35.00, 1.00, 0.00, 0.00, 0.00, 0.00, 0.00, 0.00, 0, 0, 10, 1, NULL),
(74, 286, 3, '2324', 10, 0, 120.00, 0.00, 120.00, 1.00, 0.00, 0.00, 0.00, 0.00, 0.00, 0.00, 0, 0, 10, 1, NULL),
(75, 287, 3, '2324', 10, 0, 120.00, 0.00, 120.00, 1.00, 0.00, 0.00, 0.00, 0.00, 0.00, 0.00, 0, 0, 10, 1, NULL),
(76, 288, 3, '2324', 500, 0, 9.50, 0.00, 950.00, 100.00, 0.00, 0.00, 0.00, 0.00, 0.00, 0.00, 0, 0, 500, 1, NULL),
(77, 159, 3, '2324', 20, 0, 197.00, 0.00, 197.00, 1.00, 0.00, 0.00, 0.00, 0.00, 0.00, 0.00, 0, 0, 20, 1, NULL),
(78, 257, 3, '2324', 25, 0, 43.00, 0.00, 43.00, 1.00, 0.00, 0.00, 0.00, 0.00, 0.00, 0.00, 0, 0, 25, 1, NULL),
(80, 92, 3, '234', 26, NULL, 73.00, 0.00, 73.00, 1.00, NULL, 0.00, 0.00, 0.00, 0.00, 0.00, 0, 0, 26, 1, NULL),
(83, 283, 3, '234324', 13, NULL, 85.00, 0.00, 85.00, 1.00, NULL, 0.00, 0.00, 0.00, 0.00, 0.00, 0, 0, 13, 1, NULL),
(91, 158, 3, '1231323', 50, NULL, 82.00, 0.00, 4100.00, 50.00, NULL, 0.00, 0.00, 0.00, 0.00, 0.00, 0, 0, 50, 1, NULL),
(92, 157, 3, '24323', 50, NULL, 82.00, 0.00, 4100.00, 50.00, NULL, 0.00, 0.00, 0.00, 0.00, 0.00, 0, 0, 50, 1, NULL),
(93, 156, 3, '23423', 50, NULL, 82.00, 0.00, 4100.00, 50.00, NULL, 0.00, 0.00, 0.00, 0.00, 0.00, 0, 0, 50, 1, NULL),
(94, 275, 3, '6565', 12, NULL, 191.67, 0.00, 2300.00, 12.00, NULL, 0.00, 0.00, 0.00, 0.00, 0.00, 0, 0, 12, 1, NULL),
(95, 339, 3, '23432', 12, NULL, 191.67, 0.00, 2300.00, 12.00, NULL, 0.00, 0.00, 0.00, 0.00, 0.00, 0, 0, 12, 1, NULL),
(96, 98, 3, '75675', 12, NULL, 275.00, 0.00, 3300.00, 12.00, NULL, 0.00, 0.00, 0.00, 0.00, 0.00, 0, 0, 12, 1, NULL),
(97, 112, 3, '656756', 24, NULL, 275.00, 0.00, 3300.00, 12.00, NULL, 0.00, 0.00, 0.00, 0.00, 0.00, 0, 0, 24, 1, NULL),
(98, 116, 3, '546546', 12, NULL, 291.67, 0.00, 3500.00, 12.00, NULL, 0.00, 0.00, 0.00, 0.00, 0.00, 0, 0, 12, 1, NULL),
(99, 337, 3, '5645', 12, NULL, 291.67, 0.00, 3500.00, 12.00, NULL, 0.00, 0.00, 0.00, 0.00, 0.00, 0, 0, 12, 1, NULL),
(100, 338, 3, '5765', 12, NULL, 291.67, 0.00, 3500.00, 12.00, NULL, 0.00, 0.00, 0.00, 0.00, 0.00, 0, 0, 12, 1, NULL),
(101, 253, 3, '4654', 12, NULL, 75.00, 0.00, 900.00, 12.00, NULL, 0.00, 0.00, 0.00, 0.00, 0.00, 0, 0, 12, 1, NULL),
(102, 265, 3, '765', 12, NULL, 75.00, 0.00, 900.00, 12.00, NULL, 0.00, 0.00, 0.00, 0.00, 0.00, 0, 0, 12, 1, NULL),
(103, 266, 3, '547576', 12, NULL, 75.00, 0.00, 900.00, 12.00, NULL, 0.00, 0.00, 0.00, 0.00, 0.00, 0, 0, 12, 1, NULL),
(104, 336, 3, '23234', 12, NULL, 75.00, 0.00, 900.00, 12.00, NULL, 0.00, 0.00, 0.00, 0.00, 0.00, 0, 0, 12, 1, NULL),
(105, 323, 4, '435353', 100, 0, 47.50, 0.00, 0.00, 10.00, 0.00, 0.00, 0.00, 0.00, 0.00, 0.00, 0, 0, 100, 1, NULL),
(108, 322, 4, '234', 5, NULL, 10.17, 0.00, 0.00, 30.00, NULL, 0.00, 0.00, 0.00, 0.00, 0.00, 0, 0, 5, 1, NULL),
(109, 344, 5, '2343', 400, 0, 1.85, 0.00, 184.73, 100.00, 0.00, 0.00, 0.00, 0.00, 0.00, 0.00, 0, 0, 400, 1, '2028-06-28'),
(111, 345, 5, '643782', 100, NULL, 28.56, 0.00, 285.60, 10.00, NULL, 0.00, 0.00, 0.00, 0.00, 0.00, 0, 0, 100, 1, '2025-07-28'),
(112, 346, 5, '23', 13, NULL, 81.00, 0.00, 81.00, 1.00, NULL, 0.00, 0.00, 0.00, 0.00, 0.00, 0, 0, 13, 1, '2027-01-28'),
(113, 347, 5, '234', 9, NULL, 64.00, 0.00, 64.00, 1.00, NULL, 0.00, 0.00, 0.00, 0.00, 0.00, 0, 0, 9, 1, '2026-12-28'),
(114, 348, 5, '34', 25, NULL, 382.00, 0.00, 382.00, 1.00, NULL, 0.00, 0.00, 0.00, 0.00, 0.00, 0, 0, 25, 1, '2027-08-28'),
(115, 349, 5, '7898', 12, NULL, 255.00, 0.00, 255.00, 1.00, NULL, 0.00, 0.00, 0.00, 0.00, 0.00, 0, 0, 12, 1, '2027-07-28'),
(116, 350, 5, '456', 28, NULL, 32.93, 0.00, 461.00, 14.00, NULL, 0.00, 0.00, 0.00, 0.00, 0.00, 0, 0, 28, 1, '2027-10-28'),
(117, 351, 5, '6576', 30, NULL, 84.00, 0.00, 420.00, 5.00, NULL, 0.00, 0.00, 0.00, 0.00, 0.00, 0, 0, 30, 1, '2025-06-28'),
(118, 352, 5, '56', 84, NULL, 27.17, 0.00, 326.00, 12.00, NULL, 0.00, 0.00, 0.00, 0.00, 0.00, 0, 0, 84, 1, '2025-10-28'),
(119, 353, 5, '243', 84, NULL, 12.83, 0.00, 154.00, 12.00, NULL, 0.00, 0.00, 0.00, 0.00, 0.00, 0, 0, 84, 1, '2025-11-28'),
(120, 354, 5, '234', 60, NULL, 24.93, 0.00, 748.00, 30.00, NULL, 0.00, 0.00, 0.00, 0.00, 0.00, 0, 0, 60, 1, '2025-08-28'),
(121, 355, 5, '23', 56, NULL, 14.71, 0.00, 206.00, 14.00, NULL, 0.00, 0.00, 0.00, 0.00, 0.00, 0, 0, 56, 1, '2025-10-28'),
(122, 356, 5, '23', 40, NULL, 17.20, 0.00, 344.00, 20.00, NULL, 0.00, 0.00, 0.00, 0.00, 0.00, 0, 0, 40, 1, '2025-07-28'),
(123, 358, 5, '43', 10, NULL, 174.17, 0.00, 174.17, 1.00, NULL, 0.00, 0.00, 0.00, 0.00, 0.00, 0, 0, 10, 1, '2025-05-28'),
(124, 359, 5, '213', 4, NULL, 85.00, 0.00, 85.00, 1.00, NULL, 0.00, 0.00, 0.00, 0.00, 0.00, 0, 0, 4, 1, '2025-12-17'),
(125, 360, 5, '546', 4, NULL, 68.00, 0.00, 68.00, 1.00, NULL, 0.00, 0.00, 0.00, 0.00, 0.00, 0, 0, 4, 1, '2026-11-17'),
(126, 361, 5, '546', 30, NULL, 7.00, 0.00, 70.00, 10.00, NULL, 0.00, 0.00, 0.00, 0.00, 0.00, 0, 0, 30, 1, '2025-11-17'),
(127, 363, 5, '234', 50, NULL, 39.40, 0.00, 394.00, 10.00, NULL, 0.00, 0.00, 0.00, 0.00, 0.00, 0, 0, 50, 1, '2026-12-28'),
(128, 396, 5, '321', 60, NULL, 11.28, 0.00, 112.80, 10.00, NULL, 0.00, 0.00, 0.00, 0.00, 0.00, 0, 0, 60, 1, '2027-07-28'),
(129, 149, 5, '232', 10, NULL, 22.00, 0.00, 22.00, 1.00, NULL, 0.00, 0.00, 0.00, 0.00, 0.00, 0, 0, 10, 1, '2029-12-28'),
(130, 365, 5, '332', 5, NULL, 140.00, 0.00, 700.00, 5.00, NULL, 0.00, 0.00, 0.00, 0.00, 0.00, 0, 0, 5, 1, '2025-08-28'),
(131, 366, 5, '223', 8, NULL, 37.90, 0.00, 37.90, 1.00, NULL, 0.00, 0.00, 0.00, 0.00, 0.00, 0, 0, 8, 1, '2026-09-08'),
(132, 367, 5, '213', 20, NULL, 80.20, 0.00, 401.00, 5.00, NULL, 0.00, 0.00, 0.00, 0.00, 0.00, 0, 0, 20, 1, '2026-09-28'),
(133, 368, 5, '231', 10, NULL, 33.00, 0.00, 165.00, 5.00, NULL, 0.00, 0.00, 0.00, 0.00, 0.00, 0, 0, 10, 1, '2026-08-28'),
(134, 369, 5, '213', 50, NULL, 10.80, 0.00, 108.00, 10.00, NULL, 0.00, 0.00, 0.00, 0.00, 0.00, 0, 0, 50, 1, '2025-12-28'),
(135, 370, 5, '321', 10, NULL, 37.40, 0.00, 374.00, 10.00, NULL, 0.00, 0.00, 0.00, 0.00, 0.00, 0, 0, 10, 1, '2026-12-28'),
(136, 372, 5, '312', 100, NULL, 2.30, 0.00, 230.00, 100.00, NULL, 0.00, 0.00, 0.00, 0.00, 0.00, 0, 0, 100, 1, '2026-08-28'),
(137, 373, 5, '234', 28, NULL, 3.79, 0.00, 53.00, 14.00, NULL, 0.00, 0.00, 0.00, 0.00, 0.00, 0, 0, 28, 1, '2026-11-17'),
(138, 374, 5, '231', 60, NULL, 1.62, 0.00, 97.00, 60.00, NULL, 0.00, 0.00, 0.00, 0.00, 0.00, 0, 0, 60, 1, '2026-07-28'),
(139, 340, 5, '32', 294, NULL, 13.64, 0.00, 191.00, 14.00, NULL, 0.00, 0.00, 0.00, 0.00, 0.00, 0, 0, 294, 1, '2026-04-28'),
(140, 341, 5, '23', 105, NULL, 18.43, 0.00, 258.00, 14.00, NULL, 0.00, 0.00, 0.00, 0.00, 0.00, 0, 0, 105, 1, '2025-12-28'),
(141, 342, 5, '231', 30, NULL, 17.40, 0.00, 174.00, 10.00, NULL, 0.00, 0.00, 0.00, 0.00, 0.00, 0, 0, 30, 1, '2025-11-29'),
(142, 343, 5, '324', 40, NULL, 32.70, 0.00, 327.00, 10.00, NULL, 0.00, 0.00, 0.00, 0.00, 0.00, 0, 0, 40, 1, '2025-10-28'),
(143, 375, 5, '23', 9, NULL, 90.00, 0.00, 90.00, 1.00, NULL, 0.00, 0.00, 0.00, 0.00, 0.00, 0, 0, 9, 1, '2026-01-17'),
(144, 377, 5, '21', 220, NULL, 28.00, 0.00, 280.00, 10.00, NULL, 0.00, 0.00, 0.00, 0.00, 0.00, 0, 0, 220, 1, '2025-09-28'),
(145, 378, 5, '24', 110, NULL, 15.40, 0.00, 308.00, 20.00, NULL, 0.00, 0.00, 0.00, 0.00, 0.00, 0, 0, 110, 1, '2027-09-28'),
(146, 379, 5, '23', 600, NULL, 6.55, 0.00, 655.00, 100.00, NULL, 0.00, 0.00, 0.00, 0.00, 0.00, 0, 0, 600, 1, '2025-10-28'),
(147, 380, 5, '23', 100, NULL, 15.30, 0.00, 306.00, 20.00, NULL, 0.00, 0.00, 0.00, 0.00, 0.00, 0, 0, 100, 1, '2025-08-28'),
(148, 381, 5, '45', 100, NULL, 23.00, 0.00, 460.00, 20.00, NULL, 0.00, 0.00, 0.00, 0.00, 0.00, 0, 0, 100, 1, '2025-09-28'),
(149, 382, 5, '546', 100, NULL, 31.45, 0.00, 629.00, 20.00, NULL, 0.00, 0.00, 0.00, 0.00, 0.00, 0, 0, 100, 1, '2025-09-28'),
(150, 384, 5, '34243', 100, NULL, 24.23, 0.00, 484.50, 20.00, NULL, 0.00, 0.00, 0.00, 0.00, 0.00, 0, 0, 100, 1, '2025-08-28'),
(151, 383, 5, '324', 100, NULL, 23.80, 0.00, 476.00, 20.00, NULL, 0.00, 0.00, 0.00, 0.00, 0.00, 0, 0, 100, 1, '2025-09-28'),
(152, 385, 5, '65', 100, NULL, 23.80, 0.00, 476.00, 20.00, NULL, 0.00, 0.00, 0.00, 0.00, 0.00, 0, 0, 100, 1, '2025-09-28'),
(153, 386, 5, '3425', 280, NULL, 12.85, 0.00, 257.00, 20.00, NULL, 0.00, 0.00, 0.00, 0.00, 0.00, 0, 0, 280, 1, '2025-11-28'),
(154, 387, 5, '4356', 600, NULL, 3.91, 0.00, 234.88, 60.00, NULL, 0.00, 0.00, 0.00, 0.00, 0.00, 0, 0, 600, 1, '2026-09-28'),
(155, 388, 5, '43425', 140, NULL, 13.66, 0.00, 382.50, 28.00, NULL, 0.00, 0.00, 0.00, 0.00, 0.00, 0, 0, 140, 1, '2025-07-28'),
(156, 392, 5, '455', 56, NULL, 15.17, 0.00, 424.62, 28.00, NULL, 0.00, 0.00, 0.00, 0.00, 0.00, 0, 0, 56, 1, '2025-08-28'),
(157, 389, 5, '244', 112, NULL, 16.70, 0.00, 467.50, 28.00, NULL, 0.00, 0.00, 0.00, 0.00, 0.00, 0, 0, 112, 1, '2025-09-28'),
(158, 393, 5, '234', 10, NULL, 18.44, 0.00, 184.40, 10.00, NULL, 0.00, 0.00, 0.00, 0.00, 0.00, 0, 0, 10, 1, '2025-07-28'),
(159, 394, 5, '233', 80, NULL, 21.61, 0.00, 432.13, 20.00, NULL, 0.00, 0.00, 0.00, 0.00, 0.00, 0, 0, 80, 1, '2028-08-28'),
(160, 395, 5, '232', 900, NULL, 9.10, 0.00, 909.50, 100.00, NULL, 0.00, 0.00, 0.00, 0.00, 0.00, 0, 0, 900, 1, '2026-09-28'),
(161, 396, 5, '2313', 30, NULL, 11.28, 0.00, 112.80, 10.00, NULL, 0.00, 0.00, 0.00, 0.00, 0.00, 0, 0, 30, 1, '2027-03-28'),
(162, 397, 5, '3939', 6, NULL, 56.67, 0.00, 340.00, 6.00, NULL, 0.00, 0.00, 0.00, 0.00, 0.00, 0, 0, 6, 1, '2027-09-28'),
(163, 398, 5, '467', 3, NULL, 243.55, 0.00, 243.55, 1.00, NULL, 0.00, 0.00, 0.00, 0.00, 0.00, 0, 0, 3, 1, '2027-06-28'),
(164, 400, 5, '7567', 10, NULL, 137.85, 0.00, 1378.52, 10.00, NULL, 0.00, 0.00, 0.00, 0.00, 0.00, 0, 0, 10, 1, '2027-09-28'),
(165, 401, 5, '67', 3, NULL, 90.00, 0.00, 90.00, 1.00, NULL, 0.00, 0.00, 0.00, 0.00, 0.00, 0, 0, 3, 1, '2029-01-28'),
(166, 402, 5, '657', 2, NULL, 190.00, 0.00, 190.00, 1.00, NULL, 0.00, 0.00, 0.00, 0.00, 0.00, 0, 0, 2, 1, '2027-08-28'),
(167, 403, 5, '678', 50, NULL, 3.12, 0.00, 312.00, 100.00, NULL, 0.00, 0.00, 0.00, 0.00, 0.00, 0, 0, 50, 1, '2027-08-28'),
(168, 404, 5, '435', 5, NULL, 130.00, 0.00, 130.00, 1.00, NULL, 0.00, 0.00, 0.00, 0.00, 0.00, 0, 0, 5, 1, '2028-12-28'),
(169, 405, 5, '4356', 10, NULL, 40.00, 0.00, 400.00, 10.00, NULL, 0.00, 0.00, 0.00, 0.00, 0.00, 0, 0, 10, 1, '2025-12-30'),
(170, 203, 5, '6574', 1, NULL, 59.50, 0.00, 59.50, 1.00, NULL, 0.00, 0.00, 0.00, 0.00, 0.00, 0, 0, 1, 1, '2028-02-28'),
(171, 405, 6, '4554', 20, 0, 38.00, 0.00, 380.00, 10.00, 0.00, 0.00, 0.00, 0.00, 0.00, 0.00, 0, 0, 20, 1, NULL),
(172, 408, 6, '--', 20, NULL, 62.00, 0.00, 620.00, 10.00, NULL, 0.00, 0.00, 0.00, 0.00, 0.00, 0, 0, 20, 1, NULL),
(173, 376, 5, '43242', 4, NULL, 118.00, 0.00, 118.00, 1.00, NULL, 0.00, 0.00, 0.00, 0.00, 0.00, 0, 0, 4, 1, '2026-10-17'),
(174, 362, 5, '54321', 70, NULL, 19.20, 0.00, 192.00, 10.00, NULL, 0.00, 0.00, 0.00, 0.00, 0.00, 0, 0, 70, 1, '2025-08-28'),
(175, 165, 5, '4321', 5, NULL, 44.00, 0.00, 220.00, 5.00, NULL, 0.00, 0.00, 0.00, 0.00, 0.00, 0, 0, 5, 1, '2026-04-28'),
(176, 71, 5, '4650', 20, NULL, 24.51, 0.00, 612.85, 25.00, NULL, 0.00, 0.00, 0.00, 0.00, 0.00, 0, 0, 20, 1, '2026-05-28'),
(177, 409, 6, '4325', 20, NULL, 35.00, 0.00, 350.00, 10.00, NULL, 0.00, 0.00, 0.00, 0.00, 0.00, 0, 0, 20, 1, NULL),
(178, 401, 6, '432', 40, NULL, 85.00, 0.00, 85.00, 1.00, NULL, 0.00, 0.00, 0.00, 0.00, 0.00, 0, 0, 40, 1, NULL),
(179, 14, 6, '12121', 20, NULL, 175.00, 0.00, 175.00, 1.00, NULL, 0.00, 0.00, 0.00, 0.00, 0.00, 0, 0, 20, 1, NULL),
(180, 410, 6, '1243', 10, NULL, 75.00, 0.00, 75.00, 1.00, NULL, 0.00, 0.00, 0.00, 0.00, 0.00, 0, 0, 10, 1, NULL),
(181, 92, 6, '5436', 10, NULL, 75.00, 0.00, 75.00, 1.00, NULL, 0.00, 0.00, 0.00, 0.00, 0.00, 0, 0, 10, 1, NULL),
(184, 371, 5, '4325', 24, NULL, 50.07, 0.00, 300.42, 6.00, NULL, 0.00, 0.00, 0.00, 0.00, 0.00, 0, 0, 24, 1, '2025-12-28'),
(186, 411, 6, '657', 50, NULL, 48.00, 0.00, 480.00, 10.00, NULL, 0.00, 0.00, 0.00, 0.00, 0.00, 0, 0, 50, 1, '2025-01-06'),
(187, 165, 6, '6757', 15, NULL, 53.00, 0.00, 265.00, 5.00, NULL, 0.00, 0.00, 0.00, 0.00, 0.00, 0, 0, 15, 1, '2025-01-06'),
(188, 413, 7, '752724', 6, 0, 70.00, 0.00, 70.00, 1.00, 0.00, 0.00, 0.00, 0.00, 0.00, 0.00, 0, 0, 6, 1, '2028-08-28'),
(189, 414, 7, '637825', 5, NULL, 90.00, 0.00, 90.00, 1.00, NULL, 0.00, 0.00, 0.00, 0.00, 0.00, 0, 0, 5, 1, '2027-03-28'),
(190, 415, 7, '6702224', 6, NULL, 70.00, 0.00, 70.00, 1.00, NULL, 0.00, 0.00, 0.00, 0.00, 0.00, 0, 0, 6, 1, '2028-06-28'),
(191, 416, 7, '60334', 5, NULL, 90.00, 0.00, 90.00, 1.00, NULL, 0.00, 0.00, 0.00, 0.00, 0.00, 0, 0, 5, 1, '2028-04-28'),
(192, 417, 7, '67724', 6, NULL, 70.00, 0.00, 70.00, 1.00, NULL, 0.00, 0.00, 0.00, 0.00, 0.00, 0, 0, 6, 1, '2028-06-28'),
(193, 418, 7, '82124', 5, NULL, 90.00, 0.00, 90.00, 1.00, NULL, 0.00, 0.00, 0.00, 0.00, 0.00, 0, 0, 5, 1, '2028-11-28'),
(194, 419, 7, '810324', 10, NULL, 50.00, 0.00, 50.00, 1.00, NULL, 0.00, 0.00, 0.00, 0.00, 0.00, 0, 0, 10, 1, '2028-10-28'),
(195, 420, 7, 'NL4B', 200, NULL, 2.00, 0.00, 399.00, 200.00, NULL, 0.00, 0.00, 0.00, 0.00, 0.00, 0, 0, 200, 1, '2028-01-28'),
(196, 421, 8, '142', 4, 0, 148.75, 0.00, 148.75, 1.00, 0.00, 0.00, 0.00, 0.00, 0.00, 0.00, 0, 0, 4, 1, '2027-09-28'),
(197, 423, 8, 'HC080A', 5, NULL, 62.27, 0.00, 1556.82, 25.00, NULL, 0.00, 0.00, 0.00, 0.00, 0.00, 0, 0, 5, 1, '2027-12-28'),
(198, 424, 8, '000124', 10, NULL, 25.99, 0.00, 519.80, 20.00, NULL, 0.00, 0.00, 0.00, 0.00, 0.00, 0, 0, 10, 1, '2026-05-28'),
(199, 28, 9, '2434', 20, 0, 246.53, 0.00, 246.53, 1.00, 0.00, 0.00, 0.00, 0.00, 0.00, 0.00, 0, 0, 20, 1, '2026-10-28'),
(200, 426, 9, '4234', 10, NULL, 174.62, 0.00, 174.62, 1.00, NULL, 0.00, 0.00, 0.00, 0.00, 0.00, 0, 0, 10, 1, '2026-10-28'),
(201, 425, 9, '23423', 300, NULL, 40.47, 0.00, 242.84, 6.00, NULL, 0.00, 0.00, 0.00, 0.00, 0.00, 0, 0, 300, 1, '2026-10-28'),
(202, 427, 9, '234234', 10, NULL, 283.76, 0.00, 283.76, 1.00, NULL, 0.00, 0.00, 0.00, 0.00, 0.00, 0, 0, 10, 1, '2026-10-28'),
(203, 428, 9, '23423', 60, NULL, 24.56, 0.00, 147.34, 6.00, NULL, 0.00, 0.00, 0.00, 0.00, 0.00, 0, 0, 60, 1, '2026-10-28'),
(204, 429, 9, '23424', 300, NULL, 31.98, 0.00, 191.90, 6.00, NULL, 0.00, 0.00, 0.00, 0.00, 0.00, 0, 0, 300, 1, '2026-10-28'),
(205, 430, 9, '234', 10, NULL, 274.67, 0.00, 274.67, 1.00, NULL, 0.00, 0.00, 0.00, 0.00, 0.00, 0, 0, 10, 1, '2026-10-28'),
(206, 264, 10, '43345345', 3, 0, 122.00, 0.00, 122.00, 1.00, 0.00, 0.00, 0.00, 0.00, 0.00, 0.00, 0, 0, 3, 1, NULL),
(207, 432, 10, '43345345', 1, 0, 1189.15, 0.00, 1189.15, 1.00, 0.00, 0.00, 0.00, 0.00, 0.00, 0.00, 0, 0, 1, 1, NULL),
(208, 433, 10, '43345345', 10, 0, 18.00, 0.00, 18.00, 1.00, 0.00, 0.00, 0.00, 0.00, 0.00, 0.00, 0, 0, 10, 1, NULL),
(209, 436, 10, '43345345', 3, 0, 38.00, 0.00, 380.00, 10.00, 0.00, 0.00, 0.00, 0.00, 0.00, 0.00, 0, 0, 3, 1, NULL),
(210, 437, 10, '43345345', 10, 0, 16.44, 0.00, 164.44, 10.00, 0.00, 0.00, 0.00, 0.00, 0.00, 0.00, 0, 0, 10, 1, NULL),
(211, 239, 10, '43345345', 5, 0, 16.44, 0.00, 164.44, 10.00, 0.00, 0.00, 0.00, 0.00, 0.00, 0.00, 0, 0, 5, 1, NULL),
(212, 439, 10, '43345345', 99, 0, 5.53, 0.00, 553.00, 100.00, 0.00, 0.00, 0.00, 0.00, 0.00, 0.00, 0, 0, 99, 1, NULL),
(213, 434, 10, '43345345', 24, 0, 180.00, 0.00, 1080.00, 6.00, 0.00, 0.00, 0.00, 0.00, 0.00, 0.00, 0, 0, 24, 1, NULL),
(214, 435, 10, '43345345', 2, 0, 62.00, 0.00, 62.00, 1.00, 0.00, 0.00, 0.00, 0.00, 0.00, 0.00, 0, 0, 2, 1, NULL),
(215, 444, 11, '423424', 2, 0, 90.00, 0.00, 90.00, 1.00, 0.00, 0.00, 0.00, 0.00, 0.00, 0.00, 0, 0, 2, 1, '2026-12-27'),
(216, 422, 12, '2343', 10, 0, 50.00, 0.00, 50.00, 1.00, 0.00, 0.00, 0.00, 0.00, 0.00, 0.00, 0, 0, 10, 1, NULL),
(217, 114, 13, '765675', 2, 0, 18.00, 0.00, 900.00, 50.00, 0.00, 0.00, 0.00, 0.00, 0.00, 0.00, 0, 0, 2, 1, '2026-12-23'),
(218, 445, 13, '765675', 14, 0, 55.00, 0.00, 55.00, 1.00, 0.00, 0.00, 0.00, 0.00, 0.00, 0.00, 0, 0, 14, 1, '2026-12-30'),
(219, 446, 14, '24324', 2, 0, 1019.15, 0.00, 1019.15, 1.00, 0.00, 0.00, 0.00, 0.00, 0.00, 0.00, 0, 0, 2, 1, NULL),
(220, 419, 15, '810324', 60, 0, 60.00, 0.00, 60.00, 1.00, 0.00, 0.00, 0.00, 0.00, 0.00, 0.00, 0, 0, 60, 1, NULL),
(221, 417, 15, '677124', 20, NULL, 75.00, 0.00, 75.00, 1.00, NULL, 0.00, 0.00, 0.00, 0.00, 0.00, 0, 0, 20, 1, '2028-06-28'),
(223, 174, 15, '002822', 20, NULL, 96.00, 0.00, 96.00, 1.00, NULL, 0.00, 0.00, 0.00, 0.00, 0.00, 0, 0, 20, 1, '2025-07-28'),
(224, 173, 15, '335823', 20, NULL, 85.00, 0.00, 85.00, 1.00, NULL, 0.00, 0.00, 0.00, 0.00, 0.00, 0, 0, 20, 1, '2026-06-28'),
(225, 422, 15, '837424', 60, NULL, 60.00, 0.00, 60.00, 1.00, NULL, 0.00, 0.00, 0.00, 0.00, 0.00, 0, 0, 60, 1, '2027-11-28'),
(226, 415, 15, '671224', 20, NULL, 75.00, 0.00, 75.00, 1.00, NULL, 0.00, 0.00, 0.00, 0.00, 0.00, 0, 0, 20, 1, '2028-07-28'),
(227, 416, 15, '767224', 20, NULL, 100.00, 0.00, 100.00, 1.00, NULL, 0.00, 0.00, 0.00, 0.00, 0.00, 0, 0, 20, 1, '2028-09-28'),
(228, 413, 15, '752524', 20, NULL, 80.00, 0.00, 80.00, 1.00, NULL, 0.00, 0.00, 0.00, 0.00, 0.00, 0, 0, 20, 1, '2027-08-28'),
(229, 414, 15, '751724', 20, NULL, 125.00, 0.00, 125.00, 1.00, NULL, 0.00, 0.00, 0.00, 0.00, 0.00, 0, 0, 20, 1, '2027-08-28'),
(234, 451, 15, 'TP-017', 50, NULL, 12.00, 0.00, 300.00, 25.00, NULL, 0.00, 0.00, 0.00, 0.00, 0.00, 0, 0, 50, 1, '2026-08-28'),
(235, 447, 15, '23tf01', 125, NULL, 3.80, 0.00, 19.00, 5.00, NULL, 0.00, 0.00, 0.00, 0.00, 0.00, 0, 0, 125, 1, '2025-10-28'),
(236, 448, 15, '24J369', 200, NULL, 1.40, 0.00, 14.00, 10.00, NULL, 0.00, 0.00, 0.00, 0.00, 0.00, 0, 0, 200, 1, '2026-01-08'),
(237, 421, 15, 'KEG146', 10, NULL, 154.00, 0.00, 154.00, 1.00, NULL, 0.00, 0.00, 0.00, 0.00, 0.00, 0, 0, 10, 1, '2027-01-09'),
(238, 440, 15, '3S6H', 5, NULL, 195.00, 0.00, 195.00, 1.00, NULL, 0.00, 0.00, 0.00, 0.00, 0.00, 0, 0, 5, 1, '2026-01-09'),
(239, 449, 15, '127', 5, NULL, 460.00, 0.00, 460.00, 1.00, NULL, 0.00, 0.00, 0.00, 0.00, 0.00, 0, 0, 5, 1, '2029-01-05'),
(240, 450, 15, '24HP006A', 7, NULL, 1100.00, 0.00, 1100.00, 1.00, NULL, 0.00, 0.00, 0.00, 0.00, 0.00, 0, 0, 7, 1, '2026-01-02'),
(241, 92, 15, 'XL230507', 20, NULL, 75.00, 0.00, 75.00, 1.00, NULL, 0.00, 0.00, 0.00, 0.00, 0.00, 0, 0, 20, 1, '2028-01-04'),
(242, 433, 15, 'KM241140A', 50, NULL, 11.00, 0.00, 11.00, 1.00, NULL, 0.00, 0.00, 0.00, 0.00, 0.00, 0, 0, 50, 1, '2029-10-09'),
(243, 264, 15, 'KOM240120', 65, NULL, 125.00, 0.00, 125.00, 1.00, NULL, 0.00, 0.00, 0.00, 0.00, 0.00, 0, 0, 65, 1, '2028-01-12'),
(244, 436, 15, '002008', 10, NULL, 62.00, 0.00, 620.00, 10.00, NULL, 0.00, 0.00, 0.00, 0.00, 0.00, 0, 0, 10, 1, '2026-01-02'),
(245, 112, 15, '241007', 12, NULL, 275.00, 0.00, 3300.00, 12.00, NULL, 0.00, 0.00, 0.00, 0.00, 0.00, 0, 0, 12, 1, '2029-01-09'),
(246, 19, 15, '098124', 10, NULL, 225.00, 0.00, 225.00, 1.00, NULL, 0.00, 0.00, 0.00, 0.00, 0.00, 0, 0, 10, 1, '2027-01-09'),
(247, 452, 15, '551', 100, NULL, 5.50, 0.00, 550.00, 100.00, NULL, 0.00, 0.00, 0.00, 0.00, 0.00, 0, 0, 100, 1, '2027-01-08'),
(248, 453, 15, 'GFDD', 3, NULL, 40.00, 0.00, 40.00, 1.00, NULL, 0.00, 0.00, 0.00, 0.00, 0.00, 0, 0, 3, 1, '2026-01-28'),
(249, 454, 15, 'FHGF', 100, NULL, 7.50, 0.00, 750.00, 100.00, NULL, 0.00, 0.00, 0.00, 0.00, 0.00, 0, 0, 100, 1, '2026-03-09'),
(250, 455, 15, 'FGF', 5, NULL, 270.00, 0.00, 270.00, 1.00, NULL, 0.00, 0.00, 0.00, 0.00, 0.00, 0, 0, 5, 1, '2026-01-02'),
(251, 456, 15, '3056007', 40, NULL, 17.00, 0.00, 680.00, 40.00, NULL, 0.00, 0.00, 0.00, 0.00, 0.00, 0, 0, 40, 1, '2025-05-05'),
(252, 457, 16, '-009', 5, 0, 382.50, 0.00, 382.50, 1.00, 0.00, 0.00, 0.00, 19.13, 1.00, 0.00, 0, 0, 5, 1, NULL),
(253, 458, 16, '211', 1, 0, 155.55, 0.00, 155.55, 1.00, 0.00, 0.00, 0.00, 1.56, 1.00, 0.00, 0, 0, 1, 1, NULL),
(254, 462, 17, '1214', 1, 0, 170.00, 0.00, 170.00, 1.00, 0.00, 0.00, 0.00, 0.00, 0.00, 0.00, 0, 0, 1, 1, NULL),
(255, 461, 17, '1214', 2, 0, 75.00, 0.00, 75.00, 1.00, 0.00, 0.00, 0.00, 0.00, 0.00, 0.00, 0, 0, 2, 1, NULL),
(256, 470, 17, '124', 4, NULL, 260.00, 0.00, 3120.00, 12.00, NULL, 0.00, 0.00, 0.00, 0.00, 0.00, 0, 0, 4, 1, '2025-01-07'),
(257, 463, 18, '510', 20, 0, 116.17, 0.00, 116.17, 1.00, 0.00, 0.00, 0.00, 11.62, 0.50, 0.00, 0, 0, 20, 1, '2026-09-01'),
(258, 465, 18, 'NX2-021F', 50, NULL, 144.00, 0.00, 720.00, 5.00, NULL, 0.00, 0.00, 36.00, 0.50, 0.00, 0, 0, 50, 1, '2027-03-01'),
(259, 464, 18, 'S2012', 10, NULL, 242.48, 0.00, 242.48, 1.00, NULL, 0.00, 0.00, 12.12, 0.50, 0.00, 0, 0, 10, 1, '2027-01-11'),
(260, 466, 18, 'SF2-530F', 10, NULL, 212.50, 0.00, 212.50, 1.00, NULL, 0.00, 0.00, 10.63, 0.50, 0.00, 0, 0, 10, 1, '2027-01-06'),
(261, 467, 18, 'SF3-594F', 10, NULL, 338.30, 0.00, 338.30, 1.00, NULL, 0.00, 0.00, 16.92, 0.50, 0.00, 0, 0, 10, 1, '2027-01-01'),
(262, 468, 18, 'TRJ-066F', 50, NULL, 80.22, 0.00, 401.09, 5.00, NULL, 0.00, 0.00, 20.05, 0.50, 0.00, 0, 0, 50, 1, '2026-01-09'),
(263, 469, 18, 'VNS-193F', 24, NULL, 46.47, 0.00, 278.81, 6.00, NULL, 0.00, 0.00, 5.58, 0.50, 0.00, 0, 0, 24, 1, '2026-01-11'),
(265, 475, 19, 'BKK081', 5, NULL, 40.80, 0.00, 204.00, 5.00, NULL, 0.00, 0.00, 0.00, 0.00, 0.00, 0, 0, 5, 1, '2026-06-01'),
(266, 473, 19, 'V1424071', 10, NULL, 32.10, 0.00, 962.88, 30.00, NULL, 0.00, 0.00, 0.00, 0.00, 0.00, 0, 0, 10, 1, '2026-03-01'),
(267, 476, 19, '56', 1, NULL, 125.31, 0.00, 125.31, 1.00, NULL, 0.00, 0.00, 0.00, 0.00, 0.00, 0, 0, 1, 1, '2025-11-01'),
(268, 479, 20, '1424', 1, 0, 765.00, 0.00, 765.00, 1.00, 0.00, 0.00, 0.00, 0.00, 0.00, 0.00, 0, 0, 1, 1, '2025-11-28'),
(269, 480, 20, '303287', 10, NULL, 37.32, 0.00, 1866.00, 50.00, NULL, 0.00, 0.00, 0.00, 0.00, 0.00, 0, 0, 10, 1, '2026-05-07'),
(270, 481, 20, '20230715A', 10, NULL, 1.25, 0.00, 250.00, 200.00, NULL, 0.00, 0.00, 0.00, 0.00, 0.00, 0, 0, 10, 1, '2028-07-14'),
(272, 486, 21, '3486', 10, NULL, 20.64, 0.00, 412.80, 20.00, NULL, 0.00, 0.00, 0.00, 0.00, 0.00, 0, 0, 10, 1, '2028-08-25'),
(273, 487, 22, '123', 1, 0, 100.00, 0.00, 100.00, 1.00, 0.00, 0.00, 0.00, 0.00, 0.00, 0.00, 0, 0, 1, 1, NULL),
(274, 488, 22, '123', 1, 0, 369.32, 0.00, 369.32, 1.00, 0.00, 0.00, 0.00, 0.00, 0.00, 0.00, 0, 0, 1, 1, NULL),
(275, 183, 22, '123', 10, 0, 94.60, 0.00, 946.05, 10.00, 0.00, 0.00, 0.00, 0.00, 0.00, 0.00, 0, 0, 10, 1, NULL),
(276, 435, 22, '123', 1, 0, 62.00, 0.00, 62.00, 1.00, 0.00, 0.00, 0.00, 0.00, 0.00, 0.00, 0, 0, 1, 1, NULL),
(277, 489, 23, '076', 10, 0, 446.25, 0.00, 446.25, 1.00, 0.00, 0.00, 0.00, 22.31, 0.50, 0.00, 0, 0, 10, 1, '2027-10-01'),
(278, 490, 23, '249', 10, 0, 633.25, 0.00, 633.25, 1.00, 0.00, 0.00, 0.00, 31.66, 0.50, 0.00, 0, 0, 10, 1, '2027-05-01'),
(279, 491, 23, '311', 400, 0, 14.19, 0.00, 283.89, 20.00, 0.00, 0.00, 0.00, 28.39, 0.50, 0.00, 0, 0, 400, 1, '2027-09-01'),
(280, 488, 24, '155454', 2, 0, 369.32, 0.00, 369.32, 1.00, 0.00, 0.00, 0.00, 7.39, 1.00, 0.00, 0, 0, 2, 1, '2026-09-01'),
(281, 492, 25, '252613', 3, 0, 131.07, 0.00, 1310.70, 10.00, 0.00, 0.00, 0.00, 13.11, 1.00, 0.00, 0, 0, 3, 1, '2026-10-20'),
(282, 493, 25, '55289', 3, NULL, 94.61, 0.00, 946.05, 10.00, NULL, 0.00, 0.00, 0.00, 0.00, 0.00, 0, 0, 3, 1, '2026-10-10'),
(283, 494, 25, '002+656', 1, NULL, 127.57, 0.00, 127.57, 1.00, NULL, 0.00, 0.00, 0.00, 0.00, 0.00, 0, 0, 1, 1, '2026-02-01'),
(284, 495, 25, '155456', 1, NULL, 107.27, 0.00, 107.27, 1.00, NULL, 0.00, 0.00, 0.00, 0.00, 0.00, 0, 0, 1, 1, '2026-02-12'),
(285, 480, 25, '1596+5', 3, NULL, 37.32, 0.00, 1866.00, 50.00, NULL, 0.00, 0.00, 0.00, 0.00, 0.00, 0, 0, 3, 1, '2026-02-03'),
(286, 498, 25, '2505', 3, NULL, 2.20, 0.00, 220.00, 100.00, NULL, 0.00, 0.00, 0.00, 0.00, 0.00, 0, 0, 3, 1, '2026-10-12'),
(287, 506, 26, '41', 10, 0, 100.00, 0.00, 100.00, 1.00, 0.00, 0.00, 0.00, 10.00, 1.00, 0.00, 0, 0, 10, 1, '2027-12-01'),
(288, 505, 26, '1254', 1, NULL, 161.50, 0.00, 161.50, 1.00, NULL, 0.00, 0.00, 0.00, 0.00, 0.00, 0, 0, 1, 1, '2027-10-01'),
(289, 493, 26, '15274', 10, NULL, 94.61, 0.00, 946.05, 10.00, NULL, 0.00, 0.00, 0.00, 0.00, 0.00, 0, 0, 10, 1, '2026-06-01'),
(290, 507, 26, 'SD661', 2, NULL, 65.45, 0.00, 65.45, 1.00, NULL, 0.00, 0.00, 0.00, 0.00, 0.00, 0, 0, 2, 1, '2026-10-02'),
(291, 508, 27, '250405', 110, 0, 226.03, 0.00, 226.03, 1.00, 0.00, 0.00, 0.00, 621.58, 2.50, 0.00, 0, 0, 110, 1, '2028-08-12'),
(292, 483, 28, '514132', 48, 0, 550.00, 0.00, 550.00, 1.00, 0.00, 0.00, 0.00, 0.00, 0.00, 0.00, 0, 0, 48, 1, '2027-01-12'),
(293, 482, 28, '5545145', 48, NULL, 1550.00, 0.00, 1550.00, 1.00, NULL, 0.00, 0.00, 0.00, 0.00, 0.00, 0, 0, 48, 1, '2027-01-12'),
(294, 484, 28, '565', 48, NULL, 100.00, 0.00, 100.00, 1.00, NULL, 0.00, 0.00, 0.00, 0.00, 0.00, 0, 0, 48, 1, '2027-01-02'),
(295, 509, 29, '454548', 1, 0, 9.71, 0.00, 485.29, 50.00, 0.00, 0.00, 0.00, 0.00, NULL, 0.00, 0, 0, 1, 1, '2026-02-01'),
(296, 499, 30, '2544', 24, 0, 150.00, 0.00, 150.00, 1.00, 0.00, 0.00, 0.00, 0.00, 0.00, 0.00, 0, 0, 24, 1, '2030-01-01'),
(297, 500, 30, '25k24', 24, NULL, 220.00, 0.00, 220.00, 1.00, NULL, 0.00, 0.00, 0.00, 0.00, 0.00, 0, 0, 24, 1, '2030-01-01'),
(299, 501, 30, '810.', 11, NULL, 70.00, 0.00, 70.00, 1.00, NULL, 0.00, 0.00, 0.00, 0.00, 0.00, 0, 0, 11, 1, '2028-01-01'),
(300, 502, 30, '820.', 36, NULL, 80.00, 0.00, 80.00, 1.00, NULL, 0.00, 0.00, 0.00, 0.00, 0.00, 0, 0, 36, 1, '2028-01-01'),
(301, 503, 30, '222', 15, NULL, 130.00, 0.00, 130.00, 1.00, NULL, 0.00, 0.00, 0.00, 0.00, 0.00, 0, 0, 15, 1, '2026-04-01'),
(302, 504, 30, 'PP-0423', 10, NULL, 56.00, 0.00, 280.00, 5.00, NULL, 0.00, 0.00, 0.00, 0.00, 0.00, 0, 0, 10, 1, '2025-11-01'),
(303, 92, 30, 'KL230507', 20, NULL, 75.00, 0.00, 75.00, 1.00, NULL, 0.00, 0.00, 0.00, 0.00, 0.00, 0, 0, 20, 1, '2028-04-01'),
(304, 498, 30, '303287', 100, NULL, 2.20, 0.00, 220.00, 100.00, NULL, 0.00, 0.00, 0.00, 0.00, 0.00, 0, 0, 100, 1, '2029-06-25'),
(305, 496, 30, '240626T', 50, NULL, 38.00, 0.00, 1900.00, 50.00, NULL, 0.00, 0.00, 0.00, 0.00, 0.00, 0, 0, 50, 1, '2026-05-07'),
(306, 445, 30, 'KM24117A', 20, NULL, 35.00, 0.00, 35.00, 1.00, NULL, 0.00, 0.00, 0.00, 0.00, 0.00, 0, 0, 20, 1, '2029-07-01'),
(307, 476, 30, 'KL218', 10, NULL, 130.00, 0.00, 130.00, 1.00, NULL, 0.00, 0.00, 0.00, 0.00, 0.00, 0, 0, 10, 1, '2026-09-28'),
(309, 397, 30, '842', 12, NULL, 58.34, 0.00, 350.01, 6.00, NULL, 0.00, 0.00, 0.00, 0.00, 0.00, 0, 0, 12, 1, '2027-02-28'),
(310, 488, 30, '155454', 1, NULL, 380.00, 0.00, 380.00, 1.00, NULL, 0.00, 0.00, 0.00, 0.00, 0.00, 0, 0, 1, 1, '2026-09-28'),
(312, 510, 31, '007FM1', 14, NULL, 22.83, 0.00, 319.60, 14.00, NULL, 0.00, 0.00, 0.00, 0.00, 0.00, 0, 0, 14, 1, '2025-03-28'),
(313, 524, 32, '905', 4, 0, 140.00, 0.00, 140.00, 1.00, 0.00, 0.00, 0.00, 5.60, 1.00, 0.00, 0, 0, 4, 1, '2028-12-01'),
(314, 304, 32, '240102', 15, 0, 55.00, 0.00, 55.00, 1.00, 0.00, 0.00, 0.00, 8.25, 1.00, 0.00, 0, 0, 15, 1, '2027-08-12'),
(315, 337, 30, '196514', 12, NULL, 233.33, 0.00, 2800.00, 12.00, NULL, 0.00, 0.00, 0.00, 0.00, 0.00, 0, 0, 12, 1, '2028-01-02'),
(316, 525, 30, '362', 10, NULL, 160.00, 0.00, 1600.00, 10.00, NULL, 0.00, 0.00, 0.00, 0.00, 0.00, 0, 0, 10, 1, '0029-10-12'),
(317, 526, 33, '14561', 1, 0, 90.91, 0.00, 90.91, 1.00, 0.00, 0.00, 0.00, 0.91, 1.00, 0.00, 0, 0, 1, 1, '2026-10-02'),
(318, 495, 33, '14561', 1, 0, 107.27, 0.00, 107.27, 1.00, 0.00, 0.00, 0.00, 1.07, 1.00, 0.00, 0, 0, 1, 1, '2026-11-02'),
(319, 527, 34, '517', 15, 0, 9.88, 0.00, 148.24, 15.00, 0.00, 0.00, 0.00, 1.48, 1.00, 0.00, 0, 0, 15, 1, '2027-12-02'),
(320, 418, 35, '124543212', 10, 0, 90.00, 0.00, 90.00, 1.00, 0.00, 0.00, 0.00, 9.00, 1.00, 0.00, 0, 0, 10, 1, '2029-01-01'),
(321, 458, 36, '2154415', 2, 0, 155.55, 0.00, 155.55, 1.00, 0.00, 0.00, 0.00, 3.11, 1.00, 0.00, 0, 0, 2, 1, NULL),
(322, 529, 37, '11', 25, 0, 240.00, 0.00, 1200.00, 5.00, 0.00, 0.00, 0.00, 0.00, 0.00, 0.00, 0, 0, 25, 1, NULL),
(323, 272, 37, 'NMT303907', 120, NULL, 25.00, 0.00, 300.00, 12.00, NULL, 0.00, 0.00, 0.00, 0.00, 0.00, 0, 0, 120, 1, '2029-07-28'),
(324, 444, 38, '1212', 1, 0, 90.00, 0.00, 90.00, 1.00, 0.00, 0.00, 0.00, 0.00, 0.00, 0.00, 0, 0, 1, 1, NULL),
(325, 530, 39, '1452', 10, 0, 26.39, 0.00, 527.87, 20.00, 0.00, 0.00, 0.00, 0.00, 0.00, 0.00, 0, 0, 10, 1, '2026-01-02'),
(326, 403, 40, '55825', 130, 0, 3.12, 0.00, 312.00, 100.00, 0.00, 0.00, 0.00, 0.00, 0.00, 0.00, 0, 0, 130, 1, '2026-01-02'),
(327, 458, 40, '147455', 1, NULL, 155.55, 0.00, 155.55, 1.00, NULL, 0.00, 0.00, 0.00, 0.00, 0.00, 0, 0, 1, 1, '2026-01-02'),
(328, 398, 41, '1514', 1, 0, 243.55, 0.00, 243.55, 1.00, 0.00, 0.00, 0.00, 2.44, 1.00, 0.00, 0, 0, 1, 1, '2026-10-20'),
(329, 458, 41, '1514', 2, 0, 155.55, 0.00, 155.55, 1.00, 0.00, 0.00, 0.00, 3.11, 1.00, 0.00, 0, 0, 2, 1, '2026-10-10'),
(330, 299, 42, '227014', 30, 0, 85.00, 0.00, 85.00, 1.00, 0.00, 0.00, 94.35, 0.00, NULL, 3.70, 0, 0, 30, 1, '2027-08-12'),
(331, 300, 42, '228013', 30, 0, 140.00, 0.00, 140.00, 1.00, 0.00, 0.00, 0.00, 0.00, 0.00, 0.00, 0, 0, 30, 1, '2029-08-12'),
(332, 531, 42, '240908', 30, NULL, 70.00, 0.00, 70.00, 1.00, NULL, 0.00, 0.00, 0.00, 0.00, 0.00, 0, 0, 30, 1, '2026-08-01'),
(333, 532, 42, '089040022', 600, NULL, 3.60, 0.00, 720.00, 200.00, NULL, 0.00, 0.00, 0.00, 0.00, 0.00, 0, 0, 600, 1, '2026-08-01'),
(334, 533, 42, '2402', 20, NULL, 105.00, 0.00, 105.00, 1.00, NULL, 0.00, 0.00, 0.00, 0.00, 0.00, 0, 0, 20, 1, '2026-10-01'),
(335, 534, 42, '654', 100, NULL, 3.50, 0.00, 70.00, 20.00, NULL, 0.00, 0.00, 0.00, 0.00, 0.00, 0, 0, 100, 1, '2026-10-01'),
(336, 535, 42, '701', 20, NULL, 18.00, 0.00, 36.00, 2.00, NULL, 0.00, 0.00, 0.00, 0.00, 0.00, 0, 0, 20, 1, '2026-12-02'),
(337, 536, 42, '694', 20, NULL, 50.00, 0.00, 50.00, 1.00, NULL, 0.00, 0.00, 0.00, 0.00, 0.00, 0, 0, 20, 1, '2026-09-01'),
(338, 537, 42, '559', 50, NULL, 3.40, 0.00, 34.00, 10.00, NULL, 0.00, 0.00, 0.00, 0.00, 0.00, 0, 0, 50, 1, '2025-11-01'),
(339, 538, 42, '247004', 5, NULL, 280.00, 0.00, 280.00, 1.00, NULL, 0.00, 0.00, 0.00, 0.00, 0.00, 0, 0, 5, 1, '2026-07-01'),
(340, 539, 42, '159013', 60, NULL, 62.50, 0.00, 750.00, 12.00, NULL, 0.00, 0.00, 0.00, 0.00, 0.00, 0, 0, 60, 1, '2026-07-01'),
(341, 540, 42, '00325', 20, NULL, 70.00, 0.00, 70.00, 1.00, NULL, 0.00, 7.00, 0.00, NULL, 0.50, 0, 0, 20, 1, '2026-11-01'),
(342, 542, 43, 'LIG093', 25, NULL, 110.00, 0.00, 110.00, 1.00, NULL, 0.00, 0.00, 0.00, 0.00, 0.00, 0, 0, 25, 1, '2026-11-01'),
(344, 541, 43, '3022', 10, NULL, 227.00, 0.00, 227.00, 1.00, NULL, 0.00, 0.00, 0.00, 0.00, 0.00, 0, 0, 10, 1, '2029-09-01'),
(345, 469, 43, '2003F', 300, NULL, 46.47, 0.00, 278.81, 6.00, NULL, 0.00, 0.00, 0.00, 0.00, 0.00, 0, 0, 300, 1, '2026-11-01'),
(346, 475, 44, '121212', 5, 0, 40.80, 0.00, 204.00, 5.00, 0.00, 0.00, 0.00, 0.00, 0.00, 0.00, 0, 0, 5, 1, NULL),
(347, 441, 45, '101', 1, 0, 59.29, 0.00, 59.29, 1.00, 0.00, 0.00, 0.00, 0.00, 0.00, 0.00, 0, 0, 1, 1, NULL),
(348, 544, 46, '6.365', 5, 0, 76.66, 0.00, 76.66, 1.00, 0.00, 0.00, 0.00, 3.83, 1.00, 0.00, 0, 0, 5, 1, '2026-01-01'),
(349, 545, 47, '799254', 100, 0, 100.00, 0.00, 100.00, 1.00, 0.00, 0.00, 0.00, 0.00, 0.00, 0.00, 0, 0, 100, 1, '2029-11-01'),
(350, 546, 47, '735024', 100, NULL, 75.00, 0.00, 75.00, 1.00, NULL, 0.00, 0.00, 0.00, 0.00, 0.00, 0, 0, 100, 1, '2029-08-01'),
(351, 418, 47, '777624', 60, NULL, 90.00, 0.00, 90.00, 1.00, NULL, 0.00, 0.00, 0.00, 0.00, 0.00, 0, 0, 60, 1, '2029-02-01'),
(352, 415, 47, '658224', 20, NULL, 65.00, 0.00, 65.00, 1.00, NULL, 0.00, 0.00, 0.00, 0.00, 0.00, 0, 0, 20, 1, '2028-01-01'),
(353, 416, 47, '767224', 60, NULL, 95.00, 0.00, 95.00, 1.00, NULL, 0.00, 0.00, 0.00, 0.00, 0.00, 0, 0, 60, 1, '2029-02-01'),
(354, 419, 47, '8103240', 60, NULL, 53.00, 0.00, 53.00, 1.00, NULL, 0.00, 0.00, 0.00, 0.00, 0.00, 0, 0, 60, 1, '2030-11-01'),
(356, 547, 47, '5250', 20, NULL, 100.00, 0.00, 100.00, 1.00, NULL, 0.00, 0.00, 0.00, 0.00, 0.00, 0, 0, 20, 1, '2029-02-01'),
(357, 555, 48, '5415', 2, 0, 450.00, 0.00, 450.00, 1.00, 0.00, 0.00, 0.00, 9.00, 1.00, 0.00, 0, 0, 2, 1, '2029-02-01'),
(358, 556, 48, '584158', 2, NULL, 450.00, 0.00, 450.00, 1.00, NULL, 0.00, 0.00, 0.00, 0.00, 0.00, 0, 0, 2, 1, '2029-01-01'),
(359, 278, 48, '5635', 5, NULL, 100.00, 0.00, 100.00, 1.00, NULL, 0.00, 0.00, 0.00, 0.00, 0.00, 0, 0, 5, 1, '2026-02-02'),
(360, 558, 48, '5641', 1, NULL, 1000.00, 0.00, 1000.00, 1.00, NULL, 0.00, 0.00, 0.00, 0.00, 0.00, 0, 0, 1, 1, '2026-01-01'),
(367, 550, 49, '268', 10, NULL, 197.05, 0.00, 197.05, 1.00, NULL, 0.00, 0.00, 0.00, NULL, 0.00, 0, 0, 10, 1, '2027-09-01'),
(368, 551, 49, '0135', 20, NULL, 149.85, 0.00, 149.85, 1.00, NULL, 0.00, 0.00, 0.00, 0.00, 0.00, 0, 0, 20, 1, '2026-09-01'),
(369, 552, 49, 'D182', 400, NULL, 2.79, 0.00, 558.30, 200.00, NULL, 0.00, 0.00, 0.00, 0.00, 0.00, 0, 0, 400, 1, '2029-03-01'),
(370, 366, 49, '306', 10, NULL, 38.84, 0.00, 38.84, 1.00, NULL, 0.00, 0.00, 0.00, 0.00, 0.00, 0, 0, 10, 1, '2028-05-01'),
(371, 441, 49, '150', 20, NULL, 60.77, 0.00, 60.77, 1.00, NULL, 0.00, 0.00, 0.00, 0.00, 0.00, 0, 0, 20, 1, '2028-12-01'),
(372, 554, 49, '3358', 200, NULL, 3.55, 0.00, 70.90, 20.00, NULL, 0.00, 0.00, 0.00, 0.00, 0.00, 0, 0, 200, 1, '2029-01-01'),
(373, 549, 50, '51', 5, 0, 43.40, 0.00, 43.40, 1.00, 0.00, 0.00, 0.00, 2.17, 1.00, 0.00, 0, 0, 5, 1, '2029-01-01'),
(374, 548, 50, '5353', 1, NULL, 9000.00, 0.00, 9000.00, 1.00, NULL, 0.00, 0.00, 0.00, 0.00, 0.00, 0, 0, 1, 1, '2029-02-01'),
(375, 559, 51, '51455', 1, 0, 105.00, 0.00, 105.00, 1.00, 0.00, 0.00, 0.00, 1.05, 1.00, 0.00, 0, 0, 1, 1, '2028-01-12'),
(376, 560, 51, '2184', 5, NULL, 85.00, 0.00, 85.00, 1.00, NULL, 0.00, 0.00, 0.00, 0.00, 0.00, 0, 0, 5, 1, '2028-02-02'),
(377, 467, 52, '5546', 9, 0, 0.00, 0.00, 0.00, 1.00, 0.00, 0.00, 0.00, 0.00, 1.00, 0.00, 0, 0, 9, 1, '2026-01-02'),
(378, 466, 52, '554655', 12, 0, 0.00, 0.00, 0.00, 1.00, 0.00, 0.00, 0.00, 0.00, 0.00, 0.00, 0, 0, 12, 1, '2026-01-02'),
(379, 483, 53, '261566', 24, 0, 550.00, 0.00, 550.00, 1.00, 0.00, 0.00, 0.00, 132.00, 1.00, 0.00, 0, 0, 24, 1, '2026-01-02'),
(380, 561, 53, '14514', 12, NULL, 1650.00, 0.00, 1650.00, 1.00, NULL, 0.00, 0.00, 0.00, 0.00, 0.00, 0, 0, 12, 1, '2026-01-01'),
(382, 562, 53, '58966', 12, NULL, 1650.00, 0.00, 1650.00, 1.00, NULL, 0.00, 0.00, 0.00, 0.00, 0.00, 0, 0, 12, 1, '2027-01-01'),
(383, 560, 54, '55145', 20, 0, 0.00, 0.00, 0.00, 1.00, 0.00, 0.00, 0.00, 0.00, 1.00, 0.00, 0, 0, 20, 1, '2026-02-02'),
(384, 3, 55, '16', 10, 0, 320.00, 0.00, 320.00, 1.00, 0.00, 0.00, 0.00, 32.00, 1.00, 0.00, 0, 0, 10, 1, '2026-01-01'),
(386, 276, 55, '52532', 15, NULL, 165.00, 0.00, 165.00, 1.00, NULL, 0.00, 0.00, 0.00, 0.00, 0.00, 0, 0, 15, 1, '2026-02-01'),
(387, 563, 55, '53650', 50, NULL, 3.00, 0.00, 150.00, 50.00, NULL, 0.00, 0.00, 0.00, 0.00, 0.00, 0, 0, 50, 1, '2029-02-02'),
(388, 92, 55, '535', 20, NULL, 75.00, 0.00, 75.00, 1.00, NULL, 0.00, 0.00, 0.00, 0.00, 0.00, 0, 0, 20, 1, '2027-02-02'),
(389, 564, 55, '2824', 50, NULL, 7.40, 0.00, 370.00, 50.00, NULL, 0.00, 0.00, 0.00, 0.00, 0.00, 0, 0, 50, 1, '2027-09-01'),
(390, 2, 55, '675', 5, NULL, 420.00, 0.00, 2100.00, 5.00, NULL, 0.00, 0.00, 0.00, 0.00, 0.00, 0, 0, 5, 1, '2026-09-02'),
(394, 494, 57, 'ACG785', 15, NULL, 127.50, 0.00, 127.50, 1.00, NULL, 0.00, 47.81, 0.00, 0.00, 2.50, 0, 0, 15, 1, '2027-03-11'),
(395, 421, 57, 'KEG162', 28, NULL, 148.75, 0.00, 148.75, 1.00, NULL, 0.00, 104.13, 0.00, 0.00, 2.50, 0, 0, 28, 1, '2027-03-11'),
(396, 565, 57, 'HSSG24C', 24, NULL, 799.60, 0.00, 3198.39, 4.00, NULL, 0.00, 479.76, 0.00, 0.00, 2.50, 0, 0, 24, 1, '2029-08-01'),
(397, 339, 58, '584718', 36, NULL, 191.67, 0.00, 2300.00, 12.00, NULL, 0.00, 0.00, 0.00, 0.00, 0.00, 0, 0, 36, 1, '2028-09-20'),
(398, 98, 58, '54105', 36, NULL, 275.00, 0.00, 3300.00, 12.00, NULL, 0.00, 0.00, 0.00, 0.00, 0.00, 0, 0, 36, 1, '2028-09-20'),
(405, 92, 58, '554', 150, NULL, 75.00, 0.00, 75.00, 1.00, NULL, 0.00, 0.00, 0.00, 0.00, 0.00, 0, 0, 150, 1, '2029-09-20'),
(407, 3, 58, '54541', 15, NULL, 320.00, 0.00, 320.00, 1.00, NULL, 0.00, 0.00, 0.00, 0.00, 0.00, 0, 0, 15, 1, '2025-04-01'),
(408, 555, 58, '13954', 5, NULL, 550.00, 0.00, 550.00, 1.00, NULL, 0.00, 0.00, 0.00, 0.00, 0.00, 0, 0, 5, 1, '2028-01-01'),
(409, 556, 58, '5145', 5, NULL, 550.00, 0.00, 550.00, 1.00, NULL, 0.00, 0.00, 0.00, 0.00, 0.00, 0, 0, 5, 1, '2028-09-20'),
(410, 558, 58, '5115', 5, NULL, 900.00, 0.00, 900.00, 1.00, NULL, 0.00, 0.00, 0.00, 0.00, 0.00, 0, 0, 5, 1, '2028-01-04'),
(411, 116, 58, '545', 24, NULL, 175.00, 0.00, 2100.00, 12.00, NULL, 0.00, 0.00, 0.00, 0.00, 0.00, 0, 0, 24, 1, '2027-09-20'),
(412, 112, 58, '14514', 36, NULL, 275.00, 0.00, 3300.00, 12.00, NULL, 0.00, 0.00, 0.00, 0.00, 0.00, 0, 0, 36, 1, '2029-09-20'),
(413, 567, 58, '6458', 15, NULL, 130.00, 0.00, 130.00, 1.00, NULL, 0.00, 0.00, 0.00, 0.00, 0.00, 0, 0, 15, 1, '2028-09-20'),
(415, 174, 58, '51154', 10, NULL, 110.00, 0.00, 110.00, 1.00, NULL, 0.00, 0.00, 0.00, 0.00, 0.00, 0, 0, 10, 1, '2028-09-20'),
(416, 409, 58, '0523', 30, NULL, 35.00, 0.00, 350.00, 10.00, NULL, 0.00, 0.00, 0.00, 0.00, 0.00, 0, 0, 30, 1, '2026-11-01'),
(417, 5, 58, '2544', 30, NULL, 24.00, 0.00, 240.00, 10.00, NULL, 0.00, 0.00, 0.00, 0.00, 0.00, 0, 0, 30, 1, '2026-06-02'),
(418, 568, 58, '8386', 40, NULL, 23.10, 0.00, 462.00, 20.00, NULL, 0.00, 0.00, 0.00, 0.00, 0.00, 0, 0, 40, 1, '2027-09-01'),
(419, 2, 58, '67F', 25, NULL, 210.00, 0.00, 1050.00, 5.00, NULL, 0.00, 0.00, 0.00, 0.00, 0.00, 0, 0, 25, 1, '2026-09-01'),
(420, 569, 58, '67878', 10, NULL, 90.00, 0.00, 90.00, 1.00, NULL, 0.00, 0.00, 0.00, 0.00, 0.00, 0, 0, 10, 1, '2027-01-01'),
(421, 570, 59, 'fef003', 30, NULL, 211.60, 0.00, 211.60, 1.00, NULL, 0.00, 0.00, 0.00, 0.00, 0.00, 0, 0, 30, 1, '2026-02-01'),
(422, 570, 60, 'fef005', 3, NULL, 211.60, 0.00, 211.60, 1.00, NULL, 0.00, 0.00, 0.00, 0.00, 0.00, 0, 0, 3, 1, '2026-02-01'),
(423, 28, 61, 'PN250136', 30, NULL, 246.53, 10.00, 246.53, 1.00, NULL, 0.00, 0.00, 0.00, 0.00, 0.00, 0, 0, 30, 1, '2026-11-01'),
(424, 572, 62, '41242', 2, NULL, 0.36, 0.00, 18.00, 50.00, NULL, 0.00, 0.00, 0.00, 0.00, 0.00, 0, 0, 2, 1, '2025-09-21');

-- --------------------------------------------------------

--
-- Table structure for table `investigation_category`
--

DROP TABLE IF EXISTS `investigation_category`;
CREATE TABLE IF NOT EXISTS `investigation_category` (
  `id` int NOT NULL AUTO_INCREMENT,
  `name` varchar(100) CHARACTER SET utf8mb4 COLLATE utf8mb4_general_ci DEFAULT NULL,
  `is_active` int NOT NULL DEFAULT '1',
  PRIMARY KEY (`id`)
) ENGINE=InnoDB AUTO_INCREMENT=9 DEFAULT CHARSET=utf8mb4 COLLATE=utf8mb4_general_ci;

--
-- Dumping data for table `investigation_category`
--

INSERT INTO `investigation_category` (`id`, `name`, `is_active`) VALUES
(1, 'Hamatology', 1),
(2, 'Serology', 1),
(3, 'Microscopy', 1),
(4, 'Chemical Pathalogy', 1),
(5, 'Ultrasound', 1),
(6, 'Blood Group', 1),
(7, 'X-Ray', 1),
(8, 'Radiology', 1);

-- --------------------------------------------------------

--
-- Table structure for table `investigation_sub_category`
--

DROP TABLE IF EXISTS `investigation_sub_category`;
CREATE TABLE IF NOT EXISTS `investigation_sub_category` (
  `id` bigint NOT NULL AUTO_INCREMENT,
  `investigation_category_id` int NOT NULL,
  `name` varchar(255) CHARACTER SET utf8mb4 COLLATE utf8mb4_general_ci DEFAULT NULL,
  `price` decimal(10,2) DEFAULT NULL,
  `is_parameter` int NOT NULL DEFAULT '1',
  `is_ict` int DEFAULT '0',
  `result_text` text COLLATE utf8mb4_general_ci,
  `is_dialeses_test` int NOT NULL DEFAULT '0',
  `is_active` int NOT NULL DEFAULT '1',
  PRIMARY KEY (`id`)
) ENGINE=InnoDB AUTO_INCREMENT=71 DEFAULT CHARSET=utf8mb4 COLLATE=utf8mb4_general_ci;

--
-- Dumping data for table `investigation_sub_category`
--

INSERT INTO `investigation_sub_category` (`id`, `investigation_category_id`, `name`, `price`, `is_parameter`, `is_ict`, `result_text`, `is_dialeses_test`, `is_active`) VALUES
(1, 1, 'CBC', 140.00, 1, 0, NULL, 0, 1),
(2, 1, 'ESR', 70.00, 1, 0, NULL, 0, 1),
(3, 1, 'HBA1C', 420.00, 1, 0, NULL, 0, 1),
(4, 1, 'HB', 53.00, 1, 0, NULL, 0, 1),
(5, 1, 'TLC / DLC', NULL, 1, NULL, NULL, 0, 0),
(6, 1, 'PT APTT INR', 350.00, 1, 0, NULL, 0, 1),
(7, 1, 'HB Electrophoresis', NULL, 1, NULL, NULL, 0, 1),
(8, 1, 'P- SMEAR', NULL, 1, NULL, NULL, 0, 1),
(9, 1, 'G6PD', NULL, 1, NULL, NULL, 0, 1),
(10, 1, 'Trop I', 420.00, 1, 0, NULL, 0, 1),
(11, 1, 'Electrolytes', 350.00, 1, 0, NULL, 0, 1),
(12, 1, 'Retic count', 0.00, 1, 0, NULL, 0, 1),
(13, 1, 'CROSS MATCH', 105.00, 1, 0, NULL, 0, 1),
(14, 1, 'CROSS MATCH', NULL, 1, NULL, NULL, 0, 0),
(15, 2, 'HBS', NULL, 1, NULL, NULL, 0, 0),
(16, 2, 'HBS', 70.00, 1, 1, NULL, 0, 1),
(17, 2, 'HCV', 70.00, 1, 1, NULL, 0, 1),
(18, 2, 'HIV', 105.00, 1, 1, NULL, 0, 1),
(19, 2, 'H.PHYLORY (ICT)', 140.00, 1, 1, NULL, 0, 1),
(20, 2, 'BLOOD GROUP', 35.00, 1, 1, NULL, 0, 1),
(21, 2, 'BRUCELLA', NULL, 1, NULL, NULL, 0, 1),
(22, 2, 'Typhoid', 105.00, 1, 0, NULL, 0, 1),
(23, 2, 'RA FACTORE', 105.00, 1, 0, NULL, 0, 1),
(24, 2, 'BT (Bleeding Time)', 53.00, 1, 0, NULL, 0, 1),
(25, 2, 'CT (Clotting Time)', 53.00, 1, 0, NULL, 0, 1),
(26, 2, 'MP (Malaria Parasite)', 105.00, 1, 0, NULL, 0, 1),
(27, 2, 'MONTOX', NULL, 1, NULL, NULL, 0, 1),
(28, 2, 'TB (ICT)', 105.00, 1, 0, NULL, 0, 1),
(29, 2, 'STOOL FOR ACCULT BLOOD', 280.00, 1, 0, NULL, 0, 1),
(30, 2, 'SCREANING CROSS MATCH', 420.00, 1, 0, NULL, 0, 1),
(31, 2, 'WIDAL', 105.00, 1, 0, NULL, 0, 1),
(32, 2, 'BC', 140.00, 1, 1, NULL, 0, 1),
(33, 2, 'HPSA', 210.00, 1, 0, NULL, 0, 1),
(34, 2, 'DENGUE NS-1', 210.00, 1, 1, NULL, 0, 1),
(35, 2, 'Toxoplasmosis', NULL, 1, 1, NULL, 0, 1),
(36, 2, 'PSA Level', NULL, 1, NULL, NULL, 0, 1),
(37, 3, 'URINE R/E', 53.00, 1, 1, NULL, 0, 1),
(38, 3, 'STOOL R/E', 88.00, 1, 0, NULL, 0, 1),
(39, 3, 'UPT (urine pregnancy test)', NULL, 1, 1, NULL, 0, 0),
(40, 3, 'UPT (urine pregnancy test)', 35.00, 1, 0, NULL, 0, 1),
(41, 3, 'SEIMEN ANALYSIS', 123.00, 1, 0, NULL, 0, 1),
(42, 3, 'Urine Albumin', 35.00, 1, 0, NULL, 0, 1),
(43, 3, 'Urine Ketone', 35.00, 1, 0, NULL, 0, 1),
(44, 4, 'RBS (Random blood sugar)', 35.00, 1, 0, NULL, 0, 1),
(45, 4, 'FBS (Fasting blood sugar)', 35.00, 1, 0, NULL, 0, 1),
(46, 4, 'LFTS', 175.00, 1, 0, NULL, 0, 1),
(48, 4, 'CRP (Quantitative)', 245.00, 1, 0, NULL, 0, 1),
(49, 4, 'LDL', NULL, 1, NULL, NULL, 0, 1),
(50, 4, 'LDH', 0.00, 1, 0, NULL, 0, 1),
(51, 4, 'CHOLISTROLE', 105.00, 1, 0, NULL, 0, 1),
(52, 4, 'AMYLASE', 175.00, 1, 0, NULL, 0, 1),
(53, 4, 'LIPID PROFILE', 280.00, 1, 0, NULL, 0, 1),
(54, 4, 'ALT (SGPT)', 70.00, 1, 0, NULL, 0, 1),
(55, 4, 'ALKALINE PHOSPOTASE', 70.00, 1, 0, NULL, 0, 1),
(56, 4, 'Bilrubin (D)', NULL, 1, NULL, NULL, 0, 1),
(57, 4, 'Bilrubin (IND)', NULL, 1, NULL, NULL, 0, 1),
(58, 4, 'Bilrubin (ToTal)', 70.00, 1, 0, NULL, 0, 1),
(59, 4, 'Bilrubin (D / IND)', 140.00, 1, 0, NULL, 0, 1),
(60, 4, 'RFTS', 210.00, 1, 0, NULL, 0, 1),
(61, 5, 'Female Pelvis US', 700.00, 0, 0, NULL, 0, 1),
(62, 6, 'Blood Group', 100.00, 1, 1, NULL, 0, 0),
(63, 5, 'Abdomen & Pelvis', 700.00, 0, 0, NULL, 0, 1),
(64, 5, 'INGUINOSCROTAL U/S', 1200.00, 0, 0, NULL, 0, 1),
(65, 5, 'KUB U/S', 700.00, 0, 0, NULL, 0, 1),
(66, 5, 'U/S Doppler', 1000.00, 0, 0, NULL, 0, 1),
(67, 7, 'Agfa Film', 500.00, 0, 0, NULL, 0, 1),
(68, 5, 'Obs U/S', 700.00, 0, 0, NULL, 0, 1),
(69, 8, 'ECG', 400.00, 0, 0, NULL, 0, 1),
(70, 4, 'CREAT', 110.00, 1, 0, NULL, 0, 1);

-- --------------------------------------------------------

--
-- Table structure for table `investigation_sub_category_parameters`
--

DROP TABLE IF EXISTS `investigation_sub_category_parameters`;
CREATE TABLE IF NOT EXISTS `investigation_sub_category_parameters` (
  `id` bigint NOT NULL AUTO_INCREMENT,
  `index_number` int NOT NULL DEFAULT '1',
  `name` varchar(200) CHARACTER SET utf8mb4 COLLATE utf8mb4_general_ci NOT NULL,
  `investigation_sub_category_id` int DEFAULT NULL,
  `male_min` decimal(10,2) DEFAULT NULL,
  `male_max` decimal(10,2) DEFAULT NULL,
  `female_min` decimal(10,2) DEFAULT NULL,
  `female_max` decimal(10,2) DEFAULT NULL,
  `child_min` decimal(10,2) DEFAULT NULL,
  `child_max` decimal(10,2) DEFAULT NULL,
  `unit` varchar(100) CHARACTER SET utf8mb4 COLLATE utf8mb4_general_ci DEFAULT NULL,
  `is_active` int NOT NULL DEFAULT '1',
  PRIMARY KEY (`id`)
) ENGINE=InnoDB AUTO_INCREMENT=63 DEFAULT CHARSET=utf8mb4 COLLATE=utf8mb4_general_ci;

--
-- Dumping data for table `investigation_sub_category_parameters`
--

INSERT INTO `investigation_sub_category_parameters` (`id`, `index_number`, `name`, `investigation_sub_category_id`, `male_min`, `male_max`, `female_min`, `female_max`, `child_min`, `child_max`, `unit`, `is_active`) VALUES
(1, 1, 'WBC', 1, 3.50, 10.00, 3.50, 10.00, 3.50, 10.00, '10^9/L', 1),
(2, 2, 'RBC', 1, 2.67, 5.74, 2.67, 5.74, 2.67, 5.74, '10^12/L', 1),
(3, 3, 'HB', 1, 11.00, 18.00, 11.00, 18.00, 11.00, 18.00, 'g/dl', 1),
(4, 4, 'HCT', 1, 26.10, 49.60, 26.10, 49.60, 26.10, 49.60, '%', 1),
(5, 5, 'MCV', 1, 76.40, 102.40, 76.40, 102.40, 76.40, 102.40, 'fl', 1),
(6, 6, 'MCH', 1, 23.30, 36.30, 23.30, 36.30, 23.30, 36.30, 'pg', 1),
(7, 7, 'MCHC', 1, 29.70, 36.80, 29.70, 36.80, 29.70, 36.80, 'g/dl', 1),
(8, 8, 'RDW', 1, 11.30, 16.70, 11.30, 16.70, 11.30, 16.70, '%', 1),
(9, 9, 'PLT', 1, 150.00, 400.00, 150.00, 400.00, 150.00, 400.00, '10^9/L', 1),
(10, 10, 'MPV', 1, 6.50, 12.00, 6.50, 12.00, 6.50, 12.00, 'fL', 1),
(11, 11, 'PCT', 1, 0.11, 0.28, 0.11, 0.28, 0.11, 0.28, '%', 1),
(12, 12, 'LYM', 1, 20.00, 50.00, 20.00, 50.00, 20.00, 50.00, '%', 1),
(13, 13, 'MON', 1, 3.00, 10.00, 3.00, 10.00, 3.00, 10.00, '%', 1),
(14, 14, 'GRA', 1, 40.00, 75.00, 40.00, 75.00, 40.00, 75.00, '%', 1),
(15, 1, 'ESR', 2, NULL, NULL, NULL, NULL, NULL, NULL, 'mm/hr', 0),
(16, 1, 'ESR', 2, 0.00, 15.00, 0.00, 20.00, NULL, NULL, 'mm/hr', 1),
(17, 1, 'HBS', 32, 0.00, 0.00, 0.00, 0.00, 0.00, 0.00, 'ICT', 1),
(18, 2, 'HCV', 32, 0.00, 0.00, 0.00, 0.00, 0.00, 0.00, 'ICT', 1),
(19, 1, 'UREA', 60, 10.00, 50.00, 10.00, 50.00, 10.00, 50.00, 'mg/dl', 1),
(20, 2, 'Creatanine', 60, 0.30, 1.50, 0.30, 1.50, 0.30, 1.50, 'mg/dl', 1),
(21, 1, 'SERUM SODIUM (Na)', 11, 135.00, 150.00, 135.00, 150.00, 135.00, 150.00, 'mmo/l', 1),
(22, 2, 'SERUM POTASSIUM (K)', 11, 3.50, 5.50, 3.50, 5.50, 3.50, 5.50, 'mmo/l', 1),
(23, 3, 'SERUM CHLORIDE (Cl)', 11, 97.00, 109.00, 97.00, 109.00, 97.00, 109.00, 'mmo/l', 1),
(24, 1, 'PT (Patient)', 6, 0.00, 0.00, 0.00, 0.00, 0.00, 0.00, 'Second', 1),
(25, 2, 'PT (Control)', 6, 0.00, 0.00, 0.00, 0.00, 0.00, 0.00, 'Second', 1),
(26, 3, 'APTT (Patient)', 6, 0.00, 0.00, 0.00, 0.00, 0.00, 0.00, 'Second', 1),
(27, 4, 'APTT (Control)', 6, 0.00, 0.00, 0.00, 0.00, 0.00, 0.00, 'Second', 1),
(28, 5, 'INR (International Normalized Ratio)', 6, 0.00, 0.00, 0.00, 0.00, 0.00, 0.00, 'Second', 1),
(29, 1, 'HIV', 18, 0.00, 0.00, 0.00, 0.00, 0.00, 0.00, 'ICT', 1),
(30, 1, 'RBS (Random blood sugar)', 44, 80.00, 170.00, 80.00, 170.00, 80.00, 170.00, 'mg/dl', 1),
(32, 1, 'Bilubine total', 58, 0.00, 1.20, 0.00, 1.20, 0.00, 1.20, 'mg/dl', 1),
(33, 2, 'Blood Group', 62, 0.00, 0.00, 0.00, 0.00, 0.00, 0.00, '-', 1),
(34, 1, 'RH Factor', 62, 0.00, 0.00, 0.00, 0.00, 0.00, 0.00, '-', 1),
(35, 1, 'Blood Group', 20, 0.00, 0.00, 0.00, 0.00, 0.00, 0.00, '-', 1),
(36, 2, 'RH Factor', 20, 0.00, 0.00, 0.00, 0.00, 0.00, 0.00, '-', 1),
(37, 1, 'Bilrubbin Total', 46, 0.00, 1.20, 0.00, 1.20, 0.00, 1.20, 'mg/dl', 1),
(38, 2, 'Alt', 46, 0.00, 45.00, 0.00, 45.00, 0.00, 45.00, 'u/l', 1),
(39, 3, 'ALKALINE PHOSPHOTASE', 46, 0.00, 258.00, 0.00, 258.00, 0.00, 258.00, 'mg/dl', 1),
(40, 1, 'Color', 37, NULL, NULL, NULL, NULL, NULL, NULL, '-', 1),
(41, 2, 'Appearance', 37, NULL, NULL, NULL, NULL, NULL, NULL, '-', 1),
(42, 6, 'Pus Cell', 37, NULL, NULL, NULL, NULL, NULL, NULL, '-', 1),
(43, 7, 'Rbc Cell', 37, NULL, NULL, NULL, NULL, NULL, NULL, '-', 1),
(44, 8, 'Epithelial Cell', 37, NULL, NULL, NULL, NULL, NULL, NULL, '-', 1),
(45, 10, 'Bacteria', 37, NULL, NULL, NULL, NULL, NULL, NULL, '-', 1),
(46, 12, 'Mucus Thread', 37, NULL, NULL, NULL, NULL, NULL, NULL, '-', 1),
(47, 11, 'Cast Cell', 37, NULL, NULL, NULL, NULL, NULL, NULL, '-', 1),
(48, 9, 'Calcium Oxalate', 37, NULL, NULL, NULL, NULL, NULL, NULL, '-', 1),
(49, 3, 'Sugar', 37, NULL, NULL, NULL, NULL, NULL, NULL, '-', 1),
(50, 4, 'Albumin', 37, NULL, NULL, NULL, NULL, NULL, NULL, '-', 1),
(51, 5, 'PH', 37, NULL, NULL, NULL, NULL, NULL, NULL, '-', 1),
(52, 13, 'Amorphous Urates', 37, NULL, NULL, NULL, NULL, NULL, NULL, '-', 1),
(53, 14, 'Amorphous Phosphate', 37, NULL, NULL, NULL, NULL, NULL, NULL, '-', 1),
(54, 15, 'Others', 37, NULL, NULL, NULL, NULL, NULL, NULL, '-', 1),
(55, 1, 'HBA1C', 3, 0.00, 6.50, 0.00, 6.50, 0.00, 6.50, '%', 1),
(56, 1, 'CRP (Quantitative)', 48, 0.00, 6.00, 0.00, 6.00, 0.00, 6.00, 'mg/dl', 1),
(57, 1, 'HBS', 16, NULL, NULL, NULL, NULL, NULL, NULL, 'ICT', 1),
(58, 1, 'HCV', 17, NULL, NULL, NULL, NULL, NULL, NULL, 'ICT', 1),
(59, 1, 'HB', 4, 12.00, 18.00, 12.00, 16.00, 15.00, 21.00, 'g/dl', 1),
(60, 1, 'BT', 24, 2.00, 7.00, 2.00, 7.00, 2.00, 7.00, 'Second', 1),
(61, 1, 'CT', 25, 8.00, 15.00, 8.00, 15.00, 8.00, 15.00, 'Second', 1),
(62, 1, 'Creatanine', 70, 0.30, 1.50, 0.30, 1.50, 0.30, 1.50, 'mg/dl', 1);

-- --------------------------------------------------------

--
-- Table structure for table `item_form`
--

DROP TABLE IF EXISTS `item_form`;
CREATE TABLE IF NOT EXISTS `item_form` (
  `id` int NOT NULL AUTO_INCREMENT,
  `name` varchar(255) CHARACTER SET utf8mb4 COLLATE utf8mb4_general_ci DEFAULT NULL,
  `is_active` int NOT NULL DEFAULT '1',
  PRIMARY KEY (`id`)
) ENGINE=InnoDB AUTO_INCREMENT=568 DEFAULT CHARSET=utf8mb4 COLLATE=utf8mb4_general_ci;

--
-- Dumping data for table `item_form`
--

INSERT INTO `item_form` (`id`, `name`, `is_active`) VALUES
(1, '-', 1),
(2, '-', 1),
(3, 'Adhesive', 1),
(4, 'Capsules', 1),
(5, 'Cream', 1),
(6, 'Disposable', 1),
(7, 'Ear Drops', 1),
(8, 'Elixer', 1),
(9, 'Emulsion', 1),
(10, 'Expectorant', 1),
(11, 'Eye / Ear & Nose Drops', 1),
(12, 'Eye Drops', 1),
(13, 'Gel', 1),
(14, 'Infusion', 1),
(15, 'INHALER', 1),
(16, 'inj.', 1),
(17, 'Liquid', 1),
(18, 'Lotion', 1),
(19, 'Lozenges', 1),
(20, 'Nasal drops', 1),
(21, 'Nebuliser', 1),
(22, 'Ointment', 1),
(23, 'oral drops', 1),
(24, 'oral gel', 1),
(25, 'Oxygen', 1),
(26, 'POWDER', 1),
(27, 'Rectal', 1),
(28, 'Sachet', 1),
(29, 'Solution', 1),
(30, 'Spray', 1),
(31, 'stunt', 1),
(32, 'Suspension', 1),
(33, 'Syrup', 1),
(34, 'Tab', 1),
(35, 'Tooth Polish', 1);

-- --------------------------------------------------------

--
-- Table structure for table `item_generic_name`
--

DROP TABLE IF EXISTS `item_generic_name`;
CREATE TABLE IF NOT EXISTS `item_generic_name` (
  `id` int NOT NULL AUTO_INCREMENT,
  `name` varchar(255) CHARACTER SET utf8mb4 COLLATE utf8mb4_general_ci DEFAULT NULL,
  `is_active` int NOT NULL DEFAULT '1',
  PRIMARY KEY (`id`)
) ENGINE=InnoDB AUTO_INCREMENT=569 DEFAULT CHARSET=utf8mb4 COLLATE=utf8mb4_general_ci;

--
-- Dumping data for table `item_generic_name`
--

INSERT INTO `item_generic_name` (`id`, `name`, `is_active`) VALUES
(1, '-', 1),
(2, 'CHONDROITIN', 1),
(3, 'EUCALYPTUS', 1),
(4, 'Folic Acid with Vitamin B6+B12', 1),
(5, 'L-Aspartate', 1),
(6, 'MENTHOL', 1),
(7, 'Nicotinoamide', 1),
(8, 'Riboflavin', 1),
(9, 'TURPENTINE OIL', 1),
(10, '.', 1),
(11, '25% Dextrose', 1),
(12, '25% Glucose Anhydrous', 1),
(13, '70% HUMAN INSULIN ISOPHANE SUSP 30% HUMAN INSULIN INJ', 1),
(14, 'Absorbable gelatin Sponge', 1),
(15, 'Absorbent Cotton Gauze', 1),
(16, 'Aceclofenac', 1),
(17, 'Acefylline Piperazine And Diphenhydramine HCL', 1),
(18, 'Acelofenac', 1),
(19, 'Acetyl L-Carnitine', 1),
(20, 'Acetylcysteine', 1),
(21, 'Acyclovir', 1),
(22, 'Adrenaline', 1),
(23, 'Airway', 1),
(24, 'Albendazole', 1),
(25, 'Alendronate Sodium', 1),
(26, 'alfacalcidol', 1),
(27, 'ALGINATE COMPOUND', 1),
(28, 'Allopurinol', 1),
(29, 'Alprazolam', 1),
(30, 'Alumina Magnesia/ simethicone', 1),
(31, 'Aluminum hydroxide + magnesium hydroxide + simethicone', 1),
(32, 'Alverine citrate+ Simethicone', 1),
(33, 'Amikacin', 1),
(34, 'Aminodarone HCI USP.....50mg', 1),
(35, 'Aminophylline', 1),
(36, 'Aminophylline compound', 1),
(37, 'AMIODARONE HYDROCHLORIDE', 1),
(38, 'Amitriptyline Hydrochloride U.S.P', 1),
(39, 'Amlodipine', 1),
(40, 'Amlodipine + Hydrochlorothiazide', 1),
(41, 'Amlodipine+Valsartan', 1),
(42, 'Amlodipine+Valsartan+Hydrochlorothiazide', 1),
(43, 'ammonium chloride+diphenhydramine hydrochloride+aminophylline', 1),
(44, 'Amoxycillin', 1),
(45, 'Ampicillin', 1),
(46, 'Ampicillin Sodium', 1),
(47, 'Ampicillin sodium + Cloxacillin Sodium', 1),
(48, 'Ampicillin+ Cloxacillin', 1),
(49, 'antacid', 1),
(50, 'Artemether/Lumefantrine', 1),
(51, 'Artesunate', 1),
(52, 'Aspirin', 1),
(53, 'Atenolol', 1),
(54, 'ATORVASTATIN', 1),
(55, 'Atorvastatin+Ezetimibe', 1),
(56, 'Atracurium Besylate Inj.', 1),
(57, 'Atropine', 1),
(58, 'Azithromycin', 1),
(59, 'Bacitracin+ polymyxin+ Neomycin+ lidocain.', 1),
(60, 'Bacterial culture', 1),
(61, 'Bacterial culture+Hydrocartisone', 1),
(62, 'beclomethasone dipropionate', 1),
(63, 'Belladerma plaster', 1),
(64, 'Benzodamine', 1),
(65, 'BENZOIN+ALOES+STORAX+BALSUM TOLU', 1),
(66, 'Benzydamine', 1),
(67, 'Benzydamine Hcl + Chlohexadine Gulconate', 1),
(68, 'Benzyl Penicillin', 1),
(69, 'Betahistine Dihydrochloride', 1),
(70, 'Betamethasone', 1),
(71, 'Betamethasone + neomycin', 1),
(72, 'Bifonazole', 1),
(73, 'Bisoprolol Hemifumarate', 1),
(74, 'Blood bag', 1),
(75, 'BLOOD PURIFER', 1),
(76, 'Bromazepam', 1),
(77, 'Budesonide+Formoterol', 1),
(78, 'Bufexamac + Neomycin + Nystatin', 1),
(79, 'Bupivacaine HCL', 1),
(80, 'Calamine', 1),
(81, 'Calcium + Vitamin D3 + Vitamin K2', 1),
(82, 'Calcium + vitamins D3+C+B6', 1),
(83, 'Calcium Acetate', 1),
(84, 'calcium carbonate+ vitamin D3', 1),
(85, 'Calcium Gluconate', 1),
(86, 'Calcium Lactate Gluconate', 1),
(87, 'CAMPHOR', 1),
(88, 'cannula', 1),
(89, 'captopril', 1),
(90, 'Carbamazepine', 1),
(91, 'Carbamazpine', 1),
(92, 'CARBAMZEPIN', 1),
(93, 'Carbidopa/Lvodopa.', 1),
(94, 'Carbocisteine + Promethazine HCI', 1),
(95, 'Carvedilol', 1),
(96, 'Catgut 1 (5 Metric) 76cm', 1),
(97, 'Catgut 2 (6 Metric) 76cm', 1),
(98, 'Catgut 2/0 (3.5 Metric) 76cm', 1),
(99, 'Catheter', 1),
(100, 'Cefaclor', 1),
(101, 'cefadroxil', 1),
(102, 'Cefixime', 1),
(103, 'Cefoperazone Na +Sulbactam Na', 1),
(104, 'Cefotaxime', 1),
(105, 'Cefpodixime Proxetil', 1),
(106, 'Cefpodoxime', 1),
(107, 'Ceftazidime', 1),
(108, 'Ceftriaxone', 1),
(109, 'Cefuroxime', 1),
(110, 'CELECOXIB', 1),
(111, 'Cephalexin', 1),
(112, 'Cephradine', 1),
(113, 'Cetirizine HCL', 1),
(114, 'Chamber', 1),
(115, 'China Qingdao Bright Medical Manufacturing', 1),
(116, 'Chlordiazepoxide + Clidinium bromide', 1),
(117, 'CHLOROXYLENOL', 1),
(118, 'cHLORPHENIRAMIN + paracetamol', 1),
(119, 'Chlorpheniramine Melate Complex', 1),
(120, 'Cholecalciferol Vitamin D3', 1),
(121, 'Cholinergic Agonist', 1),
(122, 'Cinitapride', 1),
(123, 'Cinnarizine', 1),
(124, 'Ciprofloxacin', 1),
(125, 'Ciprofloxacin + Lignocaine', 1),
(126, 'CitroSoda', 1),
(127, 'Clarithromycin', 1),
(128, 'Clarithromycin+omeprazol+metronidazpole', 1),
(129, 'Clindamycin', 1),
(130, 'Clobetasol Propionate USP 0.05% W/W', 1),
(131, 'Clomiphene Citrate', 1),
(132, 'Clonazepam', 1),
(133, 'Clopidogrel', 1),
(134, 'Clopidogrel and Aspirin', 1),
(135, 'Clostom Bag+ Wraper', 1),
(136, 'Clotrimazole', 1),
(137, 'Co amoxiclave', 1),
(138, 'Coenzyme Q10', 1),
(139, 'condom', 1),
(140, 'Copper T', 1),
(141, 'Co-Trimoxazole', 1),
(142, 'Cotton Bandage Sponge', 1),
(143, 'Cotton Bandages', 1),
(144, 'Cran Berry Extract', 1),
(145, 'cranberry extract+ vitE+vitC', 1),
(146, 'Cream of Magnesia With Liquid Paraffin', 1),
(147, 'crotamiton+sulphur', 1),
(148, 'CYPROTERANE ACETATE 2MG-ETHINYLESTRADIOL 0.035MG', 1),
(149, 'Daiper', 1),
(150, 'Dapagliflozin', 1),
(151, 'DELUXE FEEDER', 1),
(152, 'DELUXE PLUS', 1),
(153, 'Desloratidine', 1),
(154, 'Dexamethasone', 1),
(155, 'Dexibuprofen', 1),
(156, 'Dexlansopraxole', 1),
(157, 'DEXLANSOPRAZOLE', 1),
(158, 'Dextran + Hydroxypropyle methylcellulose', 1),
(159, 'Dextromethorphan+ ephedrine+ chlorpheniramine', 1),
(160, 'Dextromethorphan+pseudoephedrine+chlorpheniramine', 1),
(161, 'Dextromethorthan+ carbinoxamin Melate+ pseudovphetrine Hcl+ guaifenesin.', 1),
(162, 'Dextrose 10%', 1),
(163, 'Dextrose 4.30% + Nacl 0.18%', 1),
(164, 'Dextrose 5%', 1),
(165, 'Dextrose 5% + Nacl 0.9%', 1),
(166, 'Diazepam', 1),
(167, 'Diclofenac Acid', 1),
(168, 'Diclofenac Potassium', 1),
(169, 'Diclofenac Sodium', 1),
(170, 'Diclofenac Sodium+ Misoprostolol', 1),
(171, 'Digoxin', 1),
(172, 'Diloxanide Furoate/Metronidazole Benzoate', 1),
(173, 'Dimenhydrinate', 1),
(174, 'DIMETHYL-AMINO-ETHANOL GLUTAMATE+LYCINE MONOHYDROCHLORIDE+CA GLUCONOGLUCOHEPTONATE+PHOSPHORIC ACID+SORBITOL.', 1),
(175, 'Dinoprostone', 1),
(176, 'Dioctahedral Samectite', 1),
(177, 'Diphenhydramine Hcl + Dextromethophan', 1),
(178, 'Disodium hydrogen citrate', 1),
(179, 'Disposable', 1),
(180, 'Disposible Gloves', 1),
(181, 'Divalproex Sodium', 1),
(182, 'Dlimepride + Metformin Hcl', 1),
(183, 'Dobutamine', 1),
(184, 'Doctor Cap', 1),
(185, 'Domperidone', 1),
(186, 'Dopamine', 1),
(187, 'Dosulepin HCL', 1),
(188, 'Doxazosin Mesylate', 1),
(189, 'Doxofylline', 1),
(190, 'Doxycycline', 1),
(191, 'Doxylamine Succinate & Pyridoxine Hcl', 1),
(192, 'Drip set', 1),
(193, 'Drotaverine', 1),
(194, 'Duloxetine U.S.P', 1),
(195, 'Dutasteride+Tamsolin Hcl', 1),
(196, 'Dydrogesterone', 1),
(197, 'Ebastine', 1),
(198, 'ECG Electrodes', 1),
(199, 'Electrolytes + Dextrose', 1),
(200, 'Electrosurgical Pencil', 1),
(201, 'Empagliflozin', 1),
(202, 'Empagliflozin + Linagliptin', 1),
(203, 'Empagliflozin+ Metformin Hcl', 1),
(204, 'Enalapril Maleate', 1),
(205, 'endotracheal tebe', 1),
(206, 'Endotracheal tube', 1),
(207, 'Enoxaparin sodium', 1),
(208, 'Enterogermina', 1),
(209, 'EPOETIN ALFA', 1),
(210, 'ERTHROPOIETIN', 1),
(211, 'Erythromycin', 1),
(212, 'Escitalopram', 1),
(213, 'Esomeprazole', 1),
(214, 'Essential Amino Acids & Sorbitol', 1),
(215, 'Etoricoxib', 1),
(216, 'Famotidine', 1),
(217, 'FAULAD', 1),
(218, 'Febuxostat', 1),
(219, 'Ferrric Carboxymaltose', 1),
(220, 'Fexofenadine HCL', 1),
(221, 'Fexofenadine+Pseudoepiderine', 1),
(222, 'Finasteride', 1),
(223, 'Fix roll', 1),
(224, 'Fluconazole', 1),
(225, 'Flunarizine HCL', 1),
(226, 'Flunisolide', 1),
(227, 'Fluorometholone', 1),
(228, 'Fluoxetine', 1),
(229, 'Flurbiprofen', 1),
(230, 'Fluvoxamine Maleate', 1),
(231, 'Folate', 1),
(232, 'Folic acid', 1),
(233, 'Folic Acid With Vitamin B6+B12', 1),
(234, 'Foly Catheter', 1),
(235, 'fosfomycin', 1),
(236, 'Furosemide', 1),
(237, 'Fusidic Acid cream', 1),
(238, 'Fusidic Acid/ Hydrocortisone Acetate', 1),
(239, 'Fusidic acid/Betamethasone Valerate', 1),
(240, 'Gauze', 1),
(241, 'Gelatin Sponge', 1),
(242, 'Gentamicin', 1),
(243, 'Ginkgo Biloba Extract', 1),
(244, 'Gliclazide', 1),
(245, 'GLIMEPIRIDE', 1),
(246, 'Glimepiride + Metformin Hcl', 1),
(247, 'GLUCOSAMINE', 1),
(248, 'Glycerine', 1),
(249, 'Glyceryl Trinitrate', 1),
(250, 'Glycopyrrolate', 1),
(251, 'Glycopyrrolate+Neostigmine Metilsulfate', 1),
(252, 'Haloperidol', 1),
(253, 'HAMDARD.', 1),
(254, 'Happy Life Condom', 1),
(255, 'HAZEL EXTRACTS+TEA TREE OIL', 1),
(256, 'HEALTHY BONES AND JOINTS', 1),
(257, 'HEPARIN INJ 1000IU', 1),
(258, 'Heparin Sodium', 1),
(259, 'Human Chorionic Gonadotropin', 1),
(260, 'HUMAN INSULIN', 1),
(261, 'HUMAN INSULIN +ISOPHANE', 1),
(262, 'HUMAN INSULIN NPH', 1),
(263, 'Hydralazine HCL', 1),
(264, 'Hydrocortisone Sodium Succinate', 1),
(265, 'Hydrocortisone+ Clotrimazole', 1),
(266, 'Hydrogen Peroxide', 1),
(267, 'hydroquinone+fluocinolone acetinde', 1),
(268, 'Hydroxyhloroquine Sulfate', 1),
(269, 'Hydroxyprogesterone caproate-Estradiol Valerate', 1),
(270, 'Hydroxyzine HCL', 1),
(271, 'Hyocine Butylbromide+Paracetamol', 1),
(272, 'Hyoscine butyl bromide', 1),
(273, 'Iboprofen', 1),
(274, 'ibuprofen', 1),
(275, 'Ibuprofen+Peudoephedrine', 1),
(276, 'Ihaler Device', 1),
(277, 'Imipramine HCL', 1),
(278, 'Indomethacin', 1),
(279, 'Insulin Glargine', 1),
(280, 'ipratropium bromide', 1),
(281, 'Iron Bisglycinate', 1),
(282, 'Iron Bisglycinte', 1),
(283, 'Iron hydroxide-polymaltose complex', 1),
(284, 'Iron hydroxide-polymaltose complex +polic acid', 1),
(285, 'iron+B-complex', 1),
(286, 'iron+Folic Acid with minerals', 1),
(287, 'Isoconazole', 1),
(288, 'Isoconazole Nitrate+ Diflucortolone Valerate', 1),
(289, 'Isoflurane USP', 1),
(290, 'Isosorbide Dinitrate', 1),
(291, 'Itopride', 1),
(292, 'Itopride HCL', 1),
(293, 'Itraconazole B.P', 1),
(294, 'IV Line', 1),
(295, 'ivermectin', 1),
(296, 'IVY leaf extract', 1),
(297, 'KCL', 1),
(298, 'Ketamine', 1),
(299, 'Ketoconazole', 1),
(300, 'Ketoprofen', 1),
(301, 'Ketorolac Tromethamine', 1),
(302, 'Labetalol HCL', 1),
(303, 'lactase Enzyme', 1),
(304, 'Lactated ringer & Dextrose Inj.', 1),
(305, 'Lactobacillus Reutri', 1),
(306, 'Lactulose', 1),
(307, 'Lead', 1),
(308, 'Letrozole', 1),
(309, 'Levamisole', 1),
(310, 'Levetiracetam', 1),
(311, 'Levocarnitine', 1),
(312, 'Levocetirizine H2CL', 1),
(313, 'Levofloxacin', 1),
(314, 'levonorgestrel and ethinyl tablets BP Ferrous Fumarate Tablet BP', 1),
(315, 'Levosulpride', 1),
(316, 'Levothyroxine Sodium', 1),
(317, 'lidocaine HCL', 1),
(318, 'Lidocaine with adrenaline', 1),
(319, 'Lignocaine HCL', 1),
(320, 'Lincomycin', 1),
(321, 'Linezolid', 1),
(322, 'liquid paraffin', 1),
(323, 'LIS', 1),
(324, 'Lisinopril', 1),
(325, 'L-Methylfolate', 1),
(326, 'Loratidine', 1),
(327, 'L-Ornithine', 1),
(328, 'L-Ornithine L-Aspartate+Nicotinamide+Riboflavin-5-Phosphate Na', 1),
(329, 'Lornoxicam', 1),
(330, 'Losartan Potasium', 1),
(331, 'Losartan Potasium + Hydrochlorothiazide', 1),
(332, 'Magnesium sulphate', 1),
(333, 'Mannitol17.5% + Sorbitol 2.5%', 1),
(334, 'Mask', 1),
(335, 'Mebaverine HCL', 1),
(336, 'Mebendazole', 1),
(337, 'Mebeverine hydrochloride', 1),
(338, 'Mecobalamin', 1),
(339, 'Medroxyprogesterone Acetate', 1),
(340, 'Mefenamic Acid', 1),
(341, 'Melatonin', 1),
(342, 'Menthol+ Camphor', 1),
(343, 'Menthol+ Terpeneless+ Peppermint Oil+ Tartaric Acid+ Honey+ Edicol Tartrazine', 1),
(344, 'Meropenem', 1),
(345, 'Metformin Hcl', 1),
(346, 'Methylated Spirit', 1),
(347, 'Methyldopa', 1),
(348, 'Methylperdnisolone Acetate', 1),
(349, 'METHYLPREDNISOLONE ACETATE', 1),
(350, 'Metoclopramide', 1),
(351, 'Metopine + L-Lysine HCL +DL-carnitine HCL+Vit-B Complex', 1),
(352, 'Metoprolol Tartrate', 1),
(353, 'metronidazole', 1),
(354, 'Metronidazole+Diloxanide Furoate', 1),
(355, 'miconazole', 1),
(356, 'miconazole+Hydroctisone', 1),
(357, 'Micronized Purified Flavonoid Fraction', 1),
(358, 'Midazolam', 1),
(359, 'Minoxidil', 1),
(360, 'Mirabegron', 1),
(361, 'Misoprostol', 1),
(362, 'Monobasic sodium Phosphate And Dibasic Sodium Phosphate Rectal Solution', 1),
(363, 'Montelukast Sodium', 1),
(364, 'Mouth & Throat Spray', 1),
(365, 'Moxifloxacin', 1),
(366, 'Multivitamins', 1),
(367, 'Mupirocin', 1),
(368, 'Myoinosito+Kidney Bean Extracts+folic acid', 1),
(369, 'Nacl 0.9%', 1),
(370, 'Nalbuphine HCL', 1),
(371, 'Naloxone', 1),
(372, 'Naproxen', 1),
(373, 'Naproxin+Esomeprazole', 1),
(374, 'Nasal Oxygen Cannula', 1),
(375, 'nebivolol', 1),
(376, 'nebulaiser mask', 1),
(377, 'Nelation tube', 1),
(378, 'Neostigmine Methylsulphate', 1),
(379, 'Nifedipine', 1),
(380, 'Nimesulide', 1),
(381, 'Nitazoxanide', 1),
(382, 'Nitroglycerin.....1mg (Glyceryl trinitrate)', 1),
(383, 'NORADREANLINE', 1),
(384, 'Norethisterone', 1),
(385, 'Norfloxacin', 1),
(386, 'Nortriptyline', 1),
(387, 'Nsproxen Sodium', 1),
(388, 'Nursing Cap', 1),
(389, 'Nystatin', 1),
(390, 'ofloxacin', 1),
(391, 'Olanzapine', 1),
(392, 'Omeprazole', 1),
(393, 'omeprazole+sodium bicorbonate', 1),
(394, 'Ondansetron HCL', 1),
(395, 'Orlistat U.S.P', 1),
(396, 'Orotic acid + vit B12 B.P & Folic acid B.P', 1),
(397, 'ORS', 1),
(398, 'Ossein Mineral complex + Vit-D', 1),
(399, 'Oxethazaine+ aluminium hydroxoide+ magnisium', 1),
(400, 'Oxybutynin HCL', 1),
(401, 'oxygen mask', 1),
(402, 'Oxytocin', 1),
(403, 'Pantoprazole', 1),
(404, 'Paracetamol', 1),
(405, 'Paracetamol + Diphenhydramine', 1),
(406, 'Paracetamol BP & Orphenadrine Citrate BP', 1),
(407, 'Paracetamol+Caffeine', 1),
(408, 'Paracetamol+Ibuprofen', 1),
(409, 'Paracetamol+Orphenadrine', 1),
(410, 'Paracetamol+Thioridazine+Caffeine', 1),
(411, 'Paroxetine HCL', 1),
(412, 'Paste', 1),
(413, 'Penicillin - Benzathine', 1),
(414, 'Peracetamole+Caffeine', 1),
(415, 'Peracetamole+phenylephine HCL', 1),
(416, 'Permethrin', 1),
(417, 'Phenazopyridine HCL', 1),
(418, 'Pheniramine Meleate', 1),
(419, 'Phenylephrine HCL', 1),
(420, 'Phenytoin sodium', 1),
(421, 'Phloroglucinol hydrate+ Trimethylphloroglucinol', 1),
(422, 'Phytomenadione', 1),
(423, 'pioglitazone+metformin', 1),
(424, 'Piperacillin+Tazobactam', 1),
(425, 'piroxicam b cyclodextrin', 1),
(426, 'Piroxicam Beta Cyclodextrin', 1),
(427, 'Pizotifen', 1),
(428, 'plant extract', 1),
(429, 'plaster', 1),
(430, 'Polyethylene Glycol 3350+ Nacl+BC+Potasium chloride', 1),
(431, 'Polygeline', 1),
(432, 'Polymyxin', 1),
(433, 'Polymyxin Salfate+Bacitracin zinc+Petrolium Base', 1),
(434, 'Polymyxin + Lignocain HCL + Propylene Glycol', 1),
(435, 'Polymyxin Salfate+Bacitracin zinc+lignocaine', 1),
(436, 'Polyprolylene', 1),
(437, 'Polyvinyl Alcohol+Povidone', 1),
(438, 'Potassium Chloride', 1),
(439, 'Povidone Iodine', 1),
(440, 'Prednisolone', 1),
(441, 'Pregabalin', 1),
(442, 'Probiotic', 1),
(443, 'Prochlorperazine maleate', 1),
(444, 'PROCTOSCOPE', 1),
(445, 'Prolen', 1),
(446, 'Prolen 1 K.S (40mm) Round', 1),
(447, 'Prolen 2-0 K.S (60mm) Curved', 1),
(448, 'Prolen 3-0 K.S (25mm) Round', 1),
(449, 'Promethazine HCL+ Ethanol', 1),
(450, 'Propofol', 1),
(451, 'Propranolol HCL', 1),
(452, 'Psyllium Husk', 1),
(453, 'Quetiapine', 1),
(454, 'Quinine', 1),
(455, 'Rabeprazole Sodium', 1),
(456, 'Racecadotril', 1),
(457, 'Ramipril BP', 1),
(458, 'Ranolazine', 1),
(459, 'Rececadotril', 1),
(460, 'RECOMBIANT HUMAN ERYHROPOIETIN', 1),
(461, 'Rifaximin', 1),
(462, 'Ringer lactate Solution', 1),
(463, 'Risperidone', 1),
(464, 'Ropinirole', 1),
(465, 'ROSUVASTATIN', 1),
(466, 'ROSUVASTATIN + EZETIMIBE', 1),
(467, 'Saccharomyces Boulardii', 1),
(468, 'Sacubitril+Valsartan', 1),
(469, 'Salbutamol', 1),
(470, 'Saline 1/2 + 5% Dextrose', 1),
(471, 'Salmeterol + Fluticasone Propionate', 1),
(472, 'Self Adhesive Wound dressing', 1),
(473, 'Serratiopeptidase', 1),
(474, 'Sertraline', 1),
(475, 'SHEILD FEEDER', 1),
(476, 'SHEILD NEEPLE', 1),
(477, 'SHEILD SOOTHER', 1),
(478, 'SHEILD T.CUP', 1),
(479, 'SHEILD TEETHER', 1),
(480, 'Silicon 2 Way Cather', 1),
(481, 'Silodosin', 1),
(482, 'Silver sulfadiazine', 1),
(483, 'Silymarin', 1),
(484, 'Sitagliptin', 1),
(485, 'Sitagliptin+Metformin HCL', 1),
(486, 'Soda Glycerine', 1),
(487, 'Sodium Bicarbinate Bp Anhydrous Sodium Carbonate Citric acid Sodium Carbonate Decahydrate Lime Flavour Lemon', 1),
(488, 'Sodium Bicarbonate', 1),
(489, 'sodium citrate+sodium lauryl sulfat glyccerin', 1),
(490, 'Sodium fusidate', 1),
(491, 'Sodium Picosulfate', 1),
(492, 'Sodium Valproate', 1),
(493, 'Soft paraffin gauze', 1),
(494, 'Solifenacin succinate', 1),
(495, 'spine needle', 1),
(496, 'Spironolactone', 1),
(497, 'Spironolactone + Furosemide', 1),
(498, 'Staplers and removers', 1),
(499, 'Sucralfate', 1),
(500, 'Sulfasalazine', 1),
(501, 'Sumatriptan+Naproxen', 1),
(502, 'Supplement', 1),
(503, 'Support', 1),
(504, 'Surgical Blade', 1),
(505, 'surgical tape', 1),
(506, 'Sutures', 1),
(507, 'Suxamethonium Chloride', 1),
(508, 'Syringe', 1),
(509, 'Tadalafil', 1),
(510, 'Tamsulosin HCL', 1),
(511, 'Telmisartan', 1),
(512, 'Telmisartan + Amlodipine', 1),
(513, 'Telmisartan + Hydrochlorothiazide', 1),
(514, 'Terazosin Hcl', 1),
(515, 'Terbinafine Hcl', 1),
(516, 'Terbutaline', 1),
(517, 'Terbutaline + Guaiphenesin', 1),
(518, 'Tetanus Vaccine', 1),
(519, 'Tetrachlorodecaoxide', 1),
(520, 'Theophyline+Diphenhydramine+Ammonium Chloride+Menthol', 1),
(521, 'Theophylline+ Diphenhydramine+ Amonium Cl+ Menthol', 1),
(522, 'Thiocolchicoside', 1),
(523, 'Tiotropium', 1),
(524, 'tissues roll', 1),
(525, 'Tizanidine', 1),
(526, 'Tobramycin', 1),
(527, 'Tobramycin+Dexamethasone', 1),
(528, 'Towel', 1),
(529, 'Towel Gauze', 1),
(530, 'Tramadol', 1),
(531, 'Tramadol HCL + Paracetamol', 1),
(532, 'Tranexamic acid', 1),
(533, 'Transfusion Set', 1),
(534, 'tretinoin', 1),
(535, 'Triamcinolone Acetonide', 1),
(536, 'Tribulus Terrestris Extract Comp.', 1),
(537, 'Triprolidine+ Pseudoephedrine+ Paracetamol', 1),
(538, 'Trypsin/Chymotrypsin', 1),
(539, 'Umbilical Cord Clamp', 1),
(540, 'Urinary Catheter', 1),
(541, 'Urine Bag', 1),
(542, 'VAGINAL OVULES WITH LACTIC ACID AND ALOE VERA', 1),
(543, 'Valsartan', 1),
(544, 'Valsartan + Hydrochlorothiazide', 1),
(545, 'Vancomycin HCL', 1),
(546, 'VANCOMYCIN HCL INJ', 1),
(547, 'Verapamil HCI BP.....5mg', 1),
(548, 'vicryl', 1),
(549, 'vildagliptin/Metformin Hcl', 1),
(550, 'Vit. A,C&D', 1),
(551, 'Vit. B-Complex+ Vit. C Plus Lysine', 1),
(552, 'Vitamin A', 1),
(553, 'Vitamin B complex', 1),
(554, 'Vitamin B1+B6+B12', 1),
(555, 'Vitamin D', 1),
(556, 'Vitamin D3', 1),
(557, 'Vitamin E', 1),
(558, 'Vitamin K', 1),
(559, 'VITAMIN-C', 1),
(560, 'Vit-C+Vit-D+Vit-E+Zinc+VIt-B6+Vit-B7', 1),
(561, 'Vonoprazan', 1),
(562, 'Vonoprazan Fumarate', 1),
(563, 'Wool Cotton', 1),
(564, 'xylometazoline HCL', 1),
(565, 'Zinc Gluconate', 1),
(566, 'Zinc Murakab', 1),
(567, 'Zinc Sulphate', 1),
(568, 'SODIUM CHLORIDE', 1);

-- --------------------------------------------------------

--
-- Table structure for table `item_make`
--

DROP TABLE IF EXISTS `item_make`;
CREATE TABLE IF NOT EXISTS `item_make` (
  `id` int NOT NULL AUTO_INCREMENT,
  `name` varchar(255) CHARACTER SET utf8mb4 COLLATE utf8mb4_general_ci DEFAULT NULL,
  `is_active` int NOT NULL DEFAULT '1',
  PRIMARY KEY (`id`)
) ENGINE=InnoDB AUTO_INCREMENT=701 DEFAULT CHARSET=utf8mb4 COLLATE=utf8mb4_general_ci;

--
-- Dumping data for table `item_make`
--

INSERT INTO `item_make` (`id`, `name`, `is_active`) VALUES
(1, 'R/L 500', 1),
(2, '5G HEALTHCARE (PVT) LIMITED', 1),
(3, 'A One Quality', 1),
(4, 'Abbot', 1),
(5, 'Adamjee', 1),
(6, 'AGP', 1),
(7, 'AKSON Pharmaceutical (PVT) LTD', 1),
(8, 'Al-Badar Manufacturing (PVT) LTD.', 1),
(9, 'ALGENE MEDICAL PVT LTD', 1),
(10, 'AL-HAMD Enterprises', 1),
(11, 'Allied surgical', 1),
(12, 'ALLMED (PVT) LTD', 1),
(13, 'ALPHA NUTRACEUTICAL', 1),
(14, 'Amaan Pharma', 1),
(15, 'Ameer Pharma (PVT) LTD', 1),
(16, 'Amfahh Pharma', 1),
(17, 'AMP', 1),
(18, 'Amson vaccine & Pharma PVT LTD', 1),
(19, 'Amson Vaccines & Pharma (pvt) Ltd', 1),
(20, 'Angelini', 1),
(21, 'Anji Hongde Medical Product Co.,Ltd', 1),
(22, 'Apple labouatoris health', 1),
(23, 'Ark.Laboratories.[PVT]LTD', 1),
(24, 'Arsons Pharmaceutical industries', 1),
(25, 'Asian Continential ltd', 1),
(26, 'Aspin Pharma LTD.', 1),
(27, 'AtCO', 1),
(28, 'Aulton Nutraceuticals', 1),
(29, 'B braun', 1),
(30, 'Bajwa Pharma (PVT)LTD.', 1),
(31, 'Barrett hodgson', 1),
(32, 'Barrett Hodgson Pakistan (Pvt) Ltd', 1),
(33, 'Batla Impex Pharma', 1),
(34, 'Bayer', 1),
(35, 'Becton Dickson', 1),
(36, 'Belta pharma', 1),
(37, 'BIOLIFE Enterprises', 1),
(38, 'Blue Birds enterprises', 1),
(39, 'Bosch', 1),
(40, 'BQ Plus Medical Cp.,Ltd,China', 1),
(41, 'BRICK LABORATIES UNANI (PRIVATE) LIMITED.', 1),
(42, 'Brooks Pharma (PVT)LTD.', 1),
(43, 'CCL', 1),
(44, 'CCL Pharmaceuticals [Pvt].Ltd', 1),
(45, 'Changzhou yaping Medicals Materials Co. Ltd', 1),
(46, 'Changzhou Zhong You Medical Device Co. Ltd.', 1),
(47, 'Cheyne Group Of Co., Ltd', 1),
(48, 'Chiesi Pharmaceuticals {Pvt} Ltd.', 1),
(49, 'China', 1),
(50, 'China National Shangai', 1),
(51, 'China Qingdao Bright medical Manufacturing', 1),
(52, 'CHROMATOGRAPHICALLY PURIFIED', 1),
(53, 'Cisen Pharmaceutical', 1),
(54, 'Concept Pharma', 1),
(55, 'Continental Pharmaceutical', 1),
(56, 'ConvaTec', 1),
(57, 'Cortex Pharmaceutical', 1),
(58, 'Cosmo Pharam INT.[PVT]LTD.', 1),
(59, 'cotton craft', 1),
(60, 'COTTON CRAFT (PVT) LTD Lahore Pakistan', 1),
(61, 'Danish cotton industries.', 1),
(62, 'Deluxe', 1),
(63, 'Demetech corporation USA', 1),
(64, 'Dongkook Pharma. Co. LTD', 1),
(65, 'Dosaco Laboratories', 1),
(66, 'Dosaco Labs', 1),
(67, 'Dyson Research Laboratories PVT LTD.', 1),
(68, 'Eastem Medical Care Pvt Ltd.', 1),
(69, 'Easy Fit', 1),
(70, 'EG Pharmaceuticals', 1),
(71, 'EKUBERG PHARMA', 1),
(72, 'ETHICAL LABORTORIES (PVT) LTD', 1),
(73, 'Falcon Laboraties (PVT) LTD', 1),
(74, 'Farcomake', 1),
(75, 'FDA', 1),
(76, 'Feather Safety Razor CO. LTD.', 1),
(77, 'FEROZSONS', 1),
(78, 'Fida Entarprises Peshawar', 1),
(79, 'Focus & Rulz Health care PVT LTD.', 1),
(80, 'Fresenius Kabi Austria Gmbh A-8055 Graz,Austria', 1),
(81, 'Fresenius Medical Care AG & Co.KGaA . Germany', 1),
(82, 'Friends Pharma (Pvt.) Ltd', 1),
(83, 'Frontier Dextrose LTD', 1),
(84, 'Frontier Pharmaceutical (PVT)LTD', 1),
(85, 'Fujian Bestway Medical Polymer Corp', 1),
(86, 'Fujian Bestway Medical.', 1),
(87, 'General Pharma', 1),
(88, 'Genix', 1),
(89, 'GENOME PHARMACEUTICALS (PVT)LTD', 1),
(90, 'Geofman', 1),
(91, 'Geofman Pharma', 1),
(92, 'GETZ', 1),
(93, 'Global Pharmaceutical(PVT)LTD', 1),
(94, 'GREENSTAR', 1),
(95, 'gsk', 1),
(96, 'Gt Pharma', 1),
(97, 'Guangdong Baihe Medical Technology Co. ,Ltd', 1),
(98, 'halal', 1),
(99, 'Hamdard', 1),
(100, 'HASSAN SURGICAL', 1),
(101, 'HEALTH HYGEN HOME', 1),
(102, 'Helix pharma pvt ltd', 1),
(103, 'HERBIOTICS', 1),
(104, 'Highnoon', 1),
(105, 'HIGH-Q', 1),
(106, 'Hilton', 1),
(107, 'Himont Pharmaceuticals (Pvt) Ltd.', 1),
(108, 'Hinucon', 1),
(109, 'Holister', 1),
(110, 'Howards', 1),
(111, 'Huaiyn Medical Instruments Factory China', 1),
(112, 'Humak Industrial Estate', 1),
(113, 'Human Care Laboratries', 1),
(114, 'HUSH INDUSTRES', 1),
(115, 'Hush Industries', 1),
(116, 'ICI', 1),
(117, 'Indus pharma pvt ltd', 1),
(118, 'Injection Systems PVT LTD.', 1),
(119, 'Iqbal Herbal Laboraties', 1),
(120, 'ISIS Pharmaceuticals', 1),
(121, 'Jiangsu Kanghua Med. Equipment Co. LTD.', 1),
(122, 'Jiangxi Huali Medical Instrument Company Ltd.', 1),
(123, 'Jiaxing Tainhe Pharmaceutical Co LTD', 1),
(124, 'JMS PVT LTD', 1),
(125, 'Johnnson & johnson International', 1),
(126, 'K.S agencies', 1),
(127, 'Kaisha Trading co.ltd', 1),
(128, 'Kararex industries', 1),
(129, 'KOHINOOR INDUSTRIES', 1),
(130, 'Lci', 1),
(131, 'Le Mendoza', 1),
(132, 'LG Chem', 1),
(133, 'Life style', 1),
(134, 'Lotus global co.ltd london uk', 1),
(135, 'M care', 1),
(136, 'M/S Changzhou chuanga medical allpliance co', 1),
(137, 'Macter International Limited', 1),
(138, 'Mar flow AG', 1),
(139, 'Martin Dow', 1),
(140, 'MatrixPharma PVT LTD.', 1),
(141, 'Maxter Gloves Mufacturing Sdn. Bhd.', 1),
(142, 'Medi Care Disposable Industries', 1),
(143, 'Medi Plus', 1),
(144, 'Medicraft Pharmaceutical pvt Ltd.', 1),
(145, 'medics', 1),
(146, 'Mega Pharmaceutical Limited', 1),
(147, 'Micko Industrial Chemicals', 1),
(148, 'MIKO INDUSTRIAL CHEMICALS CO.(PVT)LTD.', 1),
(149, 'NabiQasim Industries (PVT)LTD', 1),
(150, 'nanchang kaimed', 1),
(151, 'Nantong Angel Medical Instrument', 1),
(152, 'Nestle', 1),
(153, 'Neutro Pharma', 1),
(154, 'New syed pharma', 1),
(155, 'New World Medical', 1),
(156, 'Ningbo Foyo med. Inst. Co. LTD.', 1),
(157, 'NISA PVT LTD', 1),
(158, 'Novartis', 1),
(159, 'Novo Nordisk Pharma(PVT)LTD', 1),
(160, 'OBS Pharma pvt ltd', 1),
(161, 'Olive Laboratories', 1),
(162, 'Ophth pharma pvt ltd', 1),
(163, 'ORTOHO LIFE', 1),
(164, 'Otsuka Pakistan Ltd', 1),
(165, 'P.D.H Lab. (PVT)LTD.', 1),
(166, 'Pacific Pharmaceuticans LTD', 1),
(167, 'Pakistan', 1),
(168, 'paktex industres', 1),
(169, 'Paktex industries', 1),
(170, 'Palpex Pharmaceuticals(pvt) Ltd.', 1),
(171, 'Palpex Pharmaceuticals[PVT]LTD.', 1),
(172, 'Panacea Pharmaceuticals', 1),
(173, 'PDH LABORATORIES PVT LTD.', 1),
(174, 'Pfizer', 1),
(175, 'Pharm Evo', 1),
(176, 'Pharma Wise', 1),
(177, 'PharmaEvo(PVT)LTD', 1),
(178, 'Pharmatec', 1),
(179, 'Pharmedic Lab.(PVT)LTD', 1),
(180, 'Pigeon', 1),
(181, 'Platinum Pharmaceutical (pvt.) Ltd.', 1),
(182, 'Pridetex (PVT) LTD.', 1),
(183, 'Qarshi', 1),
(184, 'Qarshi Industries (Pvt.) Ltd', 1),
(185, 'Raazee Therapeutics (PVT)LTD.', 1),
(186, 'Ray Pharma (PVT)LTD', 1),
(187, 'Reckitt Benckiser', 1),
(188, 'Rehman medicine co.', 1),
(189, 'REHMAN RAINBOW PVT LTD.', 1),
(190, 'Remington Pharmaceutical Industries', 1),
(191, 'Renewable Biomass (woodchip)Energy', 1),
(192, 'RG Pharmaceutica (PVT)LTD', 1),
(193, 'Roche pakistan ltd', 1),
(194, 'Rout2Health PVT LTD', 1),
(195, 'S.J & G Fazul Ellahie (pvt) ltd', 1),
(196, 'safety industres', 1),
(197, 'Sami', 1),
(198, 'Sanofi', 1),
(199, 'Sante PVT LTD.', 1),
(200, 'Sapient Pharma', 1),
(201, 'saydon pharmaceuticals industries', 1),
(202, 'Schazoo Pharmaceutical LBT(PVT)LTD', 1),
(203, 'Searle', 1),
(204, 'Sehat Medical Devices', 1),
(205, 'SELCO RESEARCH LABORATORIES', 1),
(206, 'Shaigan', 1),
(207, 'Shammon microcoil', 1),
(208, 'Shandong Qinkai Medical Industrt Co , Ltd China', 1),
(209, 'Shandong Zibo Shanchuan', 1),
(210, 'SHANGHAI SNTERNATIONAL HOLDING CORP .GMB.H', 1),
(211, 'Shannon Microcoil', 1),
(212, 'Shanxi Guangsheng Pharmaceutical Co. LTD. China', 1),
(213, 'SHEILD', 1),
(214, 'SHIGAN PHARMACETCALS[PVT]LTD.', 1),
(215, 'SIGMA PHARMA', 1),
(216, 'Sindh Medical Stores', 1),
(217, 'Siza International (PVT)LTD', 1),
(218, 'Smile Surgicals(PVT)LTD', 1),
(219, 'Sohail Corporation Warehouse No.42 Karachi', 1),
(220, 'Speed Royal', 1),
(221, 'Sritang Gloves', 1),
(222, 'ST stone medical', 1),
(223, 'Standpharm Pakistan (PVT)LTD', 1),
(224, 'Stanley pharmaceuticals pvt ltd', 1),
(225, 'Star Laboratories(PVT) LTD.', 1),
(226, 'Strility Guaranted till Package is Intact', 1),
(227, 'Sunshine Pharmaceuticals', 1),
(228, 'supermax gloves manufacture', 1),
(229, 'Surge Laboratories (PVT)LTD.', 1),
(230, 'Surgi Plast', 1),
(231, 'Surgitex', 1),
(232, 'Swiss Healtcare', 1),
(233, 'Tabros Pharma (PVT)LTD.', 1),
(234, 'TARROT HEALTH CARE', 1),
(235, 'TIANCHANG HENGSHENG MEDICAL DEVICES CO.,LTD (China)', 1),
(236, 'Unicorn Health', 1),
(237, 'Unisa (PVT) LTD.', 1),
(238, 'VARIANT', 1),
(239, 'Venus pharma', 1),
(240, 'Vida laboratories', 1),
(241, 'Vikor healthcare private ltd', 1),
(242, 'VITAL HEALTHCARE SDN. BHD', 1),
(243, 'vital mark', 1),
(244, 'Well care', 1),
(245, 'Werrick pharma', 1),
(246, 'Western Tube', 1),
(247, 'Wilshire LBT(PVT)LTD', 1),
(248, 'Wilson pharma', 1),
(249, 'Woodward Herbal LBT(PVT)LTD', 1),
(250, 'Woodwards Herbal', 1),
(251, 'Wuhan Grand Pharmaceutical', 1),
(252, 'XENON', 1),
(253, 'YANGZHONG MEDI TECH CO., LTD.', 1),
(254, 'YouBaby', 1),
(255, 'Zafa', 1),
(256, 'Zhejiang Jinhuk Huatong', 1),
(257, 'Zhejiang Kindly Medical Devices Co.Ltd', 1),
(258, 'Ziach Associates PVT LTD.', 1),
(259, 'Z-JANS Pharmaceutical (PVT) LTD', 1),
(568, 'R/L', 1),
(569, 'R/L', 1),
(700, 'test make', 1);

-- --------------------------------------------------------

--
-- Table structure for table `machine_categories`
--

DROP TABLE IF EXISTS `machine_categories`;
CREATE TABLE IF NOT EXISTS `machine_categories` (
  `id` int NOT NULL AUTO_INCREMENT,
  `name` varchar(255) DEFAULT NULL,
  `machine` varchar(255) DEFAULT NULL,
  PRIMARY KEY (`id`)
) ENGINE=InnoDB AUTO_INCREMENT=3 DEFAULT CHARSET=utf8mb3;

--
-- Dumping data for table `machine_categories`
--

INSERT INTO `machine_categories` (`id`, `name`, `machine`) VALUES
(1, 'Negative', '6'),
(2, 'HCV +', '1');

-- --------------------------------------------------------

--
-- Table structure for table `machine_patients`
--

DROP TABLE IF EXISTS `machine_patients`;
CREATE TABLE IF NOT EXISTS `machine_patients` (
  `id` int NOT NULL AUTO_INCREMENT,
  `patient_id` int NOT NULL,
  `date` date DEFAULT NULL,
  `day` varchar(255) CHARACTER SET utf8mb4 COLLATE utf8mb4_general_ci DEFAULT NULL,
  `machine_shift_id` int DEFAULT NULL,
  `machine_category_id` int DEFAULT NULL,
  `status` int DEFAULT '1',
  `is_active` int DEFAULT '1',
  `created_at` datetime DEFAULT CURRENT_TIMESTAMP,
  `updated_at` datetime DEFAULT CURRENT_TIMESTAMP,
  `created_by` int DEFAULT NULL,
  `updated_by` int DEFAULT NULL,
  PRIMARY KEY (`id`)
) ENGINE=InnoDB AUTO_INCREMENT=66 DEFAULT CHARSET=utf8mb4 COLLATE=utf8mb4_general_ci;

--
-- Dumping data for table `machine_patients`
--

INSERT INTO `machine_patients` (`id`, `patient_id`, `date`, `day`, `machine_shift_id`, `machine_category_id`, `status`, `is_active`, `created_at`, `updated_at`, `created_by`, `updated_by`) VALUES
(1, 4, NULL, 'monday', 1, 2, 1, 0, '2025-01-04 13:48:12', '2025-01-04 13:48:12', NULL, NULL),
(2, 3, NULL, 'monday', 1, 1, 1, 0, '2025-01-04 13:48:40', '2025-01-04 13:48:40', NULL, NULL),
(3, 31, NULL, 'monday', 1, 1, 1, 1, '2025-01-17 18:40:56', '2025-01-17 18:40:56', NULL, NULL),
(4, 4, NULL, 'monday', 1, 1, 1, 1, '2025-01-17 18:41:10', '2025-01-17 18:41:10', NULL, NULL),
(5, 36, NULL, 'monday', 1, 1, 1, 1, '2025-01-17 18:41:40', '2025-01-17 18:41:40', NULL, NULL),
(6, 35, NULL, 'monday', 1, 1, 1, 1, '2025-01-17 18:41:55', '2025-01-17 18:41:55', NULL, NULL),
(7, 42, NULL, 'tuesday', 1, 1, 1, 1, '2025-01-17 18:44:08', '2025-01-17 18:44:08', NULL, NULL),
(8, 39, NULL, 'tuesday', 1, 1, 1, 1, '2025-01-17 18:44:23', '2025-01-17 18:44:23', NULL, NULL),
(9, 19, NULL, 'tuesday', 1, 1, 1, 0, '2025-01-17 18:45:29', '2025-01-17 18:45:29', NULL, NULL),
(10, 19, NULL, 'tuesday', 1, 1, 1, 1, '2025-01-17 18:45:35', '2025-01-17 18:45:35', NULL, NULL),
(11, 43, NULL, 'tuesday', 1, 1, 1, 1, '2025-01-17 18:53:13', '2025-01-17 18:53:13', NULL, NULL),
(12, 25, NULL, 'wednesday', 1, 1, 1, 1, '2025-01-17 18:53:41', '2025-01-17 18:53:41', NULL, NULL),
(13, 23, NULL, 'wednesday', 1, 2, 1, 0, '2025-01-17 18:54:54', '2025-01-17 18:54:54', NULL, NULL),
(14, 29, NULL, 'wednesday', 1, 1, 1, 1, '2025-01-17 18:55:20', '2025-01-17 18:55:20', NULL, NULL),
(15, 32, NULL, 'wednesday', 1, 1, 1, 0, '2025-01-17 18:56:01', '2025-01-17 18:56:01', NULL, NULL),
(16, 31, NULL, 'thursday', 1, 1, 1, 0, '2025-01-17 18:56:52', '2025-01-17 18:56:52', NULL, NULL),
(17, 4, NULL, 'thursday', 1, 1, 1, 1, '2025-01-17 18:57:10', '2025-01-17 18:57:10', NULL, NULL),
(18, 31, NULL, 'thursday', 1, 1, 1, 1, '2025-01-17 18:57:23', '2025-01-17 18:57:23', NULL, NULL),
(19, 3, NULL, 'thursday', 1, 1, 1, 1, '2025-01-17 18:57:38', '2025-01-17 18:57:38', NULL, NULL),
(20, 43, NULL, 'friday', 1, 1, 1, 1, '2025-01-17 18:58:51', '2025-01-17 18:58:51', NULL, NULL),
(21, 39, NULL, 'friday', 1, 1, 1, 1, '2025-01-17 18:59:00', '2025-01-17 18:59:00', NULL, NULL),
(22, 36, NULL, 'friday', 1, 1, 1, 1, '2025-01-17 18:59:08', '2025-01-17 18:59:08', NULL, NULL),
(23, 35, NULL, 'friday', 1, 1, 1, 1, '2025-01-17 18:59:17', '2025-01-17 18:59:17', NULL, NULL),
(24, 19, NULL, 'friday', 1, 1, 1, 1, '2025-01-17 18:59:26', '2025-01-17 18:59:26', NULL, NULL),
(25, 25, NULL, 'saturday', 1, 1, 1, 1, '2025-01-17 19:00:54', '2025-01-17 19:00:54', NULL, NULL),
(26, 42, NULL, 'saturday', 1, 1, 1, 1, '2025-01-17 19:01:10', '2025-01-17 19:01:10', NULL, NULL),
(27, 23, NULL, 'saturday', 1, 1, 1, 0, '2025-01-17 19:01:21', '2025-01-17 19:01:21', NULL, NULL),
(28, 23, NULL, 'saturday', 1, 2, 1, 0, '2025-01-17 19:01:34', '2025-01-17 19:01:34', NULL, NULL),
(29, 46, NULL, 'saturday', 1, 1, 1, 1, '2025-01-18 12:36:36', '2025-01-18 12:36:36', NULL, NULL),
(30, 47, NULL, 'saturday', 1, 1, 1, 0, '2025-01-18 12:36:59', '2025-01-18 12:36:59', NULL, NULL),
(31, 44, NULL, 'saturday', 1, 1, 1, 1, '2025-01-18 12:37:20', '2025-01-18 12:37:20', NULL, NULL),
(32, 44, NULL, 'wednesday', 1, 1, 1, 1, '2025-01-18 12:38:05', '2025-01-18 12:38:05', NULL, NULL),
(33, 29, NULL, 'monday', 1, 1, 1, 1, '2025-01-18 12:38:37', '2025-01-18 12:38:37', NULL, NULL),
(34, 47, NULL, 'tuesday', 1, 1, 1, 0, '2025-01-18 12:42:48', '2025-01-18 12:42:48', NULL, NULL),
(35, 23, NULL, 'wednesday', 1, 1, 1, 1, '2025-01-18 12:49:08', '2025-01-18 12:49:08', NULL, NULL),
(36, 47, NULL, 'saturday', 2, 1, 1, 1, '2025-01-18 12:54:58', '2025-01-18 12:54:58', NULL, NULL),
(37, 23, NULL, 'saturday', 1, 1, 1, 1, '2025-01-18 12:55:22', '2025-01-18 12:55:22', NULL, NULL),
(38, 47, NULL, 'tuesday', 2, 1, 1, 1, '2025-01-18 12:57:37', '2025-01-18 12:57:37', NULL, NULL),
(39, 48, NULL, 'monday', 1, 2, 1, 1, '2025-01-19 13:11:00', '2025-01-19 13:11:00', NULL, NULL),
(40, 49, NULL, 'saturday', 2, 2, 1, 0, '2025-01-19 13:13:38', '2025-01-19 13:13:38', NULL, NULL),
(41, 49, NULL, 'wednesday', 2, 2, 1, 1, '2025-01-19 13:14:03', '2025-01-19 13:14:03', NULL, NULL),
(42, 50, NULL, 'thursday', 1, 2, 1, 1, '2025-01-19 13:26:49', '2025-01-19 13:26:49', NULL, NULL),
(43, 24, NULL, 'thursday', 2, 2, 1, 1, '2025-01-19 13:58:14', '2025-01-19 13:58:14', NULL, NULL),
(44, 51, NULL, 'saturday', 1, 2, 1, 1, '2025-01-19 13:59:23', '2025-01-19 13:59:23', NULL, NULL),
(45, 52, NULL, 'monday', 2, 1, 1, 1, '2025-01-19 14:11:32', '2025-01-19 14:11:32', NULL, NULL),
(46, 52, NULL, 'thursday', 2, 1, 1, 1, '2025-01-19 14:11:52', '2025-01-19 14:11:52', NULL, NULL),
(47, 53, NULL, 'tuesday', 2, 1, 1, 1, '2025-01-19 14:15:10', '2025-01-19 14:15:10', NULL, NULL),
(48, 53, NULL, 'saturday', 2, 1, 1, 1, '2025-01-19 14:15:19', '2025-01-19 14:15:19', NULL, NULL),
(49, 54, NULL, 'thursday', 2, 1, 1, 1, '2025-01-19 14:19:37', '2025-01-19 14:19:37', NULL, NULL),
(50, 55, NULL, 'monday', 2, 1, 1, 1, '2025-01-19 14:28:27', '2025-01-19 14:28:27', NULL, NULL),
(51, 55, NULL, 'friday', 2, 1, 1, 1, '2025-01-19 14:29:02', '2025-01-19 14:29:02', NULL, NULL),
(52, 56, NULL, 'tuesday', 2, 2, 1, 1, '2025-01-19 14:53:53', '2025-01-19 14:53:53', NULL, NULL),
(53, 56, NULL, 'saturday', 2, 2, 1, 1, '2025-01-19 14:54:53', '2025-01-19 14:54:53', NULL, NULL),
(54, 57, NULL, 'tuesday', 1, 2, 1, 1, '2025-01-19 16:29:33', '2025-01-19 16:29:33', NULL, NULL),
(55, 57, NULL, 'friday', 1, 2, 1, 1, '2025-01-19 16:29:43', '2025-01-19 16:29:43', NULL, NULL),
(56, 58, NULL, 'monday', 2, 2, 1, 1, '2025-01-19 17:27:55', '2025-01-19 17:27:55', NULL, NULL),
(57, 58, NULL, 'wednesday', 1, 2, 1, 1, '2025-01-19 17:29:28', '2025-01-19 17:29:28', NULL, NULL),
(58, 59, NULL, 'friday', 2, 1, 1, 1, '2025-01-19 21:31:21', '2025-01-19 21:31:21', NULL, NULL),
(59, 59, NULL, 'tuesday', 1, 1, 1, 1, '2025-01-19 21:31:52', '2025-01-19 21:31:52', NULL, NULL),
(60, 60, NULL, 'friday', 2, 2, 1, 1, '2025-01-19 22:42:12', '2025-01-19 22:42:12', NULL, NULL),
(61, 61, NULL, 'friday', 2, 1, 1, 1, '2025-01-19 22:48:37', '2025-01-19 22:48:37', NULL, NULL),
(62, 61, NULL, 'tuesday', 2, 1, 1, 1, '2025-01-19 22:49:32', '2025-01-19 22:49:32', NULL, NULL),
(63, 32, NULL, 'thursday', 2, 1, 1, 1, '2025-01-20 14:47:00', '2025-01-20 14:47:00', NULL, NULL),
(64, 32, NULL, 'monday', 1, 1, 1, 0, '2025-01-20 14:49:47', '2025-01-20 14:49:47', NULL, NULL),
(65, 32, NULL, 'monday', 2, 1, 1, 1, '2025-01-20 14:50:27', '2025-01-20 14:50:27', NULL, NULL);

-- --------------------------------------------------------

--
-- Table structure for table `machine_shifts`
--

DROP TABLE IF EXISTS `machine_shifts`;
CREATE TABLE IF NOT EXISTS `machine_shifts` (
  `id` int NOT NULL AUTO_INCREMENT,
  `name` varchar(255) CHARACTER SET utf8mb4 COLLATE utf8mb4_general_ci DEFAULT NULL,
  `time_range` varchar(255) CHARACTER SET utf8mb4 COLLATE utf8mb4_general_ci DEFAULT NULL,
  PRIMARY KEY (`id`)
) ENGINE=InnoDB AUTO_INCREMENT=4 DEFAULT CHARSET=utf8mb4 COLLATE=utf8mb4_general_ci;

--
-- Dumping data for table `machine_shifts`
--

INSERT INTO `machine_shifts` (`id`, `name`, `time_range`) VALUES
(1, 'morning', '08-12'),
(2, 'Afternoon', '12-04'),
(3, 'Evening', '04-08');

-- --------------------------------------------------------

--
-- Table structure for table `main_category`
--

DROP TABLE IF EXISTS `main_category`;
CREATE TABLE IF NOT EXISTS `main_category` (
  `id` int NOT NULL AUTO_INCREMENT,
  `name` varchar(255) CHARACTER SET utf8mb4 COLLATE utf8mb4_general_ci DEFAULT NULL,
  `is_active` int NOT NULL DEFAULT '1',
  PRIMARY KEY (`id`)
) ENGINE=InnoDB AUTO_INCREMENT=4 DEFAULT CHARSET=utf8mb4 COLLATE=utf8mb4_general_ci;

--
-- Dumping data for table `main_category`
--

INSERT INTO `main_category` (`id`, `name`, `is_active`) VALUES
(1, 'General', 1),
(2, 'Medicine', 1),
(3, 'None-Medicine', 1);

-- --------------------------------------------------------

--
-- Table structure for table `market`
--

DROP TABLE IF EXISTS `market`;
CREATE TABLE IF NOT EXISTS `market` (
  `id` int NOT NULL AUTO_INCREMENT,
  `name` varchar(255) NOT NULL,
  `IsActive` int NOT NULL DEFAULT '1',
  PRIMARY KEY (`id`)
) ENGINE=InnoDB AUTO_INCREMENT=12 DEFAULT CHARSET=latin1;

--
-- Dumping data for table `market`
--

INSERT INTO `market` (`id`, `name`, `IsActive`) VALUES
(2, 'NO MARKET', 1),
(5, 'Market 2333', 0),
(6, 'New market 3', 1),
(8, 'name', 0),
(9, 'NO MARKET', 1),
(10, 'Market 2333', 0),
(11, 'New market 3', 1);

-- --------------------------------------------------------

--
-- Table structure for table `menus`
--

DROP TABLE IF EXISTS `menus`;
CREATE TABLE IF NOT EXISTS `menus` (
  `id` int NOT NULL AUTO_INCREMENT,
  `app_id` int DEFAULT NULL,
  `parent_id` int DEFAULT NULL,
  `title` varchar(255) DEFAULT NULL,
  `description` text,
  `icon` varchar(255) DEFAULT NULL,
  `created_at` timestamp NULL DEFAULT CURRENT_TIMESTAMP,
  `updated_at` datetime DEFAULT NULL,
  `deleted_at` datetime DEFAULT NULL,
  `order` int DEFAULT NULL,
  `is_collapsible` varchar(125) DEFAULT NULL,
  PRIMARY KEY (`id`) USING BTREE
) ENGINE=InnoDB AUTO_INCREMENT=238 DEFAULT CHARSET=utf8mb3 ROW_FORMAT=DYNAMIC;

--
-- Dumping data for table `menus`
--

INSERT INTO `menus` (`id`, `app_id`, `parent_id`, `title`, `description`, `icon`, `created_at`, `updated_at`, `deleted_at`, `order`, `is_collapsible`) VALUES
(1, 1, 0, 'Apps', '', 'bx bx-grid-alt', '2022-05-17 10:31:57', '2022-05-18 05:20:20', NULL, 100, ''),
(2, 1, 0, 'Menus', '', 'bx bx-list-ol', '2022-05-18 08:20:38', '2022-05-20 06:23:15', NULL, 97, ''),
(3, 1, 0, 'Permissions', '', 'bx bx-lock-open', '2022-05-18 08:20:59', '2022-05-20 06:23:33', NULL, 98, ''),
(4, 1, 0, 'Roles', '', 'bx bx-shield-x', '2022-05-20 09:24:57', '2022-05-20 06:24:57', NULL, 99, ''),
(5, 1, 0, 'Organizations', '', 'bx bx-building-house', '2022-05-20 09:25:17', '2023-12-13 13:27:47', NULL, 1, 'no'),
(7, 1, 0, 'Units', '', 'bx bx-store', '2022-05-20 09:25:17', '2022-05-20 06:25:17', NULL, 0, ''),
(8, 1, 0, 'Users', '', 'bx bx-user-pin', '2022-05-28 16:10:31', '2022-05-28 13:48:00', NULL, 0, ''),
(224, 1, NULL, 'Sms History', NULL, 'bx bx-user', '2024-07-07 16:00:13', '2024-07-07 21:00:13', NULL, 1, 'yes'),
(225, 1, NULL, 'Manage Expenses', NULL, 'bx bx-user', '2024-11-09 16:55:58', '2024-12-26 21:40:06', NULL, 1, 'yes'),
(226, 1, NULL, 'Pharmacy Stock', NULL, 'bx bx-user', '2024-11-20 14:36:23', '2024-12-26 21:35:14', NULL, 2, 'yes'),
(227, 1, NULL, '-- unknow page', NULL, 'bx-home', '2024-12-02 06:06:23', '2024-12-26 21:36:55', NULL, 3, 'yes'),
(228, 1, NULL, 'Pharmacy Sale', NULL, 'bx-home', '2024-12-03 07:10:04', '2024-12-26 21:37:08', NULL, 3, 'yes'),
(229, 1, NULL, 'Pharmacy Configuration', NULL, 'bx bx-care', '2024-12-25 06:26:22', '2024-12-26 21:38:48', NULL, 2, 'yes'),
(230, 1, NULL, 'General Configuration', NULL, 'bx bx-buildings', '2024-12-26 05:15:48', '2024-12-26 21:38:29', NULL, 1, 'yes'),
(231, 1, NULL, 'Patient Registration/Admission', NULL, 'bx bx-buildings', '2024-12-26 07:09:48', '2024-12-26 12:09:48', NULL, 4, 'yes'),
(232, 1, NULL, 'Lab Configuration', NULL, 'bx bx-user', '2024-12-29 12:36:03', '2024-12-29 17:36:03', NULL, 2, 'yes'),
(233, 1, NULL, 'Laboratory', NULL, 'bx bx-user', '2024-12-31 05:17:03', '2024-12-31 10:17:03', NULL, 3, 'yes'),
(234, 1, NULL, 'Labortary', NULL, 'bx bx-user', '2024-12-31 13:27:49', '2024-12-31 18:30:15', '2024-12-31 18:30:15', 3, 'yes'),
(235, 1, 231, 'Patient Summary', NULL, 'bx bx-user', '2024-12-31 18:49:20', '2024-12-31 23:49:20', NULL, 3, 'no'),
(236, 1, 231, 'Patient Investigation', NULL, 'bx bx-user', '2025-01-01 06:12:54', '2025-01-01 11:12:54', NULL, 4, 'no'),
(237, 1, NULL, 'Patient Reports', NULL, 'bx bx-user', '2025-01-19 12:30:37', '2025-01-19 17:30:37', NULL, 6, 'yes');

-- --------------------------------------------------------

--
-- Table structure for table `migrations`
--

DROP TABLE IF EXISTS `migrations`;
CREATE TABLE IF NOT EXISTS `migrations` (
  `id` int UNSIGNED NOT NULL AUTO_INCREMENT,
  `migration` varchar(255) NOT NULL,
  `batch` int NOT NULL,
  PRIMARY KEY (`id`) USING BTREE
) ENGINE=InnoDB AUTO_INCREMENT=9 DEFAULT CHARSET=utf8mb3 ROW_FORMAT=DYNAMIC;

--
-- Dumping data for table `migrations`
--

INSERT INTO `migrations` (`id`, `migration`, `batch`) VALUES
(2, '2019_12_14_000001_create_personal_access_tokens_table', 1),
(3, '2023_06_07_093715_create_uc_vc_lists_table', 2),
(4, '2023_06_16_113448_create_activity_log_table', 3),
(5, '2023_06_16_113449_add_event_column_to_activity_log_table', 3),
(7, '2023_06_16_113450_add_batch_uuid_column_to_activity_log_table', 4),
(8, '2024_07_03_230807_create_jobs_table', 5);

-- --------------------------------------------------------

--
-- Table structure for table `password_resets`
--

DROP TABLE IF EXISTS `password_resets`;
CREATE TABLE IF NOT EXISTS `password_resets` (
  `email` varchar(255) NOT NULL,
  `token` varchar(255) NOT NULL,
  `created_at` timestamp NULL DEFAULT NULL,
  KEY `password_resets_email_index` (`email`) USING BTREE
) ENGINE=InnoDB DEFAULT CHARSET=utf8mb3 ROW_FORMAT=DYNAMIC;

-- --------------------------------------------------------

--
-- Table structure for table `patients`
--

DROP TABLE IF EXISTS `patients`;
CREATE TABLE IF NOT EXISTS `patients` (
  `id` int NOT NULL AUTO_INCREMENT,
  `mr_no` varchar(255) DEFAULT NULL,
  `regdate` datetime DEFAULT NULL,
  `name` varchar(255) DEFAULT NULL,
  `cnic` varchar(20) DEFAULT NULL,
  `father_husband_name` varchar(255) DEFAULT NULL,
  `gender` varchar(255) DEFAULT NULL,
  `age` int DEFAULT NULL,
  `dob` date DEFAULT NULL,
  `district_id` int DEFAULT NULL,
  `location_id` int DEFAULT NULL,
  `contact_no` varchar(20) DEFAULT NULL,
  `is_active` int NOT NULL DEFAULT '1',
  `created_by` int DEFAULT NULL,
  `updated_by` int DEFAULT NULL,
  `created_at` datetime DEFAULT NULL,
  `updated_at` datetime DEFAULT NULL,
  PRIMARY KEY (`id`),
  UNIQUE KEY `cnic` (`cnic`),
  KEY `district_id` (`district_id`)
) ENGINE=InnoDB AUTO_INCREMENT=67 DEFAULT CHARSET=utf8mb3;

--
-- Dumping data for table `patients`
--

INSERT INTO `patients` (`id`, `mr_no`, `regdate`, `name`, `cnic`, `father_husband_name`, `gender`, `age`, `dob`, `district_id`, `location_id`, `contact_no`, `is_active`, `created_by`, `updated_by`, `created_at`, `updated_at`) VALUES
(3, 'AMC-02095110', '2025-01-02 00:00:00', 'farukh Taj Bibi', '1330112994184', 'Syed Amir Shah', 'female', 80, '1994-01-04', 13, 1, '2147483647', 1, NULL, NULL, '2025-01-02 09:51:10', '2025-01-02 09:54:07'),
(4, 'AMC-02105216', '2025-01-02 10:52:16', 'Hukam Dad', '1620205404755', 'Mir Dad', 'male', 63, '1963-01-02', 22, 9, '2147483647', 1, NULL, NULL, '2025-01-02 10:52:16', '2025-01-02 10:52:16'),
(5, 'AMC-03114441', '2025-01-03 11:44:41', 'junaid ahmad', '1620204386699', 'muhammad zahid', 'male', 22, '2003-04-10', 22, 6, '03479028341', 1, NULL, NULL, '2025-01-03 11:44:41', '2025-01-03 11:44:41'),
(6, 'AMC-04041028', '2025-01-04 16:10:28', 'saeed zaman', '1620251095901', 'qamar zaman', 'male', 67, '1958-01-01', 22, 9, '03419817510', 1, NULL, NULL, '2025-01-04 16:10:28', '2025-01-04 16:10:28'),
(7, 'AMC-07035820', '2025-01-07 15:58:20', 'hina bibi', '1620297477810', 'muhsin khan', 'female', 33, '1992-02-02', 22, 9, '03139951231', 1, NULL, NULL, '2025-01-07 15:58:20', '2025-01-07 15:58:20'),
(8, 'AMC-07040441', '2025-01-07 16:04:41', 'Ahmad faraz', '1652015643138', 'aMIN ULLAH', 'male', 25, '1991-10-20', 22, 25, '03438947601', 1, NULL, NULL, '2025-01-07 16:04:41', '2025-01-07 16:04:41'),
(9, 'AMC-07043504', '2025-01-07 16:35:04', 'Ibad Ullah', '1620180887241', 'Rehman ullah', 'male', 6, '2018-11-25', 22, 25, '03407703913', 1, NULL, NULL, '2025-01-07 16:35:04', '2025-01-07 16:35:04'),
(10, 'AMC-08014036', '2025-01-08 13:40:36', 'Raees Khan', '1620291651743', 'Fazal Rabi', 'male', 35, '1990-01-01', 22, 9, '03111941818', 1, NULL, NULL, '2025-01-08 13:40:36', '2025-01-08 13:40:36'),
(11, 'AMC-08062156', '2025-01-08 18:21:56', 'Transfer to Amc Pharmacy', '1123123123333', '-', 'male', 29, '2025-01-21', 22, 8, '23423423', 1, NULL, NULL, '2025-01-08 18:21:56', '2025-01-08 18:21:56'),
(12, 'AMC-09114130', '2025-01-09 11:41:30', 'Manzar Wali', '1620216022497', 'Taj Wali Khan', 'male', 12, '2013-04-11', 22, 11, '03451956605', 1, NULL, NULL, '2025-01-09 11:41:30', '2025-01-09 11:41:30'),
(13, 'AMC-09035932', '2025-01-09 15:59:32', 'IQRA BIBI', '1620290753726', 'NOR UL WAHAB', 'female', 22, '2003-05-02', 22, 9, '03159776035', 1, NULL, NULL, '2025-01-09 15:59:32', '2025-01-09 15:59:32'),
(14, 'AMC-10040328', '2025-01-10 16:03:28', 'Muhammad Bahadar', '1620246043099', 'hadar shah', 'male', 48, '1976-12-10', 22, 6, '03372360046', 1, NULL, NULL, '2025-01-10 16:03:28', '2025-01-10 16:03:28'),
(15, 'AMC-12043351', '2025-01-12 16:33:51', 'Haram Shehzadi', '1620295535330', 'Irfan khan', 'female', 1, '2024-02-01', 22, 9, '03158909927', 1, NULL, NULL, '2025-01-12 16:33:51', '2025-01-12 16:33:51'),
(16, 'AMC-14120625', '2025-01-14 12:06:25', 'UMMIA BIBI', '1620287467444', 'ROH UL AMIN', 'female', 12, '2013-02-04', 22, 8, '03140931996', 1, NULL, NULL, '2025-01-14 12:06:25', '2025-01-14 12:06:25'),
(17, 'AMC-14022712', '2025-01-14 14:27:12', 'iram nazir', '8210157265650', 'imtaiz ali', 'female', 25, '1991-08-08', 22, 8, '03169493687', 1, NULL, NULL, '2025-01-14 14:27:12', '2025-01-14 14:27:12'),
(18, 'AMC-14024217', '2025-01-14 14:42:17', 'Umar Ghani', '1620295419141', 'Muhammad Umar', 'male', 82, '1943-01-01', 22, 5, '03124469151', 1, NULL, NULL, '2025-01-14 14:42:17', '2025-01-14 14:42:17'),
(19, 'AMC-14024659', '2025-01-14 14:46:59', 'Kainat', '1620237146646', 'Muhammad Arif Khan', 'female', 25, '2031-06-30', 22, 25, '03401884271', 1, NULL, NULL, '2025-01-14 14:46:59', '2025-01-14 14:46:59'),
(20, 'AMC-14071826', '2025-01-14 19:18:26', 'Aneela Bibi', '1620201965630', 'Muhammad Kashif', 'female', 23, '2002-07-01', 22, 9, '03150965355', 1, NULL, NULL, '2025-01-14 19:18:26', '2025-01-14 19:18:26'),
(21, 'AMC-15100139', '2025-01-15 10:01:39', 'ZAKIA BIBI', '1620224823628', 'ZAHOOR ZAMAN', 'female', 34, '1991-01-01', 22, 10, '03002829179', 1, NULL, NULL, '2025-01-15 10:01:39', '2025-01-15 10:01:39'),
(22, 'AMC-15103828', '2025-01-15 10:38:28', 'UMAR KHAN', '1620205306111', 'AMROZ KHAN', 'male', 44, '1981-06-03', 22, 1, '03149472057', 1, NULL, NULL, '2025-01-15 10:38:28', '2025-01-15 10:38:28'),
(23, 'AMC-15104804', '2025-01-15 10:48:04', 'bakht sher', '162029142473', 'khan sher', 'male', 41, '1984-02-02', 22, 24, '03109899311', 1, NULL, NULL, '2025-01-15 10:48:04', '2025-01-15 10:48:04'),
(24, 'AMC-15105510', '2025-01-15 10:55:10', 'Saeed Akbar', '1620208830141', 'Ameen Gul', 'male', 62, '1963-01-01', 22, 6, '03423167207', 1, NULL, NULL, '2025-01-15 10:55:10', '2025-01-15 10:55:10'),
(25, 'AMC-15110114', '2025-01-15 11:01:14', 'KHALID MEHMOOD', '1330113554839', 'KHAN BAHADUR', 'male', 49, '1976-11-14', 22, 13, '03035488001', 1, NULL, NULL, '2025-01-15 11:01:14', '2025-01-15 11:01:14'),
(26, 'AMC-15025245', '2025-01-15 14:52:45', 'WAQAS IQBAL', '3520115948889', 'FAZAL AMEEN', 'male', 31, '1994-04-02', 22, 7, '03109502968', 1, NULL, NULL, '2025-01-15 14:52:45', '2025-01-15 14:52:45'),
(28, 'AMC-15033131', '2025-01-15 15:31:31', 'Tariq Mehmood', '3710116996013', 'Anwar Khan', 'male', 51, '1973-01-07', 22, 14, '03149089687', 1, NULL, NULL, '2025-01-15 15:31:31', '2025-01-15 15:31:31'),
(29, 'AMC-16095046', '2025-01-16 09:50:46', 'HILAL KHAN', '1620226275907', 'ASIF KHAN', 'male', 19, '2005-03-27', 22, 6, '03155677550', 1, NULL, NULL, '2025-01-16 09:50:46', '2025-01-16 09:50:46'),
(30, 'AMC-16111849', '2025-01-16 11:18:49', 'FAIZAN AFSAR', '1620286335865', 'HAMID AFSAR', 'male', 18, '2007-03-17', 22, 7, '03135054483', 1, NULL, NULL, '2025-01-16 11:18:49', '2025-01-16 11:18:49'),
(31, 'AMC-16112950', '2025-01-16 11:29:50', 'TAJ BIBI', '1330112967420', 'MER BAS', 'female', 73, '1954-01-01', 22, 13, '03473326225', 1, NULL, NULL, '2025-01-16 11:29:50', '2025-01-16 11:29:50'),
(32, 'AMC-16010050', '2025-01-16 00:00:00', 'raweda bibi', '162022992232', 'fareed gul', 'female', 45, '1980-01-01', 22, 17, '03459688449', 1, NULL, NULL, '2025-01-16 13:00:50', '2025-01-20 10:43:12'),
(33, 'AMC-16040658', '2025-01-16 16:06:58', 'Rida Aziz', '1620308175734', 'Abdul Aziz', 'female', 5, '2020-09-05', 22, 17, '03469436781', 1, NULL, NULL, '2025-01-16 16:06:58', '2025-01-16 16:06:58'),
(34, 'AMC-16041806', '2025-01-16 16:18:06', 'Bilawal Ahmad', '1620206272791', 'kamran', 'male', 12, '2013-03-22', 22, 1, '03155683717', 1, NULL, NULL, '2025-01-16 16:18:06', '2025-01-16 16:18:06'),
(35, 'AMC-17093648', '2025-01-17 09:36:48', 'HAJRA', '1620184412502', 'ALI ASGHAR', 'female', 48, '1977-01-01', 22, 24, '03169569752', 1, NULL, NULL, '2025-01-17 09:36:48', '2025-01-17 09:36:48'),
(36, 'AMC-17094335', '2025-01-17 09:43:35', 'Zainab Bibi', '1620206029888', 'Asif Khan', 'female', 28, '1997-04-04', 22, 25, '03446290919', 1, NULL, NULL, '2025-01-17 09:43:35', '2025-01-17 09:43:35'),
(37, 'AMC-17102219', '2025-01-17 10:22:19', 'Sima', '1620307416902', 'Basit Muhammad', 'female', 25, '2000-12-04', 22, 18, '03417822136', 1, NULL, NULL, '2025-01-17 10:22:19', '2025-01-17 10:22:19'),
(38, 'AMC-17102931', '2025-01-17 10:29:31', 'Muhammad Jameel', '3740601745651', 'Hidar Khan', 'male', 86, '1930-02-28', 22, 1, '03464579147', 1, NULL, NULL, '2025-01-17 10:29:31', '2025-01-17 10:29:31'),
(39, 'AMC-17104033', '2025-01-17 10:40:33', 'RAZ MUHAMMAD', '1620252226173', 'SHER AFZAL', 'male', 61, '1964-12-20', 22, 6, '03154614645', 1, NULL, NULL, '2025-01-17 10:40:33', '2025-01-17 10:40:33'),
(40, 'AMC-17112101', '2025-01-17 11:21:01', 'NAZIA BIBI', '1350483900628', 'MUHAMMAD ZAREEN', 'female', 47, '1978-01-01', 22, 13, '03498230572', 1, NULL, NULL, '2025-01-17 11:21:01', '2025-01-17 11:21:01'),
(41, 'AMC-17120510', '2025-01-17 12:05:10', 'KHATOON BIBI', '1620233838866', 'AMAN ULLAH KHAN', 'female', 46, '1979-01-01', 22, 11, '03119602258', 1, NULL, NULL, '2025-01-17 12:05:10', '2025-01-17 12:05:10'),
(42, 'AMC-17014816', '2025-01-17 13:48:16', 'BADAR MUNIR', '1620237203875', 'AMROOD KHAN', 'male', 49, '1976-01-02', 22, 10, '03454602621', 1, NULL, NULL, '2025-01-17 13:48:16', '2025-01-17 13:48:16'),
(43, 'AMC-17023443', '2025-01-17 14:34:43', 'SHAHID MUHAMMAD ILTAF', '1330157779779', 'BOSTAN MUHAMMAD', 'male', 78, '1974-11-16', 22, 13, '03008364871', 1, NULL, NULL, '2025-01-17 14:34:43', '2025-01-17 14:34:43'),
(44, 'AMC-18094737', '2025-01-18 09:47:37', 'Sher Azam', '1330113185549', 'Muhammad sadiq Khan', 'male', 72, '1953-02-03', 22, 13, '03015198218', 1, NULL, NULL, '2025-01-18 09:47:37', '2025-01-18 09:47:37'),
(45, 'AMC-18102110', '2025-01-18 10:21:10', 'Bakht Sher', '1620291424737', 'Khan Sher', 'male', 40, '1984-02-02', 22, 24, '03119842327', 1, NULL, NULL, '2025-01-18 10:21:10', '2025-01-18 10:21:10'),
(46, 'AMC-18113528', '2025-01-18 11:35:28', 'Bilal Ahmad', '1620229663495', 'Qasim Khan', 'male', 46, '1978-04-05', 22, 1, '03459701052', 1, NULL, NULL, '2025-01-18 11:35:28', '2025-01-18 11:35:28'),
(47, 'AMC-18114506', '2025-01-18 11:45:06', 'Anwar Farooq', '162026410836', 'Fazal Dad', 'male', 55, '1971-01-30', 22, 2, '03449200197', 1, NULL, NULL, '2025-01-18 11:45:06', '2025-01-18 11:45:06'),
(48, 'AMC-19011000', '2025-01-19 13:10:00', 'Sayyed Akbar', '3740583983907', 'nil', 'male', 51, '1975-03-01', 22, 27, '03452164544', 1, NULL, NULL, '2025-01-19 13:10:00', '2025-01-19 13:10:00'),
(49, 'AMC-19011258', '2025-01-19 13:12:58', 'Usman Ali', '1710208456485', 'Sher Ali', 'male', 29, '1994-04-08', 22, 27, '03078185501', 1, NULL, NULL, '2025-01-19 13:12:58', '2025-01-19 13:12:58'),
(50, 'AMC-19012613', '2025-01-19 13:26:13', 'umar khitab', '1620270194107', 'NIL', 'male', 30, '1994-12-01', 22, 1, '03028820502', 1, NULL, NULL, '2025-01-19 13:26:13', '2025-01-19 13:26:13'),
(51, 'AMC-19015447', '2025-01-19 13:54:47', 'Muhammad Ahmad', '4250117133305', '-', 'male', 21, '2004-01-01', 22, 11, '03082500570', 1, NULL, NULL, '2025-01-19 13:54:47', '2025-01-19 13:54:47'),
(52, 'AMC-19021112', '2025-01-19 14:11:12', 'Muhammad Ilyas', '3710116622929', 'Abdul Jalil', 'male', 63, '1962-01-01', 22, 15, '03005504356', 1, NULL, NULL, '2025-01-19 14:11:12', '2025-01-19 14:11:12'),
(53, 'AMC-19021437', '2025-01-19 14:14:37', 'Shezan', '1620252182890', 'Banas Khan', 'male', 44, '1981-01-01', 22, 6, '03403912705', 1, NULL, NULL, '2025-01-19 14:14:37', '2025-01-19 14:14:37'),
(54, 'AMC-19021858', '2025-01-19 14:18:58', 'Yousra Raees', '1620242518642', 'Raees Khan', 'female', 25, '2000-01-01', 22, 18, '03221573679', 1, NULL, NULL, '2025-01-19 14:18:58', '2025-01-19 14:18:58'),
(55, 'AMC-19022723', '2025-01-19 14:27:23', 'Siraj Muhammad', '1620209511961', 'Dost Muhammad', 'male', 78, '1947-01-01', 22, 1, '03005535933', 1, NULL, NULL, '2025-01-19 14:27:23', '2025-01-19 14:27:23'),
(56, 'AMC-19023313', '2025-01-19 14:33:13', 'Sajawal Khan', '3710116612737', 'Chanan Din', 'male', 68, '1957-01-01', 22, 15, '03015720715', 1, NULL, NULL, '2025-01-19 14:33:13', '2025-01-19 14:33:13'),
(57, 'AMC-19042846', '2025-01-19 16:28:46', 'Zafar Ali Khan', '5150345447753', 'Fur Dil Khan', 'male', 70, '1955-01-01', 22, 22, '03463237284', 1, NULL, NULL, '2025-01-19 16:28:46', '2025-01-19 16:28:46'),
(58, 'AMC-19052700', '2025-01-19 17:27:00', 'Gul zamin khan', '1620236428173', 'Shah Sanam', 'male', 49, '1975-06-01', 22, 1, '03205680798', 1, NULL, NULL, '2025-01-19 17:27:00', '2025-01-19 17:27:00'),
(59, 'AMC-19092745', '2025-01-19 21:27:45', 'Shah Faisal', '1620165146373', 'Jahan Zeb', 'male', 27, '1998-01-01', 22, 20, '03119705718', 1, NULL, NULL, '2025-01-19 21:27:45', '2025-01-19 21:27:45'),
(60, 'AMC-19104129', '2025-01-19 22:41:29', 'Azra Bibi', '1620247305642', 'Jabbar', 'female', 18, '2006-01-01', 22, 10, '03115756934', 1, NULL, NULL, '2025-01-19 22:41:29', '2025-01-19 22:41:29'),
(61, 'AMC-19104719', '2025-01-19 22:47:19', 'Iqbal Begum', '1620242374754', 'Muhammad Israr', 'female', 49, '1976-01-01', 22, 6, '03369916895', 1, NULL, NULL, '2025-01-19 22:47:19', '2025-01-19 22:47:19'),
(62, 'AMC-20032204', '2025-01-20 15:22:04', 'raweda bibi', '1620229922326', 'fareed gul', 'female', 42, '1980-01-01', 22, 17, '03459688449', 1, NULL, NULL, '2025-01-20 15:22:04', '2025-01-20 15:22:04'),
(63, 'AMC-21113300', '2025-01-21 11:33:00', 'ANWAR FAROOQ', '1620264108363', 'FAZAL DAD', 'male', 55, '1971-01-30', 22, 2, '03449200197', 1, NULL, NULL, '2025-01-21 11:33:00', '2025-01-21 11:33:00'),
(65, 'AMC-21031425', '2025-01-21 15:14:25', 'ihsan ullah', '1560162005267', 'hAKEEM', 'male', 35, '1990-01-01', 23, 16, '03484683905', 1, NULL, NULL, '2025-01-21 15:14:25', '2025-01-21 15:14:25'),
(66, 'AMC-21032130', '2025-01-21 15:21:30', 'RABIA AMEEN', '1620280138838', 'MUHAMMAD AMEEN', 'female', 24, '2000-08-09', 22, 7, '03194501733', 1, NULL, NULL, '2025-01-21 15:21:30', '2025-01-21 15:21:30');

-- --------------------------------------------------------

--
-- Table structure for table `patient_admissions`
--

DROP TABLE IF EXISTS `patient_admissions`;
CREATE TABLE IF NOT EXISTS `patient_admissions` (
  `id` bigint NOT NULL AUTO_INCREMENT,
  `patient_id` bigint NOT NULL,
  `ward_id` int NOT NULL,
  `bed_id` int NOT NULL,
  `consultant_id` int DEFAULT NULL,
  `sub_consultant_id` int DEFAULT NULL,
  `sc_ref_no` varchar(100) CHARACTER SET utf8mb4 COLLATE utf8mb4_general_ci DEFAULT NULL,
  `g4no` varchar(100) CHARACTER SET utf8mb4 COLLATE utf8mb4_general_ci DEFAULT NULL,
  `procedure_type_id` int DEFAULT NULL,
  `sec_procedure_type_id` int DEFAULT NULL,
  `guardian_name` varchar(255) CHARACTER SET utf8mb4 COLLATE utf8mb4_general_ci DEFAULT NULL,
  `emergency_contact_no` varchar(255) CHARACTER SET utf8mb4 COLLATE utf8mb4_general_ci DEFAULT NULL,
  `relation_id` int DEFAULT NULL,
  `admission_date` datetime DEFAULT NULL,
  `discharge_date` datetime DEFAULT NULL,
  `discharge_summary` text CHARACTER SET utf8mb4 COLLATE utf8mb4_general_ci,
  `canelation_reason` text COLLATE utf8mb4_general_ci,
  `is_active` int NOT NULL DEFAULT '1',
  `created_by` int DEFAULT NULL,
  `updated_by` int DEFAULT NULL,
  `created_at` datetime DEFAULT NULL,
  `updated_at` datetime DEFAULT NULL,
  `admission_status` enum('Admit','Canceled','Discharged','Reffered') CHARACTER SET utf8mb4 COLLATE utf8mb4_general_ci NOT NULL DEFAULT 'Admit',
  `consultant_share` decimal(10,2) NOT NULL,
  `procedure_rate` decimal(10,2) NOT NULL,
  `sec_procedure_rate` decimal(10,2) NOT NULL DEFAULT '0.00',
  PRIMARY KEY (`id`),
  KEY `ward_id` (`ward_id`),
  KEY `patient_id` (`patient_id`),
  KEY `bed_id` (`bed_id`),
  KEY `admission_type_id` (`procedure_type_id`)
) ENGINE=InnoDB AUTO_INCREMENT=72 DEFAULT CHARSET=utf8mb4 COLLATE=utf8mb4_general_ci;

--
-- Dumping data for table `patient_admissions`
--

INSERT INTO `patient_admissions` (`id`, `patient_id`, `ward_id`, `bed_id`, `consultant_id`, `sub_consultant_id`, `sc_ref_no`, `g4no`, `procedure_type_id`, `sec_procedure_type_id`, `guardian_name`, `emergency_contact_no`, `relation_id`, `admission_date`, `discharge_date`, `discharge_summary`, `canelation_reason`, `is_active`, `created_by`, `updated_by`, `created_at`, `updated_at`, `admission_status`, `consultant_share`, `procedure_rate`, `sec_procedure_rate`) VALUES
(3, 3, 10, 33, 1, NULL, '1122', '0', 3, NULL, 'Syed Amir shah', '03005394800', 5, '2025-01-02 10:38:29', '2025-01-03 12:08:23', NULL, NULL, 1, 2, NULL, NULL, NULL, 'Discharged', 0.00, 4227.50, 0.00),
(4, 4, 10, 32, 1, NULL, '1122', '0', 3, NULL, 'Faisal', '03159460605', 2, '2025-01-02 12:46:26', '2025-01-03 12:08:57', NULL, NULL, 1, 2, NULL, NULL, NULL, 'Discharged', 0.00, 4227.50, 0.00),
(5, 5, 4, 8, 6, NULL, '28484765', '0', 4, NULL, 'muhammad zahid', '03479028341', 2, '2025-01-03 11:50:04', '2025-01-04 10:45:45', NULL, NULL, 1, 2, NULL, NULL, NULL, 'Discharged', 0.00, 16634.10, 0.00),
(6, 6, 4, 8, 13, NULL, '28508829', '0', 5, NULL, 'AQEEL AHMAD', '03419817510', 1, '2025-01-04 16:13:04', '2025-01-08 11:17:06', NULL, NULL, 1, 12247, NULL, NULL, NULL, 'Discharged', 0.00, 3560.00, 0.00),
(7, 7, 1, 1, 8, NULL, '28555013', '0', 6, NULL, 'Amin Ali', '03139951231', 4, '2025-01-07 16:00:32', '2025-01-09 11:45:51', NULL, 'reffer to bkmc', 1, 12247, NULL, NULL, NULL, 'Canceled', 0.00, 13100.80, 0.00),
(8, 8, 5, 38, 16, NULL, '28555098', '0', 7, NULL, 'Mansoor', '03438947601', 4, '2025-01-07 00:00:00', '2025-01-08 19:36:32', NULL, NULL, 1, 12247, 12247, NULL, NULL, 'Discharged', 20.00, 24920.00, 0.00),
(9, 9, 5, 37, 16, NULL, '28555808', '0', 8, NULL, 'Ihsan Ullah', '03407703913', 2, '2025-01-07 16:36:24', '2025-01-08 19:35:45', NULL, NULL, 1, 12247, NULL, NULL, NULL, 'Discharged', 20.00, 40050.00, 0.00),
(10, 10, 4, 8, 15, NULL, '28572101', '0', 9, NULL, 'Aurangzeb', '03111941858', 4, '2025-01-08 13:45:05', '2025-01-09 20:51:54', NULL, NULL, 1, 2, NULL, NULL, NULL, 'Discharged', 0.00, 18013.60, 0.00),
(11, 11, 2, 2, 1, NULL, '1', '1', 1, NULL, '-', '0', 2, '2025-01-08 18:23:15', NULL, NULL, NULL, 1, 2, NULL, NULL, NULL, 'Admit', 0.00, 0.00, 0.00),
(12, 12, 5, 37, 16, NULL, '28587042', '0', 8, NULL, 'Gul Bacha', '03451956605', 2, '2025-01-09 11:44:20', '2025-01-10 11:41:47', NULL, NULL, 1, 12247, NULL, NULL, NULL, 'Discharged', 20.00, 40050.00, 0.00),
(13, 13, 1, 1, 8, NULL, '28595301', '0', 6, NULL, 'BILAL AHMAD', '03159776035', 4, '2025-01-09 16:01:07', '2025-01-10 10:14:32', NULL, NULL, 1, 12247, NULL, NULL, NULL, 'Discharged', 0.00, 13100.80, 0.00),
(14, 14, 4, 8, 13, NULL, '28612342', '0', 173, NULL, 'Farman', '03372360046', 4, '2025-01-10 16:07:26', '2025-01-15 10:11:44', NULL, NULL, 1, 12247, NULL, NULL, NULL, 'Discharged', 0.00, 3560.00, 0.00),
(15, 15, 3, 5, 17, NULL, '28633125', '0', 175, NULL, 'Taj Gul khan', '03158909927', 2, '2025-01-12 16:35:12', '2025-01-15 11:42:48', NULL, NULL, 1, 12247, NULL, NULL, NULL, 'Discharged', 0.00, 3560.00, 0.00),
(16, 16, 4, 9, 17, NULL, '28666928', '0', 175, NULL, 'AHMAD', '03140931996', 4, '2025-01-14 12:08:31', '2025-01-17 10:04:49', NULL, NULL, 1, 12247, NULL, NULL, NULL, 'Discharged', 0.00, 3560.00, 0.00),
(17, 17, 5, 37, 15, NULL, '28671987', '0', 91, NULL, 'ahmad', '03169493687', 4, '2025-01-14 14:28:37', '2025-01-15 11:41:35', NULL, NULL, 1, 12247, NULL, NULL, NULL, 'Discharged', 0.00, 18013.60, 0.00),
(18, 18, 4, 10, 15, NULL, '28672531', '0', 103, NULL, 'Rizwan Ullah', '03124469151', 2, '2025-01-14 14:43:24', '2025-01-14 16:29:42', NULL, 'high blood pressure', 1, 12247, NULL, NULL, NULL, 'Canceled', 0.00, 23745.20, 0.00),
(19, 19, 10, 32, 18, NULL, '28672458', '0', 3, NULL, 'Saad', '03401884271', 4, '2025-01-14 15:00:24', '2025-01-14 17:45:01', NULL, NULL, 1, 12247, NULL, NULL, NULL, 'Discharged', 0.00, 4227.50, 0.00),
(20, 20, 1, 1, 8, NULL, '28677343', '0', 6, NULL, 'Muhammad Ayaz', '03150965355', 4, '2025-01-14 19:19:36', '2025-01-15 15:14:08', NULL, NULL, 1, 12247, NULL, NULL, NULL, 'Discharged', 0.00, 13100.80, 0.00),
(21, 21, 5, 38, 16, NULL, '28680850', '0', 176, NULL, 'ZAHOOR ZAMAN', '03002829179', 5, '2025-01-15 10:02:47', '2025-01-16 10:53:20', NULL, NULL, 1, 12247, NULL, NULL, NULL, 'Discharged', 20.00, 10680.00, 0.00),
(22, 22, 4, 8, 15, NULL, '28683156', '0', 91, NULL, 'WAQAS AHMAD', '03149472057', 2, '2025-01-15 10:40:02', '2025-01-16 11:52:32', NULL, NULL, 1, 12247, NULL, NULL, NULL, 'Discharged', 0.00, 18013.60, 0.00),
(23, 23, 10, 32, 18, NULL, '28684115', '0', 3, NULL, 'salman haider', '03109899311', 4, '2025-01-15 10:49:42', '2025-01-18 20:15:08', 'Discharged normal', NULL, 1, 12247, NULL, NULL, '2025-01-18 20:15:08', 'Discharged', 0.00, 4227.50, 0.00),
(24, 24, 10, 33, 18, NULL, '28681566', '0', 3, NULL, 'muhammad ali', '03423167207', 2, '2025-01-15 10:55:58', '2025-01-18 20:15:36', 'Discharged normal', NULL, 1, 12247, NULL, NULL, '2025-01-18 20:15:36', 'Discharged', 0.00, 4227.50, 0.00),
(25, 25, 10, 34, 18, NULL, '28684698', '0', 3, NULL, 'KHALID MEHMOOD', '03035488001', 1, '2025-01-15 11:02:06', '2025-01-18 09:57:14', NULL, NULL, 1, 12247, NULL, NULL, NULL, 'Discharged', 0.00, 4227.50, 0.00),
(26, 26, 4, 10, 15, NULL, '28692753', '0', 77, NULL, 'WAQAS IQBAL', '03109502968', 1, '2025-01-15 14:54:56', '2025-01-16 12:01:20', NULL, NULL, 1, 12247, NULL, NULL, NULL, 'Discharged', 0.00, 18013.60, 0.00),
(27, 28, 4, 11, 15, NULL, '28693762', '0', 102, NULL, 'Tanveer ahmad', '03149089687', 1, '2025-01-15 15:32:51', '2025-01-16 11:57:25', NULL, NULL, 1, 12247, NULL, NULL, NULL, 'Discharged', 0.00, 22107.60, 0.00),
(28, 29, 10, 35, 18, NULL, '28701134', '0', 3, NULL, 'SOHAIL KHAN', '03155677550', 2, '2025-01-16 09:52:40', '2025-01-18 20:16:03', 'Discharged normal', NULL, 1, 12247, NULL, NULL, '2025-01-18 20:16:03', 'Discharged', 0.00, 4227.50, 0.00),
(31, 30, 4, 12, 6, NULL, '28705011', '0', 4, NULL, 'HAMID AFSAR', '03135054483', 2, '2025-01-16 11:21:07', NULL, NULL, NULL, 0, 12247, NULL, NULL, NULL, 'Admit', 0.00, 16634.10, 0.00),
(32, 30, 4, 12, 6, NULL, '28705011', '0', 4, NULL, 'HAMID AFSAR', '03135054483', 2, '2025-01-16 11:21:27', '2025-01-17 12:21:51', NULL, NULL, 1, 12247, NULL, NULL, NULL, 'Discharged', 0.00, 16634.10, 0.00),
(33, 4, 4, 13, 18, NULL, '28705607', '0', 3, NULL, 'HUKAM DAD', '03147483647', 1, '2025-01-16 11:48:56', '2025-01-16 12:10:48', NULL, NULL, 1, 12247, NULL, NULL, NULL, 'Discharged', 0.00, 4227.50, 0.00),
(34, 31, 7, 42, 18, NULL, '28705278', '0', 3, NULL, 'AKHTAR NAWAZ', '3147483647', 3, '2025-01-15 11:50:34', '2025-01-16 14:01:07', NULL, NULL, 1, 12247, NULL, NULL, NULL, 'Discharged', 0.00, 4227.50, 0.00),
(35, 32, 10, 36, 18, NULL, '28709302', '0', 3, NULL, 'Nisar', '03459688449', 4, '2025-01-16 13:01:42', '2025-01-16 14:52:34', NULL, NULL, 1, 12247, NULL, NULL, '2025-01-20 15:23:22', 'Discharged', 0.00, 4227.50, 0.00),
(36, 33, 7, 42, 6, NULL, '28313933', '0', 4, NULL, 'Abdul Aziz', '03469436781', 2, '2025-01-16 16:07:46', '2025-01-17 12:03:06', NULL, NULL, 1, 12247, NULL, NULL, NULL, 'Discharged', 0.00, 16634.10, 0.00),
(37, 34, 4, 8, 6, NULL, '28714111', '0', 4, NULL, 'Kamran', '03155683717', 2, '2025-01-16 16:18:51', '2025-01-18 12:34:23', NULL, NULL, 1, 12247, NULL, NULL, NULL, 'Discharged', 0.00, 16634.10, 0.00),
(38, 35, 10, 36, 18, NULL, '28719318', '0', 3, NULL, 'MUHAMMAD AMIR', '03169569752', 3, '2025-01-17 09:38:28', '2025-01-17 12:23:12', NULL, NULL, 1, 12247, NULL, NULL, NULL, 'Discharged', 0.00, 4227.50, 0.00),
(39, 36, 3, 5, 18, NULL, '28719649', '0', 3, NULL, 'ASIF KHAN', '03446290919', 5, '2025-01-17 09:47:05', '2025-01-17 11:15:30', NULL, NULL, 1, 12247, NULL, NULL, NULL, 'Discharged', 0.00, 4227.50, 0.00),
(40, 37, 1, 1, 8, NULL, '2821276', '0', 6, NULL, 'Basit', '03417822136', 5, '2025-01-17 10:24:00', '2025-01-17 15:43:29', NULL, NULL, 1, 12247, NULL, NULL, NULL, 'Discharged', 0.00, 13100.80, 0.00),
(41, 38, 4, 9, 4, NULL, '28721466', '0', 177, NULL, 'HAIDER KHAN', '03464579147', 4, '2025-01-17 10:46:24', '2025-01-18 12:33:01', NULL, NULL, 1, 12247, NULL, NULL, NULL, 'Discharged', 0.00, 31114.40, 0.00),
(42, 40, 1, 25, 8, NULL, '28723788', '0', 178, NULL, 'MUHAMMAD KASHIF', '03498230572', 3, '2025-01-17 11:23:25', '2025-01-19 15:32:11', 'NORMAL DISCHARGES', NULL, 1, 12247, NULL, NULL, '2025-01-19 15:32:11', 'Discharged', 0.00, 0.00, 0.00),
(43, 39, 4, 10, 18, NULL, '28721903', '0', 3, NULL, 'SHER AFZAL', '03154614645', 1, '2025-01-17 11:43:16', '2025-01-17 13:06:33', NULL, NULL, 1, 12247, NULL, NULL, NULL, 'Discharged', 0.00, 4227.50, 0.00),
(44, 41, 1, 26, 8, NULL, '28724137', '0', 91, NULL, 'UMAR KHITAB', '03119602258', 3, '2025-01-17 12:07:07', '2025-01-18 12:32:08', NULL, NULL, 1, 12247, NULL, NULL, NULL, 'Discharged', 0.00, 18013.60, 0.00),
(45, 19, 7, 42, 18, NULL, '28725993', '0', 3, NULL, 'SAAD', '03401884271', 1, '2025-01-17 12:15:26', '2025-01-17 18:16:24', NULL, NULL, 1, 12247, NULL, NULL, NULL, 'Discharged', 0.00, 4227.50, 0.00),
(46, 42, 10, 36, 18, NULL, '28719390', '0', 3, NULL, 'BADAR MUNIR', '03454602621', 1, '2025-01-17 13:48:59', '2025-01-17 16:07:45', NULL, NULL, 1, 12247, NULL, NULL, NULL, 'Discharged', 0.00, 4227.50, 0.00),
(47, 43, 4, 10, 18, NULL, '28728704', '0', 3, NULL, 'HAROON', '03008364871', 4, '2025-01-17 14:35:28', '2025-01-17 15:30:09', NULL, NULL, 1, 12247, NULL, NULL, NULL, 'Discharged', 0.00, 4227.50, 0.00),
(48, 44, 10, 36, 18, NULL, '28736283', '0', 3, NULL, 'Sohrab Azam', '03015198218', 2, '2025-01-18 09:48:45', '2025-01-18 15:44:08', 'Discharged normal', NULL, 1, 12247, NULL, NULL, '2025-01-18 15:44:08', 'Discharged', 0.00, 4227.50, 0.00),
(49, 25, 10, 34, 18, NULL, '28736825', '0', 3, NULL, 'Muhammad Nabeel', '03095325789', 1, '2025-01-18 09:58:40', '2025-01-18 15:43:45', 'Discharged normal', NULL, 1, 12247, NULL, NULL, '2025-01-18 15:43:45', 'Discharged', 0.00, 4227.50, 0.00),
(50, 45, 4, 10, 18, NULL, '28737901', '0', 3, NULL, 'Salman Haidar', '03119842327', 4, '2025-01-18 10:22:53', '2025-01-18 14:47:19', NULL, NULL, 1, 12247, NULL, NULL, NULL, 'Discharged', 0.00, 4227.50, 0.00),
(51, 46, 4, 11, 18, NULL, '28740652', '0', 3, NULL, 'Shah Hilal Ahmad', '03459701052', 4, '2025-01-18 11:36:45', '2025-01-18 15:42:01', 'Discharged normal', NULL, 1, 12247, NULL, NULL, '2025-01-18 15:42:01', 'Discharged', 0.00, 4227.50, 0.00),
(52, 47, 4, 12, 18, NULL, '28740818', '0', 3, NULL, 'Husan Dad', '03449200197', 4, '2025-01-18 11:46:41', '2025-01-18 15:42:51', 'Discharged normal', NULL, 1, 12247, NULL, NULL, '2025-01-18 15:42:51', 'Discharged', 0.00, 4227.50, 0.00),
(53, 35, 10, 32, 18, 18, '28755869', '0', 3, NULL, 'muhammad amir', '03169569752', 3, '2025-01-20 09:45:46', '2025-01-20 12:54:32', 'NORMAL DISCHARGES', NULL, 1, 12247, NULL, '2025-01-20 09:45:46', '2025-01-20 12:54:32', 'Discharged', 0.00, 4227.50, 0.00),
(54, 29, 10, 33, 18, 18, '28756125', '0', 3, NULL, 'Asif khan', '03155677550', 2, '2025-01-20 10:36:02', '2025-01-20 13:35:29', 'NORMAL DISCHARGES', NULL, 1, 12247, NULL, '2025-01-20 10:36:02', '2025-01-20 13:35:29', 'Discharged', 0.00, 4227.50, 0.00),
(55, 32, 10, 34, 18, 18, '28757847', '0', 3, NULL, 'nisar', '03459688449', 4, '2025-01-20 10:44:14', NULL, NULL, NULL, 0, 12247, NULL, '2025-01-20 10:44:14', '2025-01-20 10:44:14', 'Admit', 0.00, 4227.50, 0.00),
(56, 31, 10, 35, 18, 18, '28757953', '0', 3, NULL, 'akhtar nawaz', '03473326225', 3, '2025-01-20 10:46:54', '2025-01-20 14:34:54', 'NORMAL DISCHARGES', NULL, 1, 12247, NULL, '2025-01-20 10:46:54', '2025-01-20 14:34:54', 'Discharged', 0.00, 4227.50, 0.00),
(57, 52, 10, 36, 18, 18, '28760552', '0', 3, NULL, 'MUHAMMAD HAMZA', '03024301192', 2, '2025-01-20 11:39:23', '2025-01-20 16:23:01', 'NORMAL DISCHARGES', NULL, 1, 12247, NULL, '2025-01-20 11:39:23', '2025-01-20 16:23:01', 'Discharged', 0.00, 4227.50, 0.00),
(58, 58, 4, 8, 18, 18, '28761860', '0', 3, NULL, 'ILTAF', '03430017780', 4, '2025-01-20 12:00:49', '2025-01-20 16:09:36', 'NORMAL DISCHARGES', NULL, 1, 12247, NULL, '2025-01-20 12:00:49', '2025-01-20 16:09:36', 'Discharged', 0.00, 4227.50, 0.00),
(59, 55, 2, 3, 18, 18, '28762471', '0', 3, NULL, 'mIRAJ', '03005535933', 2, '2025-01-20 12:13:11', '2025-01-20 16:29:29', 'NORMAL DISCHARGES', NULL, 1, 12247, NULL, '2025-01-20 12:13:11', '2025-01-20 16:29:29', 'Discharged', 0.00, 4227.50, 0.00),
(60, 62, 10, 32, 18, 18, '28757847', '0', 3, NULL, 'nisar', '03459688449', 4, '2025-01-20 15:22:48', '2025-01-20 15:23:59', 'NORMAL DISCHARGES', NULL, 1, 12247, NULL, '2025-01-20 15:22:48', '2025-01-20 15:23:59', 'Discharged', 0.00, 4227.50, 0.00),
(61, 59, 10, 32, 18, 18, '28778057', '0', 3, NULL, 'imtiaz ahmad', '03119705718', 4, '2025-01-21 09:22:03', '2025-01-21 12:50:50', 'NORMAL DISCHARGES', NULL, 1, 12247, NULL, '2025-01-21 09:22:03', '2025-01-21 12:50:50', 'Discharged', 0.00, 4227.50, 0.00),
(62, 19, 10, 33, 18, 18, '28778133', '0', 3, NULL, 'saad', '03401884271', 20, '2025-01-21 09:24:22', '2025-01-21 11:30:05', 'NORMAL DISCHARGES', NULL, 1, 12247, NULL, '2025-01-21 09:24:22', '2025-01-21 11:30:05', 'Discharged', 0.00, 4227.50, 0.00),
(63, 39, 10, 34, 18, 18, '28779327', '0', 3, NULL, 'RAZ MUHAMMAD', '03154614645', 1, '2025-01-21 10:00:34', '2025-01-21 12:14:29', 'NORMAL DISCHARGES', NULL, 1, 12247, NULL, '2025-01-21 10:00:34', '2025-01-21 12:14:29', 'Discharged', 0.00, 4227.50, 0.00),
(64, 42, 10, 35, 18, 18, '28779396', '0', 3, NULL, 'BADAR MUNIR', '03454602621', 1, '2025-01-21 10:01:34', '2025-01-21 12:16:59', 'NORMAL DISCHARGES', NULL, 1, 12247, NULL, '2025-01-21 10:01:34', '2025-01-21 12:16:59', 'Discharged', 0.00, 4227.50, 0.00),
(65, 43, 10, 36, 18, 18, '28779516', '0', 3, NULL, 'SHAHID MUHAMMAD ILTAF', '03498753752', 1, '2025-01-21 10:03:13', '2025-01-21 12:37:50', 'NORMAL DISCHARGES', NULL, 1, 12247, NULL, '2025-01-21 10:03:13', '2025-01-21 12:37:50', 'Discharged', 0.00, 4227.50, 0.00),
(66, 63, 10, 33, 18, 18, '28783660', '0', 3, NULL, 'HUSAN DAD', '03449200197', 4, '2025-01-21 11:34:20', '2025-01-21 15:30:49', 'NORMAL DISCHARGES', NULL, 1, 12247, NULL, '2025-01-21 11:34:20', '2025-01-21 15:30:49', 'Discharged', 0.00, 4227.50, 0.00),
(67, 53, 10, 32, 18, 18, '28787003', '0', 3, NULL, 'GHUFRAN UD DIN', '03403912705', 3, '2025-01-21 12:54:57', '2025-01-21 16:29:44', 'NORMAL DISCHARGES', NULL, 1, 12247, NULL, '2025-01-21 12:54:57', '2025-01-21 16:29:44', 'Discharged', 0.00, 4227.50, 0.00),
(68, 36, 10, 34, 18, 18, '28787404', '0', 3, NULL, 'ASIF KHAN', '03469802703', 5, '2025-01-21 12:57:28', '2025-01-21 16:29:14', 'NORMAL DISCHARGES', NULL, 1, 12247, NULL, '2025-01-21 12:57:28', '2025-01-21 16:29:14', 'Discharged', 0.00, 4227.50, 0.00),
(69, 61, 10, 35, 18, 18, '28787495', '0', 3, NULL, 'ASIM', '03369916895', 3, '2025-01-21 13:00:35', '2025-01-21 16:30:07', 'NORMAL DISCHARGES', NULL, 1, 12247, NULL, '2025-01-21 13:00:35', '2025-01-21 16:30:07', 'Discharged', 0.00, 4227.50, 0.00),
(70, 65, 4, 8, 15, 15, '28791343', '0', 106, NULL, 'IHSAN ULLAH', '03484683905', 1, '2025-01-21 15:15:37', NULL, NULL, NULL, 1, 12247, NULL, '2025-01-21 15:15:37', '2025-01-21 15:15:37', 'Admit', 0.00, 14738.40, 0.00),
(71, 66, 3, 5, 15, 15, '28791628', '0', 64, NULL, 'ROH UL AMIN', '03194501733', 19, '2025-01-21 15:23:21', '2025-01-21 16:20:30', 'NORMAL DISCHARGES', NULL, 1, 12247, NULL, '2025-01-21 15:23:21', '2025-01-21 16:20:30', 'Discharged', 0.00, 4912.80, 0.00);

-- --------------------------------------------------------

--
-- Table structure for table `patient_baby`
--

DROP TABLE IF EXISTS `patient_baby`;
CREATE TABLE IF NOT EXISTS `patient_baby` (
  `id` int NOT NULL AUTO_INCREMENT,
  `admission_id` int NOT NULL,
  `patient_id` int NOT NULL,
  `baby_gender` varchar(100) NOT NULL,
  `baby_name` varchar(255) NOT NULL,
  `mother_name` varchar(100) DEFAULT NULL,
  `father_name` varchar(100) DEFAULT NULL,
  `dob` datetime DEFAULT NULL,
  `father_mother_cnic` varchar(100) DEFAULT NULL,
  `baby_status` enum('Alive','died_after_delivery','died_before_delivery','') DEFAULT NULL,
  `created_at` datetime NOT NULL,
  `updated_at` datetime NOT NULL,
  `created_by` int DEFAULT NULL,
  `updated_by` int DEFAULT NULL,
  `is_active` int NOT NULL DEFAULT '1',
  PRIMARY KEY (`id`)
) ENGINE=MyISAM AUTO_INCREMENT=2 DEFAULT CHARSET=utf8mb4 COLLATE=utf8mb4_0900_ai_ci;

--
-- Dumping data for table `patient_baby`
--

INSERT INTO `patient_baby` (`id`, `admission_id`, `patient_id`, `baby_gender`, `baby_name`, `mother_name`, `father_name`, `dob`, `father_mother_cnic`, `baby_status`, `created_at`, `updated_at`, `created_by`, `updated_by`, `is_active`) VALUES
(1, 40, 37, 'Male', 'Baby of Sima', 'Sima', 'Basit Muhammad', '2025-01-17 15:12:00', '1620307416902', 'Alive', '2025-01-18 15:13:13', '2025-01-18 15:13:13', 2, NULL, 1);

-- --------------------------------------------------------

--
-- Table structure for table `patient_discharge_checklist`
--

DROP TABLE IF EXISTS `patient_discharge_checklist`;
CREATE TABLE IF NOT EXISTS `patient_discharge_checklist` (
  `id` bigint NOT NULL AUTO_INCREMENT,
  `admission_id` int DEFAULT NULL,
  `patient_id` int DEFAULT NULL,
  `cnic` int DEFAULT NULL,
  `shp_form` int DEFAULT NULL,
  `ultrasound` int DEFAULT NULL,
  `doctor_prescription` int DEFAULT NULL,
  `labs` int DEFAULT NULL,
  `admission_form` int DEFAULT NULL,
  `nursing_notes` int DEFAULT NULL,
  `medication_chart` int DEFAULT NULL,
  `ot_notes` int DEFAULT NULL,
  `consern_notes` int DEFAULT NULL,
  `discharge_slip` int DEFAULT NULL,
  PRIMARY KEY (`id`)
) ENGINE=InnoDB AUTO_INCREMENT=63 DEFAULT CHARSET=utf8mb4 COLLATE=utf8mb4_general_ci;

--
-- Dumping data for table `patient_discharge_checklist`
--

INSERT INTO `patient_discharge_checklist` (`id`, `admission_id`, `patient_id`, `cnic`, `shp_form`, `ultrasound`, `doctor_prescription`, `labs`, `admission_form`, `nursing_notes`, `medication_chart`, `ot_notes`, `consern_notes`, `discharge_slip`) VALUES
(1, 1, 1, 1, 1, 1, 1, 1, 1, 1, 1, 1, 1, 1),
(2, 3, 3, 1, 1, 1, 1, 1, 1, 1, 1, 1, 1, 1),
(3, 4, 4, 1, 1, 1, 1, 1, 1, 1, 1, 1, 1, 1),
(4, 5, 5, 1, 1, 1, 1, 1, 1, 1, 1, 1, 1, 1),
(5, 6, 6, 1, 1, 1, 1, 1, 1, 1, 1, 1, 1, 1),
(6, 9, 9, 1, 1, 1, 1, 1, 1, 1, 1, 1, 1, 1),
(7, 8, 8, 1, 1, 1, 1, 1, 1, 1, 1, 1, 1, 1),
(8, 10, 10, 1, 1, 1, 1, 1, 1, 1, 1, 1, 1, 1),
(9, 13, 13, 0, 0, 0, 0, 0, 0, 1, 1, 0, 1, 1),
(10, 12, 12, 0, 0, 0, 1, 0, 0, 0, 1, 0, 0, 0),
(11, 19, 19, 1, 1, 1, 1, 1, 1, 1, 1, 1, 1, 1),
(12, 14, 14, 1, 1, 1, 1, 1, 1, 1, 1, 1, 1, 1),
(13, 17, 17, 1, 1, 1, 1, 1, 1, 1, 1, 1, 1, 1),
(14, 15, 15, 1, 1, 1, 1, 1, 1, 1, 1, 1, 1, 1),
(15, 20, 20, 1, 1, 1, 1, 1, 1, 1, 1, 1, 1, 1),
(16, 21, 21, 0, 0, 0, 0, 0, 0, 0, 0, 0, 0, 0),
(17, 22, 22, 0, 0, 0, 0, 0, 0, 0, 0, 0, 0, 0),
(18, 27, 28, 0, 0, 0, 0, 0, 0, 0, 0, 0, 0, 0),
(19, 26, 26, 1, 1, 1, 1, 1, 1, 1, 1, 1, 1, 1),
(20, 33, 4, 1, 1, 1, 1, 1, 1, 1, 1, 1, 1, 1),
(21, 34, 31, 1, 1, 1, 1, 1, 1, 1, 1, 1, 1, 1),
(22, 35, 32, 1, 1, 1, 1, 1, 1, 1, 1, 1, 1, 1),
(23, 16, 16, 1, 1, 1, 1, 1, 1, 1, 1, 1, 1, 1),
(24, 39, 36, 1, 1, 1, 1, 1, 1, 1, 1, 1, 1, 1),
(25, 36, 33, 1, 1, 1, 1, 1, 1, 1, 1, 1, 1, 1),
(26, 32, 30, 1, 1, 1, 1, 1, 1, 1, 1, 1, 1, 1),
(27, 38, 35, 1, 1, 1, 1, 1, 1, 1, 1, 1, 1, 1),
(28, 43, 39, 1, 1, 1, 1, 1, 1, 1, 1, 1, 1, 1),
(29, 47, 43, 1, 1, 1, 1, 1, 1, 1, 1, 1, 1, 1),
(30, 40, 37, 1, 1, 1, 1, 1, 1, 1, 1, 1, 1, 1),
(31, 46, 42, 1, 1, 1, 1, 1, 1, 1, 1, 1, 1, 1),
(32, 45, 19, 1, 1, 1, 1, 1, 1, 1, 1, 1, 1, 1),
(33, 25, 25, 1, 1, 1, 1, 1, 1, 1, 1, 1, 1, 1),
(34, 44, 41, 1, 1, 1, 1, 1, 1, 1, 1, 1, 1, 1),
(35, 41, 38, 1, 1, 1, 1, 1, 1, 1, 1, 1, 1, 1),
(36, 37, 34, 0, 0, 1, 1, 1, 1, 1, 1, 1, 1, 1),
(37, 50, 45, 1, 1, 1, 1, 1, 1, 1, 1, 1, 1, 1),
(38, 51, 46, 1, 1, 1, 1, 1, 1, 1, 1, 1, 1, 1),
(39, 52, 47, 1, 1, 1, 1, 1, 1, 1, 1, 1, 1, 1),
(40, 49, 25, 1, 1, 1, 1, 1, 1, 1, 1, 1, 1, 1),
(41, 48, 44, 1, 1, 1, 1, 1, 1, 1, 1, 1, 1, 1),
(42, 23, 23, 1, 1, 1, 1, 1, 1, 1, 1, 1, 1, 1),
(43, 24, 24, 1, 1, 1, 1, 1, 1, 1, 1, 1, 1, 1),
(44, 28, 29, 1, 1, 1, 1, 1, 1, 1, 1, 1, 1, 1),
(45, 42, 40, 1, 1, 1, 1, 1, 1, 1, 1, 1, 1, 1),
(46, 53, 35, 1, 1, 1, 1, 1, 1, 1, 1, 1, 1, 1),
(47, 54, 29, 1, 1, 1, 1, 1, 1, 1, 1, 1, 1, 1),
(48, 56, 31, 1, 1, 1, 1, 1, 1, 1, 1, 1, 1, 1),
(49, 60, 62, 1, 1, 1, 1, 1, 1, 1, 1, 1, 1, 1),
(50, 58, 58, 1, 1, 1, 1, 1, 1, 1, 1, 1, 1, 1),
(51, 57, 52, 1, 1, 1, 1, 1, 1, 1, 1, 1, 1, 1),
(52, 59, 55, 1, 1, 1, 1, 1, 1, 1, 1, 1, 1, 1),
(53, 62, 19, 1, 1, 1, 1, 1, 1, 1, 1, 1, 1, 1),
(54, 63, 39, 1, 1, 1, 1, 1, 1, 1, 1, 1, 1, 1),
(55, 64, 42, 1, 1, 1, 1, 1, 1, 1, 1, 1, 1, 1),
(56, 65, 43, 1, 1, 1, 1, 1, 1, 1, 1, 1, 1, 1),
(57, 61, 59, 1, 1, 1, 1, 1, 1, 1, 1, 1, 1, 1),
(58, 66, 63, 1, 1, 1, 1, 1, 1, 1, 1, 1, 1, 1),
(59, 71, 66, 1, 1, 1, 1, 1, 1, 1, 1, 1, 1, 1),
(60, 68, 36, 1, 1, 1, 1, 1, 1, 1, 1, 1, 1, 1),
(61, 67, 53, 1, 1, 1, 1, 1, 1, 1, 1, 1, 1, 1),
(62, 69, 61, 1, 1, 1, 1, 1, 1, 1, 1, 1, 1, 1);

-- --------------------------------------------------------

--
-- Table structure for table `patient_investigations`
--

DROP TABLE IF EXISTS `patient_investigations`;
CREATE TABLE IF NOT EXISTS `patient_investigations` (
  `id` bigint NOT NULL AUTO_INCREMENT,
  `invoice_no` varchar(100) CHARACTER SET utf8mb4 COLLATE utf8mb4_general_ci DEFAULT NULL,
  `patient_id` int DEFAULT NULL,
  `admission_id` int DEFAULT NULL,
  `investigation_sub_category_id` int DEFAULT NULL,
  `inv_amount` decimal(10,2) DEFAULT NULL,
  `inv_date` datetime DEFAULT NULL,
  `inv_out_date` datetime DEFAULT NULL,
  `inv_comment` text CHARACTER SET utf8mb4 COLLATE utf8mb4_general_ci,
  `created_by` int DEFAULT NULL,
  `created_at` datetime NOT NULL DEFAULT CURRENT_TIMESTAMP,
  `updated_by` int DEFAULT NULL,
  `updated_at` datetime DEFAULT NULL,
  `is_active` int NOT NULL DEFAULT '1',
  `status` int NOT NULL DEFAULT '0',
  PRIMARY KEY (`id`),
  KEY `admission_id` (`admission_id`),
  KEY `patient_id` (`patient_id`),
  KEY `investigation_id` (`investigation_sub_category_id`)
) ENGINE=InnoDB AUTO_INCREMENT=173 DEFAULT CHARSET=utf8mb4 COLLATE=utf8mb4_general_ci;

--
-- Dumping data for table `patient_investigations`
--

INSERT INTO `patient_investigations` (`id`, `invoice_no`, `patient_id`, `admission_id`, `investigation_sub_category_id`, `inv_amount`, `inv_date`, `inv_out_date`, `inv_comment`, `created_by`, `created_at`, `updated_by`, `updated_at`, `is_active`, `status`) VALUES
(15, '1735796314875', 3, 3, 60, 210.00, '2025-01-02 10:38:55', '2025-01-03 17:39:06', NULL, NULL, '2025-01-02 10:38:55', NULL, NULL, 1, 1),
(16, '1735796314875', 3, 3, 11, 350.00, '2025-01-02 10:39:08', '2025-01-02 11:36:49', NULL, NULL, '2025-01-02 10:39:08', NULL, NULL, 1, 1),
(17, '1735796314875', 3, 3, 32, 140.00, '2025-01-02 10:39:19', '2025-01-02 12:32:33', NULL, NULL, '2025-01-02 10:39:19', NULL, NULL, 1, 1),
(18, '1735802550011', 3, 3, 1, 140.00, '2025-01-02 12:22:39', '2025-01-02 12:27:14', NULL, NULL, '2025-01-02 12:22:39', NULL, NULL, 1, 1),
(19, '1735804005413', 4, 4, 1, 140.00, '2025-01-02 12:46:57', '2025-01-02 13:16:00', NULL, NULL, '2025-01-02 12:46:57', NULL, NULL, 1, 1),
(20, '1735804005413', 4, 4, 60, 210.00, '2025-01-02 12:47:04', '2025-01-02 13:17:27', NULL, NULL, '2025-01-02 12:47:04', NULL, NULL, 1, 1),
(21, '1735804005413', 4, 4, 32, 140.00, '2025-01-02 12:47:11', '2025-01-02 13:16:33', NULL, NULL, '2025-01-02 12:47:11', NULL, NULL, 1, 1),
(22, '1735804005413', 4, 4, 11, 350.00, '2025-01-02 12:48:01', '2025-01-02 13:17:03', NULL, NULL, '2025-01-02 12:48:01', NULL, NULL, 1, 1),
(23, '1735887036936', 5, 5, 1, 140.00, '2025-01-03 11:50:52', '2025-01-03 12:28:04', NULL, 2, '2025-01-03 11:50:52', NULL, NULL, 1, 1),
(24, '1735887036936', 5, 5, 32, 140.00, '2025-01-03 11:51:10', '2025-01-03 12:35:02', NULL, 2, '2025-01-03 11:51:10', NULL, NULL, 1, 1),
(25, '1735887036936', 5, 5, 18, 105.00, '2025-01-03 11:51:19', '2025-01-03 12:44:29', NULL, 2, '2025-01-03 11:51:19', NULL, NULL, 1, 1),
(26, '1735887036936', 5, 5, 6, 350.00, '2025-01-03 11:51:36', '2025-01-03 12:42:12', NULL, 2, '2025-01-03 11:51:36', NULL, NULL, 1, 1),
(27, '1736238244513', 6, 6, 44, 35.00, '2025-01-07 01:27:18', '2025-01-07 13:44:36', NULL, 12250, '2025-01-07 13:27:18', NULL, NULL, 1, 1),
(28, '1736238244513', 6, 6, 58, 70.00, '2025-01-07 01:27:49', '2025-01-07 13:35:11', NULL, 12250, '2025-01-07 13:27:49', NULL, NULL, 1, 1),
(29, '1736238244513', 6, 6, 37, 53.00, '2025-01-07 01:28:19', '2025-01-15 10:49:51', NULL, 12250, '2025-01-07 13:28:19', NULL, NULL, 0, 1),
(30, '1736247928707', 7, 7, 1, 140.00, '2025-01-07 04:05:37', '2025-01-07 16:19:44', NULL, 12249, '2025-01-07 16:05:37', NULL, NULL, 1, 1),
(31, '1736247928707', 7, 7, 20, 35.00, '2025-01-07 04:05:45', '2025-01-07 16:46:23', NULL, 12249, '2025-01-07 16:05:45', NULL, NULL, 1, 1),
(32, '1736247928707', 7, 7, 32, 140.00, '2025-01-07 04:05:54', '2025-01-07 16:21:16', NULL, 12249, '2025-01-07 16:05:54', NULL, NULL, 1, 1),
(33, '1736247928707', 7, 7, 18, 105.00, '2025-01-07 04:06:01', '2025-01-07 16:21:02', NULL, 12249, '2025-01-07 16:06:01', NULL, NULL, 1, 1),
(34, '1736249705058', 7, 7, 61, 700.00, '2025-01-07 04:35:12', '2025-01-09 10:17:43', NULL, 2, '2025-01-07 16:35:12', NULL, NULL, 1, 1),
(35, '1736315167104', 9, 9, 67, 500.00, '2025-01-08 10:46:41', '2025-01-09 10:17:26', 'asdf', 12250, '2025-01-08 10:46:41', NULL, NULL, 1, 1),
(36, '1736315208695', 8, 8, 67, 500.00, '2025-01-08 10:47:03', '2025-01-09 10:17:15', 'done', 12250, '2025-01-08 10:47:03', NULL, NULL, 1, 1),
(37, '1736325960243', 10, 10, 1, 140.00, '2025-01-08 01:46:08', '2025-01-08 14:29:29', NULL, 2, '2025-01-08 13:46:08', NULL, NULL, 1, 1),
(38, '1736325960243', 10, 10, 32, 140.00, '2025-01-08 01:46:20', '2025-01-08 14:22:12', NULL, 2, '2025-01-08 13:46:20', NULL, NULL, 1, 1),
(39, '1736405127236', 12, 12, 1, 140.00, '2025-01-09 11:45:49', '2025-01-09 12:46:44', NULL, 12250, '2025-01-09 11:45:49', NULL, NULL, 1, 1),
(40, '1736405127236', 12, 12, 32, 140.00, '2025-01-09 11:46:02', '2025-01-09 12:45:55', NULL, 12250, '2025-01-09 11:46:02', NULL, NULL, 1, 1),
(41, '1736420633210', 13, 13, 1, 140.00, '2025-01-09 04:03:57', '2025-01-09 16:26:23', NULL, 12249, '2025-01-09 16:03:57', NULL, NULL, 1, 1),
(42, '1736420633210', 13, 13, 20, 35.00, '2025-01-09 04:04:04', '2025-01-09 16:26:42', NULL, 12249, '2025-01-09 16:04:04', NULL, NULL, 1, 1),
(43, '1736420633210', 13, 13, 32, 140.00, '2025-01-09 04:04:14', '2025-01-09 16:26:53', NULL, 12249, '2025-01-09 16:04:14', NULL, NULL, 1, 1),
(44, '1736420729869', 13, 13, 68, 700.00, '2025-01-09 04:05:37', '2025-01-15 10:50:03', NULL, 12249, '2025-01-09 16:05:37', NULL, NULL, 1, 1),
(45, '1736488881226', 12, 12, 67, 500.00, '2025-01-10 11:01:29', '2025-01-13 12:22:30', NULL, 12250, '2025-01-10 11:01:29', NULL, NULL, 1, 1),
(46, '1736508300718', 14, 14, 44, 35.00, '2025-01-10 04:25:10', '2025-01-10 19:50:07', NULL, 12249, '2025-01-10 16:25:10', NULL, NULL, 1, 1),
(47, '1736508300718', 14, 14, 46, 175.00, '2025-01-10 04:25:19', '2025-01-10 17:01:15', NULL, 12249, '2025-01-10 16:25:19', NULL, NULL, 1, 1),
(48, '1736508300718', 14, 14, 37, 53.00, '2025-01-10 04:25:43', '2025-01-10 19:48:22', NULL, 12249, '2025-01-10 16:25:44', NULL, NULL, 1, 1),
(49, '1736508300718', 14, 14, 67, 500.00, '2025-01-10 04:25:54', '2025-01-13 12:22:19', NULL, 12249, '2025-01-10 16:25:54', NULL, NULL, 1, 1),
(50, '1736508459671', 14, 14, 69, 400.00, '2025-01-10 04:27:45', '2025-01-13 12:22:09', NULL, 12249, '2025-01-10 16:27:45', NULL, NULL, 1, 1),
(51, '1736520450089', 14, 14, 3, 420.00, '2025-01-10 07:47:43', '2025-01-10 20:12:28', NULL, 12249, '2025-01-10 19:47:43', NULL, NULL, 1, 1),
(52, '1736574686654', 14, 14, 44, 35.00, '2025-01-11 10:51:36', '2025-01-11 10:53:11', NULL, 12250, '2025-01-11 10:51:36', NULL, NULL, 0, 1),
(53, '1736574686654', 14, 14, 44, 35.00, '2025-01-11 10:53:23', '2025-01-13 12:24:01', NULL, 12250, '2025-01-11 10:53:23', NULL, NULL, 1, 1),
(54, '1736591720256', 14, 14, 32, 140.00, '2025-01-11 03:35:25', '2025-01-11 15:40:25', NULL, 12249, '2025-01-11 15:35:25', NULL, NULL, 1, 1),
(55, '1736752168927', 14, 14, 1, 140.00, '2025-01-13 12:09:39', '2025-01-15 10:50:14', NULL, 12250, '2025-01-13 12:09:39', NULL, NULL, 1, 1),
(56, '1736838733195', 16, 16, 1, 140.00, '2025-01-14 12:12:18', '2025-01-14 12:59:31', NULL, 12249, '2025-01-14 12:12:18', NULL, NULL, 1, 1),
(57, '1736838733195', 16, 16, 48, 245.00, '2025-01-14 12:12:31', '2025-01-14 12:57:52', NULL, 12249, '2025-01-14 12:12:31', NULL, NULL, 0, 1),
(58, '1736838733195', 16, 16, 67, 500.00, '2025-01-14 12:12:40', '2025-01-15 10:50:26', NULL, 12249, '2025-01-14 12:12:40', NULL, NULL, 1, 1),
(59, '1736838733195', 16, 16, 48, 245.00, '2025-01-14 12:41:43', '2025-01-15 10:50:34', NULL, 12249, '2025-01-14 12:41:43', NULL, NULL, 1, 1),
(60, '1736847044126', 17, 17, 1, 140.00, '2025-01-14 02:31:17', '2025-01-14 14:58:05', NULL, 12249, '2025-01-14 14:31:17', NULL, NULL, 1, 1),
(61, '1736847044126', 17, 17, 16, 70.00, '2025-01-14 02:31:24', '2025-01-14 15:14:00', NULL, 12249, '2025-01-14 14:31:24', NULL, NULL, 1, 1),
(62, '1736847044126', 17, 17, 17, 70.00, '2025-01-14 02:31:34', '2025-01-14 15:14:12', NULL, 12249, '2025-01-14 14:31:34', NULL, NULL, 1, 1),
(63, '1736847044126', 17, 17, 18, 105.00, '2025-01-14 02:31:43', '2025-01-14 15:14:24', NULL, 12249, '2025-01-14 14:31:43', NULL, NULL, 1, 1),
(65, '1736847984748', 18, 18, 1, 140.00, '2025-01-14 02:46:29', '2025-01-14 15:16:56', NULL, 12249, '2025-01-14 14:46:29', NULL, NULL, 1, 1),
(66, '1736847984748', 18, 18, 16, 70.00, '2025-01-14 02:46:36', '2025-01-14 15:15:36', NULL, 12249, '2025-01-14 14:46:36', NULL, NULL, 1, 1),
(67, '1736847984748', 18, 18, 17, 70.00, '2025-01-14 02:46:49', '2025-01-14 15:15:24', NULL, 12249, '2025-01-14 14:46:49', NULL, NULL, 1, 1),
(68, '1736848914042', 19, 19, 1, 140.00, '2025-01-14 03:02:16', '2025-01-14 15:22:53', NULL, 12249, '2025-01-14 15:02:16', NULL, NULL, 1, 1),
(69, '1736848914042', 19, 19, 11, 350.00, '2025-01-14 03:02:23', '2025-01-14 15:23:31', NULL, 12249, '2025-01-14 15:02:23', NULL, NULL, 1, 1),
(70, '1736849013082', 19, 19, 60, 210.00, '2025-01-14 03:03:42', '2025-01-14 15:24:27', NULL, 12249, '2025-01-14 15:03:42', NULL, NULL, 1, 1),
(71, '1736849013082', 19, 19, 32, 140.00, '2025-01-14 03:06:39', '2025-01-14 15:23:45', NULL, 12249, '2025-01-14 15:06:39', NULL, NULL, 1, 1),
(72, '1736919796527', 22, 22, 1, 140.00, '2025-01-15 10:43:28', '2025-01-15 11:06:07', NULL, 12250, '2025-01-15 10:43:28', NULL, NULL, 1, 1),
(73, '1736919796527', 22, 22, 32, 140.00, '2025-01-15 10:43:39', '2025-01-15 11:04:44', NULL, 12250, '2025-01-15 10:43:39', NULL, NULL, 1, 1),
(74, '1736922017902', 23, 23, 1, 140.00, '2025-01-15 11:20:28', '2025-01-15 11:26:25', NULL, 12250, '2025-01-15 11:20:28', NULL, NULL, 1, 1),
(75, '1736922017902', 23, 23, 60, 210.00, '2025-01-15 11:20:41', '2025-01-15 11:25:22', NULL, 12250, '2025-01-15 11:20:41', NULL, NULL, 1, 1),
(76, '1736922017902', 23, 23, 11, 350.00, '2025-01-15 11:20:56', '2025-01-15 11:24:53', NULL, 12250, '2025-01-15 11:20:56', NULL, NULL, 1, 1),
(77, '1736922017902', 23, 23, 32, 140.00, '2025-01-15 11:21:18', '2025-01-15 11:23:49', NULL, 12250, '2025-01-15 11:21:18', NULL, NULL, 1, 1),
(78, '1736922017902', 23, 23, 18, 105.00, '2025-01-15 11:21:30', '2025-01-15 11:23:35', NULL, 12250, '2025-01-15 11:21:30', NULL, NULL, 1, 1),
(79, '1736922117959', 24, 24, 1, 140.00, '2025-01-15 11:22:09', '2025-01-15 11:30:02', NULL, 12250, '2025-01-15 11:22:09', NULL, NULL, 1, 1),
(80, '1736922117959', 24, 24, 60, 210.00, '2025-01-15 11:22:22', '2025-01-15 11:28:42', NULL, 12250, '2025-01-15 11:22:22', NULL, NULL, 1, 1),
(81, '1736922117959', 24, 24, 11, 350.00, '2025-01-15 11:22:35', '2025-01-15 11:28:28', NULL, 12250, '2025-01-15 11:22:35', NULL, NULL, 1, 1),
(82, '1736922117959', 24, 24, 32, 140.00, '2025-01-15 11:23:46', '2025-01-15 11:53:25', 'Please Confirm Anti Hcv  By ELISA Or PCR .', 12250, '2025-01-15 11:23:46', NULL, NULL, 1, 1),
(83, '1736922117959', 24, 24, 18, 105.00, '2025-01-15 11:23:56', '2025-01-15 11:27:57', NULL, 12250, '2025-01-15 11:23:56', NULL, NULL, 0, 1),
(84, '1736923042095', 25, 25, 4, 53.00, '2025-01-15 11:37:32', '2025-01-15 11:49:58', NULL, 12250, '2025-01-15 11:37:32', NULL, NULL, 1, 1),
(85, '1736934310802', 22, 22, 18, 105.00, '2025-01-15 02:45:23', '2025-01-15 14:50:41', NULL, 12249, '2025-01-15 14:45:23', NULL, NULL, 1, 1),
(86, '1736935043028', 26, 26, 1, 140.00, '2025-01-15 02:58:34', '2025-01-15 15:00:27', NULL, 12249, '2025-01-15 14:58:34', NULL, NULL, 1, 1),
(87, '1736935043028', 26, 26, 32, 140.00, '2025-01-15 02:58:42', '2025-01-15 15:00:49', NULL, 12249, '2025-01-15 14:58:42', NULL, NULL, 1, 1),
(88, '1736935043028', 26, 26, 18, 105.00, '2025-01-15 02:58:49', '2025-01-15 15:00:57', NULL, 12249, '2025-01-15 14:58:49', NULL, NULL, 1, 1),
(89, '1736999008877', 21, 21, 67, 500.00, '2025-01-16 08:43:36', '2025-01-16 10:09:36', NULL, 12250, '2025-01-16 08:43:36', NULL, NULL, 1, 1),
(90, '1737003856448', 29, 28, 1, 140.00, '2025-01-16 10:04:23', '2025-01-16 10:09:22', NULL, 12250, '2025-01-16 10:04:23', NULL, NULL, 1, 1),
(91, '1737003856448', 29, 28, 60, 210.00, '2025-01-16 10:04:41', '2025-01-16 10:07:20', NULL, 12250, '2025-01-16 10:04:41', NULL, NULL, 1, 1),
(92, '1737003856448', 29, 28, 11, 350.00, '2025-01-16 10:04:55', '2025-01-16 10:07:06', NULL, 12250, '2025-01-16 10:04:55', NULL, NULL, 1, 1),
(93, '1737003856448', 29, 28, 32, 140.00, '2025-01-16 10:05:08', '2025-01-16 10:06:26', NULL, 12250, '2025-01-16 10:05:08', NULL, NULL, 1, 1),
(94, '1737008855122', 30, 32, 1, 140.00, '2025-01-16 11:27:45', '2025-01-16 12:16:51', NULL, 12250, '2025-01-16 11:27:45', NULL, NULL, 1, 1),
(95, '1737008855122', 30, 32, 32, 140.00, '2025-01-16 11:28:40', '2025-01-16 12:03:41', NULL, 12250, '2025-01-16 11:28:40', NULL, NULL, 1, 1),
(96, '1737008855122', 30, 32, 25, 53.00, '2025-01-16 11:28:53', '2025-01-16 12:18:42', NULL, 12250, '2025-01-16 11:28:53', NULL, NULL, 1, 1),
(97, '1737008855122', 30, 32, 24, 53.00, '2025-01-16 11:29:02', '2025-01-16 12:15:51', NULL, 12250, '2025-01-16 11:29:02', NULL, NULL, 1, 1),
(98, '1737008855122', 30, 32, 18, 105.00, '2025-01-16 11:29:21', '2025-01-16 12:03:30', NULL, 12250, '2025-01-16 11:29:21', NULL, NULL, 1, 1),
(99, '1737019057383', 32, 35, 1, 140.00, '2025-01-16 02:22:56', '2025-01-16 14:29:00', NULL, 12250, '2025-01-16 14:22:56', NULL, NULL, 1, 1),
(100, '1737019057383', 32, 35, 32, 140.00, '2025-01-16 02:23:18', '2025-01-16 14:28:09', NULL, 12250, '2025-01-16 14:23:18', NULL, NULL, 1, 1),
(101, '1737019057383', 32, 35, 60, 210.00, '2025-01-16 02:23:26', '2025-01-16 14:28:02', NULL, 12250, '2025-01-16 14:23:26', NULL, NULL, 1, 1),
(102, '1737019057383', 32, 35, 11, 350.00, '2025-01-16 02:23:38', '2025-01-16 14:27:47', NULL, 12250, '2025-01-16 14:23:38', NULL, NULL, 1, 1),
(103, '1737026486588', 33, 36, 1, 140.00, '2025-01-16 04:21:30', '2025-01-16 16:43:56', NULL, 12249, '2025-01-16 16:21:30', NULL, NULL, 1, 1),
(104, '1737026486588', 33, 36, 24, 53.00, '2025-01-16 04:21:38', '2025-01-16 16:41:24', NULL, 12249, '2025-01-16 16:21:38', NULL, NULL, 1, 1),
(105, '1737026486588', 33, 36, 25, 53.00, '2025-01-16 04:21:45', '2025-01-16 16:42:11', NULL, 12249, '2025-01-16 16:21:45', NULL, NULL, 1, 1),
(106, '1737026486588', 33, 36, 32, 140.00, '2025-01-16 04:21:53', '2025-01-16 16:39:51', NULL, 12249, '2025-01-16 16:21:53', NULL, NULL, 1, 1),
(107, '1737026486588', 33, 36, 18, 105.00, '2025-01-16 04:21:58', '2025-01-16 16:39:59', NULL, 12249, '2025-01-16 16:21:58', NULL, NULL, 1, 1),
(108, '1737088737360', 35, 38, 11, 350.00, '2025-01-17 09:39:06', '2025-01-17 09:51:37', NULL, 12250, '2025-01-17 09:39:06', NULL, NULL, 1, 1),
(109, '1737088737360', 35, 38, 32, 140.00, '2025-01-17 09:39:15', '2025-01-17 09:51:18', NULL, 12250, '2025-01-17 09:39:15', NULL, NULL, 1, 1),
(110, '1737089243563', 36, 39, 1, 140.00, '2025-01-17 09:47:29', '2025-01-17 09:53:29', NULL, 12250, '2025-01-17 09:47:29', NULL, NULL, 1, 1),
(111, '1737089243563', 36, 39, 60, 210.00, '2025-01-17 09:47:39', '2025-01-17 09:52:43', NULL, 12250, '2025-01-17 09:47:39', NULL, NULL, 1, 1),
(112, '1737089243563', 36, 39, 32, 140.00, '2025-01-17 09:47:55', '2025-01-17 09:52:04', NULL, 12250, '2025-01-17 09:47:55', NULL, NULL, 1, 1),
(113, '1737089243563', 36, 39, 11, 350.00, '2025-01-17 09:48:12', '2025-01-17 09:52:28', NULL, 12250, '2025-01-17 09:48:12', NULL, NULL, 1, 1),
(114, '1737091982216', 37, 40, 1, 140.00, '2025-01-17 10:33:15', '2025-01-17 10:41:45', NULL, 12250, '2025-01-17 10:33:15', NULL, NULL, 1, 1),
(115, '1737091982216', 37, 40, 32, 140.00, '2025-01-17 10:34:01', '2025-01-17 10:39:56', NULL, 12250, '2025-01-17 10:34:01', NULL, NULL, 1, 1),
(116, '1737091982216', 37, 40, 20, 35.00, '2025-01-17 10:34:12', '2025-01-17 10:40:31', NULL, 12250, '2025-01-17 10:34:12', NULL, NULL, 1, 1),
(117, '1737093646450', 38, 41, 1, 140.00, '2025-01-17 11:00:55', '2025-01-17 13:06:58', NULL, 12250, '2025-01-17 11:00:55', NULL, NULL, 0, 1),
(118, '1737093646450', 38, 41, 32, 140.00, '2025-01-17 11:01:08', '2025-01-17 13:07:03', NULL, 12250, '2025-01-17 11:01:08', NULL, NULL, 0, 1),
(119, '1737095264909', 40, 42, 1, 140.00, '2025-01-17 11:28:06', '2025-01-17 12:23:05', NULL, 12250, '2025-01-17 11:28:06', NULL, NULL, 1, 1),
(120, '1737095264909', 40, 42, 20, 35.00, '2025-01-17 11:28:20', '2025-01-17 12:21:34', NULL, 12250, '2025-01-17 11:28:20', NULL, NULL, 1, 1),
(121, '1737095264909', 40, 42, 32, 140.00, '2025-01-17 11:28:35', '2025-01-17 12:20:59', NULL, 12250, '2025-01-17 11:28:35', NULL, NULL, 1, 1),
(122, '1737095264909', 40, 42, 18, 105.00, '2025-01-17 11:29:42', '2025-01-17 12:21:08', NULL, 12250, '2025-01-17 11:29:42', NULL, NULL, 1, 1),
(123, '1737095264909', 40, 42, 44, 35.00, '2025-01-17 11:30:07', '2025-01-17 12:25:43', NULL, 12250, '2025-01-17 11:30:07', NULL, NULL, 1, 1),
(124, '1737095264909', 40, 42, 46, 175.00, '2025-01-17 11:30:19', '2025-01-17 12:22:00', NULL, 12250, '2025-01-17 11:30:19', NULL, NULL, 1, 1),
(125, '1737095264909', 40, 42, 60, 210.00, '2025-01-17 11:30:34', '2025-01-17 12:20:46', NULL, 12250, '2025-01-17 11:30:34', NULL, NULL, 1, 1),
(126, '1737097869003', 41, 44, 1, 140.00, '2025-01-17 12:11:22', '2025-01-17 12:48:39', NULL, 12250, '2025-01-17 12:11:22', NULL, NULL, 1, 1),
(127, '1737097869003', 41, 44, 32, 140.00, '2025-01-17 12:11:44', '2025-01-17 12:47:31', NULL, 12250, '2025-01-17 12:11:44', NULL, NULL, 1, 1),
(128, '1737097869003', 41, 44, 18, 105.00, '2025-01-17 12:11:55', '2025-01-17 12:47:38', NULL, 12250, '2025-01-17 12:11:55', NULL, NULL, 1, 1),
(129, '1737097869003', 41, 44, 44, 35.00, '2025-01-17 12:12:16', '2025-01-17 12:53:01', NULL, 12250, '2025-01-17 12:12:16', NULL, NULL, 1, 1),
(130, '1737103890673', 42, 46, 1, 140.00, '2025-01-17 01:51:32', '2025-01-17 14:08:07', NULL, 12250, '2025-01-17 13:51:32', NULL, NULL, 1, 1),
(131, '1737103890673', 42, 46, 60, 210.00, '2025-01-17 01:51:39', '2025-01-17 14:06:52', NULL, 12250, '2025-01-17 13:51:39', NULL, NULL, 1, 1),
(132, '1737103890673', 42, 46, 11, 350.00, '2025-01-17 01:51:47', '2025-01-17 14:07:07', NULL, 12250, '2025-01-17 13:51:47', NULL, NULL, 1, 1),
(133, '1737103890673', 42, 46, 32, 140.00, '2025-01-17 01:51:52', '2025-01-17 14:06:41', NULL, 12250, '2025-01-17 13:51:52', NULL, NULL, 1, 1),
(134, '1737176219049', 44, 48, 1, 140.00, '2025-01-18 09:57:06', '2025-01-18 10:14:16', NULL, 12250, '2025-01-18 09:57:06', NULL, NULL, 1, 1),
(135, '1737176219049', 44, 48, 32, 140.00, '2025-01-18 09:57:17', '2025-01-18 10:07:07', NULL, 12250, '2025-01-18 09:57:17', NULL, NULL, 1, 1),
(136, '1737176219049', 44, 48, 60, 210.00, '2025-01-18 09:57:29', '2025-01-18 10:13:20', NULL, 12250, '2025-01-18 09:57:29', NULL, NULL, 1, 1),
(137, '1737176219049', 44, 48, 11, 350.00, '2025-01-18 09:57:45', '2025-01-18 10:07:36', NULL, 12250, '2025-01-18 09:57:45', NULL, NULL, 1, 1),
(138, '1737184107453', 46, 51, 1, 140.00, '2025-01-18 12:08:45', '2025-01-18 13:09:12', NULL, 12250, '2025-01-18 12:08:45', NULL, NULL, 1, 1),
(139, '1737184107453', 46, 51, 32, 140.00, '2025-01-18 12:08:55', '2025-01-18 13:07:14', NULL, 12250, '2025-01-18 12:08:55', NULL, NULL, 1, 1),
(140, '1737184107453', 46, 51, 60, 210.00, '2025-01-18 12:09:06', '2025-01-18 13:07:50', NULL, 12250, '2025-01-18 12:09:06', NULL, NULL, 1, 1),
(141, '1737184107453', 46, 51, 11, 350.00, '2025-01-18 12:09:22', '2025-01-18 13:07:37', NULL, 12250, '2025-01-18 12:09:22', NULL, NULL, 1, 1),
(142, '1737357745805', 55, 59, 1, 0.00, '2025-01-20 12:22:44', '2025-01-20 13:00:39', NULL, 12250, '2025-01-20 12:22:44', NULL, NULL, 1, 1),
(143, '1737357745805', 55, 59, 32, 0.00, '2025-01-20 12:22:56', '2025-01-20 12:59:40', NULL, 12250, '2025-01-20 12:22:56', NULL, NULL, 1, 1),
(144, '1737357745805', 55, 59, 60, 0.00, '2025-01-20 12:23:06', '2025-01-20 12:59:11', NULL, 12250, '2025-01-20 12:23:06', NULL, NULL, 1, 1),
(145, '1737357745805', 55, 59, 11, 0.00, '2025-01-20 12:23:13', '2025-01-20 12:58:51', NULL, 12250, '2025-01-20 12:23:13', NULL, NULL, 1, 1),
(146, '1737357872491', 58, 58, 1, 0.00, '2025-01-20 12:24:37', '2025-01-20 13:06:46', NULL, 12250, '2025-01-20 12:24:37', NULL, NULL, 1, 1),
(147, '1737357872491', 58, 58, 32, 0.00, '2025-01-20 12:25:00', '2025-01-20 13:05:56', 'Please Confirm Anti HCV By ELISA Or PCR .', 12250, '2025-01-20 12:25:00', NULL, NULL, 1, 1),
(148, '1737357872491', 58, 58, 60, 0.00, '2025-01-20 12:25:08', '2025-01-20 13:05:11', NULL, 12250, '2025-01-20 12:25:08', NULL, NULL, 1, 1),
(149, '1737357872491', 58, 58, 11, 0.00, '2025-01-20 12:25:20', '2025-01-20 13:04:53', NULL, 12250, '2025-01-20 12:25:20', NULL, NULL, 1, 1),
(150, '1737361712296', 52, 57, 1, 0.00, '2025-01-20 01:28:43', '2025-01-20 13:51:16', NULL, 12250, '2025-01-20 13:28:43', NULL, NULL, 1, 1),
(151, '1737361712296', 52, 57, 32, 0.00, '2025-01-20 01:28:51', '2025-01-20 13:50:18', NULL, 12250, '2025-01-20 13:28:51', NULL, NULL, 1, 1),
(152, '1737361712296', 52, 57, 60, 0.00, '2025-01-20 01:29:00', '2025-01-20 13:50:10', NULL, 12250, '2025-01-20 13:29:00', NULL, NULL, 1, 1),
(153, '1737361712296', 52, 57, 11, 0.00, '2025-01-20 01:29:10', '2025-01-20 13:49:54', NULL, 12250, '2025-01-20 13:29:10', NULL, NULL, 1, 1),
(154, '1737437391579', 39, 63, 1, 0.00, '2025-01-21 10:30:07', '2025-01-21 11:17:12', NULL, 12250, '2025-01-21 10:30:07', NULL, NULL, 1, 1),
(155, '1737437391579', 39, 63, 32, 0.00, '2025-01-21 10:30:23', '2025-01-21 11:16:00', NULL, 12250, '2025-01-21 10:30:23', NULL, NULL, 1, 1),
(156, '1737437391579', 39, 63, 60, 0.00, '2025-01-21 10:30:35', '2025-01-21 11:15:49', NULL, 12250, '2025-01-21 10:30:35', NULL, NULL, 1, 1),
(157, '1737437391579', 39, 63, 11, 0.00, '2025-01-21 10:30:48', '2025-01-21 11:15:34', NULL, 12250, '2025-01-21 10:30:48', NULL, NULL, 1, 1),
(158, '1737437391579', 39, 63, 1, 0.00, '2025-01-21 10:32:00', NULL, NULL, 12250, '2025-01-21 10:32:00', NULL, NULL, 0, 0),
(159, '1737437552127', 59, 61, 1, 0.00, '2025-01-21 10:32:44', '2025-01-21 11:23:34', NULL, 12250, '2025-01-21 10:32:44', NULL, NULL, 1, 1),
(160, '1737437552127', 59, 61, 32, 0.00, '2025-01-21 10:33:10', '2025-01-21 11:21:33', NULL, 12250, '2025-01-21 10:33:10', NULL, NULL, 1, 1),
(161, '1737437552127', 59, 61, 60, 0.00, '2025-01-21 10:33:20', '2025-01-21 11:21:21', NULL, 12250, '2025-01-21 10:33:20', NULL, NULL, 1, 1),
(162, '1737437552127', 59, 61, 11, 0.00, '2025-01-21 10:33:33', '2025-01-21 11:21:01', NULL, 12250, '2025-01-21 10:33:33', NULL, NULL, 1, 1),
(163, '1737437807752', 19, 62, 4, 0.00, '2025-01-21 10:36:55', '2025-01-21 11:26:12', NULL, 12250, '2025-01-21 10:36:55', NULL, NULL, 1, 1),
(164, '1737438726016', 19, 62, 70, 0.00, '2025-01-21 10:52:18', '2025-01-21 11:26:28', NULL, 12250, '2025-01-21 10:52:18', NULL, NULL, 1, 1),
(165, '1737446584082', 61, 69, 1, 0.00, '2025-01-21 01:03:10', '2025-01-21 13:37:04', NULL, 12250, '2025-01-21 13:03:10', NULL, NULL, 1, 1),
(166, '1737446584082', 61, 69, 32, 0.00, '2025-01-21 01:03:20', '2025-01-21 13:35:39', NULL, 12250, '2025-01-21 13:03:20', NULL, NULL, 1, 1),
(167, '1737446584082', 61, 69, 60, 0.00, '2025-01-21 01:03:27', '2025-01-21 13:35:31', NULL, 12250, '2025-01-21 13:03:27', NULL, NULL, 1, 1),
(168, '1737446584082', 61, 69, 11, 0.00, '2025-01-21 01:03:35', '2025-01-21 13:35:15', NULL, 12250, '2025-01-21 13:03:35', NULL, NULL, 1, 1),
(169, '0', 0, 0, 1, 140.00, '2025-01-21 03:17:41', NULL, NULL, 12249, '2025-01-21 15:17:41', NULL, NULL, 1, 0),
(170, '1737454686311', 65, 70, 1, 0.00, '2025-01-21 03:18:12', '2025-01-21 15:26:16', NULL, 12249, '2025-01-21 15:18:12', NULL, NULL, 1, 1),
(171, '1737454686311', 65, 70, 32, 0.00, '2025-01-21 03:18:20', '2025-01-21 15:26:28', NULL, 12249, '2025-01-21 15:18:20', NULL, NULL, 1, 1),
(172, '1737454686311', 65, 70, 64, 0.00, '2025-01-21 03:37:05', NULL, NULL, 12249, '2025-01-21 15:37:05', NULL, NULL, 1, 0);

-- --------------------------------------------------------

--
-- Table structure for table `patient_investigation_result`
--

DROP TABLE IF EXISTS `patient_investigation_result`;
CREATE TABLE IF NOT EXISTS `patient_investigation_result` (
  `id` int NOT NULL AUTO_INCREMENT,
  `patient_investigation_id` int DEFAULT NULL,
  `parameter_id` int DEFAULT NULL,
  `result_value` decimal(10,2) NOT NULL,
  `result_text_value` varchar(100) CHARACTER SET utf8mb4 COLLATE utf8mb4_general_ci DEFAULT NULL,
  `result_entry_date` datetime NOT NULL,
  `created_by` int DEFAULT NULL,
  `created_at` datetime NOT NULL DEFAULT CURRENT_TIMESTAMP,
  `updated_by` int DEFAULT NULL,
  `updated_at` datetime DEFAULT NULL,
  PRIMARY KEY (`id`)
) ENGINE=InnoDB AUTO_INCREMENT=866 DEFAULT CHARSET=utf8mb4 COLLATE=utf8mb4_general_ci;

--
-- Dumping data for table `patient_investigation_result`
--

INSERT INTO `patient_investigation_result` (`id`, `patient_investigation_id`, `parameter_id`, `result_value`, `result_text_value`, `result_entry_date`, `created_by`, `created_at`, `updated_by`, `updated_at`) VALUES
(7, 16, 21, 136.10, '', '2025-01-02 11:36:49', 2, '2025-01-02 11:36:49', 2, NULL),
(8, 16, 22, 3.90, '', '2025-01-02 11:36:49', 2, '2025-01-02 11:36:49', 2, NULL),
(9, 16, 23, 105.10, '', '2025-01-02 11:36:49', 2, '2025-01-02 11:36:49', 2, NULL),
(10, 18, 1, 11.20, NULL, '2025-01-02 12:27:14', 2, '2025-01-02 12:27:14', 2, NULL),
(11, 18, 2, 3.60, NULL, '2025-01-02 12:27:14', 2, '2025-01-02 12:27:14', 2, NULL),
(12, 18, 3, 8.20, NULL, '2025-01-02 12:27:14', 2, '2025-01-02 12:27:14', 2, NULL),
(13, 18, 4, 23.70, NULL, '2025-01-02 12:27:14', 2, '2025-01-02 12:27:14', 2, NULL),
(14, 18, 5, 64.20, NULL, '2025-01-02 12:27:14', 2, '2025-01-02 12:27:14', 2, NULL),
(15, 18, 6, 22.10, NULL, '2025-01-02 12:27:14', 2, '2025-01-02 12:27:14', 2, NULL),
(16, 18, 7, 34.40, NULL, '2025-01-02 12:27:14', 2, '2025-01-02 12:27:14', 2, NULL),
(17, 18, 8, 16.40, NULL, '2025-01-02 12:27:14', 2, '2025-01-02 12:27:14', 2, NULL),
(18, 18, 9, 252.00, NULL, '2025-01-02 12:27:14', 2, '2025-01-02 12:27:14', 2, NULL),
(19, 18, 10, 7.90, NULL, '2025-01-02 12:27:14', 2, '2025-01-02 12:27:14', 2, NULL),
(20, 18, 11, 0.20, NULL, '2025-01-02 12:27:14', 2, '2025-01-02 12:27:14', 2, NULL),
(21, 18, 12, 21.80, NULL, '2025-01-02 12:27:14', 2, '2025-01-02 12:27:14', 2, NULL),
(22, 18, 13, 4.70, NULL, '2025-01-02 12:27:14', 2, '2025-01-02 12:27:14', 2, NULL),
(23, 18, 14, 73.50, NULL, '2025-01-02 12:27:14', 2, '2025-01-02 12:27:14', 2, NULL),
(24, 17, 17, 0.00, 'Negative', '2025-01-02 12:32:33', 2, '2025-01-02 12:32:33', 2, NULL),
(25, 17, 18, 0.00, 'Negative', '2025-01-02 12:32:33', 2, '2025-01-02 12:32:33', 2, NULL),
(26, 19, 1, 15.60, NULL, '2025-01-02 13:16:00', 2, '2025-01-02 13:16:00', 2, NULL),
(27, 19, 2, 3.50, NULL, '2025-01-02 13:16:00', 2, '2025-01-02 13:16:00', 2, NULL),
(28, 19, 3, 7.50, NULL, '2025-01-02 13:16:00', 2, '2025-01-02 13:16:00', 2, NULL),
(29, 19, 4, 22.30, NULL, '2025-01-02 13:16:00', 2, '2025-01-02 13:16:00', 2, NULL),
(30, 19, 5, 63.10, NULL, '2025-01-02 13:16:00', 2, '2025-01-02 13:16:00', 2, NULL),
(31, 19, 6, 21.10, NULL, '2025-01-02 13:16:00', 2, '2025-01-02 13:16:00', 2, NULL),
(32, 19, 7, 33.40, NULL, '2025-01-02 13:16:00', 2, '2025-01-02 13:16:00', 2, NULL),
(33, 19, 8, 17.10, NULL, '2025-01-02 13:16:00', 2, '2025-01-02 13:16:00', 2, NULL),
(34, 19, 9, 222.00, NULL, '2025-01-02 13:16:00', 2, '2025-01-02 13:16:00', 2, NULL),
(35, 19, 10, 8.30, NULL, '2025-01-02 13:16:00', 2, '2025-01-02 13:16:00', 2, NULL),
(36, 19, 11, 0.19, NULL, '2025-01-02 13:16:00', 2, '2025-01-02 13:16:00', 2, NULL),
(37, 19, 12, 17.20, NULL, '2025-01-02 13:16:00', 2, '2025-01-02 13:16:00', 2, NULL),
(38, 19, 13, 4.90, NULL, '2025-01-02 13:16:00', 2, '2025-01-02 13:16:00', 2, NULL),
(39, 19, 14, 77.90, NULL, '2025-01-02 13:16:00', 2, '2025-01-02 13:16:00', 2, NULL),
(40, 21, 17, 0.00, 'Negative', '2025-01-02 13:16:33', 2, '2025-01-02 13:16:33', 2, NULL),
(41, 21, 18, 0.00, 'Positive', '2025-01-02 13:16:33', 2, '2025-01-02 13:16:33', 2, NULL),
(42, 22, 21, 133.80, NULL, '2025-01-02 13:17:03', 2, '2025-01-02 13:17:03', 2, NULL),
(43, 22, 22, 5.80, NULL, '2025-01-02 13:17:03', 2, '2025-01-02 13:17:03', 2, NULL),
(44, 22, 23, 110.10, NULL, '2025-01-02 13:17:03', 2, '2025-01-02 13:17:03', 2, NULL),
(45, 20, 19, 128.00, NULL, '2025-01-02 13:17:27', 2, '2025-01-02 13:17:27', 2, NULL),
(46, 20, 20, 5.00, NULL, '2025-01-02 13:17:27', 2, '2025-01-02 13:17:27', 2, NULL),
(47, 23, 1, 6.80, NULL, '2025-01-03 12:28:04', 2, '2025-01-03 12:28:04', 2, NULL),
(48, 23, 2, 5.00, NULL, '2025-01-03 12:28:04', 2, '2025-01-03 12:28:04', 2, NULL),
(49, 23, 3, 13.20, NULL, '2025-01-03 12:28:04', 2, '2025-01-03 12:28:04', 2, NULL),
(50, 23, 4, 39.70, NULL, '2025-01-03 12:28:04', 2, '2025-01-03 12:28:04', 2, NULL),
(51, 23, 5, 78.20, NULL, '2025-01-03 12:28:04', 2, '2025-01-03 12:28:04', 2, NULL),
(52, 23, 6, 25.90, NULL, '2025-01-03 12:28:04', 2, '2025-01-03 12:28:04', 2, NULL),
(53, 23, 7, 33.20, NULL, '2025-01-03 12:28:04', 2, '2025-01-03 12:28:04', 2, NULL),
(54, 23, 8, 13.40, NULL, '2025-01-03 12:28:04', 2, '2025-01-03 12:28:04', 2, NULL),
(55, 23, 9, 348.00, NULL, '2025-01-03 12:28:04', 2, '2025-01-03 12:28:04', 2, NULL),
(56, 23, 10, 7.10, NULL, '2025-01-03 12:28:04', 2, '2025-01-03 12:28:04', 2, NULL),
(57, 23, 11, 0.25, NULL, '2025-01-03 12:28:04', 2, '2025-01-03 12:28:04', 2, NULL),
(58, 23, 12, 34.60, NULL, '2025-01-03 12:28:04', 2, '2025-01-03 12:28:04', 2, NULL),
(59, 23, 13, 6.20, NULL, '2025-01-03 12:28:04', 2, '2025-01-03 12:28:04', 2, NULL),
(60, 23, 14, 59.20, NULL, '2025-01-03 12:28:04', 2, '2025-01-03 12:28:04', 2, NULL),
(63, 24, 17, 0.00, 'Negative', '2025-01-03 12:35:02', 2, '2025-01-03 12:35:02', 2, NULL),
(64, 24, 18, 0.00, 'Negative', '2025-01-03 12:35:02', 2, '2025-01-03 12:35:02', 2, NULL),
(65, 26, 24, 13.00, NULL, '2025-01-03 12:42:12', 2, '2025-01-03 12:42:12', 2, NULL),
(66, 26, 25, 15.00, NULL, '2025-01-03 12:42:12', 2, '2025-01-03 12:42:12', 2, NULL),
(67, 26, 26, 32.00, NULL, '2025-01-03 12:42:12', 2, '2025-01-03 12:42:12', 2, NULL),
(68, 26, 27, 34.00, NULL, '2025-01-03 12:42:12', 2, '2025-01-03 12:42:12', 2, NULL),
(69, 26, 28, 1.00, NULL, '2025-01-03 12:42:12', 2, '2025-01-03 12:42:12', 2, NULL),
(70, 25, 29, 0.00, 'Negative', '2025-01-03 12:44:29', 2, '2025-01-03 12:44:29', 2, NULL),
(71, 15, 19, 109.00, NULL, '2025-01-03 17:39:06', 12253, '2025-01-03 17:39:06', 12253, NULL),
(72, 15, 20, 2.70, NULL, '2025-01-03 17:39:06', 12253, '2025-01-03 17:39:06', 12253, NULL),
(75, 28, 32, 7.50, NULL, '2025-01-07 13:35:11', 12248, '2025-01-07 13:35:11', 12248, NULL),
(76, 27, 30, 129.00, NULL, '2025-01-07 13:44:36', 12248, '2025-01-07 13:44:36', 12248, NULL),
(77, 30, 1, 0.00, '8.3', '2025-01-07 16:19:44', 12253, '2025-01-07 16:19:44', 12253, NULL),
(78, 30, 2, 0.00, '3.67', '2025-01-07 16:19:44', 12253, '2025-01-07 16:19:44', 12253, NULL),
(79, 30, 3, 0.00, '7.9', '2025-01-07 16:19:44', 12253, '2025-01-07 16:19:44', 12253, NULL),
(80, 30, 4, 0.00, '23.5', '2025-01-07 16:19:44', 12253, '2025-01-07 16:19:44', 12253, NULL),
(81, 30, 5, 0.00, '64.0', '2025-01-07 16:19:44', 12253, '2025-01-07 16:19:44', 12253, NULL),
(82, 30, 6, 0.00, '21.6', '2025-01-07 16:19:44', 12253, '2025-01-07 16:19:44', 12253, NULL),
(83, 30, 7, 0.00, '33.7', '2025-01-07 16:19:44', 12253, '2025-01-07 16:19:44', 12253, NULL),
(84, 30, 8, 0.00, '15.5', '2025-01-07 16:19:44', 12253, '2025-01-07 16:19:44', 12253, NULL),
(85, 30, 9, 0.00, '245', '2025-01-07 16:19:44', 12253, '2025-01-07 16:19:44', 12253, NULL),
(86, 30, 10, 0.00, NULL, '2025-01-07 16:19:44', 12253, '2025-01-07 16:19:44', 12253, NULL),
(87, 30, 11, 0.00, NULL, '2025-01-07 16:19:44', 12253, '2025-01-07 16:19:44', 12253, NULL),
(88, 30, 12, 0.00, '22.2', '2025-01-07 16:19:44', 12253, '2025-01-07 16:19:44', 12253, NULL),
(89, 30, 13, 0.00, '4.7', '2025-01-07 16:19:44', 12253, '2025-01-07 16:19:44', 12253, NULL),
(90, 30, 14, 0.00, '73.1', '2025-01-07 16:19:44', 12253, '2025-01-07 16:19:44', 12253, NULL),
(91, 33, 29, 0.00, 'Negative', '2025-01-07 16:21:02', 12253, '2025-01-07 16:21:02', 12253, NULL),
(92, 32, 17, 0.00, 'Negative', '2025-01-07 16:21:16', 12253, '2025-01-07 16:21:16', 12253, NULL),
(93, 32, 18, 0.00, 'POSITIVE', '2025-01-07 16:21:16', 12253, '2025-01-07 16:21:16', 12253, NULL),
(94, 31, 35, 0.00, 'O (+ive)', '2025-01-07 16:46:23', 12253, '2025-01-07 16:46:23', 12253, NULL),
(95, 31, 36, 0.00, 'Positive', '2025-01-07 16:46:23', 12253, '2025-01-07 16:46:23', 12253, NULL),
(110, 38, 17, 0.00, 'Negative', '2025-01-08 14:22:12', 12248, '2025-01-08 14:22:12', 12248, NULL),
(111, 38, 18, 0.00, 'Negative', '2025-01-08 14:22:12', 12248, '2025-01-08 14:22:12', 12248, NULL),
(140, 37, 1, 7.30, '', '2025-01-08 14:29:29', 2, '2025-01-08 14:29:29', 2, NULL),
(141, 37, 2, 5.30, '', '2025-01-08 14:29:29', 2, '2025-01-08 14:29:29', 2, NULL),
(142, 37, 3, 8.40, '', '2025-01-08 14:29:29', 2, '2025-01-08 14:29:29', 2, NULL),
(143, 37, 4, 28.00, '', '2025-01-08 14:29:29', 2, '2025-01-08 14:29:29', 2, NULL),
(144, 37, 5, 52.60, '', '2025-01-08 14:29:29', 2, '2025-01-08 14:29:29', 2, NULL),
(145, 37, 6, 15.90, '', '2025-01-08 14:29:29', 2, '2025-01-08 14:29:29', 2, NULL),
(146, 37, 7, 30.20, '', '2025-01-08 14:29:29', 2, '2025-01-08 14:29:29', 2, NULL),
(147, 37, 8, 18.50, '', '2025-01-08 14:29:29', 2, '2025-01-08 14:29:29', 2, NULL),
(148, 37, 9, 395.00, '', '2025-01-08 14:29:29', 2, '2025-01-08 14:29:29', 2, NULL),
(149, 37, 10, 7.30, '', '2025-01-08 14:29:29', 2, '2025-01-08 14:29:29', 2, NULL),
(150, 37, 11, 0.29, '', '2025-01-08 14:29:29', 2, '2025-01-08 14:29:29', 2, NULL),
(151, 37, 12, 25.80, '', '2025-01-08 14:29:29', 2, '2025-01-08 14:29:29', 2, NULL),
(152, 37, 13, 10.10, '', '2025-01-08 14:29:29', 2, '2025-01-08 14:29:29', 2, NULL),
(153, 37, 14, 64.10, '', '2025-01-08 14:29:29', 2, '2025-01-08 14:29:29', 2, NULL),
(154, 36, NULL, 0.00, 'done', '2025-01-09 10:17:15', 12248, '2025-01-09 10:17:15', 12248, NULL),
(155, 35, NULL, 0.00, 'asdf afddsfga asdfasdaf', '2025-01-09 10:17:26', 12248, '2025-01-09 10:17:26', 12248, NULL),
(156, 34, NULL, 0.00, 'ultrasound', '2025-01-09 10:17:43', 12248, '2025-01-09 10:17:43', 12248, NULL),
(157, 40, 17, 0.00, 'Negative', '2025-01-09 12:45:55', 12248, '2025-01-09 12:45:55', 12248, NULL),
(158, 40, 18, 0.00, 'Negative', '2025-01-09 12:45:55', 12248, '2025-01-09 12:45:55', 12248, NULL),
(159, 39, 1, 8.20, NULL, '2025-01-09 12:46:44', 12248, '2025-01-09 12:46:44', 12248, NULL),
(160, 39, 2, 5.50, NULL, '2025-01-09 12:46:44', 12248, '2025-01-09 12:46:44', 12248, NULL),
(161, 39, 3, 11.70, NULL, '2025-01-09 12:46:44', 12248, '2025-01-09 12:46:44', 12248, NULL),
(162, 39, 4, 35.30, NULL, '2025-01-09 12:46:44', 12248, '2025-01-09 12:46:44', 12248, NULL),
(163, 39, 5, 63.60, NULL, '2025-01-09 12:46:44', 12248, '2025-01-09 12:46:44', 12248, NULL),
(164, 39, 6, 21.10, NULL, '2025-01-09 12:46:44', 12248, '2025-01-09 12:46:44', 12248, NULL),
(165, 39, 7, 33.20, NULL, '2025-01-09 12:46:44', 12248, '2025-01-09 12:46:44', 12248, NULL),
(166, 39, 8, 15.60, NULL, '2025-01-09 12:46:44', 12248, '2025-01-09 12:46:44', 12248, NULL),
(167, 39, 9, 407.00, NULL, '2025-01-09 12:46:44', 12248, '2025-01-09 12:46:44', 12248, NULL),
(168, 39, 10, 7.30, NULL, '2025-01-09 12:46:44', 12248, '2025-01-09 12:46:44', 12248, NULL),
(169, 39, 11, 0.30, NULL, '2025-01-09 12:46:44', 12248, '2025-01-09 12:46:44', 12248, NULL),
(170, 39, 12, 19.80, NULL, '2025-01-09 12:46:44', 12248, '2025-01-09 12:46:44', 12248, NULL),
(171, 39, 13, 7.00, NULL, '2025-01-09 12:46:44', 12248, '2025-01-09 12:46:44', 12248, NULL),
(172, 39, 14, 73.20, NULL, '2025-01-09 12:46:44', 12248, '2025-01-09 12:46:44', 12248, NULL),
(173, 41, 1, 12.60, NULL, '2025-01-09 16:26:22', 12253, '2025-01-09 16:26:23', 12253, NULL),
(174, 41, 2, 4.35, NULL, '2025-01-09 16:26:23', 12253, '2025-01-09 16:26:23', 12253, NULL),
(175, 41, 3, 10.60, NULL, '2025-01-09 16:26:23', 12253, '2025-01-09 16:26:23', 12253, NULL),
(176, 41, 4, 31.40, NULL, '2025-01-09 16:26:23', 12253, '2025-01-09 16:26:23', 12253, NULL),
(177, 41, 5, 72.10, NULL, '2025-01-09 16:26:23', 12253, '2025-01-09 16:26:23', 12253, NULL),
(178, 41, 6, 24.30, NULL, '2025-01-09 16:26:23', 12253, '2025-01-09 16:26:23', 12253, NULL),
(179, 41, 7, 33.70, NULL, '2025-01-09 16:26:23', 12253, '2025-01-09 16:26:23', 12253, NULL),
(180, 41, 8, 14.90, NULL, '2025-01-09 16:26:23', 12253, '2025-01-09 16:26:23', 12253, NULL),
(181, 41, 9, 263.00, NULL, '2025-01-09 16:26:23', 12253, '2025-01-09 16:26:23', 12253, NULL),
(182, 41, 10, 0.00, NULL, '2025-01-09 16:26:23', 12253, '2025-01-09 16:26:23', 12253, NULL),
(183, 41, 11, 0.00, NULL, '2025-01-09 16:26:23', 12253, '2025-01-09 16:26:23', 12253, NULL),
(184, 41, 12, 14.20, NULL, '2025-01-09 16:26:23', 12253, '2025-01-09 16:26:23', 12253, NULL),
(185, 41, 13, 5.00, NULL, '2025-01-09 16:26:23', 12253, '2025-01-09 16:26:23', 12253, NULL),
(186, 41, 14, 80.80, NULL, '2025-01-09 16:26:23', 12253, '2025-01-09 16:26:23', 12253, NULL),
(187, 42, 35, 0.00, 'O (+ive)', '2025-01-09 16:26:42', 12253, '2025-01-09 16:26:42', 12253, NULL),
(188, 42, 36, 0.00, 'POSITIVE', '2025-01-09 16:26:42', 12253, '2025-01-09 16:26:42', 12253, NULL),
(189, 43, 17, 0.00, 'Negative', '2025-01-09 16:26:53', 12253, '2025-01-09 16:26:53', 12253, NULL),
(190, 43, 18, 0.00, 'Negative', '2025-01-09 16:26:53', 12253, '2025-01-09 16:26:53', 12253, NULL),
(192, 47, 37, 0.50, NULL, '2025-01-10 17:01:15', 12253, '2025-01-10 17:01:15', 12253, NULL),
(193, 47, 38, 18.00, NULL, '2025-01-10 17:01:15', 12253, '2025-01-10 17:01:15', 12253, NULL),
(194, 47, 39, 76.00, NULL, '2025-01-10 17:01:15', 12253, '2025-01-10 17:01:15', 12253, NULL),
(210, 48, 40, 0.00, 'Pale Yellow', '2025-01-10 19:48:22', 12253, '2025-01-10 19:48:22', 12253, NULL),
(211, 48, 41, 0.00, 'Clear', '2025-01-10 19:48:22', 12253, '2025-01-10 19:48:22', 12253, NULL),
(212, 48, 42, 0.00, '01--------02', '2025-01-10 19:48:22', 12253, '2025-01-10 19:48:22', 12253, NULL),
(213, 48, 43, 0.00, '00------01', '2025-01-10 19:48:22', 12253, '2025-01-10 19:48:22', 12253, NULL),
(214, 48, 44, 0.00, 'NIL', '2025-01-10 19:48:22', 12253, '2025-01-10 19:48:22', 12253, NULL),
(215, 48, 45, 0.00, 'NIL', '2025-01-10 19:48:22', 12253, '2025-01-10 19:48:22', 12253, NULL),
(216, 48, 46, 0.00, 'NIL', '2025-01-10 19:48:22', 12253, '2025-01-10 19:48:22', 12253, NULL),
(217, 48, 47, 0.00, 'NIL', '2025-01-10 19:48:22', 12253, '2025-01-10 19:48:22', 12253, NULL),
(218, 48, 48, 0.00, 'NIL', '2025-01-10 19:48:22', 12253, '2025-01-10 19:48:22', 12253, NULL),
(219, 48, 49, 0.00, '+++', '2025-01-10 19:48:22', 12253, '2025-01-10 19:48:22', 12253, NULL),
(220, 48, 50, 0.00, 'NIL', '2025-01-10 19:48:22', 12253, '2025-01-10 19:48:22', 12253, NULL),
(221, 48, 51, 0.00, 'Acidic', '2025-01-10 19:48:22', 12253, '2025-01-10 19:48:22', 12253, NULL),
(222, 48, 52, 0.00, 'NIL', '2025-01-10 19:48:22', 12253, '2025-01-10 19:48:22', 12253, NULL),
(223, 48, 53, 0.00, 'NIL', '2025-01-10 19:48:22', 12253, '2025-01-10 19:48:22', 12253, NULL),
(224, 48, 54, 0.00, 'NIL', '2025-01-10 19:48:22', 12253, '2025-01-10 19:48:22', 12253, NULL),
(226, 46, 30, 412.00, NULL, '2025-01-10 19:50:07', 12253, '2025-01-10 19:50:07', 12253, NULL),
(227, 51, 55, 7.50, NULL, '2025-01-10 20:12:28', 12253, '2025-01-10 20:12:28', 12253, NULL),
(228, 52, 30, 188.00, NULL, '2025-01-11 10:53:11', 12248, '2025-01-11 10:53:11', 12248, NULL),
(229, 54, 17, 0.00, 'Negative', '2025-01-11 15:40:25', 12253, '2025-01-11 15:40:25', 12253, NULL),
(230, 54, 18, 0.00, 'Negative', '2025-01-11 15:40:25', 12253, '2025-01-11 15:40:25', 12253, NULL),
(231, 50, NULL, 0.00, 'done', '2025-01-13 12:22:09', 12248, '2025-01-13 12:22:09', 12248, NULL),
(232, 49, NULL, 0.00, 'done', '2025-01-13 12:22:19', 12248, '2025-01-13 12:22:19', 12248, NULL),
(233, 45, NULL, 0.00, 'done', '2025-01-13 12:22:30', 12248, '2025-01-13 12:22:30', 12248, NULL),
(234, 53, 30, 213.00, NULL, '2025-01-13 12:24:01', 12248, '2025-01-13 12:24:01', 12248, NULL),
(235, 57, 56, 1.20, NULL, '2025-01-14 12:57:52', 12248, '2025-01-14 12:57:52', 12248, NULL),
(236, 56, 1, 6.50, NULL, '2025-01-14 12:59:31', 12248, '2025-01-14 12:59:31', 12248, NULL),
(237, 56, 2, 4.60, NULL, '2025-01-14 12:59:31', 12248, '2025-01-14 12:59:31', 12248, NULL),
(238, 56, 3, 11.10, NULL, '2025-01-14 12:59:31', 12248, '2025-01-14 12:59:31', 12248, NULL),
(239, 56, 4, 33.80, NULL, '2025-01-14 12:59:31', 12248, '2025-01-14 12:59:31', 12248, NULL),
(240, 56, 5, 72.80, NULL, '2025-01-14 12:59:31', 12248, '2025-01-14 12:59:31', 12248, NULL),
(241, 56, 6, 23.80, NULL, '2025-01-14 12:59:31', 12248, '2025-01-14 12:59:31', 12248, NULL),
(242, 56, 7, 32.70, NULL, '2025-01-14 12:59:31', 12248, '2025-01-14 12:59:31', 12248, NULL),
(243, 56, 8, 14.20, NULL, '2025-01-14 12:59:31', 12248, '2025-01-14 12:59:31', 12248, NULL),
(244, 56, 9, 240.00, NULL, '2025-01-14 12:59:31', 12248, '2025-01-14 12:59:31', 12248, NULL),
(245, 56, 10, 6.50, NULL, '2025-01-14 12:59:31', 12248, '2025-01-14 12:59:31', 12248, NULL),
(246, 56, 11, 0.16, NULL, '2025-01-14 12:59:31', 12248, '2025-01-14 12:59:31', 12248, NULL),
(247, 56, 12, 21.60, NULL, '2025-01-14 12:59:31', 12248, '2025-01-14 12:59:31', 12248, NULL),
(248, 56, 13, 7.70, NULL, '2025-01-14 12:59:31', 12248, '2025-01-14 12:59:31', 12248, NULL),
(249, 56, 14, 70.70, NULL, '2025-01-14 12:59:31', 12248, '2025-01-14 12:59:31', 12248, NULL),
(250, 60, 1, 5.80, NULL, '2025-01-14 14:58:05', 12248, '2025-01-14 14:58:05', 12248, NULL),
(251, 60, 2, 4.30, NULL, '2025-01-14 14:58:05', 12248, '2025-01-14 14:58:05', 12248, NULL),
(252, 60, 3, 9.90, NULL, '2025-01-14 14:58:05', 12248, '2025-01-14 14:58:05', 12248, NULL),
(253, 60, 4, 29.80, NULL, '2025-01-14 14:58:05', 12248, '2025-01-14 14:58:05', 12248, NULL),
(254, 60, 5, 69.00, NULL, '2025-01-14 14:58:05', 12248, '2025-01-14 14:58:05', 12248, NULL),
(255, 60, 6, 21.50, NULL, '2025-01-14 14:58:05', 12248, '2025-01-14 14:58:05', 12248, NULL),
(256, 60, 7, 31.10, NULL, '2025-01-14 14:58:05', 12248, '2025-01-14 14:58:05', 12248, NULL),
(257, 60, 8, 15.30, NULL, '2025-01-14 14:58:05', 12248, '2025-01-14 14:58:05', 12248, NULL),
(258, 60, 9, 376.00, NULL, '2025-01-14 14:58:05', 12248, '2025-01-14 14:58:05', 12248, NULL),
(259, 60, 10, 8.00, NULL, '2025-01-14 14:58:05', 12248, '2025-01-14 14:58:05', 12248, NULL),
(260, 60, 11, 0.30, NULL, '2025-01-14 14:58:05', 12248, '2025-01-14 14:58:05', 12248, NULL),
(261, 60, 12, 28.20, NULL, '2025-01-14 14:58:05', 12248, '2025-01-14 14:58:05', 12248, NULL),
(262, 60, 13, 6.20, NULL, '2025-01-14 14:58:05', 12248, '2025-01-14 14:58:05', 12248, NULL),
(263, 60, 14, 65.60, NULL, '2025-01-14 14:58:05', 12248, '2025-01-14 14:58:05', 12248, NULL),
(264, 61, 57, 0.00, 'Negative', '2025-01-14 15:14:00', 12248, '2025-01-14 15:14:00', 12248, NULL),
(265, 62, 58, 0.00, 'Negative', '2025-01-14 15:14:12', 12248, '2025-01-14 15:14:12', 12248, NULL),
(266, 63, 29, 0.00, 'Negative', '2025-01-14 15:14:24', 12248, '2025-01-14 15:14:24', 12248, NULL),
(267, 67, 58, 0.00, 'Negative', '2025-01-14 15:15:24', 12248, '2025-01-14 15:15:24', 12248, NULL),
(268, 66, 57, 0.00, 'Negative', '2025-01-14 15:15:36', 12248, '2025-01-14 15:15:36', 12248, NULL),
(269, 65, 1, 9.80, NULL, '2025-01-14 15:16:56', 12248, '2025-01-14 15:16:56', 12248, NULL),
(270, 65, 2, 4.80, NULL, '2025-01-14 15:16:56', 12248, '2025-01-14 15:16:56', 12248, NULL),
(271, 65, 3, 13.00, NULL, '2025-01-14 15:16:56', 12248, '2025-01-14 15:16:56', 12248, NULL),
(272, 65, 4, 39.40, NULL, '2025-01-14 15:16:56', 12248, '2025-01-14 15:16:56', 12248, NULL),
(273, 65, 5, 82.20, NULL, '2025-01-14 15:16:56', 12248, '2025-01-14 15:16:56', 12248, NULL),
(274, 65, 6, 27.00, NULL, '2025-01-14 15:16:56', 12248, '2025-01-14 15:16:56', 12248, NULL),
(275, 65, 7, 32.90, NULL, '2025-01-14 15:16:56', 12248, '2025-01-14 15:16:56', 12248, NULL),
(276, 65, 8, 14.60, NULL, '2025-01-14 15:16:56', 12248, '2025-01-14 15:16:56', 12248, NULL),
(277, 65, 9, 280.00, NULL, '2025-01-14 15:16:56', 12248, '2025-01-14 15:16:56', 12248, NULL),
(278, 65, 10, 8.50, NULL, '2025-01-14 15:16:56', 12248, '2025-01-14 15:16:56', 12248, NULL),
(279, 65, 11, 0.24, NULL, '2025-01-14 15:16:56', 12248, '2025-01-14 15:16:56', 12248, NULL),
(280, 65, 12, 23.20, NULL, '2025-01-14 15:16:56', 12248, '2025-01-14 15:16:56', 12248, NULL),
(281, 65, 13, 6.40, NULL, '2025-01-14 15:16:56', 12248, '2025-01-14 15:16:56', 12248, NULL),
(282, 65, 14, 70.40, NULL, '2025-01-14 15:16:56', 12248, '2025-01-14 15:16:56', 12248, NULL),
(283, 68, 1, 6.10, NULL, '2025-01-14 15:22:53', 12248, '2025-01-14 15:22:53', 12248, NULL),
(284, 68, 2, 2.61, NULL, '2025-01-14 15:22:53', 12248, '2025-01-14 15:22:53', 12248, NULL),
(285, 68, 3, 6.40, NULL, '2025-01-14 15:22:53', 12248, '2025-01-14 15:22:53', 12248, NULL),
(286, 68, 4, 19.50, NULL, '2025-01-14 15:22:53', 12248, '2025-01-14 15:22:53', 12248, NULL),
(287, 68, 5, 74.80, NULL, '2025-01-14 15:22:53', 12248, '2025-01-14 15:22:53', 12248, NULL),
(288, 68, 6, 24.70, NULL, '2025-01-14 15:22:53', 12248, '2025-01-14 15:22:53', 12248, NULL),
(289, 68, 7, 33.00, NULL, '2025-01-14 15:22:53', 12248, '2025-01-14 15:22:53', 12248, NULL),
(290, 68, 8, 0.00, NULL, '2025-01-14 15:22:53', 12248, '2025-01-14 15:22:53', 12248, NULL),
(291, 68, 9, 173.00, NULL, '2025-01-14 15:22:53', 12248, '2025-01-14 15:22:53', 12248, NULL),
(292, 68, 10, 8.40, NULL, '2025-01-14 15:22:53', 12248, '2025-01-14 15:22:53', 12248, NULL),
(293, 68, 11, 0.15, NULL, '2025-01-14 15:22:53', 12248, '2025-01-14 15:22:53', 12248, NULL),
(294, 68, 12, 17.20, NULL, '2025-01-14 15:22:53', 12248, '2025-01-14 15:22:53', 12248, NULL),
(295, 68, 13, 4.80, NULL, '2025-01-14 15:22:53', 12248, '2025-01-14 15:22:53', 12248, NULL),
(296, 68, 14, 78.00, NULL, '2025-01-14 15:22:53', 12248, '2025-01-14 15:22:53', 12248, NULL),
(297, 69, 21, 142.30, NULL, '2025-01-14 15:23:31', 12248, '2025-01-14 15:23:31', 12248, NULL),
(298, 69, 22, 6.23, NULL, '2025-01-14 15:23:31', 12248, '2025-01-14 15:23:31', 12248, NULL),
(299, 69, 23, 128.10, NULL, '2025-01-14 15:23:31', 12248, '2025-01-14 15:23:31', 12248, NULL),
(300, 71, 17, 0.00, 'Negative', '2025-01-14 15:23:45', 12248, '2025-01-14 15:23:45', 12248, NULL),
(301, 71, 18, 0.00, 'Negative', '2025-01-14 15:23:45', 12248, '2025-01-14 15:23:45', 12248, NULL),
(304, 70, 19, 151.00, NULL, '2025-01-14 15:24:27', 12248, '2025-01-14 15:24:27', 12248, NULL),
(305, 70, 20, 7.10, NULL, '2025-01-14 15:24:27', 12248, '2025-01-14 15:24:27', 12248, NULL),
(306, 29, 40, 0.00, NULL, '2025-01-15 10:49:51', 12248, '2025-01-15 10:49:51', 12248, NULL),
(307, 29, 41, 0.00, NULL, '2025-01-15 10:49:51', 12248, '2025-01-15 10:49:51', 12248, NULL),
(308, 29, 42, 0.00, NULL, '2025-01-15 10:49:51', 12248, '2025-01-15 10:49:51', 12248, NULL),
(309, 29, 43, 0.00, NULL, '2025-01-15 10:49:51', 12248, '2025-01-15 10:49:51', 12248, NULL),
(310, 29, 44, 0.00, NULL, '2025-01-15 10:49:51', 12248, '2025-01-15 10:49:51', 12248, NULL),
(311, 29, 45, 0.00, NULL, '2025-01-15 10:49:51', 12248, '2025-01-15 10:49:51', 12248, NULL),
(312, 29, 46, 0.00, NULL, '2025-01-15 10:49:51', 12248, '2025-01-15 10:49:51', 12248, NULL),
(313, 29, 47, 0.00, NULL, '2025-01-15 10:49:51', 12248, '2025-01-15 10:49:51', 12248, NULL),
(314, 29, 48, 0.00, NULL, '2025-01-15 10:49:51', 12248, '2025-01-15 10:49:51', 12248, NULL),
(315, 29, 49, 0.00, NULL, '2025-01-15 10:49:51', 12248, '2025-01-15 10:49:51', 12248, NULL),
(316, 29, 50, 0.00, NULL, '2025-01-15 10:49:51', 12248, '2025-01-15 10:49:51', 12248, NULL),
(317, 29, 51, 0.00, NULL, '2025-01-15 10:49:51', 12248, '2025-01-15 10:49:51', 12248, NULL),
(318, 29, 52, 0.00, NULL, '2025-01-15 10:49:51', 12248, '2025-01-15 10:49:51', 12248, NULL),
(319, 29, 53, 0.00, NULL, '2025-01-15 10:49:51', 12248, '2025-01-15 10:49:51', 12248, NULL),
(320, 29, 54, 0.00, NULL, '2025-01-15 10:49:51', 12248, '2025-01-15 10:49:51', 12248, NULL),
(321, 44, NULL, 0.00, 'done', '2025-01-15 10:50:03', 12248, '2025-01-15 10:50:03', 12248, NULL),
(322, 55, 1, 0.00, NULL, '2025-01-15 10:50:14', 12248, '2025-01-15 10:50:14', 12248, NULL),
(323, 55, 2, 0.00, NULL, '2025-01-15 10:50:14', 12248, '2025-01-15 10:50:14', 12248, NULL),
(324, 55, 3, 0.00, NULL, '2025-01-15 10:50:14', 12248, '2025-01-15 10:50:14', 12248, NULL),
(325, 55, 4, 0.00, NULL, '2025-01-15 10:50:14', 12248, '2025-01-15 10:50:14', 12248, NULL),
(326, 55, 5, 0.00, NULL, '2025-01-15 10:50:14', 12248, '2025-01-15 10:50:14', 12248, NULL),
(327, 55, 6, 0.00, NULL, '2025-01-15 10:50:14', 12248, '2025-01-15 10:50:14', 12248, NULL),
(328, 55, 7, 0.00, NULL, '2025-01-15 10:50:14', 12248, '2025-01-15 10:50:14', 12248, NULL),
(329, 55, 8, 0.00, NULL, '2025-01-15 10:50:14', 12248, '2025-01-15 10:50:14', 12248, NULL),
(330, 55, 9, 0.00, NULL, '2025-01-15 10:50:14', 12248, '2025-01-15 10:50:14', 12248, NULL),
(331, 55, 10, 0.00, NULL, '2025-01-15 10:50:14', 12248, '2025-01-15 10:50:14', 12248, NULL),
(332, 55, 11, 0.00, NULL, '2025-01-15 10:50:14', 12248, '2025-01-15 10:50:14', 12248, NULL),
(333, 55, 12, 0.00, NULL, '2025-01-15 10:50:14', 12248, '2025-01-15 10:50:14', 12248, NULL),
(334, 55, 13, 0.00, NULL, '2025-01-15 10:50:14', 12248, '2025-01-15 10:50:14', 12248, NULL),
(335, 55, 14, 0.00, NULL, '2025-01-15 10:50:14', 12248, '2025-01-15 10:50:14', 12248, NULL),
(336, 58, NULL, 0.00, 'done', '2025-01-15 10:50:26', 12248, '2025-01-15 10:50:26', 12248, NULL),
(337, 59, 56, 0.00, NULL, '2025-01-15 10:50:34', 12248, '2025-01-15 10:50:34', 12248, NULL),
(338, 64, 1, 0.00, NULL, '2025-01-15 10:50:42', 12248, '2025-01-15 10:50:42', 12248, NULL),
(339, 64, 2, 0.00, NULL, '2025-01-15 10:50:42', 12248, '2025-01-15 10:50:42', 12248, NULL),
(340, 64, 3, 0.00, NULL, '2025-01-15 10:50:42', 12248, '2025-01-15 10:50:42', 12248, NULL),
(341, 64, 4, 0.00, NULL, '2025-01-15 10:50:42', 12248, '2025-01-15 10:50:42', 12248, NULL),
(342, 64, 5, 0.00, NULL, '2025-01-15 10:50:42', 12248, '2025-01-15 10:50:42', 12248, NULL),
(343, 64, 6, 0.00, NULL, '2025-01-15 10:50:42', 12248, '2025-01-15 10:50:42', 12248, NULL),
(344, 64, 7, 0.00, NULL, '2025-01-15 10:50:42', 12248, '2025-01-15 10:50:42', 12248, NULL),
(345, 64, 8, 0.00, NULL, '2025-01-15 10:50:42', 12248, '2025-01-15 10:50:42', 12248, NULL),
(346, 64, 9, 0.00, NULL, '2025-01-15 10:50:42', 12248, '2025-01-15 10:50:42', 12248, NULL),
(347, 64, 10, 0.00, NULL, '2025-01-15 10:50:42', 12248, '2025-01-15 10:50:42', 12248, NULL),
(348, 64, 11, 0.00, NULL, '2025-01-15 10:50:42', 12248, '2025-01-15 10:50:42', 12248, NULL),
(349, 64, 12, 0.00, NULL, '2025-01-15 10:50:42', 12248, '2025-01-15 10:50:42', 12248, NULL),
(350, 64, 13, 0.00, NULL, '2025-01-15 10:50:42', 12248, '2025-01-15 10:50:42', 12248, NULL),
(351, 64, 14, 0.00, NULL, '2025-01-15 10:50:42', 12248, '2025-01-15 10:50:42', 12248, NULL),
(352, 73, 17, 0.00, 'Negative', '2025-01-15 11:04:44', 12248, '2025-01-15 11:04:44', 12248, NULL),
(353, 73, 18, 0.00, 'Negative', '2025-01-15 11:04:44', 12248, '2025-01-15 11:04:44', 12248, NULL),
(354, 72, 1, 6.80, NULL, '2025-01-15 11:06:07', 12248, '2025-01-15 11:06:07', 12248, NULL),
(355, 72, 2, 4.10, NULL, '2025-01-15 11:06:07', 12248, '2025-01-15 11:06:07', 12248, NULL),
(356, 72, 3, 12.70, NULL, '2025-01-15 11:06:07', 12248, '2025-01-15 11:06:07', 12248, NULL),
(357, 72, 4, 38.50, NULL, '2025-01-15 11:06:07', 12248, '2025-01-15 11:06:07', 12248, NULL),
(358, 72, 5, 75.00, NULL, '2025-01-15 11:06:07', 12248, '2025-01-15 11:06:07', 12248, NULL),
(359, 72, 6, 24.80, NULL, '2025-01-15 11:06:07', 12248, '2025-01-15 11:06:07', 12248, NULL),
(360, 72, 7, 33.10, NULL, '2025-01-15 11:06:07', 12248, '2025-01-15 11:06:07', 12248, NULL),
(361, 72, 8, 14.60, NULL, '2025-01-15 11:06:07', 12248, '2025-01-15 11:06:07', 12248, NULL),
(362, 72, 9, 296.00, NULL, '2025-01-15 11:06:07', 12248, '2025-01-15 11:06:07', 12248, NULL),
(363, 72, 10, 7.80, NULL, '2025-01-15 11:06:07', 12248, '2025-01-15 11:06:07', 12248, NULL),
(364, 72, 11, 0.23, NULL, '2025-01-15 11:06:07', 12248, '2025-01-15 11:06:07', 12248, NULL),
(365, 72, 12, 21.80, NULL, '2025-01-15 11:06:07', 12248, '2025-01-15 11:06:07', 12248, NULL),
(366, 72, 13, 7.20, NULL, '2025-01-15 11:06:07', 12248, '2025-01-15 11:06:07', 12248, NULL),
(367, 72, 14, 71.00, NULL, '2025-01-15 11:06:07', 12248, '2025-01-15 11:06:07', 12248, NULL),
(368, 78, 29, 0.00, 'Negative', '2025-01-15 11:23:35', 12248, '2025-01-15 11:23:35', 12248, NULL),
(369, 77, 17, 0.00, 'Negative', '2025-01-15 11:23:49', 12248, '2025-01-15 11:23:49', 12248, NULL),
(370, 77, 18, 0.00, 'Negative', '2025-01-15 11:23:49', 12248, '2025-01-15 11:23:49', 12248, NULL),
(371, 76, 21, 134.00, NULL, '2025-01-15 11:24:53', 12248, '2025-01-15 11:24:53', 12248, NULL),
(372, 76, 22, 4.30, NULL, '2025-01-15 11:24:53', 12248, '2025-01-15 11:24:53', 12248, NULL),
(373, 76, 23, 104.10, NULL, '2025-01-15 11:24:53', 12248, '2025-01-15 11:24:53', 12248, NULL),
(376, 75, 19, 191.00, NULL, '2025-01-15 11:25:22', 12248, '2025-01-15 11:25:22', 12248, NULL),
(377, 75, 20, 9.20, NULL, '2025-01-15 11:25:22', 12248, '2025-01-15 11:25:22', 12248, NULL),
(378, 74, 1, 9.30, NULL, '2025-01-15 11:26:25', 12248, '2025-01-15 11:26:25', 12248, NULL),
(379, 74, 2, 4.00, NULL, '2025-01-15 11:26:25', 12248, '2025-01-15 11:26:25', 12248, NULL),
(380, 74, 3, 10.00, NULL, '2025-01-15 11:26:25', 12248, '2025-01-15 11:26:25', 12248, NULL),
(381, 74, 4, 29.90, NULL, '2025-01-15 11:26:25', 12248, '2025-01-15 11:26:25', 12248, NULL),
(382, 74, 5, 74.60, NULL, '2025-01-15 11:26:25', 12248, '2025-01-15 11:26:25', 12248, NULL),
(383, 74, 6, 25.00, NULL, '2025-01-15 11:26:25', 12248, '2025-01-15 11:26:25', 12248, NULL),
(384, 74, 7, 33.60, NULL, '2025-01-15 11:26:25', 12248, '2025-01-15 11:26:25', 12248, NULL),
(385, 74, 8, 16.60, NULL, '2025-01-15 11:26:25', 12248, '2025-01-15 11:26:25', 12248, NULL),
(386, 74, 9, 402.00, NULL, '2025-01-15 11:26:25', 12248, '2025-01-15 11:26:25', 12248, NULL),
(387, 74, 10, 8.10, NULL, '2025-01-15 11:26:25', 12248, '2025-01-15 11:26:25', 12248, NULL),
(388, 74, 11, 0.33, NULL, '2025-01-15 11:26:25', 12248, '2025-01-15 11:26:25', 12248, NULL),
(389, 74, 12, 16.80, NULL, '2025-01-15 11:26:25', 12248, '2025-01-15 11:26:25', 12248, NULL),
(390, 74, 13, 7.40, NULL, '2025-01-15 11:26:25', 12248, '2025-01-15 11:26:25', 12248, NULL),
(391, 74, 14, 75.80, NULL, '2025-01-15 11:26:25', 12248, '2025-01-15 11:26:25', 12248, NULL),
(392, 83, 29, 0.00, 'Negative', '2025-01-15 11:27:57', 12248, '2025-01-15 11:27:57', 12248, NULL),
(395, 81, 21, 134.30, NULL, '2025-01-15 11:28:28', 12248, '2025-01-15 11:28:28', 12248, NULL),
(396, 81, 22, 5.30, NULL, '2025-01-15 11:28:28', 12248, '2025-01-15 11:28:28', 12248, NULL),
(397, 81, 23, 109.60, NULL, '2025-01-15 11:28:28', 12248, '2025-01-15 11:28:28', 12248, NULL),
(398, 80, 19, 106.00, NULL, '2025-01-15 11:28:42', 12248, '2025-01-15 11:28:42', 12248, NULL),
(399, 80, 20, 3.90, NULL, '2025-01-15 11:28:42', 12248, '2025-01-15 11:28:42', 12248, NULL),
(400, 79, 1, 5.40, NULL, '2025-01-15 11:30:02', 12248, '2025-01-15 11:30:02', 12248, NULL),
(401, 79, 2, 3.80, NULL, '2025-01-15 11:30:02', 12248, '2025-01-15 11:30:02', 12248, NULL),
(402, 79, 3, 9.90, NULL, '2025-01-15 11:30:02', 12248, '2025-01-15 11:30:02', 12248, NULL),
(403, 79, 4, 29.60, NULL, '2025-01-15 11:30:02', 12248, '2025-01-15 11:30:02', 12248, NULL),
(404, 79, 5, 76.20, NULL, '2025-01-15 11:30:02', 12248, '2025-01-15 11:30:02', 12248, NULL),
(405, 79, 6, 25.40, NULL, '2025-01-15 11:30:02', 12248, '2025-01-15 11:30:02', 12248, NULL),
(406, 79, 7, 33.30, NULL, '2025-01-15 11:30:02', 12248, '2025-01-15 11:30:02', 12248, NULL),
(407, 79, 8, 16.50, NULL, '2025-01-15 11:30:02', 12248, '2025-01-15 11:30:02', 12248, NULL),
(408, 79, 9, 163.00, NULL, '2025-01-15 11:30:02', 12248, '2025-01-15 11:30:02', 12248, NULL),
(409, 79, 10, 9.00, NULL, '2025-01-15 11:30:02', 12248, '2025-01-15 11:30:02', 12248, NULL),
(410, 79, 11, 0.15, NULL, '2025-01-15 11:30:02', 12248, '2025-01-15 11:30:02', 12248, NULL),
(411, 79, 12, 21.30, NULL, '2025-01-15 11:30:02', 12248, '2025-01-15 11:30:02', 12248, NULL),
(412, 79, 13, 5.90, NULL, '2025-01-15 11:30:02', 12248, '2025-01-15 11:30:02', 12248, NULL),
(413, 79, 14, 72.80, NULL, '2025-01-15 11:30:02', 12248, '2025-01-15 11:30:02', 12248, NULL),
(414, 84, 59, 7.60, NULL, '2025-01-15 11:49:58', 12248, '2025-01-15 11:49:58', 12248, NULL),
(415, 82, 17, 0.00, 'Negative', '2025-01-15 11:53:25', 12248, '2025-01-15 11:53:25', 12248, NULL),
(416, 82, 18, 0.00, 'Positive', '2025-01-15 11:53:25', 12248, '2025-01-15 11:53:25', 12248, NULL),
(417, 85, 29, 0.00, 'Negative', '2025-01-15 14:50:41', 12248, '2025-01-15 14:50:41', 12248, NULL),
(432, 86, 1, 9.80, NULL, '2025-01-15 15:00:27', 12248, '2025-01-15 15:00:27', 12248, NULL),
(433, 86, 2, 5.73, NULL, '2025-01-15 15:00:27', 12248, '2025-01-15 15:00:27', 12248, NULL),
(434, 86, 3, 14.80, NULL, '2025-01-15 15:00:27', 12248, '2025-01-15 15:00:27', 12248, NULL),
(435, 86, 4, 44.10, NULL, '2025-01-15 15:00:27', 12248, '2025-01-15 15:00:27', 12248, NULL),
(436, 86, 5, 76.80, NULL, '2025-01-15 15:00:27', 12248, '2025-01-15 15:00:27', 12248, NULL),
(437, 86, 6, 25.70, NULL, '2025-01-15 15:00:27', 12248, '2025-01-15 15:00:27', 12248, NULL),
(438, 86, 7, 33.50, NULL, '2025-01-15 15:00:27', 12248, '2025-01-15 15:00:27', 12248, NULL),
(439, 86, 8, 13.90, NULL, '2025-01-15 15:00:27', 12248, '2025-01-15 15:00:27', 12248, NULL),
(440, 86, 9, 256.00, NULL, '2025-01-15 15:00:27', 12248, '2025-01-15 15:00:27', 12248, NULL),
(441, 86, 10, 9.30, NULL, '2025-01-15 15:00:27', 12248, '2025-01-15 15:00:27', 12248, NULL),
(442, 86, 11, 0.24, NULL, '2025-01-15 15:00:27', 12248, '2025-01-15 15:00:27', 12248, NULL),
(443, 86, 12, 42.90, NULL, '2025-01-15 15:00:27', 12248, '2025-01-15 15:00:27', 12248, NULL),
(444, 86, 13, 6.20, NULL, '2025-01-15 15:00:27', 12248, '2025-01-15 15:00:27', 12248, NULL),
(445, 86, 14, 51.20, NULL, '2025-01-15 15:00:27', 12248, '2025-01-15 15:00:27', 12248, NULL),
(446, 87, 17, 0.00, 'Negative', '2025-01-15 15:00:49', 12248, '2025-01-15 15:00:49', 12248, NULL),
(447, 87, 18, 0.00, 'Negative', '2025-01-15 15:00:49', 12248, '2025-01-15 15:00:49', 12248, NULL),
(448, 88, 29, 0.00, 'Negative', '2025-01-15 15:00:57', 12248, '2025-01-15 15:00:57', 12248, NULL),
(449, 93, 17, 0.00, 'Negative', '2025-01-16 10:06:26', 12248, '2025-01-16 10:06:26', 12248, NULL),
(450, 93, 18, 0.00, 'Negative', '2025-01-16 10:06:26', 12248, '2025-01-16 10:06:26', 12248, NULL),
(451, 92, 21, 134.30, NULL, '2025-01-16 10:07:06', 12248, '2025-01-16 10:07:06', 12248, NULL),
(452, 92, 22, 3.80, NULL, '2025-01-16 10:07:06', 12248, '2025-01-16 10:07:06', 12248, NULL),
(453, 92, 23, 106.50, NULL, '2025-01-16 10:07:06', 12248, '2025-01-16 10:07:06', 12248, NULL),
(454, 91, 19, 116.00, NULL, '2025-01-16 10:07:20', 12248, '2025-01-16 10:07:20', 12248, NULL),
(455, 91, 20, 7.30, NULL, '2025-01-16 10:07:20', 12248, '2025-01-16 10:07:20', 12248, NULL),
(456, 90, 1, 11.10, NULL, '2025-01-16 10:09:22', 12248, '2025-01-16 10:09:22', 12248, NULL),
(457, 90, 2, 3.20, NULL, '2025-01-16 10:09:22', 12248, '2025-01-16 10:09:22', 12248, NULL),
(458, 90, 3, 7.90, NULL, '2025-01-16 10:09:22', 12248, '2025-01-16 10:09:22', 12248, NULL),
(459, 90, 4, 23.70, NULL, '2025-01-16 10:09:22', 12248, '2025-01-16 10:09:22', 12248, NULL),
(460, 90, 5, 73.90, NULL, '2025-01-16 10:09:22', 12248, '2025-01-16 10:09:22', 12248, NULL),
(461, 90, 6, 24.50, NULL, '2025-01-16 10:09:22', 12248, '2025-01-16 10:09:22', 12248, NULL),
(462, 90, 7, 33.20, NULL, '2025-01-16 10:09:22', 12248, '2025-01-16 10:09:22', 12248, NULL),
(463, 90, 8, 14.20, NULL, '2025-01-16 10:09:22', 12248, '2025-01-16 10:09:22', 12248, NULL),
(464, 90, 9, 215.00, NULL, '2025-01-16 10:09:22', 12248, '2025-01-16 10:09:22', 12248, NULL),
(465, 90, 10, 8.20, NULL, '2025-01-16 10:09:22', 12248, '2025-01-16 10:09:22', 12248, NULL),
(466, 90, 11, 0.18, NULL, '2025-01-16 10:09:22', 12248, '2025-01-16 10:09:22', 12248, NULL),
(467, 90, 12, 21.80, NULL, '2025-01-16 10:09:22', 12248, '2025-01-16 10:09:22', 12248, NULL),
(468, 90, 13, 7.00, NULL, '2025-01-16 10:09:22', 12248, '2025-01-16 10:09:22', 12248, NULL),
(469, 90, 14, 71.20, NULL, '2025-01-16 10:09:22', 12248, '2025-01-16 10:09:22', 12248, NULL),
(470, 89, NULL, 0.00, 'DONE', '2025-01-16 10:09:36', 12248, '2025-01-16 10:09:36', 12248, NULL),
(471, 98, 29, 0.00, 'Negative', '2025-01-16 12:03:30', 12248, '2025-01-16 12:03:30', 12248, NULL),
(472, 95, 17, 0.00, 'Negative', '2025-01-16 12:03:41', 12248, '2025-01-16 12:03:41', 12248, NULL),
(473, 95, 18, 0.00, 'Negative', '2025-01-16 12:03:41', 12248, '2025-01-16 12:03:41', 12248, NULL),
(474, 97, 60, 4.00, NULL, '2025-01-16 12:15:51', 12248, '2025-01-16 12:15:51', 12248, NULL),
(476, 94, 1, 7.30, NULL, '2025-01-16 12:16:51', 12248, '2025-01-16 12:16:51', 12248, NULL),
(477, 94, 2, 5.60, NULL, '2025-01-16 12:16:51', 12248, '2025-01-16 12:16:51', 12248, NULL),
(478, 94, 3, 13.80, NULL, '2025-01-16 12:16:51', 12248, '2025-01-16 12:16:51', 12248, NULL),
(479, 94, 4, 41.00, NULL, '2025-01-16 12:16:51', 12248, '2025-01-16 12:16:51', 12248, NULL),
(480, 94, 5, 73.20, NULL, '2025-01-16 12:16:51', 12248, '2025-01-16 12:16:51', 12248, NULL),
(481, 94, 6, 24.60, NULL, '2025-01-16 12:16:51', 12248, '2025-01-16 12:16:51', 12248, NULL),
(482, 94, 7, 33.60, NULL, '2025-01-16 12:16:51', 12248, '2025-01-16 12:16:51', 12248, NULL),
(483, 94, 8, 14.50, NULL, '2025-01-16 12:16:51', 12248, '2025-01-16 12:16:51', 12248, NULL),
(484, 94, 9, 215.00, NULL, '2025-01-16 12:16:51', 12248, '2025-01-16 12:16:51', 12248, NULL),
(485, 94, 10, 8.90, NULL, '2025-01-16 12:16:51', 12248, '2025-01-16 12:16:51', 12248, NULL),
(486, 94, 11, 0.19, NULL, '2025-01-16 12:16:51', 12248, '2025-01-16 12:16:51', 12248, NULL),
(487, 94, 12, 34.60, NULL, '2025-01-16 12:16:51', 12248, '2025-01-16 12:16:51', 12248, NULL),
(488, 94, 13, 7.40, NULL, '2025-01-16 12:16:51', 12248, '2025-01-16 12:16:51', 12248, NULL),
(489, 94, 14, 58.00, NULL, '2025-01-16 12:16:51', 12248, '2025-01-16 12:16:51', 12248, NULL),
(490, 96, 61, 8.00, NULL, '2025-01-16 12:18:42', 12248, '2025-01-16 12:18:42', 12248, NULL),
(491, 102, 21, 133.90, NULL, '2025-01-16 14:27:47', 12248, '2025-01-16 14:27:47', 12248, NULL),
(492, 102, 22, 5.00, NULL, '2025-01-16 14:27:47', 12248, '2025-01-16 14:27:47', 12248, NULL),
(493, 102, 23, 111.60, NULL, '2025-01-16 14:27:47', 12248, '2025-01-16 14:27:47', 12248, NULL),
(494, 101, 19, 177.00, NULL, '2025-01-16 14:28:02', 12248, '2025-01-16 14:28:02', 12248, NULL),
(495, 101, 20, 8.90, NULL, '2025-01-16 14:28:02', 12248, '2025-01-16 14:28:02', 12248, NULL),
(496, 100, 17, 0.00, 'Negative', '2025-01-16 14:28:09', 12248, '2025-01-16 14:28:09', 12248, NULL),
(497, 100, 18, 0.00, 'Negative', '2025-01-16 14:28:09', 12248, '2025-01-16 14:28:09', 12248, NULL),
(498, 99, 1, 23.10, NULL, '2025-01-16 14:29:00', 12248, '2025-01-16 14:29:00', 12248, NULL),
(499, 99, 2, 1.80, NULL, '2025-01-16 14:29:00', 12248, '2025-01-16 14:29:00', 12248, NULL),
(500, 99, 3, 4.60, NULL, '2025-01-16 14:29:00', 12248, '2025-01-16 14:29:00', 12248, NULL),
(501, 99, 4, 14.00, NULL, '2025-01-16 14:29:00', 12248, '2025-01-16 14:29:00', 12248, NULL),
(502, 99, 5, 74.00, NULL, '2025-01-16 14:29:00', 12248, '2025-01-16 14:29:00', 12248, NULL),
(503, 99, 6, 24.30, NULL, '2025-01-16 14:29:00', 12248, '2025-01-16 14:29:00', 12248, NULL),
(504, 99, 7, 32.90, NULL, '2025-01-16 14:29:00', 12248, '2025-01-16 14:29:00', 12248, NULL),
(505, 99, 8, 16.30, NULL, '2025-01-16 14:29:00', 12248, '2025-01-16 14:29:00', 12248, NULL),
(506, 99, 9, 431.00, NULL, '2025-01-16 14:29:00', 12248, '2025-01-16 14:29:00', 12248, NULL),
(507, 99, 10, 8.90, NULL, '2025-01-16 14:29:00', 12248, '2025-01-16 14:29:00', 12248, NULL),
(508, 99, 11, 0.38, NULL, '2025-01-16 14:29:00', 12248, '2025-01-16 14:29:00', 12248, NULL),
(509, 99, 12, 7.80, NULL, '2025-01-16 14:29:00', 12248, '2025-01-16 14:29:00', 12248, NULL),
(510, 99, 13, 3.40, NULL, '2025-01-16 14:29:00', 12248, '2025-01-16 14:29:00', 12248, NULL),
(511, 99, 14, 88.80, NULL, '2025-01-16 14:29:00', 12248, '2025-01-16 14:29:00', 12248, NULL),
(526, 106, 17, 0.00, 'Negative', '2025-01-16 16:39:51', 12253, '2025-01-16 16:39:51', 12253, NULL),
(527, 106, 18, 0.00, 'Negative', '2025-01-16 16:39:51', 12253, '2025-01-16 16:39:51', 12253, NULL),
(528, 107, 29, 0.00, 'Negative', '2025-01-16 16:39:59', 12253, '2025-01-16 16:39:59', 12253, NULL),
(529, 104, 60, 3.00, NULL, '2025-01-16 16:41:24', 12253, '2025-01-16 16:41:24', 12253, NULL),
(532, 105, 61, 6.00, NULL, '2025-01-16 16:42:11', 12253, '2025-01-16 16:42:11', 12253, NULL),
(533, 103, 1, 12.00, NULL, '2025-01-16 16:43:56', 12253, '2025-01-16 16:43:56', 12253, NULL),
(534, 103, 2, 5.88, NULL, '2025-01-16 16:43:56', 12253, '2025-01-16 16:43:56', 12253, NULL),
(535, 103, 3, 9.10, NULL, '2025-01-16 16:43:56', 12253, '2025-01-16 16:43:56', 12253, NULL),
(536, 103, 4, 31.20, NULL, '2025-01-16 16:43:56', 12253, '2025-01-16 16:43:56', 12253, NULL),
(537, 103, 5, 53.10, NULL, '2025-01-16 16:43:56', 12253, '2025-01-16 16:43:56', 12253, NULL),
(538, 103, 6, 15.50, NULL, '2025-01-16 16:43:56', 12253, '2025-01-16 16:43:56', 12253, NULL),
(539, 103, 7, 29.30, NULL, '2025-01-16 16:43:56', 12253, '2025-01-16 16:43:56', 12253, NULL),
(540, 103, 8, 18.40, NULL, '2025-01-16 16:43:56', 12253, '2025-01-16 16:43:56', 12253, NULL),
(541, 103, 9, 265.00, NULL, '2025-01-16 16:43:56', 12253, '2025-01-16 16:43:56', 12253, NULL),
(542, 103, 10, 8.20, NULL, '2025-01-16 16:43:56', 12253, '2025-01-16 16:43:56', 12253, NULL),
(543, 103, 11, 0.22, NULL, '2025-01-16 16:43:56', 12253, '2025-01-16 16:43:56', 12253, NULL),
(544, 103, 12, 58.00, NULL, '2025-01-16 16:43:56', 12253, '2025-01-16 16:43:56', 12253, NULL),
(545, 103, 13, 7.10, NULL, '2025-01-16 16:43:56', 12253, '2025-01-16 16:43:56', 12253, NULL),
(546, 103, 14, 34.90, NULL, '2025-01-16 16:43:56', 12253, '2025-01-16 16:43:56', 12253, NULL),
(547, 109, 17, 0.00, 'Negative', '2025-01-17 09:51:18', 12248, '2025-01-17 09:51:18', 12248, NULL),
(548, 109, 18, 0.00, 'Negative', '2025-01-17 09:51:18', 12248, '2025-01-17 09:51:18', 12248, NULL),
(549, 108, 21, 134.20, NULL, '2025-01-17 09:51:37', 12248, '2025-01-17 09:51:37', 12248, NULL),
(550, 108, 22, 4.50, NULL, '2025-01-17 09:51:37', 12248, '2025-01-17 09:51:37', 12248, NULL),
(551, 108, 23, 104.10, NULL, '2025-01-17 09:51:37', 12248, '2025-01-17 09:51:37', 12248, NULL),
(552, 112, 17, 0.00, 'Negative', '2025-01-17 09:52:04', 12248, '2025-01-17 09:52:04', 12248, NULL),
(553, 112, 18, 0.00, 'Negative', '2025-01-17 09:52:04', 12248, '2025-01-17 09:52:04', 12248, NULL),
(554, 113, 21, 135.40, NULL, '2025-01-17 09:52:28', 12248, '2025-01-17 09:52:28', 12248, NULL),
(555, 113, 22, 5.70, NULL, '2025-01-17 09:52:28', 12248, '2025-01-17 09:52:28', 12248, NULL),
(556, 113, 23, 114.60, NULL, '2025-01-17 09:52:28', 12248, '2025-01-17 09:52:28', 12248, NULL),
(557, 111, 19, 144.00, NULL, '2025-01-17 09:52:43', 12248, '2025-01-17 09:52:43', 12248, NULL),
(558, 111, 20, 6.50, NULL, '2025-01-17 09:52:43', 12248, '2025-01-17 09:52:43', 12248, NULL),
(559, 110, 1, 6.80, NULL, '2025-01-17 09:53:29', 12248, '2025-01-17 09:53:29', 12248, NULL),
(560, 110, 2, 4.00, NULL, '2025-01-17 09:53:29', 12248, '2025-01-17 09:53:29', 12248, NULL),
(561, 110, 3, 10.60, NULL, '2025-01-17 09:53:29', 12248, '2025-01-17 09:53:29', 12248, NULL),
(562, 110, 4, 31.50, NULL, '2025-01-17 09:53:29', 12248, '2025-01-17 09:53:29', 12248, NULL),
(563, 110, 5, 77.60, NULL, '2025-01-17 09:53:29', 12248, '2025-01-17 09:53:29', 12248, NULL),
(564, 110, 6, 26.00, NULL, '2025-01-17 09:53:29', 12248, '2025-01-17 09:53:29', 12248, NULL),
(565, 110, 7, 33.50, NULL, '2025-01-17 09:53:29', 12248, '2025-01-17 09:53:29', 12248, NULL),
(566, 110, 8, 17.90, NULL, '2025-01-17 09:53:29', 12248, '2025-01-17 09:53:29', 12248, NULL),
(567, 110, 9, 321.00, NULL, '2025-01-17 09:53:29', 12248, '2025-01-17 09:53:29', 12248, NULL),
(568, 110, 10, 7.60, NULL, '2025-01-17 09:53:29', 12248, '2025-01-17 09:53:29', 12248, NULL),
(569, 110, 11, 0.25, NULL, '2025-01-17 09:53:29', 12248, '2025-01-17 09:53:29', 12248, NULL),
(570, 110, 12, 19.90, NULL, '2025-01-17 09:53:29', 12248, '2025-01-17 09:53:29', 12248, NULL),
(571, 110, 13, 6.60, NULL, '2025-01-17 09:53:29', 12248, '2025-01-17 09:53:29', 12248, NULL),
(572, 110, 14, 73.50, NULL, '2025-01-17 09:53:29', 12248, '2025-01-17 09:53:29', 12248, NULL),
(573, 115, 17, 0.00, 'Negative', '2025-01-17 10:39:56', 12248, '2025-01-17 10:39:56', 12248, NULL),
(574, 115, 18, 0.00, 'Negative', '2025-01-17 10:39:56', 12248, '2025-01-17 10:39:56', 12248, NULL),
(575, 116, 35, 0.00, 'B -IVE', '2025-01-17 10:40:31', 12248, '2025-01-17 10:40:31', 12248, NULL),
(576, 116, 36, 0.00, 'Negative', '2025-01-17 10:40:31', 12248, '2025-01-17 10:40:31', 12248, NULL),
(577, 114, 1, 11.50, NULL, '2025-01-17 10:41:45', 12248, '2025-01-17 10:41:45', 12248, NULL),
(578, 114, 2, 5.10, NULL, '2025-01-17 10:41:45', 12248, '2025-01-17 10:41:45', 12248, NULL),
(579, 114, 3, 11.20, NULL, '2025-01-17 10:41:45', 12248, '2025-01-17 10:41:45', 12248, NULL),
(580, 114, 4, 34.10, NULL, '2025-01-17 10:41:45', 12248, '2025-01-17 10:41:45', 12248, NULL),
(581, 114, 5, 65.90, NULL, '2025-01-17 10:41:45', 12248, '2025-01-17 10:41:45', 12248, NULL),
(582, 114, 6, 21.70, NULL, '2025-01-17 10:41:45', 12248, '2025-01-17 10:41:45', 12248, NULL),
(583, 114, 7, 32.90, NULL, '2025-01-17 10:41:45', 12248, '2025-01-17 10:41:45', 12248, NULL),
(584, 114, 8, 16.10, NULL, '2025-01-17 10:41:45', 12248, '2025-01-17 10:41:45', 12248, NULL),
(585, 114, 9, 214.00, NULL, '2025-01-17 10:41:45', 12248, '2025-01-17 10:41:45', 12248, NULL),
(586, 114, 10, 8.60, NULL, '2025-01-17 10:41:45', 12248, '2025-01-17 10:41:45', 12248, NULL),
(587, 114, 11, 0.18, NULL, '2025-01-17 10:41:45', 12248, '2025-01-17 10:41:45', 12248, NULL),
(588, 114, 12, 12.40, NULL, '2025-01-17 10:41:45', 12248, '2025-01-17 10:41:45', 12248, NULL),
(589, 114, 13, 1.90, NULL, '2025-01-17 10:41:45', 12248, '2025-01-17 10:41:45', 12248, NULL),
(590, 114, 14, 85.70, NULL, '2025-01-17 10:41:45', 12248, '2025-01-17 10:41:45', 12248, NULL),
(591, 125, 19, 20.00, NULL, '2025-01-17 12:20:46', 12248, '2025-01-17 12:20:46', 12248, NULL),
(592, 125, 20, 0.70, NULL, '2025-01-17 12:20:46', 12248, '2025-01-17 12:20:46', 12248, NULL),
(593, 121, 17, 0.00, 'Negative', '2025-01-17 12:20:59', 12248, '2025-01-17 12:20:59', 12248, NULL),
(594, 121, 18, 0.00, 'Negative', '2025-01-17 12:20:59', 12248, '2025-01-17 12:20:59', 12248, NULL),
(595, 122, 29, 0.00, 'Negative', '2025-01-17 12:21:08', 12248, '2025-01-17 12:21:08', 12248, NULL),
(596, 120, 35, 0.00, 'A +IVE', '2025-01-17 12:21:34', 12248, '2025-01-17 12:21:34', 12248, NULL),
(597, 120, 36, 0.00, 'Positive', '2025-01-17 12:21:34', 12248, '2025-01-17 12:21:34', 12248, NULL),
(598, 124, 37, 0.60, NULL, '2025-01-17 12:22:00', 12248, '2025-01-17 12:22:00', 12248, NULL),
(599, 124, 38, 30.00, NULL, '2025-01-17 12:22:00', 12248, '2025-01-17 12:22:00', 12248, NULL),
(600, 124, 39, 187.00, NULL, '2025-01-17 12:22:00', 12248, '2025-01-17 12:22:00', 12248, NULL),
(601, 119, 1, 8.60, NULL, '2025-01-17 12:23:05', 12248, '2025-01-17 12:23:05', 12248, NULL),
(602, 119, 2, 5.80, NULL, '2025-01-17 12:23:05', 12248, '2025-01-17 12:23:05', 12248, NULL),
(603, 119, 3, 11.00, NULL, '2025-01-17 12:23:05', 12248, '2025-01-17 12:23:05', 12248, NULL),
(604, 119, 4, 33.10, NULL, '2025-01-17 12:23:05', 12248, '2025-01-17 12:23:05', 12248, NULL),
(605, 119, 5, 56.40, NULL, '2025-01-17 12:23:05', 12248, '2025-01-17 12:23:05', 12248, NULL),
(606, 119, 6, 16.60, NULL, '2025-01-17 12:23:05', 12248, '2025-01-17 12:23:05', 12248, NULL),
(607, 119, 7, 29.40, NULL, '2025-01-17 12:23:05', 12248, '2025-01-17 12:23:05', 12248, NULL),
(608, 119, 8, 19.40, NULL, '2025-01-17 12:23:05', 12248, '2025-01-17 12:23:05', 12248, NULL),
(609, 119, 9, 298.00, NULL, '2025-01-17 12:23:05', 12248, '2025-01-17 12:23:05', 12248, NULL),
(610, 119, 10, 9.50, NULL, '2025-01-17 12:23:05', 12248, '2025-01-17 12:23:05', 12248, NULL),
(611, 119, 11, 0.29, NULL, '2025-01-17 12:23:05', 12248, '2025-01-17 12:23:05', 12248, NULL),
(612, 119, 12, 21.10, NULL, '2025-01-17 12:23:05', 12248, '2025-01-17 12:23:05', 12248, NULL),
(613, 119, 13, 4.40, NULL, '2025-01-17 12:23:05', 12248, '2025-01-17 12:23:05', 12248, NULL),
(614, 119, 14, 74.50, NULL, '2025-01-17 12:23:05', 12248, '2025-01-17 12:23:05', 12248, NULL),
(615, 123, 30, 80.00, NULL, '2025-01-17 12:25:43', 12248, '2025-01-17 12:25:43', 12248, NULL),
(616, 127, 17, 0.00, 'Negative', '2025-01-17 12:47:31', 12248, '2025-01-17 12:47:31', 12248, NULL),
(617, 127, 18, 0.00, 'Negative', '2025-01-17 12:47:31', 12248, '2025-01-17 12:47:31', 12248, NULL),
(618, 128, 29, 0.00, 'Negative', '2025-01-17 12:47:38', 12248, '2025-01-17 12:47:38', 12248, NULL),
(619, 126, 1, 5.30, NULL, '2025-01-17 12:48:39', 12248, '2025-01-17 12:48:39', 12248, NULL),
(620, 126, 2, 5.20, NULL, '2025-01-17 12:48:39', 12248, '2025-01-17 12:48:39', 12248, NULL),
(621, 126, 3, 10.20, NULL, '2025-01-17 12:48:39', 12248, '2025-01-17 12:48:39', 12248, NULL),
(622, 126, 4, 30.80, NULL, '2025-01-17 12:48:39', 12248, '2025-01-17 12:48:39', 12248, NULL),
(623, 126, 5, 59.00, NULL, '2025-01-17 12:48:39', 12248, '2025-01-17 12:48:39', 12248, NULL),
(624, 126, 6, 17.80, NULL, '2025-01-17 12:48:39', 12248, '2025-01-17 12:48:39', 12248, NULL),
(625, 126, 7, 30.20, NULL, '2025-01-17 12:48:39', 12248, '2025-01-17 12:48:39', 12248, NULL),
(626, 126, 8, 16.40, NULL, '2025-01-17 12:48:39', 12248, '2025-01-17 12:48:39', 12248, NULL),
(627, 126, 9, 372.00, NULL, '2025-01-17 12:48:39', 12248, '2025-01-17 12:48:39', 12248, NULL),
(628, 126, 10, 7.80, NULL, '2025-01-17 12:48:39', 12248, '2025-01-17 12:48:39', 12248, NULL),
(629, 126, 11, 0.29, NULL, '2025-01-17 12:48:39', 12248, '2025-01-17 12:48:39', 12248, NULL),
(630, 126, 12, 39.70, NULL, '2025-01-17 12:48:39', 12248, '2025-01-17 12:48:39', 12248, NULL),
(631, 126, 13, 9.80, NULL, '2025-01-17 12:48:39', 12248, '2025-01-17 12:48:39', 12248, NULL),
(632, 126, 14, 50.50, NULL, '2025-01-17 12:48:39', 12248, '2025-01-17 12:48:39', 12248, NULL),
(633, 129, 30, 84.00, NULL, '2025-01-17 12:53:01', 12248, '2025-01-17 12:53:01', 12248, NULL),
(634, 117, 1, 0.00, NULL, '2025-01-17 13:06:57', 12248, '2025-01-17 13:06:57', 12248, NULL),
(635, 117, 2, 0.00, NULL, '2025-01-17 13:06:58', 12248, '2025-01-17 13:06:58', 12248, NULL),
(636, 117, 3, 0.00, NULL, '2025-01-17 13:06:58', 12248, '2025-01-17 13:06:58', 12248, NULL),
(637, 117, 4, 0.00, NULL, '2025-01-17 13:06:58', 12248, '2025-01-17 13:06:58', 12248, NULL),
(638, 117, 5, 0.00, NULL, '2025-01-17 13:06:58', 12248, '2025-01-17 13:06:58', 12248, NULL),
(639, 117, 6, 0.00, NULL, '2025-01-17 13:06:58', 12248, '2025-01-17 13:06:58', 12248, NULL),
(640, 117, 7, 0.00, NULL, '2025-01-17 13:06:58', 12248, '2025-01-17 13:06:58', 12248, NULL),
(641, 117, 8, 0.00, NULL, '2025-01-17 13:06:58', 12248, '2025-01-17 13:06:58', 12248, NULL),
(642, 117, 9, 0.00, NULL, '2025-01-17 13:06:58', 12248, '2025-01-17 13:06:58', 12248, NULL),
(643, 117, 10, 0.00, NULL, '2025-01-17 13:06:58', 12248, '2025-01-17 13:06:58', 12248, NULL),
(644, 117, 11, 0.00, NULL, '2025-01-17 13:06:58', 12248, '2025-01-17 13:06:58', 12248, NULL),
(645, 117, 12, 0.00, NULL, '2025-01-17 13:06:58', 12248, '2025-01-17 13:06:58', 12248, NULL),
(646, 117, 13, 0.00, NULL, '2025-01-17 13:06:58', 12248, '2025-01-17 13:06:58', 12248, NULL),
(647, 117, 14, 0.00, NULL, '2025-01-17 13:06:58', 12248, '2025-01-17 13:06:58', 12248, NULL),
(648, 118, 17, 0.00, NULL, '2025-01-17 13:07:03', 12248, '2025-01-17 13:07:03', 12248, NULL),
(649, 118, 18, 0.00, NULL, '2025-01-17 13:07:03', 12248, '2025-01-17 13:07:03', 12248, NULL),
(650, 133, 17, 0.00, 'Negative', '2025-01-17 14:06:41', 12248, '2025-01-17 14:06:41', 12248, NULL),
(651, 133, 18, 0.00, 'Negative', '2025-01-17 14:06:41', 12248, '2025-01-17 14:06:41', 12248, NULL),
(652, 131, 19, 55.00, NULL, '2025-01-17 14:06:52', 12248, '2025-01-17 14:06:52', 12248, NULL),
(653, 131, 20, 6.10, NULL, '2025-01-17 14:06:52', 12248, '2025-01-17 14:06:52', 12248, NULL);
INSERT INTO `patient_investigation_result` (`id`, `patient_investigation_id`, `parameter_id`, `result_value`, `result_text_value`, `result_entry_date`, `created_by`, `created_at`, `updated_by`, `updated_at`) VALUES
(654, 132, 21, 129.70, NULL, '2025-01-17 14:07:07', 12248, '2025-01-17 14:07:07', 12248, NULL),
(655, 132, 22, 4.40, NULL, '2025-01-17 14:07:07', 12248, '2025-01-17 14:07:07', 12248, NULL),
(656, 132, 23, 99.40, NULL, '2025-01-17 14:07:07', 12248, '2025-01-17 14:07:07', 12248, NULL),
(657, 130, 1, 11.60, NULL, '2025-01-17 14:08:06', 12248, '2025-01-17 14:08:06', 12248, NULL),
(658, 130, 2, 4.50, NULL, '2025-01-17 14:08:06', 12248, '2025-01-17 14:08:06', 12248, NULL),
(659, 130, 3, 10.90, NULL, '2025-01-17 14:08:07', 12248, '2025-01-17 14:08:07', 12248, NULL),
(660, 130, 4, 33.20, NULL, '2025-01-17 14:08:07', 12248, '2025-01-17 14:08:07', 12248, NULL),
(661, 130, 5, 73.50, NULL, '2025-01-17 14:08:07', 12248, '2025-01-17 14:08:07', 12248, NULL),
(662, 130, 6, 24.10, NULL, '2025-01-17 14:08:07', 12248, '2025-01-17 14:08:07', 12248, NULL),
(663, 130, 7, 32.70, NULL, '2025-01-17 14:08:07', 12248, '2025-01-17 14:08:07', 12248, NULL),
(664, 130, 8, 16.60, NULL, '2025-01-17 14:08:07', 12248, '2025-01-17 14:08:07', 12248, NULL),
(665, 130, 9, 338.00, NULL, '2025-01-17 14:08:07', 12248, '2025-01-17 14:08:07', 12248, NULL),
(666, 130, 10, 7.40, NULL, '2025-01-17 14:08:07', 12248, '2025-01-17 14:08:07', 12248, NULL),
(667, 130, 11, 0.25, NULL, '2025-01-17 14:08:07', 12248, '2025-01-17 14:08:07', 12248, NULL),
(668, 130, 12, 37.60, NULL, '2025-01-17 14:08:07', 12248, '2025-01-17 14:08:07', 12248, NULL),
(669, 130, 13, 9.00, NULL, '2025-01-17 14:08:07', 12248, '2025-01-17 14:08:07', 12248, NULL),
(670, 130, 14, 53.40, NULL, '2025-01-17 14:08:07', 12248, '2025-01-17 14:08:07', 12248, NULL),
(671, 135, 17, 0.00, 'Negative', '2025-01-18 10:07:07', 12248, '2025-01-18 10:07:07', 12248, NULL),
(672, 135, 18, 0.00, 'Negative', '2025-01-18 10:07:07', 12248, '2025-01-18 10:07:07', 12248, NULL),
(673, 137, 21, 127.20, NULL, '2025-01-18 10:07:36', 12248, '2025-01-18 10:07:36', 12248, NULL),
(674, 137, 22, 6.70, NULL, '2025-01-18 10:07:36', 12248, '2025-01-18 10:07:36', 12248, NULL),
(675, 137, 23, 103.00, NULL, '2025-01-18 10:07:36', 12248, '2025-01-18 10:07:36', 12248, NULL),
(676, 136, 19, 135.00, NULL, '2025-01-18 10:13:20', 12248, '2025-01-18 10:13:20', 12248, NULL),
(677, 136, 20, 7.20, NULL, '2025-01-18 10:13:20', 12248, '2025-01-18 10:13:20', 12248, NULL),
(678, 134, 1, 11.00, NULL, '2025-01-18 10:14:16', 12248, '2025-01-18 10:14:16', 12248, NULL),
(679, 134, 2, 4.30, NULL, '2025-01-18 10:14:16', 12248, '2025-01-18 10:14:16', 12248, NULL),
(680, 134, 3, 9.30, NULL, '2025-01-18 10:14:16', 12248, '2025-01-18 10:14:16', 12248, NULL),
(681, 134, 4, 29.60, NULL, '2025-01-18 10:14:16', 12248, '2025-01-18 10:14:16', 12248, NULL),
(682, 134, 5, 68.60, NULL, '2025-01-18 10:14:16', 12248, '2025-01-18 10:14:16', 12248, NULL),
(683, 134, 6, 21.60, NULL, '2025-01-18 10:14:16', 12248, '2025-01-18 10:14:16', 12248, NULL),
(684, 134, 7, 31.50, NULL, '2025-01-18 10:14:16', 12248, '2025-01-18 10:14:16', 12248, NULL),
(685, 134, 8, 18.70, NULL, '2025-01-18 10:14:16', 12248, '2025-01-18 10:14:16', 12248, NULL),
(686, 134, 9, 121.00, NULL, '2025-01-18 10:14:16', 12248, '2025-01-18 10:14:16', 12248, NULL),
(687, 134, 10, 8.40, NULL, '2025-01-18 10:14:16', 12248, '2025-01-18 10:14:16', 12248, NULL),
(688, 134, 11, 0.10, NULL, '2025-01-18 10:14:16', 12248, '2025-01-18 10:14:16', 12248, NULL),
(689, 134, 12, 25.80, NULL, '2025-01-18 10:14:16', 12248, '2025-01-18 10:14:16', 12248, NULL),
(690, 134, 13, 27.80, NULL, '2025-01-18 10:14:16', 12248, '2025-01-18 10:14:16', 12248, NULL),
(691, 134, 14, 46.40, NULL, '2025-01-18 10:14:16', 12248, '2025-01-18 10:14:16', 12248, NULL),
(692, 139, 17, 0.00, 'Negative', '2025-01-18 13:07:14', 12248, '2025-01-18 13:07:14', 12248, NULL),
(693, 139, 18, 0.00, 'Negative', '2025-01-18 13:07:14', 12248, '2025-01-18 13:07:14', 12248, NULL),
(694, 141, 21, 133.30, NULL, '2025-01-18 13:07:37', 12248, '2025-01-18 13:07:37', 12248, NULL),
(695, 141, 22, 5.00, NULL, '2025-01-18 13:07:37', 12248, '2025-01-18 13:07:37', 12248, NULL),
(696, 141, 23, 101.00, NULL, '2025-01-18 13:07:37', 12248, '2025-01-18 13:07:37', 12248, NULL),
(697, 140, 19, 144.00, NULL, '2025-01-18 13:07:50', 12248, '2025-01-18 13:07:50', 12248, NULL),
(698, 140, 20, 10.30, NULL, '2025-01-18 13:07:50', 12248, '2025-01-18 13:07:50', 12248, NULL),
(699, 138, 1, 9.40, NULL, '2025-01-18 13:09:12', 12248, '2025-01-18 13:09:12', 12248, NULL),
(700, 138, 2, 3.90, NULL, '2025-01-18 13:09:12', 12248, '2025-01-18 13:09:12', 12248, NULL),
(701, 138, 3, 9.60, NULL, '2025-01-18 13:09:12', 12248, '2025-01-18 13:09:12', 12248, NULL),
(702, 138, 4, 29.00, NULL, '2025-01-18 13:09:12', 12248, '2025-01-18 13:09:12', 12248, NULL),
(703, 138, 5, 73.80, NULL, '2025-01-18 13:09:12', 12248, '2025-01-18 13:09:12', 12248, NULL),
(704, 138, 6, 23.30, NULL, '2025-01-18 13:09:12', 12248, '2025-01-18 13:09:12', 12248, NULL),
(705, 138, 7, 31.60, NULL, '2025-01-18 13:09:12', 12248, '2025-01-18 13:09:12', 12248, NULL),
(706, 138, 8, 16.30, NULL, '2025-01-18 13:09:12', 12248, '2025-01-18 13:09:12', 12248, NULL),
(707, 138, 9, 332.00, NULL, '2025-01-18 13:09:12', 12248, '2025-01-18 13:09:12', 12248, NULL),
(708, 138, 10, 8.70, NULL, '2025-01-18 13:09:12', 12248, '2025-01-18 13:09:12', 12248, NULL),
(709, 138, 11, 0.29, NULL, '2025-01-18 13:09:12', 12248, '2025-01-18 13:09:12', 12248, NULL),
(710, 138, 12, 29.90, NULL, '2025-01-18 13:09:12', 12248, '2025-01-18 13:09:12', 12248, NULL),
(711, 138, 13, 9.50, NULL, '2025-01-18 13:09:12', 12248, '2025-01-18 13:09:12', 12248, NULL),
(712, 138, 14, 60.60, NULL, '2025-01-18 13:09:12', 12248, '2025-01-18 13:09:12', 12248, NULL),
(713, 145, 21, 132.20, NULL, '2025-01-20 12:58:51', 12248, '2025-01-20 12:58:51', 12248, NULL),
(714, 145, 22, 4.20, NULL, '2025-01-20 12:58:51', 12248, '2025-01-20 12:58:51', 12248, NULL),
(715, 145, 23, 106.10, NULL, '2025-01-20 12:58:51', 12248, '2025-01-20 12:58:51', 12248, NULL),
(716, 144, 19, 90.00, NULL, '2025-01-20 12:59:11', 12248, '2025-01-20 12:59:11', 12248, NULL),
(717, 144, 20, 2.90, NULL, '2025-01-20 12:59:11', 12248, '2025-01-20 12:59:11', 12248, NULL),
(718, 143, 17, 0.00, 'Negative', '2025-01-20 12:59:40', 12248, '2025-01-20 12:59:40', 12248, NULL),
(719, 143, 18, 0.00, 'Negative', '2025-01-20 12:59:40', 12248, '2025-01-20 12:59:40', 12248, NULL),
(720, 142, 1, 7.40, NULL, '2025-01-20 13:00:39', 12248, '2025-01-20 13:00:39', 12248, NULL),
(721, 142, 2, 4.10, NULL, '2025-01-20 13:00:39', 12248, '2025-01-20 13:00:39', 12248, NULL),
(722, 142, 3, 8.80, NULL, '2025-01-20 13:00:39', 12248, '2025-01-20 13:00:39', 12248, NULL),
(723, 142, 4, 28.10, NULL, '2025-01-20 13:00:39', 12248, '2025-01-20 13:00:39', 12248, NULL),
(724, 142, 5, 67.30, NULL, '2025-01-20 13:00:39', 12248, '2025-01-20 13:00:39', 12248, NULL),
(725, 142, 6, 21.10, NULL, '2025-01-20 13:00:39', 12248, '2025-01-20 13:00:39', 12248, NULL),
(726, 142, 7, 31.40, NULL, '2025-01-20 13:00:39', 12248, '2025-01-20 13:00:39', 12248, NULL),
(727, 142, 8, 19.30, NULL, '2025-01-20 13:00:39', 12248, '2025-01-20 13:00:39', 12248, NULL),
(728, 142, 9, 167.00, NULL, '2025-01-20 13:00:39', 12248, '2025-01-20 13:00:39', 12248, NULL),
(729, 142, 10, 9.60, NULL, '2025-01-20 13:00:39', 12248, '2025-01-20 13:00:39', 12248, NULL),
(730, 142, 11, 0.16, NULL, '2025-01-20 13:00:39', 12248, '2025-01-20 13:00:39', 12248, NULL),
(731, 142, 12, 12.40, NULL, '2025-01-20 13:00:39', 12248, '2025-01-20 13:00:39', 12248, NULL),
(732, 142, 13, 6.40, NULL, '2025-01-20 13:00:39', 12248, '2025-01-20 13:00:39', 12248, NULL),
(733, 142, 14, 81.20, NULL, '2025-01-20 13:00:39', 12248, '2025-01-20 13:00:39', 12248, NULL),
(734, 149, 21, 135.70, NULL, '2025-01-20 13:04:53', 12248, '2025-01-20 13:04:53', 12248, NULL),
(735, 149, 22, 5.30, NULL, '2025-01-20 13:04:53', 12248, '2025-01-20 13:04:53', 12248, NULL),
(736, 149, 23, 104.10, NULL, '2025-01-20 13:04:53', 12248, '2025-01-20 13:04:53', 12248, NULL),
(737, 148, 19, 81.00, NULL, '2025-01-20 13:05:11', 12248, '2025-01-20 13:05:11', 12248, NULL),
(738, 148, 20, 7.20, NULL, '2025-01-20 13:05:11', 12248, '2025-01-20 13:05:11', 12248, NULL),
(739, 147, 17, 0.00, 'Negative', '2025-01-20 13:05:56', 12248, '2025-01-20 13:05:56', 12248, NULL),
(740, 147, 18, 0.00, 'Positive', '2025-01-20 13:05:56', 12248, '2025-01-20 13:05:56', 12248, NULL),
(741, 146, 1, 7.20, NULL, '2025-01-20 13:06:46', 12248, '2025-01-20 13:06:46', 12248, NULL),
(742, 146, 2, 4.60, NULL, '2025-01-20 13:06:46', 12248, '2025-01-20 13:06:46', 12248, NULL),
(743, 146, 3, 9.60, NULL, '2025-01-20 13:06:46', 12248, '2025-01-20 13:06:46', 12248, NULL),
(744, 146, 4, 31.30, NULL, '2025-01-20 13:06:46', 12248, '2025-01-20 13:06:46', 12248, NULL),
(745, 146, 5, 67.30, NULL, '2025-01-20 13:06:46', 12248, '2025-01-20 13:06:46', 12248, NULL),
(746, 146, 6, 20.50, NULL, '2025-01-20 13:06:46', 12248, '2025-01-20 13:06:46', 12248, NULL),
(747, 146, 7, 30.50, NULL, '2025-01-20 13:06:46', 12248, '2025-01-20 13:06:46', 12248, NULL),
(748, 146, 8, 19.20, NULL, '2025-01-20 13:06:46', 12248, '2025-01-20 13:06:46', 12248, NULL),
(749, 146, 9, 177.00, NULL, '2025-01-20 13:06:46', 12248, '2025-01-20 13:06:46', 12248, NULL),
(750, 146, 10, 8.20, NULL, '2025-01-20 13:06:46', 12248, '2025-01-20 13:06:46', 12248, NULL),
(751, 146, 11, 0.15, NULL, '2025-01-20 13:06:46', 12248, '2025-01-20 13:06:46', 12248, NULL),
(752, 146, 12, 24.00, NULL, '2025-01-20 13:06:46', 12248, '2025-01-20 13:06:46', 12248, NULL),
(753, 146, 13, 7.20, NULL, '2025-01-20 13:06:46', 12248, '2025-01-20 13:06:46', 12248, NULL),
(754, 146, 14, 68.80, NULL, '2025-01-20 13:06:46', 12248, '2025-01-20 13:06:46', 12248, NULL),
(755, 153, 21, 136.20, NULL, '2025-01-20 13:49:54', 12248, '2025-01-20 13:49:54', 12248, NULL),
(756, 153, 22, 3.30, NULL, '2025-01-20 13:49:54', 12248, '2025-01-20 13:49:54', 12248, NULL),
(757, 153, 23, 106.30, NULL, '2025-01-20 13:49:54', 12248, '2025-01-20 13:49:54', 12248, NULL),
(758, 152, 19, 118.00, NULL, '2025-01-20 13:50:10', 12248, '2025-01-20 13:50:10', 12248, NULL),
(759, 152, 20, 6.60, NULL, '2025-01-20 13:50:10', 12248, '2025-01-20 13:50:10', 12248, NULL),
(760, 151, 17, 0.00, 'Negative', '2025-01-20 13:50:18', 12248, '2025-01-20 13:50:18', 12248, NULL),
(761, 151, 18, 0.00, 'Negative', '2025-01-20 13:50:18', 12248, '2025-01-20 13:50:18', 12248, NULL),
(762, 150, 1, 6.00, NULL, '2025-01-20 13:51:16', 12248, '2025-01-20 13:51:16', 12248, NULL),
(763, 150, 2, 3.50, NULL, '2025-01-20 13:51:16', 12248, '2025-01-20 13:51:16', 12248, NULL),
(764, 150, 3, 8.50, NULL, '2025-01-20 13:51:16', 12248, '2025-01-20 13:51:16', 12248, NULL),
(765, 150, 4, 25.60, NULL, '2025-01-20 13:51:16', 12248, '2025-01-20 13:51:16', 12248, NULL),
(766, 150, 5, 72.40, NULL, '2025-01-20 13:51:16', 12248, '2025-01-20 13:51:16', 12248, NULL),
(767, 150, 6, 22.40, NULL, '2025-01-20 13:51:16', 12248, '2025-01-20 13:51:16', 12248, NULL),
(768, 150, 7, 30.90, NULL, '2025-01-20 13:51:16', 12248, '2025-01-20 13:51:16', 12248, NULL),
(769, 150, 8, 16.90, NULL, '2025-01-20 13:51:16', 12248, '2025-01-20 13:51:16', 12248, NULL),
(770, 150, 9, 171.00, NULL, '2025-01-20 13:51:16', 12248, '2025-01-20 13:51:16', 12248, NULL),
(771, 150, 10, 9.60, NULL, '2025-01-20 13:51:16', 12248, '2025-01-20 13:51:16', 12248, NULL),
(772, 150, 11, 0.17, NULL, '2025-01-20 13:51:16', 12248, '2025-01-20 13:51:16', 12248, NULL),
(773, 150, 12, 13.70, NULL, '2025-01-20 13:51:16', 12248, '2025-01-20 13:51:16', 12248, NULL),
(774, 150, 13, 6.00, NULL, '2025-01-20 13:51:16', 12248, '2025-01-20 13:51:16', 12248, NULL),
(775, 150, 14, 80.30, NULL, '2025-01-20 13:51:16', 12248, '2025-01-20 13:51:16', 12248, NULL),
(776, 157, 21, 132.30, NULL, '2025-01-21 11:15:34', 12248, '2025-01-21 11:15:34', 12248, NULL),
(777, 157, 22, 4.90, NULL, '2025-01-21 11:15:34', 12248, '2025-01-21 11:15:34', 12248, NULL),
(778, 157, 23, 102.10, NULL, '2025-01-21 11:15:34', 12248, '2025-01-21 11:15:34', 12248, NULL),
(779, 156, 19, 19.00, NULL, '2025-01-21 11:15:49', 12248, '2025-01-21 11:15:49', 12248, NULL),
(780, 156, 20, 3.00, NULL, '2025-01-21 11:15:49', 12248, '2025-01-21 11:15:49', 12248, NULL),
(781, 155, 17, 0.00, 'Negative', '2025-01-21 11:16:00', 12248, '2025-01-21 11:16:00', 12248, NULL),
(782, 155, 18, 0.00, 'Negative', '2025-01-21 11:16:00', 12248, '2025-01-21 11:16:00', 12248, NULL),
(783, 154, 1, 12.90, NULL, '2025-01-21 11:17:12', 12248, '2025-01-21 11:17:12', 12248, NULL),
(784, 154, 2, 3.80, NULL, '2025-01-21 11:17:12', 12248, '2025-01-21 11:17:12', 12248, NULL),
(785, 154, 3, 8.90, NULL, '2025-01-21 11:17:12', 12248, '2025-01-21 11:17:12', 12248, NULL),
(786, 154, 4, 27.40, NULL, '2025-01-21 11:17:12', 12248, '2025-01-21 11:17:12', 12248, NULL),
(787, 154, 5, 70.80, NULL, '2025-01-21 11:17:12', 12248, '2025-01-21 11:17:12', 12248, NULL),
(788, 154, 6, 23.10, NULL, '2025-01-21 11:17:12', 12248, '2025-01-21 11:17:12', 12248, NULL),
(789, 154, 7, 32.60, NULL, '2025-01-21 11:17:12', 12248, '2025-01-21 11:17:12', 12248, NULL),
(790, 154, 8, 16.20, NULL, '2025-01-21 11:17:12', 12248, '2025-01-21 11:17:12', 12248, NULL),
(791, 154, 9, 206.00, NULL, '2025-01-21 11:17:12', 12248, '2025-01-21 11:17:12', 12248, NULL),
(792, 154, 10, 10.30, NULL, '2025-01-21 11:17:12', 12248, '2025-01-21 11:17:12', 12248, NULL),
(793, 154, 11, 0.21, NULL, '2025-01-21 11:17:12', 12248, '2025-01-21 11:17:12', 12248, NULL),
(794, 154, 12, 11.60, NULL, '2025-01-21 11:17:12', 12248, '2025-01-21 11:17:12', 12248, NULL),
(795, 154, 13, 3.80, NULL, '2025-01-21 11:17:12', 12248, '2025-01-21 11:17:12', 12248, NULL),
(796, 154, 14, 84.60, NULL, '2025-01-21 11:17:12', 12248, '2025-01-21 11:17:12', 12248, NULL),
(806, 162, 21, 133.90, NULL, '2025-01-21 11:21:01', 12248, '2025-01-21 11:21:01', 12248, NULL),
(807, 162, 22, 4.90, NULL, '2025-01-21 11:21:01', 12248, '2025-01-21 11:21:01', 12248, NULL),
(808, 162, 23, 103.80, NULL, '2025-01-21 11:21:01', 12248, '2025-01-21 11:21:01', 12248, NULL),
(809, 161, 19, 96.00, NULL, '2025-01-21 11:21:21', 12248, '2025-01-21 11:21:21', 12248, NULL),
(810, 161, 20, 5.80, NULL, '2025-01-21 11:21:21', 12248, '2025-01-21 11:21:21', 12248, NULL),
(811, 160, 17, 0.00, 'Negative', '2025-01-21 11:21:33', 12248, '2025-01-21 11:21:33', 12248, NULL),
(812, 160, 18, 0.00, 'Negative', '2025-01-21 11:21:33', 12248, '2025-01-21 11:21:33', 12248, NULL),
(813, 159, 1, 3.30, NULL, '2025-01-21 11:23:34', 12248, '2025-01-21 11:23:34', 12248, NULL),
(814, 159, 2, 2.50, NULL, '2025-01-21 11:23:34', 12248, '2025-01-21 11:23:34', 12248, NULL),
(815, 159, 3, 6.40, NULL, '2025-01-21 11:23:34', 12248, '2025-01-21 11:23:34', 12248, NULL),
(816, 159, 4, 19.50, NULL, '2025-01-21 11:23:34', 12248, '2025-01-21 11:23:34', 12248, NULL),
(817, 159, 5, 76.00, NULL, '2025-01-21 11:23:34', 12248, '2025-01-21 11:23:34', 12248, NULL),
(818, 159, 6, 25.00, NULL, '2025-01-21 11:23:34', 12248, '2025-01-21 11:23:34', 12248, NULL),
(819, 159, 7, 32.90, NULL, '2025-01-21 11:23:34', 12248, '2025-01-21 11:23:34', 12248, NULL),
(820, 159, 8, 15.60, NULL, '2025-01-21 11:23:34', 12248, '2025-01-21 11:23:34', 12248, NULL),
(821, 159, 9, 147.00, NULL, '2025-01-21 11:23:34', 12248, '2025-01-21 11:23:34', 12248, NULL),
(822, 159, 10, 9.40, NULL, '2025-01-21 11:23:34', 12248, '2025-01-21 11:23:34', 12248, NULL),
(823, 159, 11, 0.14, NULL, '2025-01-21 11:23:34', 12248, '2025-01-21 11:23:34', 12248, NULL),
(824, 159, 12, 32.60, NULL, '2025-01-21 11:23:34', 12248, '2025-01-21 11:23:34', 12248, NULL),
(825, 159, 13, 8.80, NULL, '2025-01-21 11:23:34', 12248, '2025-01-21 11:23:34', 12248, NULL),
(826, 159, 14, 58.60, NULL, '2025-01-21 11:23:34', 12248, '2025-01-21 11:23:34', 12248, NULL),
(827, 163, 59, 7.60, NULL, '2025-01-21 11:26:11', 12248, '2025-01-21 11:26:11', 12248, NULL),
(828, 164, 62, 7.50, NULL, '2025-01-21 11:26:28', 12248, '2025-01-21 11:26:28', 12248, NULL),
(829, 168, 21, 126.50, NULL, '2025-01-21 13:35:15', 12248, '2025-01-21 13:35:15', 12248, NULL),
(830, 168, 22, 4.90, NULL, '2025-01-21 13:35:15', 12248, '2025-01-21 13:35:15', 12248, NULL),
(831, 168, 23, 94.90, NULL, '2025-01-21 13:35:15', 12248, '2025-01-21 13:35:15', 12248, NULL),
(832, 167, 19, 112.00, NULL, '2025-01-21 13:35:31', 12248, '2025-01-21 13:35:31', 12248, NULL),
(833, 167, 20, 4.90, NULL, '2025-01-21 13:35:31', 12248, '2025-01-21 13:35:31', 12248, NULL),
(834, 166, 17, 0.00, 'Negative', '2025-01-21 13:35:39', 12248, '2025-01-21 13:35:39', 12248, NULL),
(835, 166, 18, 0.00, 'Negative', '2025-01-21 13:35:39', 12248, '2025-01-21 13:35:39', 12248, NULL),
(836, 165, 1, 30.00, NULL, '2025-01-21 13:37:04', 12248, '2025-01-21 13:37:04', 12248, NULL),
(837, 165, 2, 2.60, NULL, '2025-01-21 13:37:04', 12248, '2025-01-21 13:37:04', 12248, NULL),
(838, 165, 3, 7.00, NULL, '2025-01-21 13:37:04', 12248, '2025-01-21 13:37:04', 12248, NULL),
(839, 165, 4, 21.00, NULL, '2025-01-21 13:37:04', 12248, '2025-01-21 13:37:04', 12248, NULL),
(840, 165, 5, 78.10, NULL, '2025-01-21 13:37:04', 12248, '2025-01-21 13:37:04', 12248, NULL),
(841, 165, 6, 24.70, NULL, '2025-01-21 13:37:04', 12248, '2025-01-21 13:37:04', 12248, NULL),
(842, 165, 7, 31.70, NULL, '2025-01-21 13:37:04', 12248, '2025-01-21 13:37:04', 12248, NULL),
(843, 165, 8, 16.40, NULL, '2025-01-21 13:37:04', 12248, '2025-01-21 13:37:04', 12248, NULL),
(844, 165, 9, 272.00, NULL, '2025-01-21 13:37:04', 12248, '2025-01-21 13:37:04', 12248, NULL),
(845, 165, 10, 8.70, NULL, '2025-01-21 13:37:04', 12248, '2025-01-21 13:37:04', 12248, NULL),
(846, 165, 11, 0.24, NULL, '2025-01-21 13:37:04', 12248, '2025-01-21 13:37:04', 12248, NULL),
(847, 165, 12, 8.00, NULL, '2025-01-21 13:37:04', 12248, '2025-01-21 13:37:04', 12248, NULL),
(848, 165, 13, 3.80, NULL, '2025-01-21 13:37:04', 12248, '2025-01-21 13:37:04', 12248, NULL),
(849, 165, 14, 88.20, NULL, '2025-01-21 13:37:04', 12248, '2025-01-21 13:37:04', 12248, NULL),
(850, 170, 1, 9.70, NULL, '2025-01-21 15:26:15', 12248, '2025-01-21 15:26:15', 12248, NULL),
(851, 170, 2, 5.30, NULL, '2025-01-21 15:26:16', 12248, '2025-01-21 15:26:16', 12248, NULL),
(852, 170, 3, 13.50, NULL, '2025-01-21 15:26:16', 12248, '2025-01-21 15:26:16', 12248, NULL),
(853, 170, 4, 40.20, NULL, '2025-01-21 15:26:16', 12248, '2025-01-21 15:26:16', 12248, NULL),
(854, 170, 5, 75.80, NULL, '2025-01-21 15:26:16', 12248, '2025-01-21 15:26:16', 12248, NULL),
(855, 170, 6, 25.40, NULL, '2025-01-21 15:26:16', 12248, '2025-01-21 15:26:16', 12248, NULL),
(856, 170, 7, 33.50, NULL, '2025-01-21 15:26:16', 12248, '2025-01-21 15:26:16', 12248, NULL),
(857, 170, 8, 13.90, NULL, '2025-01-21 15:26:16', 12248, '2025-01-21 15:26:16', 12248, NULL),
(858, 170, 9, 275.00, NULL, '2025-01-21 15:26:16', 12248, '2025-01-21 15:26:16', 12248, NULL),
(859, 170, 10, 8.00, NULL, '2025-01-21 15:26:16', 12248, '2025-01-21 15:26:16', 12248, NULL),
(860, 170, 11, 0.22, NULL, '2025-01-21 15:26:16', 12248, '2025-01-21 15:26:16', 12248, NULL),
(861, 170, 12, 34.20, NULL, '2025-01-21 15:26:16', 12248, '2025-01-21 15:26:16', 12248, NULL),
(862, 170, 13, 9.10, NULL, '2025-01-21 15:26:16', 12248, '2025-01-21 15:26:16', 12248, NULL),
(863, 170, 14, 56.70, NULL, '2025-01-21 15:26:16', 12248, '2025-01-21 15:26:16', 12248, NULL),
(864, 171, 17, 0.00, 'Negative', '2025-01-21 15:26:28', 12248, '2025-01-21 15:26:28', 12248, NULL),
(865, 171, 18, 0.00, 'Negative', '2025-01-21 15:26:28', 12248, '2025-01-21 15:26:28', 12248, NULL);

-- --------------------------------------------------------

--
-- Table structure for table `patient_locations`
--

DROP TABLE IF EXISTS `patient_locations`;
CREATE TABLE IF NOT EXISTS `patient_locations` (
  `id` int NOT NULL AUTO_INCREMENT,
  `name` varchar(255) CHARACTER SET utf8mb4 COLLATE utf8mb4_general_ci DEFAULT NULL,
  PRIMARY KEY (`id`)
) ENGINE=InnoDB AUTO_INCREMENT=28 DEFAULT CHARSET=utf8mb4 COLLATE=utf8mb4_general_ci;

--
-- Dumping data for table `patient_locations`
--

INSERT INTO `patient_locations` (`id`, `name`) VALUES
(1, 'Marghuz'),
(2, 'Thand Koi'),
(3, 'Zaida'),
(4, 'Baja'),
(5, 'Bamkhel'),
(6, 'Topi'),
(7, 'Dodher'),
(8, 'Gar Akakhel'),
(9, 'Gar Munara'),
(10, 'Dhok'),
(11, 'Yousfi'),
(12, 'Mousa Banda'),
(13, 'Ghazi'),
(14, 'Hemlet'),
(15, 'Attock'),
(16, 'Buner'),
(17, 'Gadoon'),
(18, 'Kalabat'),
(19, 'Khota'),
(20, 'Hund'),
(21, 'Kunda'),
(22, 'Punjpeer'),
(23, 'Jhando'),
(24, 'Shahmansoor'),
(25, 'Shawa'),
(26, 'Manerai'),
(27, 'Gohatay');

-- --------------------------------------------------------

--
-- Table structure for table `patient_nurse_notes`
--

DROP TABLE IF EXISTS `patient_nurse_notes`;
CREATE TABLE IF NOT EXISTS `patient_nurse_notes` (
  `id` bigint NOT NULL AUTO_INCREMENT,
  `patient_id` int DEFAULT NULL,
  `admission_id` int DEFAULT NULL,
  `nurse_note` text CHARACTER SET utf8mb4 COLLATE utf8mb4_general_ci,
  `created_by` int DEFAULT NULL,
  `updated_by` int DEFAULT NULL,
  `created_at` datetime DEFAULT CURRENT_TIMESTAMP,
  `updated_at` datetime DEFAULT NULL,
  `is_active` int DEFAULT '1',
  PRIMARY KEY (`id`)
) ENGINE=InnoDB DEFAULT CHARSET=utf8mb4 COLLATE=utf8mb4_general_ci;

-- --------------------------------------------------------

--
-- Table structure for table `patient_ot_notes`
--

DROP TABLE IF EXISTS `patient_ot_notes`;
CREATE TABLE IF NOT EXISTS `patient_ot_notes` (
  `id` bigint NOT NULL AUTO_INCREMENT,
  `patient_id` int DEFAULT NULL,
  `admission_id` int DEFAULT NULL,
  `ot_notes` text CHARACTER SET utf8mb4 COLLATE utf8mb4_general_ci,
  `created_by` int DEFAULT NULL,
  `updated_by` int DEFAULT NULL,
  `created_at` datetime NOT NULL DEFAULT CURRENT_TIMESTAMP,
  `is_active` int DEFAULT '1',
  `updated_at` datetime DEFAULT NULL,
  PRIMARY KEY (`id`)
) ENGINE=InnoDB DEFAULT CHARSET=utf8mb4 COLLATE=utf8mb4_general_ci;

-- --------------------------------------------------------

--
-- Table structure for table `patient_refunds`
--

DROP TABLE IF EXISTS `patient_refunds`;
CREATE TABLE IF NOT EXISTS `patient_refunds` (
  `id` bigint NOT NULL AUTO_INCREMENT,
  `patient_id` int NOT NULL,
  `admission_id` int NOT NULL,
  `inv_invoice_no` varchar(255) CHARACTER SET utf8mb4 COLLATE utf8mb4_general_ci DEFAULT NULL,
  `consultant_id` int DEFAULT NULL,
  `consultant_fee_amount` varchar(100) CHARACTER SET utf8mb4 COLLATE utf8mb4_general_ci DEFAULT NULL,
  `investigation_ids` longtext CHARACTER SET utf8mb4 COLLATE utf8mb4_general_ci,
  `investigation_amount` varchar(100) CHARACTER SET utf8mb4 COLLATE utf8mb4_general_ci DEFAULT NULL,
  `created_at` datetime DEFAULT CURRENT_TIMESTAMP,
  `updated_at` datetime DEFAULT NULL,
  `created_by` int DEFAULT NULL,
  `updated_by` int DEFAULT NULL,
  PRIMARY KEY (`id`)
) ENGINE=InnoDB AUTO_INCREMENT=4 DEFAULT CHARSET=utf8mb4 COLLATE=utf8mb4_general_ci;

--
-- Dumping data for table `patient_refunds`
--

INSERT INTO `patient_refunds` (`id`, `patient_id`, `admission_id`, `inv_invoice_no`, `consultant_id`, `consultant_fee_amount`, `investigation_ids`, `investigation_amount`, `created_at`, `updated_at`, `created_by`, `updated_by`) VALUES
(1, 3, 3, NULL, 3, '500', '[\"5\",\"13\",\"14\",\"22\",\"27\"]', '500', '2025-01-02 14:43:49', '2025-01-02 15:44:37', NULL, 2),
(3, 4, 4, '4580934850,23482309408', 4, '500', '[\"13\",\"14\",\"36\",\"43\"]', '300', '2025-01-02 15:42:50', '2025-01-02 15:53:04', 2, 2);

-- --------------------------------------------------------

--
-- Table structure for table `patient_service_charges`
--

DROP TABLE IF EXISTS `patient_service_charges`;
CREATE TABLE IF NOT EXISTS `patient_service_charges` (
  `id` bigint NOT NULL AUTO_INCREMENT,
  `patient_id` int DEFAULT NULL,
  `admission_id` int DEFAULT NULL,
  `service_type_id` int DEFAULT NULL,
  `service_rate` decimal(10,2) DEFAULT NULL,
  `service_date` datetime DEFAULT NULL,
  `created_by` bigint DEFAULT NULL,
  `created_at` datetime NOT NULL DEFAULT CURRENT_TIMESTAMP,
  `updated_by` bigint DEFAULT NULL,
  `updated_at` datetime DEFAULT NULL,
  `is_active` int NOT NULL DEFAULT '1',
  PRIMARY KEY (`id`),
  KEY `patient_id` (`patient_id`),
  KEY `admission_id` (`admission_id`),
  KEY `service_type_id` (`service_type_id`)
) ENGINE=InnoDB DEFAULT CHARSET=utf8mb4 COLLATE=utf8mb4_general_ci;

-- --------------------------------------------------------

--
-- Table structure for table `patient_vitals`
--

DROP TABLE IF EXISTS `patient_vitals`;
CREATE TABLE IF NOT EXISTS `patient_vitals` (
  `id` bigint NOT NULL AUTO_INCREMENT,
  `patient_id` bigint NOT NULL,
  `admission_id` bigint NOT NULL,
  `date` date DEFAULT NULL,
  `time` varchar(255) CHARACTER SET utf8mb4 COLLATE utf8mb4_general_ci DEFAULT NULL,
  `rbs` varchar(255) CHARACTER SET utf8mb4 COLLATE utf8mb4_general_ci NOT NULL,
  `r_r` varchar(255) CHARACTER SET utf8mb4 COLLATE utf8mb4_general_ci NOT NULL,
  `hr` varchar(255) CHARACTER SET utf8mb4 COLLATE utf8mb4_general_ci NOT NULL,
  `bp` varchar(255) CHARACTER SET utf8mb4 COLLATE utf8mb4_general_ci NOT NULL,
  `temp` varchar(255) CHARACTER SET utf8mb4 COLLATE utf8mb4_general_ci NOT NULL,
  `spo2` varchar(255) CHARACTER SET utf8mb4 COLLATE utf8mb4_general_ci NOT NULL,
  `remarks` varchar(255) CHARACTER SET utf8mb4 COLLATE utf8mb4_general_ci NOT NULL,
  `is_active` int NOT NULL DEFAULT '1',
  PRIMARY KEY (`id`)
) ENGINE=InnoDB DEFAULT CHARSET=utf8mb4 COLLATE=utf8mb4_general_ci;

-- --------------------------------------------------------

--
-- Table structure for table `payments_details`
--

DROP TABLE IF EXISTS `payments_details`;
CREATE TABLE IF NOT EXISTS `payments_details` (
  `PDID` int NOT NULL AUTO_INCREMENT,
  `SCID` int NOT NULL,
  `Dated` date NOT NULL,
  `payment_type_id` int NOT NULL,
  `BankID` int DEFAULT NULL,
  `Amount` decimal(10,2) NOT NULL,
  `FromAccount` varchar(200) DEFAULT NULL,
  `ToAccount` varchar(200) DEFAULT NULL,
  `ChecqueNo` varchar(100) DEFAULT NULL,
  `ChecqueDate` date DEFAULT NULL,
  `TransferCode` varchar(255) DEFAULT NULL,
  `Description` varchar(255) DEFAULT NULL,
  `CreatedBy` int DEFAULT NULL,
  `CreatedAt` date DEFAULT NULL,
  `ModifiedBy` int DEFAULT NULL,
  `ModifiedAt` date DEFAULT NULL,
  `InvoiceNo` varchar(255) DEFAULT NULL,
  `TransectionNo` int DEFAULT NULL,
  PRIMARY KEY (`PDID`),
  KEY `SCID` (`SCID`),
  KEY `Dated` (`Dated`),
  KEY `payment_type_id` (`payment_type_id`)
) ENGINE=InnoDB DEFAULT CHARSET=latin1;

-- --------------------------------------------------------

--
-- Table structure for table `payment_type`
--

DROP TABLE IF EXISTS `payment_type`;
CREATE TABLE IF NOT EXISTS `payment_type` (
  `payment_type_id` int NOT NULL AUTO_INCREMENT,
  `payment_type` varchar(255) DEFAULT NULL,
  PRIMARY KEY (`payment_type_id`)
) ENGINE=InnoDB AUTO_INCREMENT=7 DEFAULT CHARSET=utf8mb3;

--
-- Dumping data for table `payment_type`
--

INSERT INTO `payment_type` (`payment_type_id`, `payment_type`) VALUES
(1, 'Cash'),
(2, 'Bank Transfer/Deposit');

-- --------------------------------------------------------

--
-- Table structure for table `permissions`
--

DROP TABLE IF EXISTS `permissions`;
CREATE TABLE IF NOT EXISTS `permissions` (
  `id` int UNSIGNED NOT NULL AUTO_INCREMENT,
  `name` varchar(255) NOT NULL,
  `slug` varchar(255) NOT NULL,
  `description` text,
  `model` varchar(255) DEFAULT NULL,
  `created_at` timestamp NULL DEFAULT NULL,
  `updated_at` timestamp NULL DEFAULT NULL,
  `deleted_at` timestamp NULL DEFAULT NULL,
  `app_id` int DEFAULT NULL,
  `menu_id` int DEFAULT NULL,
  `show_in_menu` enum('yes','no') DEFAULT 'no',
  PRIMARY KEY (`id`) USING BTREE,
  UNIQUE KEY `permissions_slug_unique` (`slug`) USING BTREE
) ENGINE=InnoDB AUTO_INCREMENT=272 DEFAULT CHARSET=utf8mb3 ROW_FORMAT=DYNAMIC;

--
-- Dumping data for table `permissions`
--

INSERT INTO `permissions` (`id`, `name`, `slug`, `description`, `model`, `created_at`, `updated_at`, `deleted_at`, `app_id`, `menu_id`, `show_in_menu`) VALUES
(35, 'Can view apps', 'apps.view', '', 'Permission', '2022-05-28 16:11:30', '2022-05-28 16:11:30', NULL, 1, 1, 'yes'),
(36, 'Can create apps', 'apps.create', '', 'Permission', '2022-05-28 16:12:03', '2022-05-28 16:12:03', NULL, 1, 1, 'yes'),
(37, 'Can edit apps', 'apps.edit', '', 'Permission', '2022-05-28 16:13:16', '2022-05-28 16:13:16', NULL, 1, 1, 'no'),
(38, 'Can delete apps', 'apps.delete', '', 'Permission', '2022-05-28 16:13:52', '2022-05-28 16:13:52', NULL, 1, 1, 'no'),
(39, 'Can view menus', 'menus.view', '', 'Permission', '2022-05-28 16:16:44', '2022-05-28 16:16:44', NULL, 1, 2, 'yes'),
(40, 'Can create menus', 'menus.create', '', 'Permission', '2022-05-28 16:17:23', '2022-05-28 16:17:23', NULL, 1, 2, 'yes'),
(41, 'Can edit menus', 'menus.edit', '', 'Permission', '2022-05-28 16:18:03', '2022-05-28 16:18:03', NULL, 1, 2, 'no'),
(42, 'Can delete menus', 'menus.delete', '', 'Permission', '2022-05-28 16:18:40', '2022-05-28 16:18:40', NULL, 1, 2, 'no'),
(43, 'Can view permissions', 'permissions.view', '', 'Permission', '2022-05-28 16:20:20', '2022-05-28 16:20:20', NULL, 1, 3, 'yes'),
(44, 'Can create permissions', 'permissions.create', '', 'Permission', '2022-05-28 16:22:20', '2022-05-28 16:22:20', NULL, 1, 3, 'yes'),
(45, 'Can edit permissions', 'permissions.edit', '', 'Permission', '2022-05-28 16:23:11', '2022-05-28 16:23:11', NULL, 1, 3, 'no'),
(46, 'Can delete permissions', 'permission.delete', '', 'Permission', '2022-05-28 16:25:19', '2022-05-28 16:25:19', NULL, 1, 3, 'no'),
(47, 'Can view roles', 'roles.view', '', 'Permission', '2022-05-28 16:26:44', '2022-05-28 16:26:44', NULL, 1, 4, 'yes'),
(48, 'Can create roles', 'roles.create', '', 'Permission', '2022-05-28 16:27:21', '2022-05-28 16:27:21', NULL, 1, 4, 'yes'),
(49, 'Can edit roles', 'roles.edit', '', 'Permission', '2022-05-28 16:28:08', '2022-05-28 16:28:08', NULL, 1, 4, 'no'),
(50, 'Can delete roles', 'roles.delete', '', 'Permission', '2022-05-28 16:28:39', '2022-05-28 16:28:39', NULL, 1, 4, 'no'),
(51, 'Can assign permissions to roles', 'roles.assign.permissions', '', 'Permission', '2022-05-28 16:31:16', '2022-05-28 16:31:16', NULL, 1, 4, 'no'),
(52, 'Can view organizations', 'organizations.view', '', 'Permission', '2022-05-28 16:33:46', '2022-05-28 16:33:46', NULL, 1, 5, 'yes'),
(53, 'Can create organizations', 'organizations.create', '', 'Permission', '2022-05-28 16:34:53', '2022-05-28 16:34:53', NULL, 1, 5, 'yes'),
(54, 'Can edit organization', 'organizations.edit', '', 'Permission', '2022-05-28 16:35:48', '2022-05-28 16:35:48', NULL, 1, 5, 'no'),
(55, 'Can delete organizations', 'organizations.delete', '', 'Permission', '2022-05-28 16:36:35', '2022-05-28 16:36:35', NULL, 1, 5, 'no'),
(56, 'Can view units', 'sections.view', '', 'Permission', '2022-05-28 16:37:17', '2022-05-28 16:37:17', NULL, 1, 7, 'yes'),
(57, 'Can create units', 'sections.create', '', 'Permission', '2022-05-28 16:37:50', '2022-05-28 16:37:50', NULL, 1, 7, 'yes'),
(58, 'Can edit units', 'sections.edit', '', 'Permission', '2022-05-28 16:38:10', '2022-05-28 16:38:10', NULL, 1, 7, 'no'),
(59, 'Can delete units', 'sections.delete', '', 'Permission', '2022-05-28 16:38:55', '2022-05-28 16:38:55', NULL, 1, 7, 'no'),
(60, 'Can view users', 'users.mgt.list', '', 'Permission', '2022-05-28 16:41:06', '2022-05-28 16:41:06', NULL, 1, 8, 'yes'),
(61, 'Can create users', 'users.mgt.create', '', 'Permission', '2022-05-28 16:42:09', '2022-05-28 16:42:09', NULL, 1, 8, 'yes'),
(62, 'Can edit users', 'users.mgt.edit', '', 'Permission', '2022-05-28 16:42:58', '2022-05-28 16:42:58', NULL, 1, 8, 'no'),
(63, 'Can delete users', 'users.mgt.delete', '', 'Permission', '2022-05-28 16:43:34', '2022-05-28 16:43:34', NULL, 1, 8, 'no'),
(64, 'Can assign permissions to users', 'users.mgt.assign.permissions', '', 'Permission', '2022-05-28 16:45:02', '2022-05-28 16:45:02', NULL, 1, 8, 'no'),
(65, 'Can view organization types', 'organization.types.view', '', 'Permission', '2022-06-23 18:53:11', '2022-06-23 18:53:11', NULL, 1, 9, 'yes'),
(66, 'Can create organization type', 'organization.types.create', '', 'Permission', '2022-06-23 18:54:45', '2022-06-23 18:54:45', NULL, 1, 9, 'yes'),
(67, 'Can edit organization type', 'organization.type.edit', '', 'Permission', '2022-06-23 18:56:02', '2022-06-23 18:56:02', NULL, 1, 9, 'no'),
(68, 'Can delete organization types', 'organization.type.delete', '', 'Permission', '2022-06-23 18:56:36', '2022-06-23 18:56:36', NULL, 1, 9, 'no'),
(227, 'Can View Sms History', 'view.smshistory', NULL, 'Permission', '2024-07-07 16:22:56', '2024-07-07 16:22:56', NULL, 1, 224, 'yes'),
(228, 'Product', 'product', 'asdf', 'Permission', '2024-11-09 16:56:38', '2024-12-25 06:31:30', NULL, 1, 229, 'yes'),
(229, 'Markets', 'markets', NULL, 'Permission', '2024-11-09 16:57:26', '2024-11-09 16:57:26', NULL, 1, 225, 'yes'),
(230, 'Customers', 'customers', NULL, 'Permission', '2024-11-10 10:58:17', '2024-11-10 10:58:17', NULL, 1, 225, 'yes'),
(231, 'Add New Grn', 'add.new.grn', NULL, 'Permission', '2024-11-20 14:37:46', '2025-01-05 08:22:39', NULL, 1, 226, 'yes'),
(232, 'Wearhouse Stock', 'wearhouse.stock', NULL, 'Permission', '2024-11-20 14:43:10', '2024-11-20 14:43:10', NULL, 1, 226, 'yes'),
(233, 'Payments', 'payments', NULL, 'Permission', '2024-12-02 06:59:18', '2024-12-02 06:59:18', NULL, 1, 226, 'yes'),
(234, 'Add Sale', 'add.sale', NULL, 'Permission', '2024-12-03 07:28:45', '2024-12-03 07:28:45', NULL, 1, 228, 'yes'),
(235, 'Receiveables', 'receiveables', NULL, 'Permission', '2024-12-03 08:37:22', '2024-12-03 08:37:22', NULL, 1, 228, 'yes'),
(236, 'Expenses', 'expenses', NULL, 'Permission', '2024-12-04 05:48:42', '2024-12-04 05:48:42', NULL, 1, 225, 'yes'),
(237, 'Expenses Sub', 'expenses.sub', NULL, 'Permission', '2024-12-04 06:13:15', '2024-12-04 06:13:15', NULL, 1, 225, 'yes'),
(238, 'General Expenses', 'general.expenses', NULL, 'Permission', '2024-12-04 07:21:19', '2024-12-04 07:21:19', NULL, 1, 225, 'yes'),
(239, 'Main Category', 'main.category', NULL, 'Permission', '2024-12-25 06:28:05', '2024-12-25 06:28:05', NULL, 1, 229, 'yes'),
(240, 'Sub Category', 'sub.category', NULL, 'Permission', '2024-12-25 06:28:41', '2024-12-25 06:28:41', NULL, 1, 229, 'yes'),
(241, 'Item Form', 'item.form', NULL, 'Permission', '2024-12-25 06:29:29', '2024-12-25 06:29:29', NULL, 1, 229, 'yes'),
(242, 'Make', 'make', NULL, 'Permission', '2024-12-25 06:30:12', '2024-12-25 06:30:12', NULL, 1, 229, 'yes'),
(243, 'Generic Name', 'generic.name', NULL, 'Permission', '2024-12-25 06:30:53', '2024-12-25 06:30:53', NULL, 1, 229, 'yes'),
(244, 'Wards', 'wards', NULL, 'Permission', '2024-12-26 06:05:50', '2024-12-26 06:05:50', NULL, 1, 230, 'yes'),
(245, 'Bed', 'bed', NULL, 'Permission', '2024-12-26 06:08:51', '2024-12-26 06:08:51', NULL, 1, 230, 'yes'),
(246, 'Service Type', 'service.type', NULL, 'Permission', '2024-12-26 06:53:31', '2024-12-26 06:53:31', NULL, 1, 230, 'yes'),
(247, 'Patient Registration', 'patient.registration', NULL, 'Permission', '2024-12-26 07:10:57', '2024-12-26 07:10:57', NULL, 1, 231, 'yes'),
(248, 'Patient Admission', 'patient.admission', NULL, 'Permission', '2024-12-26 10:55:48', '2024-12-26 10:55:48', NULL, 1, 231, 'yes'),
(249, 'Procedure Type', 'procedure.type', NULL, 'Permission', '2024-12-29 05:35:33', '2024-12-29 05:35:33', NULL, 1, 230, 'yes'),
(250, 'Investigation Main Category', 'investigation.main.category', NULL, 'Permission', '2024-12-29 12:37:05', '2024-12-29 12:37:05', NULL, 1, 232, 'yes'),
(251, 'Investigation Sub Category', 'investigation.sub.category', NULL, 'Permission', '2024-12-29 12:54:59', '2024-12-29 12:54:59', NULL, 1, 232, 'yes'),
(252, 'Add Consultant', 'add.consultant', NULL, 'Permission', '2024-12-30 05:21:07', '2024-12-30 05:21:07', NULL, 1, 230, 'yes'),
(254, 'Consultant Department', 'consultant.department', NULL, 'Permission', '2024-12-30 05:49:12', '2024-12-30 05:49:12', NULL, 1, 230, 'yes'),
(256, 'Consultant Type', 'consultant.type', NULL, 'Permission', '2024-12-30 05:53:57', '2024-12-30 05:53:57', NULL, 1, 230, 'yes'),
(257, 'Consultant Speciality', 'consultant.speciality', NULL, 'Permission', '2024-12-30 05:54:34', '2024-12-30 05:54:34', NULL, 1, 230, 'yes'),
(258, 'Investigation Results', 'investigation.results', NULL, 'Permission', '2024-12-31 13:30:59', '2024-12-31 13:30:59', NULL, 1, 233, 'yes'),
(259, 'Discharge Patient', 'discharge.patient', NULL, 'Permission', '2024-12-31 13:31:45', '2024-12-31 13:31:45', NULL, 1, 231, 'yes'),
(260, 'Patient Summary', 'patient.summary', NULL, 'Permission', '2024-12-31 18:50:13', '2024-12-31 18:50:13', NULL, 1, 231, 'yes'),
(261, 'Patient Investigation', 'patient.investigation', NULL, 'Permission', '2025-01-01 06:13:27', '2025-01-01 06:13:27', NULL, 1, 231, 'yes'),
(262, 'Service Charges', 'service.charges', NULL, 'Permission', '2025-01-01 11:59:41', '2025-01-01 11:59:41', NULL, 1, 231, 'yes'),
(263, 'Ot Notes', 'ot.notes', NULL, 'Permission', '2025-01-01 12:01:08', '2025-01-01 12:01:08', NULL, 1, 231, 'yes'),
(264, 'Nursing Notes', 'nursing.notes', NULL, 'Permission', '2025-01-01 12:01:54', '2025-01-01 12:01:54', NULL, 1, 231, 'yes'),
(265, 'Patient Refund', 'patient.refund', NULL, 'Permission', '2025-01-02 11:34:34', '2025-01-02 11:34:34', NULL, 1, 231, 'yes'),
(266, 'Return Product', 'return.product', NULL, 'Permission', '2025-01-03 15:33:37', '2025-01-03 15:33:37', NULL, 1, 228, 'yes'),
(267, 'Machine Patient', 'machine.patient', NULL, 'Permission', '2025-01-03 15:34:40', '2025-01-03 15:34:40', NULL, 1, 231, 'yes'),
(268, 'Patient Vitals', 'patient.vitals', NULL, 'Permission', '2025-01-04 06:31:15', '2025-01-04 06:31:15', NULL, 1, 231, 'yes'),
(269, 'Discharged Patient List', 'discharged.patient.list', NULL, 'Permission', '2025-01-04 07:15:06', '2025-01-04 07:15:06', NULL, 1, 231, 'yes'),
(270, 'Canceled Admissions List', 'canceled.admissions.list', NULL, 'Permission', '2025-01-10 07:22:56', '2025-01-10 07:22:56', NULL, 1, 231, 'yes'),
(271, 'Patient Admission Report', 'patient.admission.report', NULL, 'Permission', '2025-01-19 12:34:35', '2025-01-19 12:34:35', NULL, 1, 237, 'yes');

-- --------------------------------------------------------

--
-- Table structure for table `permission_role`
--

DROP TABLE IF EXISTS `permission_role`;
CREATE TABLE IF NOT EXISTS `permission_role` (
  `id` int UNSIGNED NOT NULL AUTO_INCREMENT,
  `permission_id` int UNSIGNED NOT NULL,
  `role_id` int UNSIGNED NOT NULL,
  `created_at` timestamp NULL DEFAULT NULL,
  `updated_at` timestamp NULL DEFAULT NULL,
  `deleted_at` timestamp NULL DEFAULT NULL,
  PRIMARY KEY (`id`) USING BTREE,
  KEY `permission_role_permission_id_index` (`permission_id`) USING BTREE,
  KEY `permission_role_role_id_index` (`role_id`) USING BTREE
) ENGINE=InnoDB AUTO_INCREMENT=567 DEFAULT CHARSET=utf8mb3 ROW_FORMAT=DYNAMIC;

--
-- Dumping data for table `permission_role`
--

INSERT INTO `permission_role` (`id`, `permission_id`, `role_id`, `created_at`, `updated_at`, `deleted_at`) VALUES
(384, 39, 50, '2023-12-23 00:47:20', '2023-12-23 00:47:20', NULL),
(385, 40, 50, '2023-12-23 00:47:20', '2023-12-23 00:47:20', NULL),
(386, 41, 50, '2023-12-23 00:47:20', '2023-12-23 00:47:20', NULL),
(387, 42, 50, '2023-12-23 00:47:20', '2023-12-23 00:47:20', NULL),
(388, 43, 50, '2023-12-23 00:47:20', '2023-12-23 00:47:20', NULL),
(389, 44, 50, '2023-12-23 00:47:20', '2023-12-23 00:47:20', NULL),
(390, 45, 50, '2023-12-23 00:47:20', '2023-12-23 00:47:20', NULL),
(391, 46, 50, '2023-12-23 00:47:20', '2023-12-23 00:47:20', NULL),
(392, 47, 50, '2023-12-23 00:47:20', '2023-12-23 00:47:20', NULL),
(393, 48, 50, '2023-12-23 00:47:20', '2023-12-23 00:47:20', NULL),
(394, 49, 50, '2023-12-23 00:47:20', '2023-12-23 00:47:20', NULL),
(395, 50, 50, '2023-12-23 00:47:20', '2023-12-23 00:47:20', NULL),
(396, 51, 50, '2023-12-23 00:47:20', '2023-12-23 00:47:20', NULL),
(397, 60, 50, '2023-12-23 00:47:20', '2023-12-23 00:47:20', NULL),
(398, 61, 50, '2023-12-23 00:47:20', '2023-12-23 00:47:20', NULL),
(399, 62, 50, '2023-12-23 00:47:20', '2023-12-23 00:47:20', NULL),
(400, 63, 50, '2023-12-23 00:47:20', '2023-12-23 00:47:20', NULL),
(401, 64, 50, '2023-12-23 00:47:20', '2023-12-23 00:47:20', NULL),
(423, 60, 49, '2024-01-26 17:33:43', '2024-01-26 17:33:43', NULL),
(424, 61, 49, '2024-01-26 17:33:43', '2024-01-26 17:33:43', NULL),
(425, 62, 49, '2024-01-26 17:33:43', '2024-01-26 17:33:43', NULL),
(426, 63, 49, '2024-01-26 17:33:43', '2024-01-26 17:33:43', NULL),
(427, 64, 49, '2024-01-26 17:33:43', '2024-01-26 17:33:43', NULL),
(460, 35, 60, '2024-02-04 07:15:01', '2024-02-04 07:15:01', NULL),
(463, 35, 61, '2024-02-07 08:43:03', '2024-02-07 08:43:03', NULL),
(464, 36, 61, '2024-02-07 08:43:03', '2024-02-07 08:43:03', NULL),
(465, 37, 61, '2024-02-07 08:43:03', '2024-02-07 08:43:03', NULL),
(466, 38, 61, '2024-02-07 08:43:03', '2024-02-07 08:43:03', NULL),
(479, 35, 50, '2024-07-04 18:55:45', '2024-07-04 18:55:45', NULL),
(480, 36, 50, '2024-07-04 18:55:46', '2024-07-04 18:55:46', NULL),
(481, 37, 50, '2024-07-04 18:55:46', '2024-07-04 18:55:46', NULL),
(482, 38, 50, '2024-07-04 18:55:46', '2024-07-04 18:55:46', NULL),
(489, 228, 50, '2024-11-09 16:57:42', '2024-11-09 16:57:42', NULL),
(492, 231, 50, '2024-11-20 14:43:19', '2024-11-20 14:43:19', NULL),
(493, 232, 50, '2024-11-20 14:43:19', '2024-11-20 14:43:19', NULL),
(494, 233, 50, '2024-12-02 06:59:38', '2024-12-02 06:59:38', NULL),
(495, 234, 50, '2024-12-03 07:29:03', '2024-12-03 07:29:03', NULL),
(496, 235, 50, '2024-12-03 08:37:40', '2024-12-03 08:37:40', NULL),
(497, 236, 50, '2024-12-04 05:49:11', '2024-12-04 05:49:11', NULL),
(498, 237, 50, '2024-12-04 06:13:42', '2024-12-04 06:13:42', NULL),
(499, 238, 50, '2024-12-04 07:21:41', '2024-12-04 07:21:41', NULL),
(500, 239, 50, '2024-12-25 06:31:54', '2024-12-25 06:31:54', NULL),
(501, 240, 50, '2024-12-25 06:31:54', '2024-12-25 06:31:54', NULL),
(502, 241, 50, '2024-12-25 06:31:54', '2024-12-25 06:31:54', NULL),
(503, 242, 50, '2024-12-25 06:31:54', '2024-12-25 06:31:54', NULL),
(504, 243, 50, '2024-12-25 06:31:54', '2024-12-25 06:31:54', NULL),
(505, 244, 50, '2024-12-26 06:06:06', '2024-12-26 06:06:06', NULL),
(506, 245, 50, '2024-12-26 06:40:01', '2024-12-26 06:40:01', NULL),
(507, 246, 50, '2024-12-26 06:54:09', '2024-12-26 06:54:09', NULL),
(508, 247, 50, '2024-12-26 07:15:20', '2024-12-26 07:15:20', NULL),
(509, 248, 50, '2024-12-26 10:56:02', '2024-12-26 10:56:02', NULL),
(510, 230, 50, '2024-12-28 05:28:45', '2024-12-28 05:28:45', NULL),
(511, 249, 50, '2024-12-29 05:35:50', '2024-12-29 05:35:50', NULL),
(512, 250, 50, '2024-12-29 12:37:22', '2024-12-29 12:37:22', NULL),
(513, 251, 50, '2024-12-29 12:55:26', '2024-12-29 12:55:26', NULL),
(514, 252, 50, '2024-12-30 05:21:29', '2024-12-30 05:21:29', NULL),
(516, 254, 50, '2024-12-30 05:50:00', '2024-12-30 05:50:00', NULL),
(517, 256, 50, '2024-12-30 05:54:48', '2024-12-30 05:54:48', NULL),
(518, 257, 50, '2024-12-30 05:54:48', '2024-12-30 05:54:48', NULL),
(519, 259, 50, '2024-12-31 13:32:03', '2024-12-31 13:32:03', NULL),
(520, 258, 50, '2024-12-31 13:32:03', '2024-12-31 13:32:03', NULL),
(521, 260, 50, '2024-12-31 18:50:40', '2024-12-31 18:50:40', NULL),
(522, 261, 50, '2025-01-01 06:13:41', '2025-01-01 06:13:41', NULL),
(523, 262, 50, '2025-01-01 12:02:36', '2025-01-01 12:02:36', NULL),
(524, 263, 50, '2025-01-01 12:02:36', '2025-01-01 12:02:36', NULL),
(525, 264, 50, '2025-01-01 12:02:36', '2025-01-01 12:02:36', NULL),
(526, 265, 50, '2025-01-02 11:34:50', '2025-01-02 11:34:50', NULL),
(527, 247, 62, '2025-01-03 07:51:34', '2025-01-03 07:51:34', NULL),
(528, 248, 62, '2025-01-03 07:51:34', '2025-01-03 07:51:34', NULL),
(529, 259, 62, '2025-01-03 07:51:34', '2025-01-03 07:51:34', NULL),
(530, 260, 62, '2025-01-03 07:51:34', '2025-01-03 07:51:34', NULL),
(531, 250, 63, '2025-01-03 07:52:51', '2025-01-03 07:52:51', NULL),
(532, 251, 63, '2025-01-03 07:52:51', '2025-01-03 07:52:51', NULL),
(533, 258, 63, '2025-01-03 07:52:51', '2025-01-03 07:52:51', NULL),
(534, 252, 64, '2025-01-03 07:56:42', '2025-01-03 07:56:42', NULL),
(535, 247, 64, '2025-01-03 07:56:42', '2025-01-03 07:56:42', NULL),
(536, 260, 64, '2025-01-03 07:56:42', '2025-01-03 07:56:42', NULL),
(537, 261, 64, '2025-01-03 07:56:42', '2025-01-03 07:56:42', NULL),
(538, 262, 64, '2025-01-03 07:56:42', '2025-01-03 07:56:42', NULL),
(539, 265, 64, '2025-01-03 07:56:42', '2025-01-03 07:56:42', NULL),
(540, 266, 50, '2025-01-03 15:35:11', '2025-01-03 15:35:11', NULL),
(541, 267, 50, '2025-01-03 15:35:11', '2025-01-03 15:35:11', NULL),
(542, 231, 65, '2025-01-03 15:37:54', '2025-01-03 15:37:54', NULL),
(543, 232, 65, '2025-01-03 15:37:54', '2025-01-03 15:37:54', NULL),
(544, 233, 65, '2025-01-03 15:37:54', '2025-01-03 15:37:54', NULL),
(545, 234, 65, '2025-01-03 15:37:54', '2025-01-03 15:37:54', NULL),
(546, 235, 65, '2025-01-03 15:37:54', '2025-01-03 15:37:54', NULL),
(547, 266, 65, '2025-01-03 15:37:54', '2025-01-03 15:37:54', NULL),
(548, 228, 65, '2025-01-03 15:37:54', '2025-01-03 15:37:54', NULL),
(549, 239, 65, '2025-01-03 15:37:54', '2025-01-03 15:37:54', NULL),
(550, 240, 65, '2025-01-03 15:37:54', '2025-01-03 15:37:54', NULL),
(551, 241, 65, '2025-01-03 15:37:54', '2025-01-03 15:37:54', NULL),
(552, 242, 65, '2025-01-03 15:37:54', '2025-01-03 15:37:54', NULL),
(553, 243, 65, '2025-01-03 15:37:54', '2025-01-03 15:37:54', NULL),
(554, 230, 65, '2025-01-03 15:38:18', '2025-01-03 15:38:18', NULL),
(555, 268, 50, '2025-01-04 06:31:31', '2025-01-04 06:31:31', NULL),
(556, 260, 66, '2025-01-04 06:32:46', '2025-01-04 06:32:46', NULL),
(557, 263, 66, '2025-01-04 06:32:46', '2025-01-04 06:32:46', NULL),
(558, 264, 66, '2025-01-04 06:32:46', '2025-01-04 06:32:46', NULL),
(559, 268, 66, '2025-01-04 06:32:46', '2025-01-04 06:32:46', NULL),
(560, 269, 50, '2025-01-04 07:15:23', '2025-01-04 07:15:23', NULL),
(561, 269, 62, '2025-01-09 06:46:51', '2025-01-09 06:46:51', NULL),
(562, 270, 50, '2025-01-10 07:23:13', '2025-01-10 07:23:13', NULL),
(563, 270, 62, '2025-01-10 07:23:32', '2025-01-10 07:23:32', NULL),
(564, 260, 65, '2025-01-11 13:06:59', '2025-01-11 13:06:59', NULL),
(565, 267, 67, '2025-01-19 11:08:20', '2025-01-19 11:08:20', NULL),
(566, 271, 50, '2025-01-19 12:35:07', '2025-01-19 12:35:07', NULL);

-- --------------------------------------------------------

--
-- Table structure for table `permission_routes`
--

DROP TABLE IF EXISTS `permission_routes`;
CREATE TABLE IF NOT EXISTS `permission_routes` (
  `is_default` enum('yes','no') DEFAULT 'no',
  `title` varchar(255) DEFAULT NULL,
  `description` text,
  `route` varchar(255) DEFAULT NULL,
  `created_at` timestamp NULL DEFAULT CURRENT_TIMESTAMP,
  `updated_at` datetime DEFAULT NULL,
  `deleted_at` datetime DEFAULT NULL,
  `app_id` int DEFAULT NULL,
  `menu_id` int DEFAULT NULL,
  `permission_id` int DEFAULT NULL
) ENGINE=InnoDB DEFAULT CHARSET=utf8mb3 ROW_FORMAT=DYNAMIC;

--
-- Dumping data for table `permission_routes`
--

INSERT INTO `permission_routes` (`is_default`, `title`, `description`, `route`, `created_at`, `updated_at`, `deleted_at`, `app_id`, `menu_id`, `permission_id`) VALUES
('yes', 'All apps', '', 'settings.my-apps.list', '2022-05-28 21:11:30', '0000-00-00 00:00:00', NULL, 1, 1, 35),
('yes', 'Edit app', '', 'settings.my-apps.edit', '2022-05-28 21:13:16', '0000-00-00 00:00:00', NULL, 1, 1, 37),
('no', 'Update app', '', 'settings.my-apps.update', '2022-05-28 21:13:16', '0000-00-00 00:00:00', NULL, 1, 1, 37),
('yes', 'Delete app', '', 'settings.my-apps.delete', '2022-05-28 21:13:52', '0000-00-00 00:00:00', NULL, 1, 1, 38),
('yes', 'New app', '', 'settings.my-apps.create', '2022-05-28 21:15:49', '0000-00-00 00:00:00', NULL, 1, 1, 36),
('no', 'Store app', '', 'settings.my-apps.store', '2022-05-28 21:15:49', '0000-00-00 00:00:00', NULL, 1, 1, 36),
('yes', 'All menus', '', 'settings.menus.list', '2022-05-28 21:16:44', '0000-00-00 00:00:00', NULL, 1, 2, 39),
('yes', 'New menu', '', 'settings.menus.create', '2022-05-28 21:17:23', '0000-00-00 00:00:00', NULL, 1, 2, 40),
('no', 'Store menu', '', 'settings.menus.store', '2022-05-28 21:17:23', '0000-00-00 00:00:00', NULL, 1, 2, 40),
('yes', 'Edit menu', '', 'settings.menus.edit', '2022-05-28 21:18:03', '0000-00-00 00:00:00', NULL, 1, 2, 41),
('no', 'Update menu', '', 'settings.menus.update', '2022-05-28 21:18:03', '0000-00-00 00:00:00', NULL, 1, 2, 41),
('yes', 'Delete menu', '', 'settings.menus.delete', '2022-05-28 21:18:40', '0000-00-00 00:00:00', NULL, 1, 2, 42),
('yes', 'All Permissions', '', 'settings.my-permissions.list', '2022-05-28 21:20:20', '0000-00-00 00:00:00', NULL, 1, 3, 43),
('yes', 'Edit permission', '', 'settings.my-permissions.edit', '2022-05-28 21:23:11', '0000-00-00 00:00:00', NULL, 1, 3, 45),
('no', 'Store permission', '', 'settings.my-permissions.update', '2022-05-28 21:23:11', '0000-00-00 00:00:00', NULL, 1, 3, 45),
('yes', 'New Permission', '', 'settings.my-permissions.create', '2022-05-28 21:24:46', '0000-00-00 00:00:00', NULL, 1, 3, 44),
('no', 'New Permission', '', 'settings.my-permissions.store', '2022-05-28 21:24:46', '0000-00-00 00:00:00', NULL, 1, 3, 44),
('yes', 'Delete permission', '', 'settings.my-permissions.delete', '2022-05-28 21:25:19', '0000-00-00 00:00:00', NULL, 1, 3, 46),
('yes', 'All roles', '', 'settings.my-roles.list', '2022-05-28 21:26:44', '0000-00-00 00:00:00', NULL, 1, 4, 47),
('yes', 'New role', '', 'settings.my-roles.create', '2022-05-28 21:27:21', '0000-00-00 00:00:00', NULL, 1, 4, 48),
('no', 'Store role', '', 'settings.my-roles.store', '2022-05-28 21:27:21', '0000-00-00 00:00:00', NULL, 1, 4, 48),
('yes', 'Edit role', '', 'settings.my-roles.edit', '2022-05-28 21:28:08', '0000-00-00 00:00:00', NULL, 1, 4, 49),
('no', 'Update role', '', 'settings.my-roles.update', '2022-05-28 21:28:08', '0000-00-00 00:00:00', NULL, 1, 4, 49),
('yes', 'Delete role', '', 'settings.my-roles.delete', '2022-05-28 21:28:39', '0000-00-00 00:00:00', NULL, 1, 4, 50),
('yes', 'Role permissions', '', 'settings.my-roles.show', '2022-05-28 21:31:16', '0000-00-00 00:00:00', NULL, 1, 4, 51),
('no', 'Role permissions save', '', 'settings.my-roles.role-permissions-save', '2022-05-28 21:31:16', '0000-00-00 00:00:00', NULL, 1, 4, 51),
('yes', 'All Organizations', '', 'settings.companies.list', '2022-05-28 21:33:46', '0000-00-00 00:00:00', NULL, 1, 5, 52),
('yes', 'New organization', '', 'settings.companies.create', '2022-05-28 21:34:53', '0000-00-00 00:00:00', NULL, 1, 5, 53),
('no', 'Store organization', '', 'settings.companies.store', '2022-05-28 21:34:53', '0000-00-00 00:00:00', NULL, 1, 5, 53),
('yes', 'Edit organization', '', 'settings.companies.edit', '2022-05-28 21:35:48', '0000-00-00 00:00:00', NULL, 1, 5, 54),
('no', 'Update organization', '', 'settings.companies.update', '2022-05-28 21:35:48', '0000-00-00 00:00:00', NULL, 1, 5, 54),
('yes', 'Delete organization', '', 'settings.companies.delete', '2022-05-28 21:36:35', '0000-00-00 00:00:00', NULL, 1, 5, 55),
('yes', 'All units', '', 'settings.sections.list', '2022-05-28 21:37:17', '0000-00-00 00:00:00', NULL, 1, 7, 56),
('yes', 'New unit', '', 'settings.sections.create', '2022-05-28 21:37:50', '0000-00-00 00:00:00', NULL, 1, 7, 57),
('no', 'Store unit', '', 'settings.sections.store', '2022-05-28 21:37:50', '0000-00-00 00:00:00', NULL, 1, 7, 57),
('yes', 'Edit unit', '', 'settings.sections.edit', '2022-05-28 21:38:10', '0000-00-00 00:00:00', NULL, 1, 7, 58),
('no', 'Update unit', '', 'settings.sections.udpate', '2022-05-28 21:38:10', '0000-00-00 00:00:00', NULL, 1, 7, 58),
('yes', 'Delete unit', '', 'settings.sections.delete', '2022-05-28 21:38:55', '0000-00-00 00:00:00', NULL, 1, 7, 59),
('yes', 'All users', '', 'settings.users-mgt.list', '2022-05-28 21:41:06', '0000-00-00 00:00:00', NULL, 1, 8, 60),
('yes', 'New user', '', 'settings.users-mgt.create', '2022-05-28 21:42:09', '0000-00-00 00:00:00', NULL, 1, 8, 61),
('no', 'Store user', '', 'settings.users-mgt.store', '2022-05-28 21:42:09', '0000-00-00 00:00:00', NULL, 1, 8, 61),
('yes', 'Edit user', '', 'settings.users-mgt.edit', '2022-05-28 21:42:58', '0000-00-00 00:00:00', NULL, 1, 8, 62),
('no', 'Update user', '', 'settings.users-mgt.update', '2022-05-28 21:42:58', '0000-00-00 00:00:00', NULL, 1, 8, 62),
('yes', 'Delete user', '', 'settings.users-mgt.delete', '2022-05-28 21:43:34', '0000-00-00 00:00:00', NULL, 1, 8, 63),
('yes', 'User permissions', '', 'settings.users-mgt.show', '2022-05-28 21:45:02', '0000-00-00 00:00:00', NULL, 1, 8, 64),
('no', 'User permissions save', '', 'settings.user-mgt.user-permissions-save', '2022-05-28 21:45:02', '0000-00-00 00:00:00', NULL, 1, 8, 64),
('yes', 'Organization Types', '', 'settings.company-types.list', '2022-06-23 23:53:11', '0000-00-00 00:00:00', NULL, 1, 9, 65),
('yes', 'New Type', '', 'settings.company-types.create', '2022-06-23 23:54:45', '0000-00-00 00:00:00', NULL, 1, 9, 66),
('no', 'Store type', '', 'settings.company-types.store', '2022-06-23 23:54:45', '0000-00-00 00:00:00', NULL, 1, 9, 66),
('yes', 'Edit organization type', '', 'settings.company-types.edit', '2022-06-23 23:56:02', '0000-00-00 00:00:00', NULL, 1, 9, 67),
('no', 'Update organization type', '', 'settings.company-types.update', '2022-06-23 23:56:02', '0000-00-00 00:00:00', NULL, 1, 9, 67),
('yes', 'Delete organization type', '', 'settings.company-types.delete', '2022-06-23 23:56:36', '0000-00-00 00:00:00', NULL, 1, 9, 68),
('yes', 'Employee Listings', '', 'eidentity.employee.list', '2023-02-20 00:19:56', '0000-00-00 00:00:00', NULL, 11, 15, 89),
('yes', 'can delete employee', '', 'eidentity.employee.delete', '2023-02-20 00:24:20', '0000-00-00 00:00:00', NULL, 11, 15, 92),
('yes', 'employee edit', '', 'eidentity.employee.edit', '2023-02-20 00:24:30', '0000-00-00 00:00:00', NULL, 11, 15, 91),
('no', 'employee edit update', '', 'eidentity.employee.update', '2023-02-20 00:24:30', '0000-00-00 00:00:00', NULL, 11, 15, 91),
('yes', 'Add New Employee', '', 'eidentity.employee.create', '2023-02-20 00:31:32', '0000-00-00 00:00:00', NULL, 11, 15, 90),
('no', 'store new employee', '', 'eidentity.employee.store', '2023-02-20 00:31:32', '0000-00-00 00:00:00', NULL, 11, 15, 90),
('yes', 'Department Wise', '', 'eidentity.employee.report-departmentwise', '2023-02-22 23:13:37', '0000-00-00 00:00:00', NULL, 11, 16, 93),
('yes', 'Visitors List', '', 'visitors.index', '2023-03-07 11:07:32', '0000-00-00 00:00:00', NULL, 12, 17, 94),
('yes', 'ePass', '', 'visitor.epass', '2023-03-07 11:23:18', '0000-00-00 00:00:00', NULL, 12, 17, 95),
('yes', 'Report', '', 'reports.visitors', '2023-03-07 11:34:04', '0000-00-00 00:00:00', NULL, 12, 18, 96),
('yes', 'Create Visitor', '', 'visitors.create', '2023-03-16 14:01:22', '0000-00-00 00:00:00', NULL, 12, 17, 97),
('yes', 'Training Visitor', '', 'training.visitors.create', '2023-05-24 14:33:43', '0000-00-00 00:00:00', NULL, 12, 17, 98),
('no', '', '', '', '2023-06-21 08:11:16', '0000-00-00 00:00:00', NULL, 13, 19, 104),
('no', 'Delete Reported Cases', '', 'dengue.patients.delete', '2023-06-21 08:13:29', '0000-00-00 00:00:00', NULL, 13, 19, 103),
('yes', 'Potential Breeding Site', '', 'spotted.index', '2023-06-21 08:16:46', '0000-00-00 00:00:00', NULL, 13, 20, 105),
('yes', 'New spotted', '', 'spotted.create', '2023-06-21 08:54:29', '0000-00-00 00:00:00', NULL, 13, 20, 106),
('no', 'Store spotted', '', 'spotted.store', '2023-06-21 08:54:29', '0000-00-00 00:00:00', NULL, 13, 20, 106),
('no', 'Edit spotted', '', 'spotted.edit', '2023-06-21 08:56:51', '0000-00-00 00:00:00', NULL, 13, 20, 107),
('no', '', '', '', '2023-06-21 08:57:40', '0000-00-00 00:00:00', NULL, 13, 20, 108),
('yes', 'Hospitals List', '', 'hospital.index', '2023-06-21 09:03:35', '0000-00-00 00:00:00', NULL, 13, 21, 109),
('yes', 'New hospital', '', 'hospital.create', '2023-06-21 09:05:39', '0000-00-00 00:00:00', NULL, 13, 21, 110),
('no', 'Store hospital', '', 'hospital.store', '2023-06-21 09:05:39', '0000-00-00 00:00:00', NULL, 13, 21, 110),
('no', 'Delete team', '', 'teams.delete', '2023-06-22 05:00:20', '0000-00-00 00:00:00', NULL, 13, 22, 114),
('no', 'Edit team', '', 'teams.edit', '2023-06-22 05:00:27', '0000-00-00 00:00:00', NULL, 13, 22, 113),
('no', 'Update team', '', 'teams.update', '2023-06-22 05:00:27', '0000-00-00 00:00:00', NULL, 13, 22, 113),
('yes', 'New team', '', 'teams.create', '2023-06-22 05:00:37', '0000-00-00 00:00:00', NULL, 13, 22, 112),
('no', 'Store team', '', 'teams.create', '2023-06-22 05:00:37', '0000-00-00 00:00:00', NULL, 13, 22, 112),
('yes', 'Teams', '', 'teams.index', '2023-06-22 05:00:46', '0000-00-00 00:00:00', NULL, 13, 22, 111),
('yes', 'List of UC\'s / NC\'s', '', 'Vc.index', '2023-06-22 05:02:48', '0000-00-00 00:00:00', NULL, 13, 23, 115),
('yes', 'Add New UC\'s / NC\'s', '', 'Vc.create', '2023-06-22 05:04:21', '0000-00-00 00:00:00', NULL, 13, 23, 116),
('no', 'Store uc/vc', '', 'Vc.store', '2023-06-22 05:04:21', '0000-00-00 00:00:00', NULL, 13, 23, 116),
('no', 'Edit uc/vc', '', 'Vc.edit', '2023-06-22 05:06:26', '0000-00-00 00:00:00', NULL, 13, 23, 117),
('no', 'Update uc/vc', '', 'Vc.update', '2023-06-22 05:06:26', '0000-00-00 00:00:00', NULL, 13, 23, 117),
('no', 'Delete uc/nc', '', 'Vc.delete', '2023-06-22 05:08:48', '0000-00-00 00:00:00', NULL, 13, 23, 118),
('yes', 'Spotted Category', '', 'category.index', '2023-06-22 05:11:40', '0000-00-00 00:00:00', NULL, 13, 23, 119),
('yes', 'Create Category', '', 'category.create', '2023-06-22 05:13:01', '0000-00-00 00:00:00', NULL, 13, 23, 120),
('no', 'Store Category', '', 'category.store', '2023-06-22 05:13:01', '0000-00-00 00:00:00', NULL, 13, 23, 120),
('no', 'Edit category', '', 'category.edit', '2023-06-22 05:14:03', '0000-00-00 00:00:00', NULL, 13, 23, 121),
('no', 'Update category', '', 'category.update', '2023-06-22 05:14:03', '0000-00-00 00:00:00', NULL, 13, 23, 121),
('no', 'Delete category', '', 'category.delete', '2023-06-22 05:14:49', '0000-00-00 00:00:00', NULL, 13, 23, 122),
('yes', 'Reported Cases List', '', 'dengue.patients.index', '2023-06-22 09:27:31', '0000-00-00 00:00:00', NULL, 13, 19, 101),
('yes', 'New Patient Report', '', 'dengue.patients.create', '2023-06-22 09:28:39', '0000-00-00 00:00:00', NULL, 13, 19, 102),
('no', 'Store patient', '', 'dengue.patients.store', '2023-06-22 09:28:39', '0000-00-00 00:00:00', NULL, 13, 19, 102),
('no', 'Forwarding Patient Case', '', 'dengue.patients.forward_patient', '2023-06-22 10:00:25', '0000-00-00 00:00:00', NULL, 13, 19, 123),
('no', 'Can Recover Patient', '', 'dengue.patients.recover_patient', '2023-06-22 10:01:40', '0000-00-00 00:00:00', NULL, 13, 19, 124),
('no', 'Can Forward Spotted', '', 'dengue.spotted.forward_spotted_area', '2023-06-22 10:04:13', '0000-00-00 00:00:00', NULL, 13, 20, 125),
('no', 'Can Complete The Spotted Area case', '', 'dengue.spotted.complete_spotted_area', '2023-06-22 10:05:27', '0000-00-00 00:00:00', NULL, 13, 19, 126),
('no', 'Can Complete The Spotted Area case', '', 'dengue.spotted.complete_spotted_area', '2023-06-22 10:15:55', '0000-00-00 00:00:00', NULL, 13, 20, 127),
('no', 'Dashbaord', '', 'home', '2023-08-08 09:57:20', '0000-00-00 00:00:00', NULL, 14, 24, 128),
('yes', 'Office Locations', '', 'businessportal.office.position.index', '2023-08-08 09:58:43', '0000-00-00 00:00:00', NULL, 14, 25, 129),
('yes', 'Create New Office/Position', '', 'businessportal.office.position.create', '2023-08-08 09:59:42', '0000-00-00 00:00:00', NULL, 14, 25, 130),
('no', 'Store New Office/Position', '', 'businessportal.office.position.store', '2023-08-08 09:59:42', '0000-00-00 00:00:00', NULL, 14, 25, 130),
('no', 'Edit office/location', '', 'businessportal.office.position.edit', '2023-08-08 10:00:43', '0000-00-00 00:00:00', NULL, 14, 25, 131),
('no', 'Update office/location', '', 'businessportal.office.position.update', '2023-08-08 10:00:43', '0000-00-00 00:00:00', NULL, 14, 25, 131),
('no', 'Can delete office/location', '', 'businessportal.office.position.destroy', '2023-08-08 10:02:23', '0000-00-00 00:00:00', NULL, 14, 25, 132),
('yes', 'Listings Organizations', '', 'companies.index', '2023-08-08 10:03:39', '0000-00-00 00:00:00', NULL, 14, 26, 133),
('yes', 'Create New Organization', '', 'companies.create', '2023-08-08 10:04:27', '0000-00-00 00:00:00', NULL, 14, 26, 134),
('no', 'Store New Organization', '', 'companies.store', '2023-08-08 10:04:27', '0000-00-00 00:00:00', NULL, 14, 26, 134),
('no', 'Edit Organization', '', 'businessportal.companies.edit', '2023-08-08 10:05:48', '0000-00-00 00:00:00', NULL, 14, 26, 135),
('no', 'Update Edit Organization', '', 'businessportal.companies.update', '2023-08-08 10:05:48', '0000-00-00 00:00:00', NULL, 14, 26, 135),
('no', 'Delete Organization', '', 'businessportal.companies.delete', '2023-08-08 10:06:32', '0000-00-00 00:00:00', NULL, 14, 26, 136),
('yes', 'Employee Listings', '', 'businessportal.employees.index', '2023-08-09 09:11:00', '0000-00-00 00:00:00', NULL, 14, 27, 137),
('yes', 'Happening Listings', '', 'businessportal.happenings.index', '2023-08-09 09:11:41', '0000-00-00 00:00:00', NULL, 14, 28, 138),
('yes', 'New RNI', '', 'eo.rni.create', '2023-08-18 16:00:19', '0000-00-00 00:00:00', NULL, 10, 30, 143),
('no', 'store', '', 'eo.rni.store', '2023-08-18 16:00:19', '0000-00-00 00:00:00', NULL, 10, 30, 143),
('yes', 'RNI List', '', 'eo.rni.list', '2023-08-18 16:01:26', '0000-00-00 00:00:00', NULL, 10, 30, 142),
('no', 'Update', '', 'eo.rni.update', '2023-08-18 16:01:26', '0000-00-00 00:00:00', NULL, 10, 30, 142),
('no', 'edit', '', 'eo.rni.edit', '2023-08-18 16:01:26', '0000-00-00 00:00:00', NULL, 10, 30, 142),
('yes', 'e-Letter List', '', 'eo.e_letters.index', '2023-08-18 16:10:55', '0000-00-00 00:00:00', NULL, 10, 31, 144),
('yes', 'New e-Letter', '', 'eo.e_letters.form', '2023-08-18 16:15:19', '0000-00-00 00:00:00', NULL, 10, 31, 145),
('yes', 'e-Noting List', '', 'eo.noting.list', '2023-08-18 16:27:04', '0000-00-00 00:00:00', NULL, 10, 32, 146),
('no', '', '', '', '2023-08-18 16:27:04', '0000-00-00 00:00:00', NULL, 10, 32, 146),
('no', 'track', '', 'eo.noting.track', '2023-08-18 16:27:04', '0000-00-00 00:00:00', NULL, 10, 32, 146),
('no', 'update', '', 'eo.noting.update', '2023-08-18 16:27:04', '0000-00-00 00:00:00', NULL, 10, 32, 146),
('no', 'edit', '', 'eo.noting.edit', '2023-08-18 16:27:04', '0000-00-00 00:00:00', NULL, 10, 32, 146),
('no', 'show', '', 'eo.noting.show', '2023-08-18 16:27:04', '0000-00-00 00:00:00', NULL, 10, 32, 146),
('yes', 'New e-Noting', '', 'eo.noting.create', '2023-08-18 16:37:07', '0000-00-00 00:00:00', NULL, 10, 32, 147),
('yes', 'User Configuration', '', 'eo.userconfigs.form', '2023-08-18 16:41:22', '0000-00-00 00:00:00', NULL, 10, 33, 148),
('no', 'update', '', 'eo.userconfigs.update', '2023-08-18 16:41:22', '0000-00-00 00:00:00', NULL, 10, 33, 148),
('no', 'edit', '', 'eo.userconfigs.edit', '2023-08-18 16:41:22', '0000-00-00 00:00:00', NULL, 10, 33, 148),
('no', 'store', '', 'eo.userconfigs.store', '2023-08-18 16:41:22', '0000-00-00 00:00:00', NULL, 10, 33, 148),
('yes', 'e-Noting', '', 'eo.noting.inbox', '2023-09-15 17:34:57', '0000-00-00 00:00:00', NULL, 10, 29, 141),
('yes', 'RNI', '', 'eo.rni.inbox', '2023-09-15 17:35:15', '0000-00-00 00:00:00', NULL, 10, 29, 139),
('yes', 'e-Letter', '', 'eo.e_letters.inbox', '2023-09-15 17:35:30', '0000-00-00 00:00:00', NULL, 10, 29, 140),
('yes', 'Draft List', '', 'armslicense.application.list', '2023-09-16 16:16:25', '0000-00-00 00:00:00', NULL, 82, 198, 150),
('yes', 'Nadra Verification', '', 'armslicense.application.nadra-list', '2023-09-16 16:16:44', '0000-00-00 00:00:00', NULL, 82, 198, 151),
('yes', 'Police Verification', '', 'armslicense.application.police-list', '2023-09-16 16:17:47', '0000-00-00 00:00:00', NULL, 82, 198, 155),
('yes', 'Provisional List', '', 'armslicense.application.provisional-list', '2023-09-16 16:17:59', '0000-00-00 00:00:00', NULL, 82, 198, 156),
('yes', 'Search', '', 'armslicense.application.search', '2023-09-16 16:18:08', '0000-00-00 00:00:00', NULL, 82, 198, 157),
('yes', 'Rejected List', '', 'armslicense.application.rejected-list', '2023-09-16 16:18:18', '0000-00-00 00:00:00', NULL, 82, 198, 158),
('yes', 'Approved List', '', 'armslicense.application.approved-list', '2023-09-16 16:18:26', '0000-00-00 00:00:00', NULL, 82, 198, 159),
('yes', 'Bores List', '', 'armslicense.bores.index', '2023-09-16 16:18:37', '0000-00-00 00:00:00', NULL, 82, 199, 160),
('yes', 'Quota\'s Lists', '', 'armslicense.quotas.index', '2023-09-16 16:19:00', '0000-00-00 00:00:00', NULL, 82, 200, 161),
('yes', 'Weapon Types Lists', '', 'armslicense.weapontypes.index', '2023-09-16 16:19:08', '0000-00-00 00:00:00', NULL, 82, 201, 162),
('yes', 'Dealer Listing', '', 'armslicense.dealer.dealer-listing', '2023-09-25 08:20:14', '0000-00-00 00:00:00', NULL, 82, 202, 164),
('no', 'Dealer Registration', '', 'armslicense.dealer.dealer-registration', '2023-09-25 08:20:14', '0000-00-00 00:00:00', NULL, 82, 202, 164),
('no', 'Dealer Registration Save', '', 'armslicense.dealer.save-dealer', '2023-09-25 08:20:14', '0000-00-00 00:00:00', NULL, 82, 202, 164),
('yes', 'Dealer Report-DisttWise', '', 'armslicense.dealer-weapon-report', '2023-09-25 08:30:48', '0000-00-00 00:00:00', NULL, 82, 202, 165),
('yes', 'Dealers Directory Analystics', '', 'armslicense.dealer-wise-report', '2023-09-25 08:42:04', '0000-00-00 00:00:00', NULL, 82, 202, 169),
('yes', 'DC Verification', '', 'armslicense.application.dc-list', '2023-09-16 16:17:47', '0000-00-00 00:00:00', NULL, 82, 198, 171),
('yes', 'SO Verification', '', 'armslicense.application.so-list', '2023-09-16 16:17:47', '0000-00-00 00:00:00', NULL, 82, 198, 172),
('yes', 'Farmer Listings', '', 'agriculture.farmers.index', '2023-10-13 12:37:29', '0000-00-00 00:00:00', NULL, 83, 203, 173),
('yes', 'Register New Farmer', '', 'agriculture.farmers.create', '2023-10-13 12:38:21', '0000-00-00 00:00:00', NULL, 83, 203, 174),
('no', 'Store New Farmer', '', 'agriculture.farmers.store', '2023-10-13 12:38:21', '0000-00-00 00:00:00', NULL, 83, 203, 174),
('no', 'Perfume Action', '', 'agriculture.farmer.action', '2023-10-13 12:39:23', '0000-00-00 00:00:00', NULL, 83, 203, 175),
('yes', 'New Activity / Proposal', '', 'commercechamber.activity.create', '2023-10-19 19:16:40', '0000-00-00 00:00:00', NULL, 16, 206, 177),
('no', 'action', '', 'commercechamber.activity.action', '2023-10-19 19:18:29', '0000-00-00 00:00:00', NULL, 16, 206, 178),
('yes', 'Draft Applications', '', 'armslicense.listingsv2.draft', '2023-10-25 08:55:27', '0000-00-00 00:00:00', NULL, 82, 208, 181),
('no', 'Draft Application DT', '', 'armslicense.listingsv2.draft-dt', '2023-10-25 08:55:27', '0000-00-00 00:00:00', NULL, 82, 208, 181),
('yes', 'Pending NADRA Verification', '', 'armslicense.listingsv2.pending-nadra-verification', '2023-10-25 11:31:19', '0000-00-00 00:00:00', NULL, 82, 208, 182),
('no', 'Pending NADRA Verification DT', '', 'armslicense.listingsv2.pending-nadra-verification-dt', '2023-10-25 11:31:19', '0000-00-00 00:00:00', NULL, 82, 208, 182),
('yes', 'Pending Police Verification', '', 'armslicense.listingsv2.pending-police-verification', '2023-10-25 11:40:52', '0000-00-00 00:00:00', NULL, 82, 208, 183),
('no', 'Pending Police Verification DT', '', 'armslicense.listingsv2.pending-police-verification-dt', '2023-10-25 11:40:52', '0000-00-00 00:00:00', NULL, 82, 208, 183),
('yes', 'Rejected List', '', 'armslicense.listingsv2.rejected-list', '2023-10-25 15:43:11', '0000-00-00 00:00:00', NULL, 82, 208, 184),
('no', 'Rejected List DT', '', 'armslicense.listingsv2.rejected-list-dt', '2023-10-25 15:43:11', '0000-00-00 00:00:00', NULL, 82, 208, 184),
('yes', 'Completed Police Verif.', '', 'armslicense.listingsv2.completed-police-verification', '2023-10-25 21:00:18', '0000-00-00 00:00:00', NULL, 82, 208, 185),
('no', 'Completed Police Verif. DT', '', 'armslicense.listingsv2.completed-police-verification-dt', '2023-10-25 21:00:18', '0000-00-00 00:00:00', NULL, 82, 208, 185),
('yes', 'Pending DC Approval', '', 'armslicense.listingsv2.pending-dc-approval-list', '2023-10-25 21:11:15', '0000-00-00 00:00:00', NULL, 82, 208, 186),
('no', 'Pending DC Approval DT', '', 'armslicense.listingsv2.pending-dc-approval-list-dt', '2023-10-25 21:11:15', '0000-00-00 00:00:00', NULL, 82, 208, 186),
('yes', 'Search Application', '', 'armslicense.listingsv2.search-application-v2', '2023-10-26 08:23:58', '0000-00-00 00:00:00', NULL, 82, 208, 187),
('no', 'Search Application DT', '', 'armslicense.listingsv2.search-application-v2-dt', '2023-10-26 08:23:58', '0000-00-00 00:00:00', NULL, 82, 208, 187),
('yes', 'New License', '', 'armslicense.license.wizard.step1', '2023-10-26 08:30:40', '0000-00-00 00:00:00', NULL, 82, 208, 149),
('no', 'New License Step1 Save', '', 'armslicense.license.wizard.step1-save', '2023-10-26 08:30:40', '0000-00-00 00:00:00', NULL, 82, 208, 149),
('no', 'New License Step2', '', 'armslicense.license.wizard.step2', '2023-10-26 08:30:40', '0000-00-00 00:00:00', NULL, 82, 208, 149),
('no', 'New License Step2 Save', '', 'armslicense.license.wizard.step2-save', '2023-10-26 08:30:40', '0000-00-00 00:00:00', NULL, 82, 208, 149),
('no', 'New License Step3', '', 'armslicense.license.wizard.step3', '2023-10-26 08:30:40', '0000-00-00 00:00:00', NULL, 82, 208, 149),
('no', 'New License Step3 Save', '', 'armslicense.license.wizard.step3-save', '2023-10-26 08:30:40', '0000-00-00 00:00:00', NULL, 82, 208, 149),
('no', 'New License Step4', '', 'armslicense.license.wizard.step4', '2023-10-26 08:30:40', '0000-00-00 00:00:00', NULL, 82, 208, 149),
('no', 'New License Step4 Save', '', 'armslicense.license.wizard.step4-save', '2023-10-26 08:30:40', '0000-00-00 00:00:00', NULL, 82, 208, 149),
('no', 'New License Step5', '', 'armslicense.license.wizard.step5', '2023-10-26 08:30:40', '0000-00-00 00:00:00', NULL, 82, 208, 149),
('no', 'New License Step5 Save', '', 'armslicense.license.wizard.step5-save', '2023-10-26 08:30:40', '0000-00-00 00:00:00', NULL, 82, 208, 149),
('no', 'New License Step6', '', 'armslicense.license.wizard.step6', '2023-10-26 08:30:40', '0000-00-00 00:00:00', NULL, 82, 208, 149),
('no', 'New License Step6 Submit Application', '', 'armslicense.license.submit-application', '2023-10-26 08:30:40', '0000-00-00 00:00:00', NULL, 82, 208, 149),
('yes', 'All Submitted Applications', '', 'armslicense.listingsv2.submitted-list', '2023-10-26 09:30:45', '0000-00-00 00:00:00', NULL, 82, 208, 188),
('no', 'All Submitted Applications DT', '', 'armslicense.listingsv2.submitted-list-dt', '2023-10-26 09:30:45', '0000-00-00 00:00:00', NULL, 82, 208, 188),
('yes', 'Activity /proposals Listing', '', 'commercechamber.activity.index', '2023-10-27 10:19:15', '0000-00-00 00:00:00', NULL, 16, 206, 176),
('yes', 'New Complaint /Requests', '', 'commercechamber.complaint.create', '2023-10-27 10:26:50', '0000-00-00 00:00:00', NULL, 16, 204, 179),
('yes', 'Complaints/Requests Listing', '', 'commercechamber.complaint.index', '2023-10-27 10:27:33', '0000-00-00 00:00:00', NULL, 16, 204, 180),
('yes', 'Crime Listing', '', 'fmc.crimes.index', '2023-10-27 13:58:58', '0000-00-00 00:00:00', NULL, 84, 210, 189),
('yes', 'Crime Create', '', 'fmc.crimes.create', '2023-10-27 13:59:55', '0000-00-00 00:00:00', NULL, 84, 210, 190),
('no', 'Store Crime', '', 'fmc.crimes.store', '2023-10-27 13:59:55', '0000-00-00 00:00:00', NULL, 84, 210, 190),
('no', 'Edit Crime', '', 'fmc.crimes.edit', '2023-10-27 14:00:42', '0000-00-00 00:00:00', NULL, 84, 210, 191),
('no', 'Update Crime', '', 'fmc.crimes.update', '2023-10-27 14:00:42', '0000-00-00 00:00:00', NULL, 84, 210, 191),
('yes', 'Create Seller', '', 'fmc.sellers.create', '2023-10-27 14:02:55', '0000-00-00 00:00:00', NULL, 84, 211, 193),
('no', 'Store Seller', '', 'fmc.sellers.store', '2023-10-27 14:02:55', '0000-00-00 00:00:00', NULL, 84, 211, 193),
('no', 'Sellers Edit', '', 'fmc.sellers.edit', '2023-10-27 14:03:43', '0000-00-00 00:00:00', NULL, 84, 211, 194),
('no', 'Sellers Update', '', 'fmc.sellers.update', '2023-10-27 14:03:43', '0000-00-00 00:00:00', NULL, 84, 211, 194),
('yes', 'New Complaint', '', 'fmc.complaints.create', '2023-10-27 14:05:31', '0000-00-00 00:00:00', NULL, 84, 209, 196),
('no', 'Store Complaint', '', 'fmc.complaints.store', '2023-10-27 14:05:31', '0000-00-00 00:00:00', NULL, 84, 209, 196),
('no', 'Edit Complaint', '', 'fmc.complaints.edit', '2023-10-27 14:06:16', '0000-00-00 00:00:00', NULL, 84, 209, 197),
('no', 'Update Complaint', '', 'fmc.complaints.update', '2023-10-27 14:06:16', '0000-00-00 00:00:00', NULL, 84, 209, 197),
('yes', 'Pending SO Approval List', '', 'armslicense.listingsv2.pending-so-approval-list', '2023-10-28 17:41:21', '0000-00-00 00:00:00', NULL, 82, 208, 198),
('no', 'Pending SO Approval List DT', '', 'armslicense.listingsv2.pending-so-approval-list-dt', '2023-10-28 17:41:21', '0000-00-00 00:00:00', NULL, 82, 208, 198),
('yes', 'Provisional List', '', 'armslicense.listingsv2.provisional-list', '2023-10-28 18:04:46', '0000-00-00 00:00:00', NULL, 82, 208, 199),
('no', 'Provisional List DT', '', 'armslicense.listingsv2.provisional-list-dt', '2023-10-28 18:04:46', '0000-00-00 00:00:00', NULL, 82, 208, 199),
('yes', 'Approved List', '', 'armslicense.listingsv2.approved-list', '2023-10-28 18:17:30', '0000-00-00 00:00:00', NULL, 82, 208, 200),
('no', 'Approved List DT', '', 'armslicense.listingsv2.approved-list', '2023-10-28 18:17:30', '0000-00-00 00:00:00', NULL, 82, 208, 200),
('yes', 'Complaint Listings', '', 'fmc.complaints.index', '2023-10-31 11:04:00', '0000-00-00 00:00:00', NULL, 84, 209, 195),
('yes', 'Match Listings', '', 'fmc.complaints.match', '2023-10-31 11:04:00', '0000-00-00 00:00:00', NULL, 84, 209, 195),
('yes', 'Mobile Shop Listings', '', 'fmc.shop.index', '2023-11-06 15:43:51', '0000-00-00 00:00:00', NULL, 84, 212, 201),
('no', 'Edit Complaint', '', 'fmc.shop.edit', '2023-11-06 15:47:19', '0000-00-00 00:00:00', NULL, 84, 212, 203),
('no', 'Update Complaint', '', 'fmc.shop.update', '2023-11-06 15:47:19', '0000-00-00 00:00:00', NULL, 84, 212, 203),
('yes', 'Seller Listing', '', 'fmc.sellers.index', '2023-11-07 14:05:58', '0000-00-00 00:00:00', NULL, 84, 211, 192),
('yes', 'All users', '', 'fmc.users.mgt.list', '2023-11-15 11:31:39', '0000-00-00 00:00:00', NULL, 84, 213, 204),
('yes', 'New user', '', 'fmc.users.mgt.create', '2023-11-15 11:34:52', '0000-00-00 00:00:00', NULL, 84, 213, 205),
('no', 'Store user', '', 'fmc.users-mgt.store', '2023-11-15 11:34:52', '0000-00-00 00:00:00', NULL, 84, 213, 205),
('no', 'Fmc User Edit', '', 'fmc.users-mgt.edit', '2023-11-15 12:22:16', '0000-00-00 00:00:00', NULL, 84, 213, 206),
('no', 'Fmc User Edit', '', 'fmc.users-mgt.update', '2023-11-15 12:22:16', '0000-00-00 00:00:00', NULL, 84, 213, 206),
('yes', 'New Mobile Shop', '', 'fmc.shop.create', '2023-11-16 08:02:49', '0000-00-00 00:00:00', NULL, 84, 212, 202),
('no', 'Store Mobile Shop', '', 'fmc.shop.store', '2023-11-16 08:02:49', '0000-00-00 00:00:00', NULL, 84, 212, 202),
('yes', 'Complaint Listings', '', 'fmc.complaints.index', '2023-11-28 16:58:05', '0000-00-00 00:00:00', NULL, 84, 209, 207),
('yes', 'Complaint Listings', '', 'fmc.complaints.match', '2023-11-28 16:58:05', '0000-00-00 00:00:00', NULL, 84, 209, 207),
('yes', 'Recovered Listings', '', 'fmc.complaints.recoverd', '2023-11-28 16:58:05', '0000-00-00 00:00:00', NULL, 84, 209, 207),
('yes', 'Add Police Station', '', 'add.new.police.station', '2023-12-13 11:45:12', '0000-00-00 00:00:00', NULL, 1, 215, 209),
('yes', 'New Polling Station', '', 'add.new.polling.station', '2023-12-13 14:53:29', '0000-00-00 00:00:00', NULL, 1, 216, 210),
('yes', 'New hospital', '', 'add.new.hospital', '2023-12-14 16:34:57', '0000-00-00 00:00:00', NULL, 1, 214, 208),
('yes', 'List Hospitals', '', 'list.hospital', '2023-12-14 16:35:33', '0000-00-00 00:00:00', NULL, 1, 214, 211),
('yes', 'List Polling Station', '', 'list.polling.station', '2023-12-14 19:29:45', '0000-00-00 00:00:00', NULL, 1, 216, 212),
('yes', 'List Police Station', '', 'list.police.station', '2023-12-14 19:31:29', '0000-00-00 00:00:00', NULL, 1, 215, 213),
('yes', 'Create Meeting', '', 'create-meeting', '2023-12-16 15:48:12', '0000-00-00 00:00:00', NULL, 1, 217, 214),
('yes', 'All Meetings', '', 'list.meeting', '2023-12-16 15:52:31', '0000-00-00 00:00:00', NULL, 1, 217, 215),
('yes', 'Add Police Post', '', 'add.new.police.post', '2023-12-24 17:09:51', '0000-00-00 00:00:00', NULL, 1, 218, 216),
('yes', 'List Police Post', '', 'list.police.post', '2023-12-24 17:10:44', '0000-00-00 00:00:00', NULL, 1, 218, 217),
('yes', 'Add Police Line', '', 'add.new.police.line', '2023-12-24 17:11:32', '0000-00-00 00:00:00', NULL, 1, 219, 218),
('yes', 'List Police Line', '', 'list.police.line', '2023-12-24 17:12:20', '0000-00-00 00:00:00', NULL, 1, 219, 219),
('yes', 'Add Police Mobile', '', 'add.new.police.mobile', '2023-12-29 18:13:38', '0000-00-00 00:00:00', NULL, 1, 220, 220),
('yes', 'List Police Mobiles', '', 'list.police.mobile', '2023-12-29 18:14:26', '0000-00-00 00:00:00', NULL, 1, 220, 221),
('yes', 'Add Notification', '', 'add.new.notifications', '2024-01-31 15:19:22', '0000-00-00 00:00:00', NULL, 1, 221, 222),
('yes', 'List Notifications', '', 'list.notifications', '2024-01-31 15:19:58', '0000-00-00 00:00:00', NULL, 1, 221, 223),
('yes', 'Alerts', '', 'listEmergencyAlerts', '2024-02-03 07:55:21', '0000-00-00 00:00:00', NULL, 1, 222, 224),
('yes', 'Add Zoom Credentials', '', 'add.new.credentials', '2024-02-06 09:12:33', '0000-00-00 00:00:00', NULL, 1, 223, 225),
('yes', 'List Zoom Credentials', '', 'list.credentials', '2024-02-06 09:13:35', '0000-00-00 00:00:00', NULL, 1, 223, 226),
('yes', 'View History', NULL, 'view-history', '2024-07-07 16:22:56', NULL, NULL, 1, 224, 227),
('yes', 'Markets', NULL, 'pos.add_new_market', '2024-11-09 16:57:26', NULL, NULL, 1, 225, 229),
('yes', 'Customers', NULL, 'pos.add_new_customer', '2024-11-10 10:58:17', NULL, NULL, 1, 225, 230),
('yes', 'Wearhouse Stock', NULL, 'pos.ware_house_stock', '2024-11-20 14:43:10', NULL, NULL, 1, 226, 232),
('yes', 'Payments', NULL, 'pos.supplier_payments', '2024-12-02 06:59:18', NULL, NULL, 1, 226, 233),
('yes', 'Add Sale', NULL, 'pos.add_new_sale', '2024-12-03 08:32:50', NULL, NULL, 1, 228, 234),
('yes', 'Receiveables', NULL, 'pos.customer_payments', '2024-12-03 08:37:22', NULL, NULL, 1, 228, 235),
('yes', 'Expenses', NULL, 'pos.add_new_expenses', '2024-12-04 05:48:42', NULL, NULL, 1, 225, 236),
('yes', 'Expenses Sub', NULL, 'pos.sub_expanses', '2024-12-04 06:13:15', NULL, NULL, 1, 225, 237),
('yes', 'General Expenses', NULL, 'pos.general_expanses', '2024-12-04 07:21:19', NULL, NULL, 1, 225, 238),
('yes', 'Products', NULL, 'pos.add_new_product', '2024-12-25 06:31:30', NULL, NULL, 1, 229, 228),
('yes', 'Main Category', NULL, 'pos.add_main_category', '2024-12-25 07:01:59', NULL, NULL, 1, 229, 239),
('yes', 'Item Form', NULL, 'pos.add_item_form', '2024-12-25 12:25:54', NULL, NULL, 1, 229, 241),
('yes', 'Make', NULL, 'pos.add_make', '2024-12-25 12:30:38', NULL, NULL, 1, 229, 242),
('yes', 'Generic Name', NULL, 'pos.add_generic_name', '2024-12-25 12:35:27', NULL, NULL, 1, 229, 243),
('yes', 'Sub Category', NULL, 'pos.add_sub_category', '2024-12-25 12:49:50', NULL, NULL, 1, 229, 240),
('yes', 'Ward', NULL, 'pos.add_ward', '2024-12-26 06:05:50', NULL, NULL, 1, 230, 244),
('yes', 'Bed', NULL, 'pos.add_bed', '2024-12-26 06:39:48', NULL, NULL, 1, 230, 245),
('yes', 'Service Type', NULL, 'pos.add_service_type', '2024-12-26 06:53:31', NULL, NULL, 1, 230, 246),
('yes', 'Patient Registration', NULL, 'pos.patient_regisration', '2024-12-26 07:11:23', NULL, NULL, 1, 231, 247),
('yes', 'Patient Admission', NULL, 'pos.patient_admission', '2024-12-26 10:55:48', NULL, NULL, 1, 231, 248),
('yes', 'Procedure Type', NULL, 'pos.add_procedure_type', '2024-12-29 05:35:33', NULL, NULL, 1, 230, 249),
('yes', 'Investigation Main Category', NULL, 'pos.add_investigation_category', '2024-12-29 12:37:05', NULL, NULL, 1, 232, 250),
('yes', 'Investigation Sub Category', NULL, 'pos.add_investigation_sub_category', '2024-12-29 12:54:59', NULL, NULL, 1, 232, 251),
('yes', 'Add Consultant', NULL, 'pos.add_consultant', '2024-12-30 05:21:07', NULL, NULL, 1, 230, 252),
('yes', 'Consultant Department', NULL, 'pos.add_consultant_department', '2024-12-30 05:49:12', NULL, NULL, 1, 230, 254),
('yes', 'Consultant Type', NULL, 'pos.add_consultant_type', '2024-12-30 05:53:57', NULL, NULL, 1, 230, 256),
('yes', 'Consultant Speciality', NULL, 'pos.add_consultant_speciality', '2024-12-30 05:54:34', NULL, NULL, 1, 230, 257),
('yes', 'Investigation Results', NULL, 'post.investigation_result', '2024-12-31 13:30:59', NULL, NULL, 1, 233, 258),
('yes', 'Discharge Patient', NULL, 'pos.discharge_patient', '2024-12-31 13:31:45', NULL, NULL, 1, 231, 259),
('yes', 'Patient Summary', NULL, 'pos.patient_summary', '2024-12-31 18:50:13', NULL, NULL, 1, 231, 260),
('yes', 'Patient Investigation', NULL, 'pos.patient_investigation', '2025-01-01 06:13:27', NULL, NULL, 1, 231, 261),
('yes', 'Service Charges', NULL, 'pos.patient_service_charges', '2025-01-01 11:59:41', NULL, NULL, 1, 231, 262),
('yes', 'Ot Notes', NULL, 'pos.patient_ot_notes', '2025-01-01 12:01:08', NULL, NULL, 1, 231, 263),
('yes', 'Nursing Notes', NULL, 'pos.patient_nurse_notes', '2025-01-01 12:01:54', NULL, NULL, 1, 231, 264),
('yes', 'Patient Refund', NULL, 'pos.patient_refunds', '2025-01-02 11:34:34', NULL, NULL, 1, 231, 265),
('yes', 'Return Product', NULL, 'pos.return_product', '2025-01-03 15:33:37', NULL, NULL, 1, 228, 266),
('yes', 'Machine Patient', NULL, 'pos.machine_patient', '2025-01-03 15:34:40', NULL, NULL, 1, 231, 267),
('yes', 'Patient Vitals', NULL, 'pos.patient_vitals', '2025-01-04 06:31:15', NULL, NULL, 1, 231, 268),
('yes', 'Discharged Patient List', NULL, 'pos.discharged_patient', '2025-01-04 07:15:06', NULL, NULL, 1, 231, 269),
('yes', 'Add New Grn', NULL, 'pos.grn_request', '2025-01-05 08:23:00', NULL, NULL, 1, 226, 231),
('yes', 'Canceled Admissions List', NULL, 'pos.canceled_patients', '2025-01-10 07:22:56', NULL, NULL, 1, 231, 270),
('yes', 'Patient Admission Report', NULL, 'pos.patient_admission_report', '2025-01-19 12:36:11', NULL, NULL, 1, 237, 271);

-- --------------------------------------------------------

--
-- Table structure for table `permission_user`
--

DROP TABLE IF EXISTS `permission_user`;
CREATE TABLE IF NOT EXISTS `permission_user` (
  `id` int UNSIGNED NOT NULL AUTO_INCREMENT,
  `permission_id` int UNSIGNED NOT NULL,
  `user_id` bigint UNSIGNED NOT NULL,
  `created_at` timestamp NULL DEFAULT NULL,
  `updated_at` timestamp NULL DEFAULT NULL,
  `deleted_at` timestamp NULL DEFAULT NULL,
  PRIMARY KEY (`id`) USING BTREE,
  KEY `permission_user_permission_id_index` (`permission_id`) USING BTREE,
  KEY `permission_user_user_id_index` (`user_id`) USING BTREE
) ENGINE=InnoDB AUTO_INCREMENT=890 DEFAULT CHARSET=utf8mb3 ROW_FORMAT=DYNAMIC;

-- --------------------------------------------------------

--
-- Table structure for table `personal_access_tokens`
--

DROP TABLE IF EXISTS `personal_access_tokens`;
CREATE TABLE IF NOT EXISTS `personal_access_tokens` (
  `id` bigint UNSIGNED NOT NULL AUTO_INCREMENT,
  `tokenable_type` varchar(125) CHARACTER SET utf8mb4 COLLATE utf8mb4_unicode_ci NOT NULL,
  `tokenable_id` bigint UNSIGNED NOT NULL,
  `name` varchar(125) CHARACTER SET utf8mb4 COLLATE utf8mb4_unicode_ci NOT NULL,
  `token` varchar(64) CHARACTER SET utf8mb4 COLLATE utf8mb4_unicode_ci NOT NULL,
  `abilities` text CHARACTER SET utf8mb4 COLLATE utf8mb4_unicode_ci,
  `last_used_at` timestamp NULL DEFAULT NULL,
  `expires_at` timestamp NULL DEFAULT NULL,
  `created_at` timestamp NULL DEFAULT NULL,
  `updated_at` timestamp NULL DEFAULT NULL,
  PRIMARY KEY (`id`),
  UNIQUE KEY `personal_access_tokens_token_unique` (`token`),
  KEY `personal_access_tokens_tokenable_type_tokenable_id_index` (`tokenable_type`,`tokenable_id`)
) ENGINE=InnoDB DEFAULT CHARSET=utf8mb4 COLLATE=utf8mb4_unicode_ci;

-- --------------------------------------------------------

--
-- Table structure for table `procedure_type`
--

DROP TABLE IF EXISTS `procedure_type`;
CREATE TABLE IF NOT EXISTS `procedure_type` (
  `id` int NOT NULL AUTO_INCREMENT,
  `name` varchar(255) CHARACTER SET utf8mb4 COLLATE utf8mb4_general_ci DEFAULT NULL,
  `type` varchar(100) CHARACTER SET utf8mb4 COLLATE utf8mb4_general_ci DEFAULT NULL,
  `sc_rate` decimal(10,2) DEFAULT NULL,
  `tax_deduction` decimal(10,2) DEFAULT NULL,
  `net_rate` decimal(10,2) DEFAULT NULL,
  `is_active` int NOT NULL DEFAULT '1',
  PRIMARY KEY (`id`)
) ENGINE=InnoDB AUTO_INCREMENT=179 DEFAULT CHARSET=utf8mb4 COLLATE=utf8mb4_general_ci;

--
-- Dumping data for table `procedure_type`
--

INSERT INTO `procedure_type` (`id`, `name`, `type`, `sc_rate`, `tax_deduction`, `net_rate`, `is_active`) VALUES
(1, '-', 'Surgical', 0.00, 0.00, 0.00, 1),
(2, 'Laportomy', 'Surgical', 30000.00, 11.00, 26700.00, 1),
(3, 'Dialysis', 'Dialysis', 4750.00, 11.00, 4227.50, 1),
(4, 'Turbinectomy', 'Surgical', 18690.00, 11.00, 16634.10, 1),
(5, 'CLD', 'Medical', 4000.00, 11.00, 3560.00, 1),
(6, 'NVD', 'NVD', 14720.00, 11.00, 13100.80, 1),
(7, 'Clavicle Surgery (With Impant)', 'Surgical', 28000.00, 11.00, 24920.00, 1),
(8, 'ORIF-Radius and ulna (Combined)', 'Surgical', 45000.00, 11.00, 40050.00, 1),
(9, 'Fissurectomy', 'Surgical', 20240.00, 11.00, 18013.60, 1),
(10, 'Closed Redution of Mandible (DENTAL)', 'Surgical', 25760.00, 11.00, 22926.40, 1),
(11, 'Closed Redution of Maxila (DENTAL)', 'Surgical', 25760.00, 11.00, 22926.40, 1),
(12, 'Abdominal aortic aneurysm', 'Surgical', 50600.00, 11.00, 45034.00, 1),
(13, 'Abdominoperineal Resection', 'Surgical', 50600.00, 11.00, 45034.00, 1),
(14, 'Abscess drainage under General Anesthesia (GA)', 'Surgical', 15640.00, 11.00, 13919.60, 1),
(15, 'Abscess drainage under Local Anesthesia (LA)', 'Surgical', 5520.00, 11.00, 4912.80, 1),
(16, 'Aneurysm Resection & Grafting', 'Surgical', 50600.00, 11.00, 45034.00, 1),
(17, 'Anterior Resection for CA', 'Surgical', 55200.00, 11.00, 49128.00, 1),
(18, 'Arterial Embolectomy - Mesenteric', 'Surgical', 50600.00, 11.00, 45034.00, 1),
(19, 'Arterial Embolectomy - Peripharal', 'Surgical', 27600.00, 11.00, 24564.00, 1),
(20, 'Aspiration of Empymema', 'Surgical', 18400.00, 11.00, 16376.00, 1),
(21, 'Bakers Cyst - Excision', 'Surgical', 11040.00, 11.00, 9825.60, 1),
(22, 'Block dissection Cervical Nodes', 'Surgical', 29440.00, 11.00, 26201.60, 1),
(23, 'Branchial Fistula', 'Surgical', 18400.00, 11.00, 16376.00, 1),
(24, 'Breast Lump - Excision - Bilateral', 'Surgical', 27600.00, 11.00, 24564.00, 1),
(25, 'Breast Lump - Excision - Unilateral', 'Surgical', 18400.00, 11.00, 16376.00, 1),
(26, 'Bursa - Excision', 'Surgical', 13800.00, 11.00, 12282.00, 1),
(27, 'Burst Abdomen Obstruction', 'Surgical', 33120.00, 11.00, 29476.80, 1),
(28, 'Caecopexy', 'Surgical', 33120.00, 11.00, 29476.80, 1),
(29, 'Carbuncle back', 'Surgical', 11040.00, 11.00, 9825.60, 1),
(30, 'carotid artery aneurism', 'Surgical', 50600.00, 11.00, 45034.00, 1),
(31, 'Chest Intubation under Waterseal', 'Surgical', 23000.00, 11.00, 20470.00, 1),
(32, 'Choledochojejunostomy', 'Surgical', 50600.00, 11.00, 45034.00, 1),
(33, 'Colectomy - Total', 'Surgical', 59800.00, 11.00, 53222.00, 1),
(34, 'Colostomy', 'Surgical', 27900.00, 11.00, 24831.00, 1),
(35, 'Colostomy Reversal', 'Surgical', 27600.00, 11.00, 24564.00, 1),
(36, 'Cyst over Scrotum - Excision', 'Surgical', 8280.00, 11.00, 7369.20, 1),
(37, 'Cystic Mass - Excision Abdominal', 'Surgical', 25760.00, 11.00, 22926.40, 1),
(38, 'Cystogastrostomy', 'Surgical', 32200.00, 11.00, 28658.00, 1),
(39, 'Debulking of tumor under GA', 'Surgical', 46000.00, 11.00, 40940.00, 1),
(40, 'Decortication (pleurectomy)', 'Surgical', 44160.00, 11.00, 39302.40, 1),
(41, 'Dermoid Cyst - Large - Excision', 'Surgical', 11960.00, 11.00, 10644.40, 1),
(42, 'Dermoid Cyst - Small- Excision', 'Surgical', 5520.00, 11.00, 4912.80, 1),
(43, 'Diverticulectomy', 'Surgical', 23000.00, 11.00, 20470.00, 1),
(44, 'Dorsal Slit and Reduction of Paraphimosis', 'Surgical', 4140.00, 11.00, 3684.60, 1),
(45, 'Drainage of Ischio Rectal Abscess', 'Surgical', 18400.00, 11.00, 16376.00, 1),
(46, 'Drainage of Psoas Abscess', 'Surgical', 22080.00, 11.00, 19651.20, 1),
(47, 'Drainage of Subdiaphragmatic Abscess', 'Surgical', 22080.00, 11.00, 19651.20, 1),
(48, 'Drainage Pericardial Effusion (Pericardiocentesis)', 'Surgical', 22080.00, 11.00, 19651.20, 1),
(49, 'Duodenectomy', 'Surgical', 32200.00, 11.00, 28658.00, 1),
(50, 'Duodenojejunostomy', 'Surgical', 32200.00, 11.00, 28658.00, 1),
(51, 'Endoscopic band ligation', 'Surgical', 16560.00, 11.00, 14738.40, 1),
(52, 'Epididymal Cyst', 'Surgical', 14720.00, 11.00, 13100.80, 1),
(53, 'Epididymal Swelling -Excision', 'Surgical', 14720.00, 11.00, 13100.80, 1),
(54, 'Epididymectomy', 'Surgical', 14720.00, 11.00, 13100.80, 1),
(55, 'Evacuation of Scrotal Hematoma', 'Surgical', 14720.00, 11.00, 13100.80, 1),
(56, 'Excision and Skin Graft of Venous Ulcer', 'Surgical', 23000.00, 11.00, 20470.00, 1),
(57, 'Excision benign Tumor gastrointestinal tract (with biopsy)', 'Surgical', 32200.00, 11.00, 28658.00, 1),
(58, 'Excision biopsy under GA', 'Surgical', 16560.00, 11.00, 14738.40, 1),
(59, 'Excision Biopsy under local anaesthesia', 'Surgical', 5520.00, 11.00, 4912.80, 1),
(60, 'Excision Mammary Fistula', 'Surgical', 16560.00, 11.00, 14738.40, 1),
(61, 'Excision of Lingual Thyroid', 'Surgical', 23000.00, 11.00, 20470.00, 1),
(62, 'Excision of Neurofibroma', 'Surgical', 9200.00, 11.00, 8188.00, 1),
(63, 'Excision of Parathyroid Adenoma/Carcinoma', 'Surgical', 27600.00, 11.00, 24564.00, 1),
(64, 'Excision of Sebaceous Cysts', 'Surgical', 5520.00, 11.00, 4912.80, 1),
(65, 'Excision pilonidal sinus (karydikays procedure)', 'Surgical', 21160.00, 11.00, 18832.40, 1),
(66, 'Exploratory Laparotomy (Peritonitis)', 'Surgical', 48500.00, 11.00, 43165.00, 1),
(67, 'Exploratory Laparotomy (Trauma)', 'Surgical', 48500.00, 11.00, 43165.00, 1),
(68, 'Exploratory Laparotomy (Tumors resection + Colostomy/Ileostomy)', 'Surgical', 73500.00, 11.00, 65415.00, 1),
(69, 'Exploratory Laparotomy (Tumors resection)', 'Surgical', 53500.00, 11.00, 47615.00, 1),
(70, 'Exploratory thorocotomy', 'Surgical', 50600.00, 11.00, 45034.00, 1),
(71, 'Fibroadenoma - Bilateral (With Biopsy)', 'Surgical', 19320.00, 11.00, 17194.80, 1),
(72, 'Fibroadenoma - Unilateral (With Biopsy)', 'Surgical', 14720.00, 11.00, 13100.80, 1),
(73, 'Fibroma - Excision', 'Surgical', 11040.00, 11.00, 9825.60, 1),
(74, 'Fissurectomy and Haemorrhoidectomy', 'Surgical', 20240.00, 11.00, 18013.60, 1),
(75, 'Fissurectomy with Eversion of Sac - Bilateral', 'Surgical', 20240.00, 11.00, 18013.60, 1),
(76, 'Fissurectomy with Sphincterotomy', 'Surgical', 20240.00, 11.00, 18013.60, 1),
(77, 'Fistulectomy (Peri Anal)', 'Surgical', 20240.00, 11.00, 18013.60, 1),
(78, 'Foreign Body in Fascia', 'Surgical', 11040.00, 11.00, 9825.60, 1),
(79, 'Foreign Body Removal in Abdomen/perinuem', 'Surgical', 23920.00, 11.00, 21288.80, 1),
(80, 'Foreign Body Removal in Deep Region - Deep pelvious / perineum (under GA)', 'Surgical', 18400.00, 11.00, 16376.00, 1),
(81, 'Foreign body removal under GA', 'Surgical', 13800.00, 11.00, 12282.00, 1),
(82, 'Ganglion - Small - Excision', 'Surgical', 4600.00, 11.00, 4094.00, 1),
(83, 'Ganglion - large - Excision', 'Surgical', 7360.00, 11.00, 6550.40, 1),
(84, 'Gastric Perforation', 'Surgical', 34040.00, 11.00, 30295.60, 1),
(85, 'Gastrojejunostomy CA', 'Surgical', 46000.00, 11.00, 40940.00, 1),
(86, 'Gastrotomy', 'Surgical', 32200.00, 11.00, 28658.00, 1),
(87, 'Glomus Tumor Excision', 'Surgical', 6440.00, 11.00, 5731.60, 1),
(88, 'Graham\'s Operation', 'Surgical', 34960.00, 11.00, 31114.40, 1),
(89, 'Granuloma - Excision', 'Surgical', 7360.00, 11.00, 6550.40, 1),
(90, 'Haemangioma - Excision', 'Surgical', 11960.00, 11.00, 10644.40, 1),
(91, 'Haemorrhoidectomy', 'Surgical', 20240.00, 11.00, 18013.60, 1),
(92, 'Haemorrhoidectomy + Fistulectomy', 'Surgical', 23000.00, 11.00, 20470.00, 1),
(93, 'Hemicolectomy', 'Surgical', 50600.00, 11.00, 45034.00, 1),
(94, 'Hemithyroidectomy', 'Surgical', 38640.00, 11.00, 34389.60, 1),
(95, 'Hepatic Resection (lobectomy)', 'Surgical', 128800.00, 11.00, 114632.00, 1),
(96, 'Hernia - Epigastric', 'Surgical', 23000.00, 11.00, 20470.00, 1),
(97, 'Hernia - Femoral', 'Surgical', 23000.00, 11.00, 20470.00, 1),
(98, 'Hernia - Hiatus (Stomach Prolapse)', 'Surgical', 23000.00, 11.00, 20470.00, 1),
(99, 'Hernia - Incisional', 'Surgical', 23000.00, 11.00, 20470.00, 1),
(100, 'Hernia - Repair', 'Surgical', 23000.00, 11.00, 20470.00, 1),
(101, 'Hernia - Umbilical', 'Surgical', 23000.00, 11.00, 20470.00, 1),
(102, 'Hernia Repair - Bilateral', 'Surgical', 24840.00, 11.00, 22107.60, 1),
(103, 'Hernioplasty (mesh repair)', 'Surgical', 26680.00, 11.00, 23745.20, 1),
(104, 'Herniorraphy and Hydrocelectomy Sac Excision', 'Surgical', 23000.00, 11.00, 20470.00, 1),
(105, 'Hydatid Cyst of Liver', 'Surgical', 32200.00, 11.00, 28658.00, 1),
(106, 'Hydrocele - Excision', 'Surgical', 16560.00, 11.00, 14738.40, 1),
(107, 'Hydrocelectomy + Orchidectomy', 'Surgical', 20240.00, 11.00, 18013.60, 1),
(108, 'Hydrocelectomy+ Hernioplasty (With Mesh)', 'Surgical', 26680.00, 11.00, 23745.20, 1),
(109, 'Ileostomy', 'Surgical', 23250.00, 11.00, 20692.50, 1),
(110, 'Ilieo Sigmoidostomy', 'Surgical', 34040.00, 11.00, 30295.60, 1),
(111, 'Incision & Drainage - Major (GA)', 'Surgical', 13800.00, 11.00, 12282.00, 1),
(112, 'Incision & Drainage - Minor (LA)', 'Surgical', 4600.00, 11.00, 4094.00, 1),
(113, 'tinal Perforation (Resection Anastomosis)', 'Surgical', 32200.00, 11.00, 28658.00, 1),
(114, 'Jejunostomy', 'Surgical', 27600.00, 11.00, 24564.00, 1),
(115, 'Laparoscopic Adhesiolysis', 'Surgical', 31280.00, 11.00, 27839.20, 1),
(116, 'Laparoscopic Adrenalectomy', 'Surgical', 36800.00, 11.00, 32752.00, 1),
(117, 'Laparoscopic Cystectomy', 'Surgical', 26680.00, 11.00, 23745.20, 1),
(118, 'Laparoscopic cystogastrostomy', 'Surgical', 32200.00, 11.00, 28658.00, 1),
(119, 'Laparoscopic Hernia Repair', 'Surgical', 26680.00, 11.00, 23745.20, 1),
(120, 'Laparoscopic umbilical hernia repair', 'Surgical', 23000.00, 11.00, 20470.00, 1),
(121, 'Laparoscopic Thyroidectomy', 'Surgical', 42320.00, 11.00, 37664.80, 1),
(122, 'Laparoscopic Ureterolithotomy', 'Surgical', 27600.00, 11.00, 24564.00, 1),
(123, 'Laparoscopic Ventral Hernia repair', 'Surgical', 23000.00, 11.00, 20470.00, 1),
(124, 'Laparotomy', 'Surgical', 33000.00, 11.00, 29370.00, 1),
(125, 'Laproscopic Pyelolithotomy', 'Surgical', 36800.00, 11.00, 32752.00, 1),
(126, 'Lipoma', 'Surgical', 6440.00, 11.00, 5731.60, 1),
(127, 'Liver Abscess Drainage - Needle Aspiration', 'Surgical', 21160.00, 11.00, 18832.40, 1),
(128, 'Liver Abscess Drainage - Open', 'Surgical', 36800.00, 11.00, 32752.00, 1),
(129, 'Lymphnode - Excision with Biopsy', 'Surgical', 13800.00, 11.00, 12282.00, 1),
(130, 'Mastectomy / (Complete Breast Excision)', 'Surgical', 25760.00, 11.00, 22926.40, 1),
(131, 'Mesenteric Cyst - Excision', 'Surgical', 35760.00, 11.00, 31826.40, 1),
(132, 'Microlaryngoscopic surgery (Microlaryngoscopy)', 'Surgical', 23000.00, 11.00, 20470.00, 1),
(133, 'Oeshophagoscopy for foreign body removal', 'Surgical', 11960.00, 11.00, 10644.40, 1),
(134, 'Oesophagectomy', 'Surgical', 47840.00, 11.00, 42577.60, 1),
(135, 'Operation of Choledochal Cyst', 'Surgical', 41400.00, 11.00, 36846.00, 1),
(136, 'Orchidectomy', 'Surgical', 18400.00, 11.00, 16376.00, 1),
(137, 'Orchidectomy + Herniorraphy', 'Surgical', 18400.00, 11.00, 16376.00, 1),
(138, 'Orchidopexy', 'Surgical', 19320.00, 11.00, 17194.80, 1),
(139, 'Pancreatrico deodeneotomy (whipple procedure)', 'Surgical', 331200.00, 11.00, 294768.00, 1),
(140, 'panproctocolectomy', 'Surgical', 92000.00, 11.00, 81880.00, 1),
(141, 'Papilloma Rectum - Excision', 'Surgical', 10120.00, 11.00, 9006.80, 1),
(142, 'Partial/Subtotal Gastrectomy for Carcinoma', 'Surgical', 55200.00, 11.00, 49128.00, 1),
(143, 'Pelvic Abscess - Open Drainage', 'Surgical', 15640.00, 11.00, 13919.60, 1),
(144, 'PeriAnal Fistula with Seton', 'Surgical', 20240.00, 11.00, 18013.60, 1),
(145, 'Phytomatous Growth in the Scalp - Excision', 'Surgical', 15640.00, 11.00, 13919.60, 1),
(146, 'Posterior Siggtal Anorectoplasty', 'Surgical', 50600.00, 11.00, 45034.00, 1),
(147, 'Radical Mastectomy', 'Surgical', 40000.00, 11.00, 35600.00, 1),
(148, 'Radical neck dissection (including biopsy)', 'Surgical', 73600.00, 11.00, 65504.00, 1),
(149, 'Rectal Benign Tumour (Incl. Histopath)', 'Surgical', 25760.00, 11.00, 22926.40, 1),
(150, 'Rectal Dilation', 'Surgical', 11800.00, 11.00, 10502.00, 1),
(151, 'Rectal polyp', 'Surgical', 11040.00, 11.00, 9825.60, 1),
(152, 'Rectopexy', 'Surgical', 20240.00, 11.00, 18013.60, 1),
(153, 'Removal of Foreign Body from Trachea', 'Surgical', 15560.00, 11.00, 13848.40, 1),
(154, 'Retroperitoneal Tumor - Excision', 'Surgical', 41400.00, 11.00, 36846.00, 1),
(155, 'Reversal of Ileostomy', 'Surgical', 27600.00, 11.00, 24564.00, 1),
(156, 'Rubber band ligation - Hemorrhoid', 'Surgical', 5520.00, 11.00, 4912.80, 1),
(157, 'Segmental Resection of Breast', 'Surgical', 18400.00, 11.00, 16376.00, 1),
(158, 'Sigmoid Diverticulum', 'Surgical', 23000.00, 11.00, 20470.00, 1),
(159, 'Sling Surgery', 'Surgical', 20240.00, 11.00, 18013.60, 1),
(160, 'splenectomy', 'Surgical', 41400.00, 11.00, 36846.00, 1),
(161, 'splenectomy for trauma', 'Surgical', 41400.00, 11.00, 36846.00, 1),
(162, 'Suturing of wounds with local anesthesia', 'Surgical', 3680.00, 11.00, 3275.20, 1),
(163, 'Thorachostomy (Under Water Seal)', 'Surgical', 23000.00, 11.00, 20470.00, 1),
(164, 'Thoracoplasty', 'Surgical', 41400.00, 11.00, 36846.00, 1),
(165, 'Thyroplasty', 'Surgical', 46000.00, 11.00, 40940.00, 1),
(166, 'Total Thyroidectomy (Cancer)', 'Surgical', 42000.00, 11.00, 37380.00, 1),
(167, 'Total Thyroidectomy and Block Dissection', 'Surgical', 42000.00, 11.00, 37380.00, 1),
(168, 'Tracheoplasty (throat)', 'Surgical', 41400.00, 11.00, 36846.00, 1),
(169, 'Umbilical Sinus - Excision', 'Surgical', 16560.00, 11.00, 14738.40, 1),
(170, 'Varicose Veins - Excision and Ligation', 'Surgical', 23000.00, 11.00, 20470.00, 1),
(171, 'Vasectomy', 'Surgical', 20240.00, 11.00, 18013.60, 1),
(172, 'Volvlous of Large Bowel', 'Surgical', 27600.00, 11.00, 24564.00, 1),
(173, 'Diabatic compliction', 'Medical', 4000.00, 11.00, 3560.00, 1),
(174, 'Seizures', 'Medical', 3300.00, 11.00, 2937.00, 1),
(175, 'Pneumonia / LRTI', 'Medical', 4000.00, 11.00, 3560.00, 1),
(176, 'MUA Manipulation Under (General )Anesthesia', 'Surgical', 12000.00, 11.00, 10680.00, 1),
(177, 'TURB(Trans-Urethral Resection of prostate)', 'Surgical', 34960.00, 11.00, 31114.40, 1),
(178, 'TAH', 'GYNAECOLOGY', 0.00, 0.00, 0.00, 1);

-- --------------------------------------------------------

--
-- Table structure for table `products`
--

DROP TABLE IF EXISTS `products`;
CREATE TABLE IF NOT EXISTS `products` (
  `ProductID` int NOT NULL AUTO_INCREMENT,
  `main_category_id` int DEFAULT NULL,
  `sub_category_id` int DEFAULT NULL,
  `item_form_id` int DEFAULT NULL,
  `item_make_id` int DEFAULT NULL,
  `generic_name_id` int DEFAULT NULL,
  `ProductName` varchar(255) DEFAULT NULL,
  `BrandID` int DEFAULT '0',
  `UnitID` int DEFAULT '0',
  `specification_name` varchar(200) DEFAULT NULL,
  `BarCode` varchar(255) DEFAULT '123',
  `pack_price` decimal(10,2) DEFAULT NULL,
  `pack_size` decimal(10,2) DEFAULT NULL,
  `PurchasePrice` decimal(10,2) DEFAULT '0.00',
  `SalePrice` decimal(10,2) DEFAULT '0.00',
  `low_limit` int DEFAULT '0',
  `CreatedBy` int DEFAULT NULL,
  `CreatedAt` date DEFAULT NULL,
  `ModifiedBy` int DEFAULT NULL,
  `ModifiedAt` date DEFAULT NULL,
  `IsActive` int DEFAULT '1',
  `zakat_purchase_price` int NOT NULL DEFAULT '0',
  `zakat_qty` int NOT NULL DEFAULT '0',
  `taxPercentage` decimal(10,2) DEFAULT NULL,
  `total_amount_of_avaliable_stock` decimal(10,2) NOT NULL DEFAULT '0.00',
  `total_amount_of_purchase_stock` decimal(10,2) NOT NULL DEFAULT '0.00',
  PRIMARY KEY (`ProductID`)
) ENGINE=InnoDB AUTO_INCREMENT=573 DEFAULT CHARSET=latin1;

--
-- Dumping data for table `products`
--

INSERT INTO `products` (`ProductID`, `main_category_id`, `sub_category_id`, `item_form_id`, `item_make_id`, `generic_name_id`, `ProductName`, `BrandID`, `UnitID`, `specification_name`, `BarCode`, `pack_price`, `pack_size`, `PurchasePrice`, `SalePrice`, `low_limit`, `CreatedBy`, `CreatedAt`, `ModifiedBy`, `ModifiedAt`, `IsActive`, `zakat_purchase_price`, `zakat_qty`, `taxPercentage`, `total_amount_of_avaliable_stock`, `total_amount_of_purchase_stock`) VALUES
(2, 2, 102, 3, 229, 56, 'Efacurim 50mg/mlInj(Atracurium', 0, 0, '', '3', 1000.00, 5.00, 200.00, 200.00, 0, 0, '0000-00-00', 0, '0000-00-00', 1, 0, 0, 0.00, 8950.00, 6100.00),
(3, 2, 27, 16, 3, 450, 'INJ PROFOL', 0, 0, '', NULL, 280.00, 1.00, 280.00, 300.00, 0, 0, '0000-00-00', 0, '0000-00-00', 1, 0, 0, 0.00, 10552.00, 8832.00),
(4, 2, 75, 2, 173, 57, 'INJ ATROPINE', 0, 0, '', '3', 450.00, 100.00, 4.50, 4.50, 0, 0, '0000-00-00', 0, '0000-00-00', 1, 0, 0, 0.00, 868.50, 900.00),
(5, 2, 100, 16, 30, 250, 'GLYCOL-P 0.2mg inj', 0, 0, '', NULL, 360.00, 10.00, 36.00, 36.00, 0, 0, '0000-00-00', 0, '0000-00-00', 1, 0, 0, 0.00, 1476.00, 1080.00),
(6, 2, 108, 1, 139, 301, 'INJ TORADOL', 0, 0, '', NULL, 100.00, 1.00, 100.00, 100.00, 0, 0, '0000-00-00', 0, '0000-00-00', 1, 0, 0, 0.00, 0.00, 0.00),
(7, 2, 108, 1, 203, 530, 'INJ TRAMAL', 0, 0, '', NULL, 100.00, 2.00, 50.00, 55.00, 0, 0, '0000-00-00', 0, '0000-00-00', 1, 0, 0, 0.00, 0.00, 0.00),
(8, 3, 158, 6, 204, 179, 'D/S 10 CC SMD', 0, 0, '', NULL, 0.00, 0.00, 0.00, 0.00, 0, 0, '0000-00-00', 0, '0000-00-00', 1, 0, 0, 0.00, 0.00, 0.00),
(9, 3, 137, 1, 204, 1, 'D/S 5CC', 0, 0, '', NULL, 0.00, 0.00, 0.00, 0.00, 0, 0, '0000-00-00', 0, '0000-00-00', 1, 0, 0, 0.00, 0.00, 0.00),
(10, 3, 137, 1, 1, 1, 'D/S 20 CC', 0, 0, '', NULL, 0.00, 0.00, 0.00, 0.00, 0, 0, '0000-00-00', 0, '0000-00-00', 1, 0, 0, 0.00, 0.00, 0.00),
(11, 1, 1, 1, 1, 1, 'INF RL/D 1L', 0, 0, '', '', 0.00, 0.00, 0.00, 0.00, 0, 0, '0000-00-00', 0, '0000-00-00', 1, 0, 0, 0.00, 0.00, 0.00),
(12, 1, 1, 1, 1, 1, 'INF N/S 500 ML', 0, 0, '', '', 0.00, 0.00, 0.00, 0.00, 0, 0, '0000-00-00', 0, '0000-00-00', 1, 0, 0, 0.00, 0.00, 0.00),
(13, 3, 137, 6, 180, 206, 'E.T.T 7.5', 0, 0, '', NULL, 0.00, 0.00, 0.00, 0.00, 0, 0, '0000-00-00', 0, '0000-00-00', 1, 0, 0, 0.00, 0.00, 0.00),
(14, 3, NULL, 1, 1, 307, 'CARTILIED QHC', 0, 0, '', NULL, 175.00, 1.00, 175.00, 175.00, 0, 0, '0000-00-00', 0, '0000-00-00', 1, 0, 0, 0.00, 2450.00, 3500.00),
(15, 3, 137, 6, 204, 192, 'DRIP SET SMD', 0, 0, '', '175643', 2500.00, 100.00, 25.00, 50.00, 1011, 0, '0000-00-00', 0, '0000-00-00', 1, 0, 0, 0.00, 1000.00, 2500.00),
(16, 3, 132, 6, 29, 99, 'CANULA 20 G', 0, 0, '', NULL, 0.00, 0.00, 0.00, 0.00, 0, 0, '0000-00-00', 0, '0000-00-00', 1, 0, 0, 0.00, 0.00, 0.00),
(17, 3, 156, 1, 63, 506, 'VICRYL 2.0', 0, 0, '', NULL, 0.00, 0.00, 0.00, 0.00, 0, 0, '0000-00-00', 0, '0000-00-00', 1, 0, 0, 0.00, 0.00, 0.00),
(18, 3, 143, 1, 228, 180, 'GLOVES', 0, 0, '', NULL, 0.00, 0.00, 0.00, 0.00, 0, 0, '0000-00-00', 0, '0000-00-00', 1, 0, 0, 0.00, 0.00, 0.00),
(19, 2, 47, 32, 129, 439, 'PYODINE small', 0, 0, '', NULL, 225.00, 1.00, 225.00, 225.00, 0, 0, '0000-00-00', 0, '0000-00-00', 1, 0, 0, 0.00, 3825.00, 6750.00),
(20, 3, 159, 6, 225, 505, 'STICKING', 0, 0, '', NULL, 0.00, 0.00, 0.00, 0.00, 0, 0, '0000-00-00', 0, '0000-00-00', 1, 0, 0, 0.00, 0.00, 0.00),
(21, 2, 33, 16, 197, 108, 'INJ OXIDIL 500 MG', 0, 0, '', NULL, 0.00, 0.00, 0.00, 0.00, 0, 0, '0000-00-00', 0, '0000-00-00', 1, 0, 0, 0.00, 0.00, 0.00),
(22, 2, 33, 1, 1, 1, 'INJ OXIDIL 250 MG', 0, 0, '', NULL, 0.00, 0.00, 0.00, 0.00, 0, 0, '0000-00-00', 0, '0000-00-00', 1, 0, 0, 0.00, 0.00, 0.00),
(23, 1, 1, 1, 1, 1, 'INJ OXIDIL 1G', 0, 0, '', '', 0.00, 0.00, 0.00, 0.00, 0, 0, '0000-00-00', 0, '0000-00-00', 1, 0, 0, 0.00, 0.00, 0.00),
(24, 1, 1, 1, 1, 1, 'INJ OXIDIL 2G', 0, 0, '', '', 0.00, 0.00, 0.00, 0.00, 0, 0, '0000-00-00', 0, '0000-00-00', 1, 0, 0, 0.00, 0.00, 0.00),
(25, 3, 136, 6, 168, 240, 'GAUZ PIECES', 0, 0, '', NULL, 0.00, 0.00, 0.00, 0.00, 0, 0, '0000-00-00', 0, '0000-00-00', 1, 0, 0, 0.00, 0.00, 0.00),
(26, 3, 128, 1, 87, 504, 'SURGICAL BLADE', 0, 0, '', NULL, 0.00, 0.00, 0.00, 0.00, 0, 0, '0000-00-00', 0, '0000-00-00', 1, 0, 0, 0.00, 0.00, 0.00),
(27, 2, 40, 16, 203, 173, 'GRAVINATE', 0, 0, '', NULL, 0.00, 0.00, 0.00, 0.00, 0, 0, '0000-00-00', 0, '0000-00-00', 1, 0, 0, 0.00, 0.00, 0.00),
(28, 2, 33, 16, 39, 137, 'CALAMOX 1.2Gm Inj', 0, 0, '', NULL, 246.53, 1.00, 246.53, 246.53, 0, 0, '0000-00-00', 0, '0000-00-00', 1, 0, 0, 0.00, 8628.55, 4930.60),
(29, 2, 108, 1, 25, 169, 'VOREN 50MG', 0, 0, '', NULL, 0.00, 0.00, 0.00, 0.00, 0, 0, '0000-00-00', 0, '0000-00-00', 1, 0, 0, 0.00, 0.00, 0.00),
(30, 1, 1, 1, 1, 1, 'Ceftraxione 1g', 0, 0, '', '', 0.00, 0.00, 0.00, 0.00, 0, 0, '0000-00-00', 0, '0000-00-00', 1, 0, 0, 0.00, 0.00, 0.00),
(31, 2, 33, 1, 52, 546, 'Vencomycine 500mg', 0, 0, '', NULL, 0.00, 0.00, 0.00, 0.00, 0, 0, '0000-00-00', 0, '0000-00-00', 1, 0, 0, 0.00, 0.00, 0.00),
(32, 2, 33, 1, 39, 344, 'Merophenem 500', 0, 0, '', NULL, 0.00, 0.00, 0.00, 0.00, 0, 0, '0000-00-00', 0, '0000-00-00', 1, 0, 0, 0.00, 0.00, 0.00),
(33, 1, 1, 1, 1, 1, 'Merophenem 1G', 0, 0, '', '', 0.00, 0.00, 0.00, 0.00, 0, 0, '0000-00-00', 0, '0000-00-00', 1, 0, 0, 0.00, 0.00, 0.00),
(34, 2, 113, 1, 203, 154, 'Decadron (dexa)', 0, 0, '', NULL, 0.00, 0.00, 0.00, 0.00, 0, 0, '0000-00-00', 0, '0000-00-00', 1, 0, 0, 0.00, 0.00, 0.00),
(35, 2, 108, 1, 1, 404, 'IV Provas', 0, 0, '', NULL, 0.00, 0.00, 0.00, 0.00, 0, 0, '0000-00-00', 0, '0000-00-00', 1, 0, 0, 0.00, 0.00, 0.00),
(36, 2, 115, 2, 83, 502, 'IV Fluid', 0, 0, '', NULL, 0.00, 0.00, 0.00, 0.00, 0, 0, '0000-00-00', 0, '0000-00-00', 1, 0, 0, 0.00, 0.00, 0.00),
(37, 2, 90, 16, 139, 166, 'Dormicum inj', 0, 0, '', NULL, 1123.12, 10.00, 112.31, 112.31, 0, 0, '0000-00-00', 0, '0000-00-00', 1, 0, 0, 0.00, 0.00, 0.00),
(38, 2, 37, 1, 4, 181, 'Epival', 0, 0, '', NULL, 0.00, 0.00, 0.00, 0.00, 0, 0, '0000-00-00', 0, '0000-00-00', 1, 0, 0, 0.00, 0.00, 0.00),
(39, 2, 33, 1, 197, 104, 'YORKER', 0, 0, '', NULL, 0.00, 0.00, 0.00, 0.00, 0, 0, '0000-00-00', 0, '0000-00-00', 1, 0, 0, 0.00, 0.00, 0.00),
(40, 1, 1, 1, 1, 1, 'Vencomycine', 0, 0, '', '', 0.00, 0.00, 0.00, 0.00, 0, 0, '0000-00-00', 0, '0000-00-00', 1, 0, 0, 0.00, 0.00, 0.00),
(41, 1, 1, 1, 1, 1, 'PENRO IG', 0, 0, '', '', 0.00, 0.00, 0.00, 0.00, 0, 0, '0000-00-00', 0, '0000-00-00', 1, 0, 0, 0.00, 0.00, 0.00),
(42, 1, 1, 1, 1, 1, 'ETT 7.5', 0, 0, '', '', 0.00, 0.00, 0.00, 0.00, 0, 0, '0000-00-00', 0, '0000-00-00', 1, 0, 0, 0.00, 0.00, 0.00),
(43, 1, 1, 1, 1, 1, 'Gauze Pices', 0, 0, '', '', 0.00, 0.00, 0.00, 0.00, 0, 0, '0000-00-00', 0, '0000-00-00', 1, 0, 0, 0.00, 0.00, 0.00),
(44, 1, 1, 1, 1, 1, 'CALAMOX', 0, 0, '', '', 0.00, 0.00, 0.00, 0.00, 0, 0, '0000-00-00', 0, '0000-00-00', 1, 0, 0, 0.00, 0.00, 0.00),
(45, 1, 1, 1, 1, 1, 'VOREN', 0, 0, '', '', 0.00, 0.00, 0.00, 0.00, 0, 0, '0000-00-00', 0, '0000-00-00', 1, 0, 0, 0.00, 0.00, 0.00),
(46, 2, 47, 30, 54, 364, 'BONZOL', 0, 0, '', NULL, 0.00, 0.00, 0.00, 0.00, 0, 0, '0000-00-00', 0, '0000-00-00', 1, 0, 0, 0.00, 0.00, 0.00),
(47, 1, 1, 1, 1, 1, 'Inj Cliforan', 0, 0, '', '', 0.00, 0.00, 0.00, 0.00, 0, 0, '0000-00-00', 0, '0000-00-00', 1, 0, 0, 0.00, 0.00, 0.00),
(48, 1, 1, 1, 1, 1, 'Inj Augmentin 1.2G', 0, 0, '', '', 0.00, 0.00, 0.00, 0.00, 0, 0, '0000-00-00', 0, '0000-00-00', 1, 0, 0, 0.00, 0.00, 0.00),
(49, 2, 33, 16, 39, 47, 'Inj Amplus', 0, 0, '', NULL, 0.00, 0.00, 0.00, 0.00, 0, 0, '0000-00-00', 0, '0000-00-00', 1, 0, 0, 0.00, 0.00, 0.00),
(50, 2, 33, 1, 1, 424, 'inj Tanzo 4.5', 0, 0, '', NULL, 0.00, 0.00, 0.00, 0.00, 0, 0, '0000-00-00', 0, '0000-00-00', 1, 0, 0, 0.00, 0.00, 0.00),
(51, 2, 71, 21, 27, 280, 'Atem', 0, 0, '', NULL, 0.00, 0.00, 0.00, 0.00, 0, 0, '0000-00-00', 0, '0000-00-00', 1, 0, 0, 0.00, 0.00, 0.00),
(52, 2, 115, 14, 83, 502, 'Pleloblate -M', 0, 0, '', NULL, 0.00, 0.00, 0.00, 0.00, 0, 0, '0000-00-00', 0, '0000-00-00', 1, 0, 0, 0.00, 0.00, 0.00),
(53, 2, 85, 33, 149, 17, 'Acefyl Syp', 0, 0, '', '324', 400.00, 20.00, 20.00, 30.00, 0, 0, '0000-00-00', 0, '0000-00-00', 1, 0, 0, 0.00, 0.00, 0.00),
(54, 2, 39, 1, 198, 567, 'Zinc Syp', 0, 0, '', NULL, 0.00, 0.00, 0.00, 0.00, 0, 0, '0000-00-00', 0, '0000-00-00', 1, 0, 0, 0.00, 0.00, 0.00),
(55, 1, 1, 1, 1, 1, 'Amplus inj', 0, 0, '', '', 0.00, 0.00, 0.00, 0.00, 0, 0, '0000-00-00', 0, '0000-00-00', 1, 0, 0, 0.00, 0.00, 0.00),
(56, 1, 1, 1, 1, 1, 'Augmentin tab', 0, 0, '', '', 0.00, 0.00, 0.00, 0.00, 0, 0, '0000-00-00', 0, '0000-00-00', 1, 0, 0, 0.00, 0.00, 0.00),
(57, 2, 33, 16, 197, 103, '2 sum 2g', 0, 0, '', '34', 500.00, 30.00, 16.67, 22.00, 3, 0, '0000-00-00', 0, '0000-00-00', 1, 0, 0, 0.00, 0.00, 0.00),
(58, 1, 2, 3, 1, 2, '2 sum 1g', 0, 0, '', '234', 400.00, 40.00, 10.00, 12.00, 0, 0, '0000-00-00', 0, '0000-00-00', 1, 0, 0, 0.00, 0.00, 0.00),
(59, 2, 33, 14, 1, 124, 'Inf Navidate', 0, 0, '', NULL, 0.00, 0.00, 0.00, 0.00, 0, 0, '0000-00-00', 0, '0000-00-00', 1, 0, 0, 0.00, 0.00, 0.00),
(60, 1, 1, 1, 1, 1, 'Inf Flygl', 0, 0, '', '', 0.00, 0.00, 0.00, 0.00, 0, 0, '0000-00-00', 0, '0000-00-00', 1, 0, 0, 0.00, 0.00, 0.00),
(61, 1, 1, 1, 1, 1, 'Inf R/L', 0, 0, '', '', 0.00, 0.00, 0.00, 0.00, 0, 0, '0000-00-00', 0, '0000-00-00', 1, 0, 0, 0.00, 0.00, 0.00),
(62, 1, 1, 1, 1, 1, 'Inf Pheloblate -M', 0, 0, '', '', 0.00, 0.00, 0.00, 0.00, 0, 0, '0000-00-00', 0, '0000-00-00', 1, 0, 0, 0.00, 0.00, 0.00),
(63, 1, 1, 1, 1, 1, 'Syp Zincat', 0, 0, '', '', 0.00, 0.00, 0.00, 0.00, 0, 0, '0000-00-00', 0, '0000-00-00', 1, 0, 0, 0.00, 0.00, 0.00),
(64, 2, 39, 28, 198, 1, 'Endrogemina / Ecoticsachet', 0, 0, '', NULL, 0.00, 0.00, 0.00, 0.00, 0, 0, '0000-00-00', 0, '0000-00-00', 1, 0, 0, 0.00, 0.00, 0.00),
(65, 2, 115, 1, 203, 502, 'ORS', 0, 0, '', NULL, 0.00, 0.00, 0.00, 0.00, 0, 0, '0000-00-00', 0, '0000-00-00', 1, 0, 0, 0.00, 0.00, 0.00),
(66, 2, 33, 33, 197, 124, 'Ciprofloxacin syp250mg/5ml', 0, 0, '', NULL, 0.00, 0.00, 0.00, 0.00, 0, 0, '0000-00-00', 0, '0000-00-00', 1, 0, 0, 0.00, 0.00, 0.00),
(67, 1, 1, 1, 1, 1, 'TAB VIFT 500 MG\nCiprofloxacin', 0, 0, '', '', 0.00, 0.00, 0.00, 0.00, 0, 0, '0000-00-00', 0, '0000-00-00', 1, 0, 0, 0.00, 0.00, 0.00),
(68, 1, 1, 1, 1, 1, 'TAB VIFT 250 MG\nCiprofloxacin', 0, 0, '', '', 0.00, 0.00, 0.00, 0.00, 0, 0, '0000-00-00', 0, '0000-00-00', 1, 0, 0, 0.00, 0.00, 0.00),
(69, 2, 33, 1, 198, 353, 'Flygl syp', 0, 0, '', NULL, 0.00, 0.00, 0.00, 0.00, 0, 0, '0000-00-00', 0, '0000-00-00', 1, 0, 0, 0.00, 0.00, 0.00),
(70, 1, 1, 1, 1, 1, 'Zincat od syp', 0, 0, '', '', 0.00, 0.00, 0.00, 0.00, 0, 0, '0000-00-00', 0, '0000-00-00', 1, 0, 0, 0.00, 0.00, 0.00),
(71, 2, 115, 28, 203, 397, 'ORS sachet', 0, 0, '', NULL, 612.85, 25.00, 24.51, 24.51, 0, 0, '0000-00-00', 0, '0000-00-00', 1, 0, 0, 0.00, 490.20, 490.20),
(72, 1, 1, 1, 1, 1, 'pebolite -M', 0, 0, '', '', 0.00, 0.00, 0.00, 0.00, 0, 0, '0000-00-00', 0, '0000-00-00', 1, 0, 0, 0.00, 0.00, 0.00),
(73, 2, 39, 28, 197, 456, 'Recoda', 0, 0, '', NULL, 0.00, 0.00, 0.00, 0.00, 0, 0, '0000-00-00', 0, '0000-00-00', 1, 0, 0, 0.00, 0.00, 0.00),
(74, 2, 115, 17, 203, 502, 'PEDITRAL LIQUID 500ML', 0, 0, '', NULL, 0.00, 0.00, 0.00, 0.00, 0, 0, '0000-00-00', 0, '0000-00-00', 1, 0, 0, 0.00, 0.00, 0.00),
(75, 1, 1, 1, 1, 1, 'Syrup Zincat', 0, 0, '', '', 0.00, 0.00, 0.00, 0.00, 0, 0, '0000-00-00', 0, '0000-00-00', 1, 0, 0, 0.00, 0.00, 0.00),
(76, 1, 1, 1, 1, 1, 'Recode', 0, 0, '', '', 0.00, 0.00, 0.00, 0.00, 0, 0, '0000-00-00', 0, '0000-00-00', 1, 0, 0, 0.00, 0.00, 0.00),
(77, 1, 1, 1, 1, 1, 'Amplus + Cliforan 500\nMG', 0, 0, '', '', 0.00, 0.00, 0.00, 0.00, 0, 0, '0000-00-00', 0, '0000-00-00', 1, 0, 0, 0.00, 0.00, 0.00),
(78, 2, 33, 16, 197, 33, 'GRASIL 50 MG', 0, 0, '', NULL, 0.00, 0.00, 0.00, 0.00, 0, 0, '0000-00-00', 0, '0000-00-00', 1, 0, 0, 0.00, 0.00, 0.00),
(79, 2, 33, 1, 1, 1, 'GRASIL 100 MG', 0, 0, '', NULL, 0.00, 0.00, 0.00, 0.00, 0, 0, '0000-00-00', 0, '0000-00-00', 1, 0, 0, 0.00, 0.00, 0.00),
(80, 1, 1, 1, 1, 1, 'GRASIL 250 MG', 0, 0, '', '', 0.00, 0.00, 0.00, 0.00, 0, 0, '0000-00-00', 0, '0000-00-00', 1, 0, 0, 0.00, 0.00, 0.00),
(81, 1, 1, 1, 1, 1, 'GRASIL 500 MG', 0, 0, '', '', 0.00, 0.00, 0.00, 0.00, 0, 0, '0000-00-00', 0, '0000-00-00', 1, 0, 0, 0.00, 0.00, 0.00),
(82, 1, 1, 1, 1, 1, 'Inj Grasil 100mg', 0, 0, '', '', 0.00, 0.00, 0.00, 0.00, 0, 0, '0000-00-00', 0, '0000-00-00', 1, 0, 0, 0.00, 0.00, 0.00),
(83, 1, 1, 1, 1, 1, 'Inj Grasil 250mg', 0, 0, '', '', 0.00, 0.00, 0.00, 0.00, 0, 0, '0000-00-00', 0, '0000-00-00', 1, 0, 0, 0.00, 0.00, 0.00),
(84, 1, 1, 1, 1, 1, 'Inj Grasil 500mg', 0, 0, '', '', 0.00, 0.00, 0.00, 0.00, 0, 0, '0000-00-00', 0, '0000-00-00', 1, 0, 0, 0.00, 0.00, 0.00),
(85, 1, 1, 1, 1, 1, 'Grasil 50mg inj', 0, 0, '', '', 0.00, 0.00, 0.00, 0.00, 0, 0, '0000-00-00', 0, '0000-00-00', 1, 0, 0, 0.00, 0.00, 0.00),
(86, 1, 2, 3, 2, 2, 'Inj 2sum 2g', 0, 0, '', '23423', 350.00, 20.00, 17.50, 25.00, 10, 0, '0000-00-00', 0, '0000-00-00', 1, 0, 0, 0.00, 0.00, 0.00),
(87, 1, 1, 1, 1, 1, 'inj tenzo 2.2 gm', 0, 0, '', '', 0.00, 0.00, 0.00, 0.00, 0, 0, '0000-00-00', 0, '0000-00-00', 1, 0, 0, 0.00, 0.00, 0.00),
(88, 1, 1, 1, 1, 1, 'Tanzo 4.5gm inj', 0, 0, '', '', 0.00, 0.00, 0.00, 0.00, 0, 0, '0000-00-00', 0, '0000-00-00', 1, 0, 0, 0.00, 0.00, 0.00),
(89, 2, 33, 33, 233, 235, 'Syp Focin', 0, 0, '', NULL, 0.00, 0.00, 0.00, 0.00, 0, 0, '0000-00-00', 0, '0000-00-00', 1, 0, 0, 0.00, 0.00, 0.00),
(90, 2, 33, 33, 106, 144, 'Syp Cran Max Aqua', 0, 0, '', NULL, 0.00, 0.00, 0.00, 0.00, 0, 0, '0000-00-00', 0, '0000-00-00', 1, 0, 0, 0.00, 0.00, 0.00),
(91, 2, 27, 16, 87, 298, 'INJ KITAMINE', 0, 0, '', NULL, 2000.00, 1.00, 2000.00, 2000.00, 0, 0, '0000-00-00', 0, '0000-00-00', 1, 0, 0, 0.00, 8000.00, 8000.00),
(92, 3, NULL, 1, 1, 1, 'S.GLOVES 7.5 Next', 0, 0, '', NULL, 73.00, 1.00, 73.00, 73.00, 0, 0, '0000-00-00', 0, '0000-00-00', 1, 0, 0, 0.00, 15225.00, 7148.00),
(93, 3, 137, 1, 3, 179, 'BLADE', 0, 0, '', NULL, 950.00, 20.00, 47.50, 50.00, 0, 0, '0000-00-00', 0, '0000-00-00', 1, 0, 0, 0.00, 1425.00, 1900.00),
(94, 1, 1, 1, 1, 1, 'IV CANULA 20', 0, 0, '', '', 0.00, 0.00, 0.00, 0.00, 0, 0, '0000-00-00', 0, '0000-00-00', 1, 0, 0, 0.00, 0.00, 0.00),
(95, 1, 1, 1, 1, 1, 'INF R/L 1L', 0, 0, '', '', 0.00, 0.00, 0.00, 0.00, 0, 0, '0000-00-00', 0, '0000-00-00', 1, 0, 0, 0.00, 0.00, 0.00),
(96, 2, 108, 1, 139, 301, 'Toradol', 0, 0, '', NULL, 0.00, 0.00, 0.00, 0.00, 0, 0, '0000-00-00', 0, '0000-00-00', 1, 0, 0, 0.00, 0.00, 0.00),
(97, 1, 1, 1, 1, 1, 'CANULLA 20', 0, 0, '', '', 0.00, 0.00, 0.00, 0.00, 0, 0, '0000-00-00', 0, '0000-00-00', 1, 0, 0, 0.00, 0.00, 0.00),
(98, 3, NULL, 6, 1, 506, 'VICRIL 2/0', 0, 0, '', NULL, 3300.00, 12.00, 275.00, 275.00, 0, 0, '0000-00-00', 0, '0000-00-00', 1, 0, 0, 0.00, 12100.00, 3300.00),
(99, 1, 1, 1, 1, 1, 'GAUZ PICES', 0, 0, '', '', 0.00, 0.00, 0.00, 0.00, 0, 0, '0000-00-00', 0, '0000-00-00', 1, 0, 0, 0.00, 0.00, 0.00),
(100, 1, 1, 1, 1, 1, 'Star Tape (sticking).', 0, 0, '', '', 0.00, 0.00, 0.00, 0.00, 0, 0, '0000-00-00', 0, '0000-00-00', 1, 0, 0, 0.00, 0.00, 0.00),
(101, 2, 96, 16, 87, 79, 'BUPIVACAINE sp', 0, 0, '', NULL, 325.00, 5.00, 65.00, 65.00, 0, 0, '0000-00-00', 0, '0000-00-00', 1, 0, 0, 0.00, 975.00, 1300.00),
(102, 3, 149, 16, 1, 495, 'SPINAL NEEDLE 23 G', 0, 0, '', NULL, 0.00, 0.00, 0.00, 0.00, 0, 0, '0000-00-00', 0, '0000-00-00', 1, 0, 0, 0.00, 0.00, 0.00),
(103, 3, 153, 6, 168, 240, 'RAY-BAND', 0, 0, '', NULL, 0.00, 0.00, 0.00, 0.00, 0, 0, '0000-00-00', 0, '0000-00-00', 1, 0, 0, 0.00, 0.00, 0.00),
(104, 2, 96, 13, 87, 319, '-', 0, 0, '', NULL, 0.00, 0.00, 0.00, 0.00, 0, 0, '0000-00-00', 0, '0000-00-00', 1, 0, 0, 0.00, 0.00, 0.00),
(105, 2, 108, 5, 87, 428, 'GTN PLUS', 0, 0, '', NULL, 0.00, 0.00, 0.00, 0.00, 0, 0, '0000-00-00', 0, '0000-00-00', 1, 0, 0, 0.00, 0.00, 0.00),
(106, 2, 100, 16, 229, 56, 'Eficuram 5ml inj', 0, 0, '', NULL, 200.00, 5.00, 40.00, 40.00, 0, 0, '0000-00-00', 0, '0000-00-00', 1, 0, 0, 0.00, 0.00, 0.00),
(107, 1, 1, 1, 1, 1, '', 0, 0, '', '', 0.00, 0.00, 0.00, 0.00, 0, 0, '0000-00-00', 0, '0000-00-00', 1, 0, 0, 0.00, 0.00, 0.00),
(108, 1, 1, 1, 1, 1, 'INJ TRODOL', 0, 0, '', '', 0.00, 0.00, 0.00, 0.00, 0, 0, '0000-00-00', 0, '0000-00-00', 1, 0, 0, 0.00, 0.00, 0.00),
(109, 1, 1, 1, 1, 1, 'INF FLYGIL', 0, 0, '', '', 0.00, 0.00, 0.00, 0.00, 0, 0, '0000-00-00', 0, '0000-00-00', 1, 0, 0, 0.00, 0.00, 0.00),
(110, 1, 1, 1, 1, 1, 'CEFROFLOXICENE', 0, 0, '', '', 0.00, 0.00, 0.00, 0.00, 0, 0, '0000-00-00', 0, '0000-00-00', 1, 0, 0, 0.00, 0.00, 0.00),
(111, 1, 1, 1, 1, 1, '', 0, 0, '', '', 0.00, 0.00, 0.00, 0.00, 0, 0, '0000-00-00', 0, '0000-00-00', 1, 0, 0, 0.00, 0.00, 0.00),
(112, 1, 1, 1, 63, 1, 'VICRYL 1', 0, 0, '', NULL, 3300.00, 12.00, 275.00, 275.00, 0, 0, '0000-00-00', 0, '0000-00-00', 1, 0, 0, 0.00, 17875.00, 9900.00),
(113, 1, 1, 1, 1, 1, '-', 0, 0, '', NULL, 0.00, 0.00, 0.00, 0.00, 0, 0, '0000-00-00', 0, '0000-00-00', 1, 0, 0, 0.00, 0.00, 0.00),
(114, 1, 1, 1, 1, 1, 'INJ XYLOCAINE', 0, 0, '', NULL, 900.00, 50.00, 18.00, 18.00, 0, 0, '0000-00-00', 0, '0000-00-00', 1, 0, 0, 0.00, 36.00, 36.00),
(115, 3, 125, 6, 1, 541, 'URINE BAG', 0, 0, '', NULL, 0.00, 0.00, 0.00, 0.00, 0, 0, '0000-00-00', 0, '0000-00-00', 1, 0, 0, 0.00, 0.00, 0.00),
(116, 3, 157, 6, 63, 506, 'PROLINE 1', 0, 0, '', NULL, 3500.00, 12.00, 291.67, 291.00, 0, 0, '0000-00-00', 0, '0000-00-00', 1, 0, 0, 0.00, 7700.04, 3500.04),
(117, 3, 132, 6, 180, 234, 'FOLY CATHATER', 0, 0, '', NULL, 0.00, 0.00, 0.00, 0.00, 0, 0, '0000-00-00', 0, '0000-00-00', 1, 0, 0, 0.00, 0.00, 0.00),
(118, 1, 1, 1, 1, 1, 'DRAIN', 0, 0, '', '', 0.00, 0.00, 0.00, 0.00, 0, 0, '0000-00-00', 0, '0000-00-00', 1, 0, 0, 0.00, 0.00, 0.00),
(119, 1, 1, 1, 1, 1, 'METOMIDE', 0, 0, '', '', 0.00, 0.00, 0.00, 0.00, 0, 0, '0000-00-00', 0, '0000-00-00', 1, 0, 0, 0.00, 0.00, 0.00),
(120, 1, 1, 1, 1, 1, 'H2O2', 0, 0, '', '', 0.00, 0.00, 0.00, 0.00, 0, 0, '0000-00-00', 0, '0000-00-00', 1, 0, 0, 0.00, 0.00, 0.00),
(121, 1, 1, 1, 1, 1, 'KETAMINE', 0, 0, '', '', 0.00, 0.00, 0.00, 0.00, 0, 0, '0000-00-00', 0, '0000-00-00', 1, 0, 0, 0.00, 0.00, 0.00),
(122, 1, 1, 1, 1, 1, 'CAUTERY', 0, 0, '', '', 0.00, 0.00, 0.00, 0.00, 0, 0, '0000-00-00', 0, '0000-00-00', 1, 0, 0, 0.00, 0.00, 0.00),
(123, 1, 1, 1, 1, 1, 'GUAZ', 0, 0, '', '', 0.00, 0.00, 0.00, 0.00, 0, 0, '0000-00-00', 0, '0000-00-00', 1, 0, 0, 0.00, 0.00, 0.00),
(124, 1, 1, 1, 1, 1, 'D/S 5 CC', 0, 0, '', '', 0.00, 0.00, 0.00, 0.00, 0, 0, '0000-00-00', 0, '0000-00-00', 1, 0, 0, 0.00, 0.00, 0.00),
(125, 2, 45, 16, 233, 50, 'INJ-GEN-M', 0, 0, '', NULL, 0.00, 0.00, 0.00, 0.00, 0, 0, '0000-00-00', 0, '0000-00-00', 1, 0, 0, 0.00, 0.00, 0.00),
(126, 1, 1, 1, 1, 1, 'SYP ROTRIF', 0, 0, '', '', 0.00, 0.00, 0.00, 0.00, 0, 0, '0000-00-00', 0, '0000-00-00', 1, 0, 0, 0.00, 0.00, 0.00),
(127, 1, 1, 1, 1, 1, 'INJ-ADENINE', 0, 0, '', '', 0.00, 0.00, 0.00, 0.00, 0, 0, '0000-00-00', 0, '0000-00-00', 1, 0, 0, 0.00, 0.00, 0.00),
(128, 1, 1, 1, 1, 1, 'INJ-AMPHICILIN', 0, 0, '', '', 0.00, 0.00, 0.00, 0.00, 0, 0, '0000-00-00', 0, '0000-00-00', 1, 0, 0, 0.00, 0.00, 0.00),
(129, 1, 1, 1, 1, 1, 'TAB-GEN-M', 0, 0, '', '', 0.00, 0.00, 0.00, 0.00, 0, 0, '0000-00-00', 0, '0000-00-00', 1, 0, 0, 0.00, 0.00, 0.00),
(130, 2, 45, 34, 87, 1, 'TAB-CHLOQUINE', 0, 0, '', NULL, 0.00, 0.00, 0.00, 0.00, 0, 0, '0000-00-00', 0, '0000-00-00', 1, 0, 0, 0.00, 0.00, 0.00),
(131, 1, 1, 1, 1, 1, 'INJ-FLUID', 0, 0, '', '', 0.00, 0.00, 0.00, 0.00, 0, 0, '0000-00-00', 0, '0000-00-00', 1, 0, 0, 0.00, 0.00, 0.00),
(132, 2, 109, 16, 92, 392, 'INJ-RISEK', 0, 0, '', NULL, 0.00, 0.00, 0.00, 0.00, 0, 0, '0000-00-00', 0, '0000-00-00', 1, 0, 0, 0.00, 0.00, 0.00),
(133, 1, 1, 1, 1, 1, 'INJ-AMPLUS', 0, 0, '', '', 0.00, 0.00, 0.00, 0.00, 0, 0, '0000-00-00', 0, '0000-00-00', 1, 0, 0, 0.00, 0.00, 0.00),
(135, 1, 1, 1, 1, 1, 'INJ-IV-FLUID', 0, 0, '', '', 0.00, 0.00, 0.00, 0.00, 0, 0, '0000-00-00', 0, '0000-00-00', 1, 0, 0, 0.00, 0.00, 0.00),
(136, 1, 1, 1, 1, 1, 'ATOM -CLENIIL\nNEBULIXE', 0, 0, '', '', 0.00, 0.00, 0.00, 0.00, 0, 0, '0000-00-00', 0, '0000-00-00', 1, 0, 0, 0.00, 0.00, 0.00),
(137, 1, 2, 4, 2, 2, 'SYP.ACEFYLE', 0, 0, '', '2343242', 400.00, 10.00, 40.00, 45.00, 34, 0, '0000-00-00', 0, '0000-00-00', 1, 0, 0, 0.00, 0.00, 0.00),
(138, 2, 113, 1, 130, 440, 'INJ.SOLOCARTIF', 0, 0, '', NULL, 0.00, 0.00, 0.00, 0.00, 0, 0, '0000-00-00', 0, '0000-00-00', 1, 0, 0, 0.00, 0.00, 0.00),
(139, 2, 29, 33, 6, 113, 'SYP.RIGIX', 0, 0, '', NULL, 0.00, 0.00, 0.00, 0.00, 0, 0, '0000-00-00', 0, '0000-00-00', 1, 0, 0, 0.00, 0.00, 0.00),
(140, 1, 2, 4, 3, 4, 'ADRANILANE NEB', 0, 0, '', NULL, 300.00, 1.00, 300.00, 350.00, 0, 0, '0000-00-00', 0, '0000-00-00', 1, 0, 0, 0.00, 0.00, 0.00),
(141, 2, 33, 16, 198, 104, 'CLAFORAN 0.25', 0, 0, '', NULL, 0.00, 0.00, 0.00, 0.00, 0, 0, '0000-00-00', 0, '0000-00-00', 1, 0, 0, 0.00, 0.00, 0.00),
(142, 1, 1, 1, 1, 1, 'CLAFORAN 0.5  MG', 0, 0, '', '', 0.00, 0.00, 0.00, 0.00, 0, 0, '0000-00-00', 0, '0000-00-00', 1, 0, 0, 0.00, 0.00, 0.00),
(143, 1, 1, 1, 1, 1, 'CLAFORAN 1 G', 0, 0, '', '', 0.00, 0.00, 0.00, 0.00, 0, 0, '0000-00-00', 0, '0000-00-00', 1, 0, 0, 0.00, 0.00, 0.00),
(144, 1, 1, 1, 1, 1, 'CLAFORAN 0.25 MG', 0, 0, '', '', 0.00, 0.00, 0.00, 0.00, 0, 0, '0000-00-00', 0, '0000-00-00', 1, 0, 0, 0.00, 0.00, 0.00),
(145, 1, 1, 1, 1, 1, 'CLAFORAN 0.5  MG', 0, 0, '', '', 0.00, 0.00, 0.00, 0.00, 0, 0, '0000-00-00', 0, '0000-00-00', 1, 0, 0, 0.00, 0.00, 0.00),
(146, 1, 1, 1, 1, 1, 'CLAFORAN 1 G', 0, 0, '', '', 0.00, 0.00, 0.00, 0.00, 0, 0, '0000-00-00', 0, '0000-00-00', 1, 0, 0, 0.00, 0.00, 0.00),
(147, 1, 1, 1, 1, 1, 'DCADRAN', 0, 0, '', '', 0.00, 0.00, 0.00, 0.00, 0, 0, '0000-00-00', 0, '0000-00-00', 1, 0, 0, 0.00, 0.00, 0.00),
(148, 1, 1, 1, 1, 1, 'AMPICILINE', 0, 0, '', '', 0.00, 0.00, 0.00, 0.00, 0, 0, '0000-00-00', 0, '0000-00-00', 1, 0, 0, 0.00, 0.00, 0.00),
(149, 2, 37, 16, 255, 332, 'Magnisium Sulphate', 0, 0, '', NULL, 22.00, 1.00, 22.00, 22.00, 0, 0, '0000-00-00', 0, '0000-00-00', 1, 0, 0, 0.00, 820.00, 820.00),
(150, 2, 115, 1, 18, 438, 'KCL 25ml (Potassiumchloride)', 0, 0, '', NULL, 0.00, 0.00, 0.00, 0.00, 0, 0, '0000-00-00', 0, '0000-00-00', 1, 0, 0, 0.00, 0.00, 0.00),
(151, 1, 1, 1, 1, 1, 'DEBRETON', 0, 0, '', '', 0.00, 0.00, 0.00, 0.00, 0, 0, '0000-00-00', 0, '0000-00-00', 1, 0, 0, 0.00, 0.00, 0.00),
(152, 2, 37, 16, 106, 310, 'larace', 0, 0, '', NULL, 0.00, 0.00, 0.00, 0.00, 0, 0, '0000-00-00', 0, '0000-00-00', 1, 0, 0, 0.00, 0.00, 0.00),
(153, 1, 1, 1, 1, 1, 'Ketlar 500mg/10ml', 0, 0, '', '', 0.00, 0.00, 0.00, 0.00, 0, 0, '0000-00-00', 0, '0000-00-00', 1, 0, 0, 0.00, 0.00, 0.00),
(154, 1, 1, 1, 1, 1, 'Gauze piece', 0, 0, '', '', 0.00, 0.00, 0.00, 0.00, 0, 0, '0000-00-00', 0, '0000-00-00', 1, 0, 0, 0.00, 0.00, 0.00),
(155, 2, 33, 14, 93, 321, 'LINZY (NIZKIL) 600 MG', 0, 0, '', NULL, 0.00, 0.00, 0.00, 0.00, 0, 0, '0000-00-00', 0, '0000-00-00', 1, 0, 0, 0.00, 0.00, 0.00),
(156, 3, 137, 1, 1, 1, 'Cannula IV introcan 18 g', 0, 0, '', NULL, 4100.00, 50.00, 82.00, 82.00, 0, 0, '0000-00-00', 0, '0000-00-00', 1, 0, 0, 0.00, 3936.00, 4100.00),
(157, 3, 137, 1, 1, 1, 'Cannula IV introcan 20 g', 0, 0, '', NULL, 4100.00, 50.00, 82.00, 82.00, 10, 0, '0000-00-00', 0, '0000-00-00', 1, 0, 0, 0.00, 2706.00, 4100.00),
(158, 3, 137, 1, 29, 1, 'Cannula IV introcan 22 g', 0, 0, '', '5432', 4100.00, 50.00, 82.00, 82.00, 10, 0, '0000-00-00', 0, '0000-00-00', 1, 0, 0, 0.00, 3198.00, 4100.00),
(159, 3, 137, 6, 3, 179, 'Cannula 24G B Braun', 0, 0, '', NULL, 197.00, 1.00, 197.00, 197.00, 0, 0, '0000-00-00', 0, '0000-00-00', 1, 0, 0, 0.00, 3546.00, 3940.00),
(160, 1, 1, 1, 1, 1, 'inf RL 1000ml', 0, 0, '', '', 0.00, 0.00, 0.00, 0.00, 0, 0, '0000-00-00', 0, '0000-00-00', 1, 0, 0, 0.00, 0.00, 0.00),
(161, 3, 137, 6, 1, 179, 'Syringe 5 cc', 0, 0, '', NULL, 570.00, 100.00, 5.70, 5.70, 0, 0, '0000-00-00', 0, '0000-00-00', 1, 0, 0, 0.00, 0.00, 0.00),
(162, 1, 1, 1, 1, 1, 'Co-Amoxi tab (calamox)', 0, 0, '', '', 0.00, 0.00, 0.00, 0.00, 0, 0, '0000-00-00', 0, '0000-00-00', 1, 0, 0, 0.00, 0.00, 0.00),
(163, 1, 1, 1, 1, 1, 'phototheroapy', 0, 0, '', '', 0.00, 0.00, 0.00, 0.00, 0, 0, '0000-00-00', 0, '0000-00-00', 1, 0, 0, 0.00, 0.00, 0.00),
(164, 1, 1, 1, 1, 1, 'Benzibiotic 1.2milion unit INJ', 0, 0, '', '', 0.00, 0.00, 0.00, 0.00, 0, 0, '0000-00-00', 0, '0000-00-00', 1, 0, 0, 0.00, 0.00, 0.00),
(165, 2, 108, 16, 93, 370, 'NALFAY', 0, 0, '', NULL, 220.00, 5.00, 44.00, 44.00, 0, 0, '0000-00-00', 0, '0000-00-00', 1, 0, 0, 0.00, 803.00, 1015.00),
(166, 1, 1, 1, 1, 1, 'inf metronidazole\n(flagyl)', 0, 0, '', '', 0.00, 0.00, 0.00, 0.00, 0, 0, '0000-00-00', 0, '0000-00-00', 1, 0, 0, 0.00, 0.00, 0.00),
(167, 1, 1, 1, 1, 1, 'inj dormicum/valium inj', 0, 0, '', '', 0.00, 0.00, 0.00, 0.00, 0, 0, '0000-00-00', 0, '0000-00-00', 1, 0, 0, 0.00, 0.00, 0.00),
(168, 2, 117, 1, 18, 518, 'IMATET', 0, 0, '', NULL, 0.00, 0.00, 0.00, 0.00, 0, 0, '0000-00-00', 0, '0000-00-00', 1, 0, 0, 0.00, 0.00, 0.00),
(169, 1, 1, 1, 1, 1, 'inj Ceftriaxone (oxidil)', 0, 0, '', '', 0.00, 0.00, 0.00, 0.00, 0, 0, '0000-00-00', 0, '0000-00-00', 1, 0, 0, 0.00, 0.00, 0.00),
(170, 1, 1, 1, 1, 1, 'vancomycin inj', 0, 0, '', '', 0.00, 0.00, 0.00, 0.00, 0, 0, '0000-00-00', 0, '0000-00-00', 1, 0, 0, 0.00, 0.00, 0.00),
(171, 2, 50, 1, 87, 21, 'inj Acyclovir', 0, 0, '', NULL, 0.00, 0.00, 0.00, 0.00, 0, 0, '0000-00-00', 0, '0000-00-00', 1, 0, 0, 0.00, 0.00, 0.00),
(172, 1, 1, 1, 1, 1, 'dexamethasone inj', 0, 0, '', '', 0.00, 0.00, 0.00, 0.00, 0, 0, '0000-00-00', 0, '0000-00-00', 1, 0, 0, 0.00, 0.00, 0.00),
(173, 2, 116, 14, 83, 165, 'Sterifluid-DS 500ml', 0, 0, '', NULL, 85.00, 1.00, 85.00, 85.00, 0, 0, '0000-00-00', 0, '0000-00-00', 1, 0, 0, 0.00, 1615.00, 1700.00),
(174, 1, 1, 1, 1, 165, 'Sterifluid-DS 1000 ml', 0, 0, '', NULL, 96.00, 1.00, 96.00, 96.00, 0, 0, '0000-00-00', 0, '0000-00-00', 1, 0, 0, 0.00, 3020.00, 1920.00),
(175, 2, 59, 33, 4, 483, 'syp siliver/heptocam', 0, 0, '', NULL, 0.00, 0.00, 0.00, 0.00, 0, 0, '0000-00-00', 0, '0000-00-00', 1, 0, 0, 0.00, 0.00, 0.00),
(176, 2, 59, 1, 197, 328, 'syp levijon', 0, 0, '', NULL, 0.00, 0.00, 0.00, 0.00, 0, 0, '0000-00-00', 0, '0000-00-00', 1, 0, 0, 0.00, 0.00, 0.00),
(177, 2, 37, 16, 27, 420, 'inj epigram', 0, 0, '', NULL, 0.00, 0.00, 0.00, 0.00, 0, 0, '0000-00-00', 0, '0000-00-00', 1, 0, 0, 0.00, 0.00, 0.00),
(178, 1, 1, 1, 1, 1, 'inj learace', 0, 0, '', '', 0.00, 0.00, 0.00, 0.00, 0, 0, '0000-00-00', 0, '0000-00-00', 1, 0, 0, 0.00, 0.00, 0.00),
(179, 1, 1, 1, 1, 1, 'inj Ceftriaxone', 0, 0, '', '', 0.00, 0.00, 0.00, 0.00, 0, 0, '0000-00-00', 0, '0000-00-00', 1, 0, 0, 0.00, 0.00, 0.00),
(180, 1, 1, 1, 1, 1, 'inj dexamethasone', 0, 0, '', '', 0.00, 0.00, 0.00, 0.00, 0, 0, '0000-00-00', 0, '0000-00-00', 1, 0, 0, 0.00, 0.00, 0.00),
(181, 1, 1, 1, 1, 1, 'INF Provas', 0, 0, '', '', 0.00, 0.00, 0.00, 0.00, 0, 0, '0000-00-00', 0, '0000-00-00', 1, 0, 0, 0.00, 0.00, 0.00),
(182, 2, 71, 1, 95, 469, 'Ventolin neb', 0, 0, '', NULL, 0.00, 0.00, 0.00, 0.00, 0, 0, '0000-00-00', 0, '0000-00-00', 1, 0, 0, 0.00, 0.00, 0.00),
(183, 2, 113, 23, 27, 62, 'clenil neb', 0, 0, '', NULL, 946.05, 10.00, 94.60, 94.60, 0, 0, '0000-00-00', 0, '0000-00-00', 1, 0, 0, 0.00, 567.60, 946.00),
(184, 1, 1, 1, 1, 1, 'dexa/hydrocortisone', 0, 0, '', '', 0.00, 0.00, 0.00, 0.00, 0, 0, '0000-00-00', 0, '0000-00-00', 1, 0, 0, 0.00, 0.00, 0.00),
(185, 1, 1, 1, 1, 1, 'Mgso4', 0, 0, '', '', 0.00, 0.00, 0.00, 0.00, 0, 0, '0000-00-00', 0, '0000-00-00', 1, 0, 0, 0.00, 0.00, 0.00),
(186, 1, 1, 1, 1, 1, 'CAP esomeprazole 20/40mg', 0, 0, '', '', 0.00, 0.00, 0.00, 0.00, 0, 0, '0000-00-00', 0, '0000-00-00', 1, 0, 0, 0.00, 0.00, 0.00),
(187, 1, 1, 1, 1, 1, '', 0, 0, '', '', 0.00, 0.00, 0.00, 0.00, 0, 0, '0000-00-00', 0, '0000-00-00', 1, 0, 0, 0.00, 0.00, 0.00),
(188, 1, 1, 1, 1, 1, 'CAP OPEBZOLE 40/20 MG(OMEPRAZOLE)', 0, 0, '', '', 0.00, 0.00, 0.00, 0.00, 0, 0, '0000-00-00', 0, '0000-00-00', 1, 0, 0, 0.00, 0.00, 0.00),
(189, 1, 1, 1, 1, 1, 'OPEBZOLE (OMEPRAZOLE) IV 40\nMG', 0, 0, '', '', 0.00, 0.00, 0.00, 0.00, 0, 0, '0000-00-00', 0, '0000-00-00', 1, 0, 0, 0.00, 0.00, 0.00),
(190, 2, 109, 1, 105, 315, 'SULVORID 50 MG', 0, 0, '', NULL, 0.00, 0.00, 0.00, 0.00, 0, 0, '0000-00-00', 0, '0000-00-00', 1, 0, 0, 0.00, 0.00, 0.00),
(191, 2, 109, 33, 104, 499, 'SYP ULSANIC', 0, 0, '', NULL, 0.00, 0.00, 0.00, 0.00, 0, 0, '0000-00-00', 0, '0000-00-00', 1, 0, 0, 0.00, 0.00, 0.00),
(192, 2, 28, 1, 130, 27, 'syp dijex', 0, 0, '', NULL, 0.00, 0.00, 0.00, 0.00, 0, 0, '0000-00-00', 0, '0000-00-00', 1, 0, 0, 0.00, 0.00, 0.00),
(193, 2, 93, 1, 139, 491, 'syp laxoberon', 0, 0, '', NULL, 0.00, 0.00, 0.00, 0.00, 0, 0, '0000-00-00', 0, '0000-00-00', 1, 0, 0, 0.00, 0.00, 0.00),
(194, 1, 1, 1, 1, 1, 'syp alginate comp', 0, 0, '', '', 0.00, 0.00, 0.00, 0.00, 0, 0, '0000-00-00', 0, '0000-00-00', 1, 0, 0, 0.00, 0.00, 0.00),
(195, 1, 1, 1, 1, 1, 'syp mucaine', 0, 0, '', '', 0.00, 0.00, 0.00, 0.00, 0, 0, '0000-00-00', 0, '0000-00-00', 1, 0, 0, 0.00, 0.00, 0.00),
(196, 2, 93, 28, 106, 430, 'movcol sachet', 0, 0, '', NULL, 0.00, 0.00, 0.00, 0.00, 0, 0, '0000-00-00', 0, '0000-00-00', 1, 0, 0, 0.00, 0.00, 0.00),
(197, 1, 1, 1, 1, 1, 'tab metronidazole', 0, 0, '', '', 0.00, 0.00, 0.00, 0.00, 0, 0, '0000-00-00', 0, '0000-00-00', 1, 0, 0, 0.00, 0.00, 0.00),
(198, 2, 39, 34, 4, 172, 'tab entamizole ds', 0, 0, '', NULL, 0.00, 0.00, 0.00, 0.00, 0, 0, '0000-00-00', 0, '0000-00-00', 1, 0, 0, 0.00, 0.00, 0.00),
(199, 2, 40, 16, 95, 350, 'inj maxolon', 0, 0, '', NULL, 0.00, 0.00, 0.00, 0.00, 0, 0, '0000-00-00', 0, '0000-00-00', 1, 0, 0, 0.00, 0.00, 0.00),
(200, 2, 63, 1, 198, 193, 'inj drotaverine', 0, 0, '', NULL, 0.00, 0.00, 0.00, 0.00, 0, 0, '0000-00-00', 0, '0000-00-00', 1, 0, 0, 0.00, 0.00, 0.00),
(201, 2, 80, 1, 1, 236, 'inj lasix', 0, 0, '', NULL, 0.00, 0.00, 0.00, 0.00, 0, 0, '0000-00-00', 0, '0000-00-00', 1, 0, 0, 0.00, 0.00, 0.00),
(202, 2, 42, 1, 255, 263, 'inj hydralazine', 0, 0, '', NULL, 0.00, 0.00, 0.00, 0.00, 0, 0, '0000-00-00', 0, '0000-00-00', 1, 0, 0, 0.00, 0.00, 0.00),
(203, 2, 42, 1, 1, 302, 'inj labetalol', 0, 0, '', NULL, 59.50, 1.00, 59.50, 59.50, 0, 0, '0000-00-00', 0, '0000-00-00', 1, 0, 0, 0.00, 0.00, 59.50),
(204, 2, 90, 34, 106, 29, 'tab alp', 0, 0, '', NULL, 0.00, 0.00, 0.00, 0.00, 0, 0, '0000-00-00', 0, '0000-00-00', 1, 0, 0, 0.00, 0.00, 0.00),
(205, 2, 42, 1, 203, 543, 'tab extor', 0, 0, '', NULL, 0.00, 0.00, 0.00, 0.00, 0, 0, '0000-00-00', 0, '0000-00-00', 1, 0, 0, 0.00, 0.00, 0.00),
(206, 2, 108, 1, 187, 52, 'tab disprin', 0, 0, '', NULL, 0.00, 0.00, 0.00, 0.00, 0, 0, '0000-00-00', 0, '0000-00-00', 1, 0, 0, 0.00, 0.00, 0.00),
(207, 2, 70, 1, 87, 54, 'tab rowa', 0, 0, '', NULL, 0.00, 0.00, 0.00, 0.00, 0, 0, '0000-00-00', 0, '0000-00-00', 1, 0, 0, 0.00, 0.00, 0.00),
(208, 2, 42, 1, 203, 375, 'tab byscard', 0, 0, '', NULL, 0.00, 0.00, 0.00, 0.00, 0, 0, '0000-00-00', 0, '0000-00-00', 1, 0, 0, 0.00, 0.00, 0.00),
(209, 2, 70, 1, 177, 133, 'tab lowplat', 0, 0, '', NULL, 0.00, 0.00, 0.00, 0.00, 0, 0, '0000-00-00', 0, '0000-00-00', 1, 0, 0, 0.00, 0.00, 0.00),
(210, 1, 1, 1, 1, 1, 'tab covam', 0, 0, '', '', 0.00, 0.00, 0.00, 0.00, 0, 0, '0000-00-00', 0, '0000-00-00', 1, 0, 0, 0.00, 0.00, 0.00),
(211, 1, 1, 1, 1, 1, 'inj sv', 0, 0, '', '', 0.00, 0.00, 0.00, 0.00, 0, 0, '0000-00-00', 0, '0000-00-00', 1, 0, 0, 0.00, 0.00, 0.00),
(212, 1, 1, 1, 1, 1, 'inj dlu', 0, 0, '', '', 0.00, 0.00, 0.00, 0.00, 0, 0, '0000-00-00', 0, '0000-00-00', 1, 0, 0, 0.00, 0.00, 0.00),
(213, 1, 1, 1, 1, 1, 'iv set', 0, 0, '', '', 0.00, 0.00, 0.00, 0.00, 0, 0, '0000-00-00', 0, '0000-00-00', 1, 0, 0, 0.00, 0.00, 0.00),
(214, 1, 1, 1, 1, 1, 'tab chnzi', 0, 0, '', '', 0.00, 0.00, 0.00, 0.00, 0, 0, '0000-00-00', 0, '0000-00-00', 1, 0, 0, 0.00, 0.00, 0.00),
(215, 1, 1, 1, 1, 1, 'tab nelt', 0, 0, '', '', 0.00, 0.00, 0.00, 0.00, 0, 0, '0000-00-00', 0, '0000-00-00', 1, 0, 0, 0.00, 0.00, 0.00),
(216, 1, 1, 1, 1, 1, 'tab ach', 0, 0, '', '', 0.00, 0.00, 0.00, 0.00, 0, 0, '0000-00-00', 0, '0000-00-00', 1, 0, 0, 0.00, 0.00, 0.00),
(217, 1, 1, 1, 1, 1, 'tab clopidogrel', 0, 0, '', '', 0.00, 0.00, 0.00, 0.00, 0, 0, '0000-00-00', 0, '0000-00-00', 1, 0, 0, 0.00, 0.00, 0.00),
(218, 2, 118, 1, 95, 249, 'tab angised', 0, 0, '', NULL, 0.00, 0.00, 0.00, 0.00, 0, 0, '0000-00-00', 0, '0000-00-00', 1, 0, 0, 0.00, 0.00, 0.00),
(219, 2, 70, 16, 198, 207, 'inj enaxoprin', 0, 0, '', NULL, 0.00, 0.00, 0.00, 0.00, 0, 0, '0000-00-00', 0, '0000-00-00', 1, 0, 0, 0.00, 0.00, 0.00),
(220, 1, 1, 1, 1, 1, 'tab rosava', 0, 0, '', '', 0.00, 0.00, 0.00, 0.00, 0, 0, '0000-00-00', 0, '0000-00-00', 1, 0, 0, 0.00, 0.00, 0.00),
(221, 2, 42, 1, 87, 73, 'tab bisoprolol', 0, 0, '', NULL, 0.00, 0.00, 0.00, 0.00, 0, 0, '0000-00-00', 0, '0000-00-00', 1, 0, 0, 0.00, 0.00, 0.00),
(222, 2, 42, 1, 27, 249, 'tab cardinit 2.6mg', 0, 0, '', NULL, 0.00, 0.00, 0.00, 0.00, 0, 0, '0000-00-00', 0, '0000-00-00', 1, 0, 0, 0.00, 0.00, 0.00),
(223, 1, 1, 1, 1, 1, 'inj nalt', 0, 0, '', '', 0.00, 0.00, 0.00, 0.00, 0, 0, '0000-00-00', 0, '0000-00-00', 1, 0, 0, 0.00, 0.00, 0.00),
(224, 1, 1, 1, 1, 1, 'inf pladex', 0, 0, '', '', 0.00, 0.00, 0.00, 0.00, 0, 0, '0000-00-00', 0, '0000-00-00', 1, 0, 0, 0.00, 0.00, 0.00),
(225, 1, 1, 1, 1, 1, 'tab nocht', 0, 0, '', '', 0.00, 0.00, 0.00, 0.00, 0, 0, '0000-00-00', 0, '0000-00-00', 1, 0, 0, 0.00, 0.00, 0.00),
(226, 2, 42, 1, 197, 73, 'Tab Actim 2.5mg', 0, 0, '', NULL, 0.00, 0.00, 0.00, 0.00, 0, 0, '0000-00-00', 0, '0000-00-00', 1, 0, 0, 0.00, 0.00, 0.00),
(227, 1, 1, 1, 1, 1, 'tab bister', 0, 0, '', '', 0.00, 0.00, 0.00, 0.00, 0, 0, '0000-00-00', 0, '0000-00-00', 1, 0, 0, 0.00, 0.00, 0.00),
(228, 1, 1, 1, 1, 1, 'tab ulce', 0, 0, '', '', 0.00, 0.00, 0.00, 0.00, 0, 0, '0000-00-00', 0, '0000-00-00', 1, 0, 0, 0.00, 0.00, 0.00),
(229, 1, 1, 1, 1, 1, 'IV Line', 0, 0, '', '', 0.00, 0.00, 0.00, 0.00, 0, 0, '0000-00-00', 0, '0000-00-00', 1, 0, 0, 0.00, 0.00, 0.00),
(230, 1, 1, 1, 1, 1, 'TAB ONDIGO (onset)', 0, 0, '', '', 0.00, 0.00, 0.00, 0.00, 0, 0, '0000-00-00', 0, '0000-00-00', 1, 0, 0, 0.00, 0.00, 0.00),
(231, 1, 1, 1, 1, 1, 'Vicryl', 0, 0, '', '', 0.00, 0.00, 0.00, 0.00, 0, 0, '0000-00-00', 0, '0000-00-00', 1, 0, 0, 0.00, 0.00, 0.00),
(232, 1, 1, 1, 1, 1, 'Foly catheter', 0, 0, '', '', 0.00, 0.00, 0.00, 0.00, 0, 0, '0000-00-00', 0, '0000-00-00', 1, 0, 0, 0.00, 0.00, 0.00),
(233, 1, 1, 1, 1, 1, 'd/s', 0, 0, '', '', 0.00, 0.00, 0.00, 0.00, 0, 0, '0000-00-00', 0, '0000-00-00', 1, 0, 0, 0.00, 0.00, 0.00),
(234, 1, 1, 1, 1, 1, 'gauz Rol', 0, 0, '', '', 0.00, 0.00, 0.00, 0.00, 0, 0, '0000-00-00', 0, '0000-00-00', 1, 0, 0, 0.00, 0.00, 0.00),
(235, 1, 1, 1, 1, 1, 'Drain tube', 0, 0, '', '', 0.00, 0.00, 0.00, 0.00, 0, 0, '0000-00-00', 0, '0000-00-00', 1, 0, 0, 0.00, 0.00, 0.00),
(236, 3, 137, 6, 87, 472, 'Mepore 9x20', 0, 0, '', NULL, 55.00, 1.00, 55.00, 55.00, 0, 0, '0000-00-00', 0, '0000-00-00', 1, 0, 0, 0.00, 1485.00, 1650.00),
(237, 2, 108, 34, 174, 340, 'tab ponstan fort', 0, 0, '', NULL, 0.00, 0.00, 0.00, 0.00, 0, 0, '0000-00-00', 0, '0000-00-00', 1, 0, 0, 0.00, 0.00, 0.00),
(238, 2, NULL, 16, 3, 1, 'Bupican 10ml', 0, 0, '', NULL, 320.00, 10.00, 32.00, 32.00, 0, 0, '0000-00-00', 0, '0000-00-00', 1, 0, 0, 0.00, 640.00, 640.00),
(239, 2, 99, 1, 255, 361, 'Tab S.Tmom', 0, 0, '', NULL, 164.44, 10.00, 16.44, 16.44, 0, 0, '0000-00-00', 0, '0000-00-00', 1, 0, 0, 0.00, 82.20, 82.20),
(240, 1, 1, 1, 1, 1, 'Sanitary Pad', 0, 0, '', '', 0.00, 0.00, 0.00, 0.00, 0, 0, '0000-00-00', 0, '0000-00-00', 1, 0, 0, 0.00, 0.00, 0.00),
(241, 2, 88, 16, 14, 402, 'Inj Synto', 0, 0, '', NULL, 0.00, 0.00, 0.00, 0.00, 0, 0, '0000-00-00', 0, '0000-00-00', 1, 0, 0, 0.00, 0.00, 0.00),
(242, 2, 54, 1, 106, 532, 'inj transamine', 0, 0, '', NULL, 0.00, 0.00, 0.00, 0.00, 0, 0, '0000-00-00', 0, '0000-00-00', 1, 0, 0, 0.00, 0.00, 0.00),
(243, 1, 1, 1, 1, 1, 'Caurtry Lead', 0, 0, '', '', 0.00, 0.00, 0.00, 0.00, 0, 0, '0000-00-00', 0, '0000-00-00', 1, 0, 0, 0.00, 0.00, 0.00),
(244, 1, 1, 1, 1, 1, 'Inj Ceftricsone', 0, 0, '', '', 0.00, 0.00, 0.00, 0.00, 0, 0, '0000-00-00', 0, '0000-00-00', 1, 0, 0, 0.00, 0.00, 0.00),
(245, 1, 1, 1, 1, 1, '-', 0, 0, '', NULL, 0.00, 0.00, 0.00, 0.00, 0, 0, '0000-00-00', 0, '0000-00-00', 1, 0, 0, 0.00, 0.00, 0.00),
(246, 1, 1, 1, 1, 1, 'Chromic', 0, 0, '', '', 0.00, 0.00, 0.00, 0.00, 0, 0, '0000-00-00', 0, '0000-00-00', 1, 0, 0, 0.00, 0.00, 0.00),
(247, 1, 1, 1, 1, 1, 'Inf R/L D/W', 0, 0, '', '', 0.00, 0.00, 0.00, 0.00, 0, 0, '0000-00-00', 0, '0000-00-00', 1, 0, 0, 0.00, 0.00, 0.00),
(248, 1, 1, 1, 1, 1, 'Cap Cefixine 400mg', 0, 0, '', '', 0.00, 0.00, 0.00, 0.00, 0, 0, '0000-00-00', 0, '0000-00-00', 1, 0, 0, 0.00, 0.00, 0.00),
(249, 1, 1, 1, 1, 1, 'SYP ZIFI (Cefixine)', 0, 0, '', '', 0.00, 0.00, 0.00, 0.00, 0, 0, '0000-00-00', 0, '0000-00-00', 1, 0, 0, 0.00, 0.00, 0.00),
(250, 1, 1, 1, 1, 1, 'SYP ZIFI DS (Cefixine)', 0, 0, '', '', 0.00, 0.00, 0.00, 0.00, 0, 0, '0000-00-00', 0, '0000-00-00', 1, 0, 0, 0.00, 0.00, 0.00),
(251, 1, 1, 1, 1, 1, 'GA Medicine and ETT\nTube', 0, 0, '', '', 0.00, 0.00, 0.00, 0.00, 0, 0, '0000-00-00', 0, '0000-00-00', 1, 0, 0, 0.00, 0.00, 0.00),
(252, 1, 1, 1, 1, 1, 'D/S 10 CC', 0, 0, '', '', 0.00, 0.00, 0.00, 0.00, 0, 0, '0000-00-00', 0, '0000-00-00', 1, 0, 0, 0.00, 0.00, 0.00),
(253, 1, 1, 1, 1, 1, 'SILK 4- 0', 0, 0, '', NULL, 900.00, 12.00, 75.00, 75.00, 0, 0, '0000-00-00', 0, '0000-00-00', 1, 0, 0, 0.00, 900.00, 900.00),
(254, 1, 1, 1, 1, 1, 'CEFEXIME', 0, 0, '', '', 0.00, 0.00, 0.00, 0.00, 0, 0, '0000-00-00', 0, '0000-00-00', 1, 0, 0, 0.00, 0.00, 0.00),
(255, 1, 1, 1, 1, 1, 'SPINAL NEEDLE', 0, 0, '', '', 0.00, 0.00, 0.00, 0.00, 0, 0, '0000-00-00', 0, '0000-00-00', 1, 0, 0, 0.00, 0.00, 0.00),
(256, 1, 1, 1, 1, 1, 'POLY CATHETER', 0, 0, '', '', 0.00, 0.00, 0.00, 0.00, 0, 0, '0000-00-00', 0, '0000-00-00', 1, 0, 0, 0.00, 0.00, 0.00),
(257, 2, NULL, 13, 3, 1, 'XYLOCAN GEL', 0, 0, '', NULL, 43.00, 1.00, 43.00, 43.00, 0, 0, '0000-00-00', 0, '0000-00-00', 1, 0, 0, 0.00, 516.00, 1075.00),
(259, 1, 1, 1, 1, 1, 'URINE Bag Star', 0, 0, '', NULL, 50.00, 10.00, 5.00, 5.00, 0, 0, '0000-00-00', 0, '0000-00-00', 1, 0, 0, 0.00, 1490.00, 1500.00),
(260, 1, 1, 1, 1, 1, 'GAUZ P', 0, 0, '', '', 0.00, 0.00, 0.00, 0.00, 0, 0, '0000-00-00', 0, '0000-00-00', 1, 0, 0, 0.00, 0.00, 0.00),
(261, 1, 1, 1, 1, 1, 'VICRIL 2-0', 0, 0, '', '', 0.00, 0.00, 0.00, 0.00, 0, 0, '0000-00-00', 0, '0000-00-00', 1, 0, 0, 0.00, 0.00, 0.00),
(262, 1, 1, 1, 1, 1, 'VICRIL 1-0', 0, 0, '', '', 0.00, 0.00, 0.00, 0.00, 0, 0, '0000-00-00', 0, '0000-00-00', 1, 0, 0, 0.00, 0.00, 0.00),
(263, 3, 137, 1, 3, 1, 'SUCTION TUBE', 0, 0, '', NULL, 160.00, 1.00, 160.00, 160.00, 0, 0, '0000-00-00', 0, '0000-00-00', 1, 0, 0, 0.00, 1440.00, 2400.00),
(264, 3, 162, 6, 87, 179, 'ETT All Sizes', 0, 0, '', NULL, 122.00, 1.00, 122.00, 122.00, 0, 0, '0000-00-00', 0, '0000-00-00', 1, 0, 0, 0.00, 7250.00, 8491.00),
(265, 3, NULL, 1, 3, 1, 'SILK 1- 0 ks', 0, 0, '', '2112', 900.00, 12.00, 75.00, 75.00, 10, 0, '0000-00-00', 0, '0000-00-00', 1, 0, 0, 0.00, 600.00, 900.00),
(266, 1, 1, 1, 1, 1, 'SILK 2- 0', 0, 0, '', NULL, 900.00, 12.00, 75.00, 75.00, 0, 0, '0000-00-00', 0, '0000-00-00', 1, 0, 0, 0.00, 900.00, 900.00),
(267, 1, 1, 1, 1, 1, 'INJ PROCOPOL', 0, 0, '', '', 0.00, 0.00, 0.00, 0.00, 0, 0, '0000-00-00', 0, '0000-00-00', 1, 0, 0, 0.00, 0.00, 0.00),
(268, 1, 2, 3, 2, 4, 'ACURAN', 0, 0, '', '234', 300.00, 20.00, 15.00, 20.00, 0, 0, '0000-00-00', 0, '0000-00-00', 1, 0, 0, 0.00, 0.00, 0.00),
(269, 3, 137, 6, 87, 377, 'NELTON TUBE 24 FR', 0, 0, '', NULL, 35.00, 1.00, 35.00, 35.00, 0, 0, '0000-00-00', 0, '0000-00-00', 1, 0, 0, 0.00, 350.00, 350.00),
(270, 3, 137, 6, 169, 179, 'Pakband guaze', 0, 0, NULL, '654332', 410.00, 10.00, 41.00, 41.00, 10, NULL, NULL, NULL, NULL, 1, 0, 0, NULL, 4674.00, 6150.00),
(271, 3, 137, 6, 168, 179, 'Pakbannd Laps Sponges', 0, 0, NULL, '654321', 690.00, 10.00, 69.00, 69.00, 10, NULL, NULL, NULL, NULL, 1, 0, 0, NULL, 5520.00, 6900.00),
(272, 3, 137, 6, 11, 179, 'Neo Medical Tape (Surgical Tape)', 0, 0, NULL, '175643', 320.00, 12.00, 26.67, 26.67, 1011, NULL, NULL, NULL, NULL, 1, 0, 0, NULL, 4920.24, 6200.40),
(273, 3, 137, 6, 74, 179, 'Dignity Sheet', 0, 0, NULL, '175643', 410.00, 10.00, 41.00, 41.00, 1011, NULL, NULL, NULL, NULL, 1, 0, 0, NULL, 3936.00, 4100.00),
(274, 2, 89, 6, 14, 1, 'Oxytocin inj', 0, 0, NULL, '6542315', 330.00, 50.00, 6.60, 6.60, 100, NULL, NULL, NULL, NULL, 1, 0, 0, NULL, 1465.20, 1650.00),
(275, 3, 156, 1, 63, 506, 'Catgut 1', 0, 0, NULL, NULL, 2300.00, 12.00, 191.67, 191.67, 0, NULL, NULL, NULL, NULL, 1, 0, 0, NULL, 1916.70, 2300.04),
(276, 3, 156, 6, 63, 179, 'spinal Needle 25G', 0, 0, NULL, NULL, 160.00, 1.00, 160.00, 160.00, 0, NULL, NULL, NULL, NULL, 1, 0, 0, NULL, 6315.00, 7275.00),
(277, 3, 156, 6, 3, 179, 'Syring 1cc Bm', 0, 0, NULL, NULL, 850.00, 100.00, 8.50, 8.50, 0, NULL, NULL, NULL, NULL, 1, 0, 0, NULL, 841.50, 850.00),
(278, 3, 156, 6, 3, 179, 'syring 60cc Star', 0, 0, NULL, NULL, 68.00, 1.00, 68.00, 68.00, 0, NULL, NULL, NULL, NULL, 1, 0, 0, NULL, 2132.00, 2200.00),
(279, 3, 137, 6, 1, 179, 'Hush Pads', 0, 0, NULL, NULL, 245.00, 15.00, 16.33, 16.33, 0, NULL, NULL, NULL, NULL, 1, 0, 0, NULL, 2939.40, 3674.25),
(280, 2, NULL, 16, 1, 179, 'Kitamine 2ml inj', 0, 0, NULL, NULL, 0.00, 0.00, 0.00, 0.00, 0, NULL, NULL, NULL, NULL, 1, 0, 0, NULL, 0.00, 0.00),
(281, 3, 137, 6, 87, 472, 'Mepore 9x25', 0, 0, NULL, NULL, 65.00, 1.00, 65.00, 65.00, 0, NULL, NULL, NULL, NULL, 1, 0, 0, NULL, 1950.00, 1950.00),
(282, 3, 137, 6, 1, 179, 'Nebulizer Mask L + S', 0, 0, NULL, NULL, 135.00, 1.00, 135.00, 135.00, 0, NULL, NULL, NULL, NULL, 1, 0, 0, NULL, 2565.00, 2700.00),
(283, 3, 137, 6, 1, 179, 'Nasal prong Sml', 0, 0, NULL, NULL, 85.00, 1.00, 85.00, 85.00, 0, NULL, NULL, NULL, NULL, 1, 0, 0, NULL, 1105.00, 1105.00),
(284, 3, 137, 6, 1, 179, 'NG 16fr', 0, 0, NULL, NULL, 35.00, 1.00, 35.00, 35.00, 0, NULL, NULL, NULL, NULL, 1, 0, 0, NULL, 350.00, 350.00),
(285, 3, 137, 6, 1, 179, 'NG 5fr', 0, 0, NULL, NULL, 30.00, 1.00, 30.00, 30.00, 0, NULL, NULL, NULL, NULL, 1, 0, 0, NULL, 0.00, 0.00),
(286, 3, 137, 6, 3, 179, 'Oxygen Mask Child', 0, 0, NULL, NULL, 120.00, 1.00, 120.00, 120.00, 0, NULL, NULL, NULL, NULL, 1, 0, 0, NULL, 1200.00, 1200.00),
(287, 3, 137, 6, 105, 179, 'Oxygen Mask large', 0, 0, NULL, NULL, 120.00, 1.00, 120.00, 120.00, 0, NULL, NULL, NULL, NULL, 1, 0, 0, NULL, 1200.00, 1200.00),
(288, 3, 137, 6, 105, 179, 'Examintion GLOVES Medium', 0, 0, NULL, NULL, 950.00, 100.00, 9.50, 9.50, 0, NULL, NULL, NULL, NULL, 1, 0, 0, NULL, 4569.50, 4750.00),
(289, 3, 137, 6, 3, 179, 'cannula Stoper', 0, 0, NULL, NULL, 9.00, 10.00, 0.90, 9.00, 0, NULL, NULL, NULL, NULL, 1, 0, 0, NULL, 0.00, 0.00),
(290, 1, 2, 16, 2, 22, 'Adrnaline', 0, 0, NULL, 'xfds', 750.00, 100.00, 7.50, 7.50, 5, NULL, NULL, NULL, NULL, 1, 0, 0, NULL, 720.00, 750.00),
(291, 2, 33, 4, 700, 102, 'Pedroxime 400mg Cap', 0, 0, NULL, 'asdfasdf', 240.00, 5.00, 48.00, 48.00, 10, NULL, NULL, NULL, NULL, 1, 0, 0, NULL, 0.00, 0.00),
(292, 2, 29, 34, 700, 113, 'Zik 10mg Tab', 0, 0, NULL, 'asdf', 25.00, 10.00, 2.50, 2.50, 10, NULL, NULL, NULL, NULL, 1, 0, 0, NULL, 384.38, 384.38),
(293, 2, 108, 34, 87, 531, 'Fedromol-t 325/37.5mg tab', 0, 0, NULL, 'asdf', 79.00, 10.00, 7.90, 7.90, 10, NULL, NULL, NULL, NULL, 1, 0, 0, NULL, 809.75, 809.75),
(294, 2, 33, 28, 700, 144, 'Wicran sachet', 0, 0, NULL, 'adsf', 120.00, 10.00, 12.00, 12.00, 10, NULL, NULL, NULL, NULL, 1, 0, 0, NULL, 1845.00, 1845.00),
(295, 2, 166, 34, 700, 315, 'D-lide 25mg tab', 0, 0, NULL, 'asdf', 85.00, 20.00, 4.25, 4.25, 10, NULL, NULL, NULL, NULL, 1, 0, 0, NULL, 1306.88, 1306.88),
(296, 2, 33, 16, 700, 33, 'Amitax 100mg inj', 0, 0, NULL, '3434343', 65.00, 1.00, 65.00, 65.00, 34, NULL, NULL, NULL, NULL, 1, 0, 0, NULL, 999.38, 999.38),
(297, 2, 33, 16, 700, 33, 'Amitax 500mg inj', 0, 0, NULL, 'sdf', 147.00, 1.00, 147.00, 147.00, 0, NULL, NULL, NULL, NULL, 1, 0, 0, NULL, 1958.78, 2260.13),
(298, 2, 33, 16, 206, 33, 'Glykin-250mg inj', 0, 0, NULL, NULL, 98.00, 1.00, 98.00, 98.00, NULL, NULL, NULL, NULL, NULL, 1, 0, 0, NULL, 1506.75, 1506.75),
(299, 2, 113, 16, 569, 265, 'Rotacort 100mg inj', 0, 0, NULL, NULL, 85.00, 1.00, 85.00, 85.00, NULL, NULL, NULL, NULL, NULL, 1, 0, 0, NULL, 2905.73, 3951.23),
(300, 2, 113, 16, 569, 264, 'Rotacart 250mg inj', 0, 0, NULL, NULL, 140.00, 1.00, 140.00, 140.00, NULL, NULL, NULL, NULL, NULL, 1, 0, 0, NULL, 5922.00, 6352.50),
(301, 2, 33, 16, 206, 108, 'Celtis-500mg inj', 0, 0, NULL, NULL, 160.00, 1.00, 160.00, 160.00, NULL, NULL, NULL, NULL, NULL, 1, 0, 0, NULL, 2296.00, 2460.00),
(302, 2, 33, 16, 206, 108, 'Celtis-1G inj', 0, 0, NULL, NULL, 225.00, 1.00, 225.00, 225.00, NULL, NULL, NULL, NULL, NULL, 1, 0, 0, NULL, 1845.00, 3459.38),
(303, 2, 33, 16, 206, 108, 'Celtis-250mg inj', 0, 0, NULL, NULL, 105.00, 1.00, 105.00, 105.00, NULL, NULL, NULL, NULL, NULL, 1, 0, 0, NULL, 1614.38, 1614.38),
(304, 2, 33, 16, 173, 48, 'Apoclox 250mg inj', 0, 0, NULL, NULL, 55.00, 1.00, 55.00, 55.00, NULL, NULL, NULL, NULL, NULL, 1, 0, 0, NULL, 946.00, 1960.75),
(305, 2, 109, 16, 569, 392, 'Timezol 40mg inj', 0, 0, NULL, NULL, 125.00, 1.00, 125.00, 125.00, NULL, NULL, NULL, NULL, NULL, 1, 0, 0, NULL, 1921.88, 1921.88),
(306, 2, 33, 14, 700, 353, 'Novazol 500mg inf', 0, 0, NULL, NULL, 95.00, 1.00, 95.00, 95.00, NULL, NULL, NULL, NULL, NULL, 1, 0, 0, NULL, 2239.63, 2921.25),
(307, 2, 40, 16, 569, 173, 'GVN 50mg inj', 0, 0, NULL, NULL, 205.00, 25.00, 8.20, 8.20, NULL, NULL, NULL, NULL, NULL, 1, 0, 0, NULL, 1773.46, 2101.25),
(308, 2, 113, 16, 569, 154, 'DMX 4mg inj', 0, 0, NULL, NULL, 190.00, 25.00, 7.60, 7.60, NULL, NULL, NULL, NULL, NULL, 1, 0, 0, NULL, 1846.23, 1947.50),
(309, 2, 33, 16, 206, 103, 'Deezon 1g inj', 0, 0, NULL, NULL, 190.00, 1.00, 190.00, 190.00, NULL, NULL, NULL, NULL, NULL, 1, 0, 0, NULL, 2921.25, 2921.25),
(310, 2, 33, 16, 206, 103, 'Deezone 2g inj', 0, 0, NULL, NULL, 280.00, 1.00, 280.00, 280.00, NULL, NULL, NULL, NULL, NULL, 1, 0, 0, NULL, 3731.00, 4305.00),
(311, 2, 40, 16, 569, 394, 'ODS 8mg inj', 0, 0, NULL, NULL, 350.00, 5.00, 70.00, 70.00, NULL, NULL, NULL, NULL, NULL, 1, 0, 0, NULL, 1076.25, 1793.75),
(312, 2, 106, 14, 700, 404, 'Novetamol 1g inf', 0, 0, NULL, NULL, 115.00, 1.00, 115.00, 115.00, NULL, NULL, NULL, NULL, NULL, 1, 0, 0, NULL, 2593.25, 3536.25),
(313, 2, 70, 34, 569, 133, 'Novaclop 75mg Tab', 0, 0, NULL, NULL, 250.00, 28.00, 8.93, 8.93, NULL, NULL, NULL, NULL, NULL, 1, 0, 0, NULL, 2562.91, 2562.91),
(314, 2, 42, 34, 87, 330, 'Osaar 50mg tab', 0, 0, NULL, NULL, 220.00, 20.00, 11.00, 11.00, NULL, NULL, NULL, NULL, NULL, 1, 0, 0, NULL, 1127.50, 1127.50),
(315, 2, 109, 34, 87, 216, 'Fedcid 40mg Tab', 0, 0, NULL, NULL, 30.00, 10.00, 3.00, 3.00, NULL, NULL, NULL, NULL, NULL, 1, 0, 0, NULL, 307.50, 307.50),
(316, 2, 54, 16, 569, 532, 'Tenamic 500mg inj', 0, 0, NULL, NULL, 400.00, 10.00, 40.00, 40.00, NULL, NULL, NULL, NULL, NULL, 1, 0, 0, NULL, 246.00, 410.00),
(317, 2, 33, 16, 206, 104, 'Cliver-500mg inj', 0, 0, NULL, NULL, 110.00, 1.00, 110.00, 110.00, NULL, NULL, NULL, NULL, NULL, 1, 0, 0, NULL, 1240.25, 1691.25),
(318, 2, 33, 16, 206, 102, 'Cliver-1g inj', 0, 0, NULL, NULL, 175.00, 1.00, 175.00, 175.00, NULL, NULL, NULL, NULL, NULL, 1, 0, 0, NULL, 1793.75, 1793.75),
(319, 2, 33, 34, 87, 58, 'Zefed 500mg tab', 0, 0, NULL, NULL, 280.00, 6.00, 46.67, 46.67, NULL, NULL, NULL, NULL, NULL, 1, 0, 0, NULL, 2870.21, 2870.21),
(320, 2, 33, 34, 700, 365, 'Ayanomox 400mg tab', 0, 0, NULL, NULL, 250.00, 5.00, 50.00, 50.00, NULL, NULL, NULL, NULL, NULL, 1, 0, 0, NULL, 2562.50, 2562.50),
(321, 2, 108, 34, 569, 229, 'Puricap 100mg Tab', 0, 0, NULL, NULL, 220.00, 30.00, 7.33, 7.33, NULL, NULL, NULL, NULL, NULL, 1, 0, 0, NULL, 1126.99, 1126.99),
(322, 2, 90, 34, 700, 76, 'Niquil 3mg Tab', 0, 0, NULL, NULL, 305.00, 30.00, 10.17, 10.17, NULL, NULL, NULL, NULL, NULL, 1, 0, 0, NULL, 1614.49, 1614.49),
(323, 2, 33, 34, 700, 124, 'Orcid 500mg Tab', 0, 0, NULL, NULL, 475.00, 10.00, 47.50, 47.50, NULL, NULL, NULL, NULL, NULL, 1, 0, 0, NULL, 7671.25, 9618.75),
(324, 2, 33, 34, 569, 127, 'Texklar 500mg tab', 0, 0, NULL, NULL, 510.00, 10.00, 51.00, 51.00, NULL, NULL, NULL, NULL, NULL, 1, 0, 0, NULL, 2550.00, 2550.00),
(325, 2, 33, 34, 206, 313, 'Bexus 500mg Tab', 0, 0, NULL, NULL, 200.00, 10.00, 20.00, 20.00, NULL, NULL, NULL, NULL, NULL, 1, 0, 0, NULL, 2050.00, 2050.00),
(326, 3, 137, 6, 87, 179, '10cc zindagi Siring', 0, 0, NULL, NULL, 900.00, 100.00, 9.00, 9.00, NULL, NULL, NULL, NULL, NULL, 1, 0, 0, NULL, 2799.00, 4500.00),
(327, 3, 137, 6, 87, 179, '5cc zindagi Siring', 0, 0, NULL, NULL, 600.00, 50.00, 12.00, 12.00, NULL, NULL, NULL, NULL, NULL, 1, 0, 0, NULL, 2676.00, 3000.00),
(328, 3, 137, 6, 87, 179, '20cc zindagi Siring', 0, 0, NULL, NULL, 2200.00, 100.00, 22.00, 22.00, NULL, NULL, NULL, NULL, NULL, 1, 0, 0, NULL, 1914.00, 2200.00),
(329, 3, 137, 6, 87, 179, 'Drip Set Zindagi', 0, 0, NULL, NULL, 600.00, 60.00, 10.00, 10.00, NULL, NULL, NULL, NULL, NULL, 1, 0, 0, NULL, 0.00, 0.00),
(330, NULL, NULL, 6, 87, 179, '1cc Insulin Silver Sirange', 0, 0, NULL, NULL, 1700.00, 100.00, 17.00, 17.00, NULL, NULL, NULL, NULL, NULL, 1, 0, 0, NULL, 1564.00, 1700.00),
(331, 3, 137, 6, 87, 179, '5cc clinic Syring', 0, 0, NULL, NULL, 570.00, 100.00, 5.70, 5.70, NULL, NULL, NULL, NULL, NULL, 1, 0, 0, NULL, 4468.80, 4560.00),
(332, 2, 33, 4, 87, 102, 'Fedroxime 400mg', 0, 0, NULL, 'dsf', 240.00, 5.00, 48.00, 48.00, 3, NULL, NULL, NULL, NULL, 1, 0, 0, NULL, 3444.00, 3690.00),
(333, 2, 33, 14, 87, 1, 'Novazol 100ml', 0, 0, NULL, NULL, 95.00, 1.00, 95.00, 95.00, NULL, NULL, NULL, NULL, NULL, 1, 0, 0, NULL, 0.00, 0.00),
(334, 3, 137, 6, 87, 179, 'Zindagi IV set Blister', 0, 0, NULL, NULL, 1320.00, 60.00, 22.00, 22.00, NULL, NULL, NULL, NULL, NULL, 1, 0, 0, NULL, 6116.00, 6600.00),
(335, 3, 162, 6, 87, 179, 'N.G Tube 5', 0, 0, NULL, 'sdf', 30.00, 1.00, 30.00, 30.00, 5, NULL, NULL, NULL, NULL, 1, 0, 0, NULL, 0.00, 0.00),
(336, 3, 157, 6, 63, NULL, 'Silk 3-0', 0, 0, NULL, NULL, 900.00, 12.00, 75.00, 75.00, NULL, NULL, NULL, NULL, NULL, 1, 0, 0, NULL, 900.00, 900.00),
(337, 3, 157, 6, 63, 179, 'PROLINE 2-0 SB', 0, 0, NULL, NULL, 3500.00, 12.00, 291.67, 291.67, NULL, NULL, NULL, NULL, NULL, 1, 0, 0, NULL, 6300.00, 6300.00),
(338, 3, 157, 6, 63, NULL, 'PROLINE 2-0 RB', 0, 0, NULL, NULL, 3500.00, 12.00, 291.67, 291.67, NULL, NULL, NULL, NULL, NULL, 1, 0, 0, NULL, 2916.70, 3500.04),
(339, 3, 157, 6, 63, 179, 'CATGUT 2-0', 0, 0, NULL, NULL, 2300.00, 12.00, 191.67, 191.67, NULL, NULL, NULL, NULL, NULL, 1, 0, 0, NULL, 9200.16, 2300.04),
(340, 2, 109, 34, 87, 392, 'Omsta 20mg', 0, 0, NULL, '0', 191.00, 14.00, 13.64, 13.64, NULL, NULL, NULL, NULL, NULL, 1, 0, 0, NULL, 3941.96, 4010.16),
(341, 2, 109, 34, 87, 392, 'Omsta 40mg', 0, 0, NULL, '0', 258.00, 14.00, 18.43, 18.43, 0, NULL, NULL, NULL, NULL, 1, 0, 0, NULL, 1548.12, 1935.15),
(342, 2, 33, 34, 87, 124, 'Bactcid 250mg', 0, 0, NULL, '0', 174.00, 10.00, 17.40, 17.40, 0, NULL, NULL, NULL, NULL, 1, 0, 0, NULL, 522.00, 522.00),
(343, 2, 33, 34, 87, 124, 'Bactcid 500mg', 0, 0, NULL, '0', 327.00, 10.00, 32.70, 32.70, NULL, NULL, NULL, NULL, NULL, 1, 0, 0, NULL, 1308.00, 1308.00),
(344, 2, 40, 34, 104, 350, 'Maxolon 10mg Tab', 0, 0, NULL, NULL, 184.73, 100.00, 1.85, 1.85, 0, NULL, NULL, NULL, NULL, 1, 0, 0, NULL, 740.00, 740.00);
INSERT INTO `products` (`ProductID`, `main_category_id`, `sub_category_id`, `item_form_id`, `item_make_id`, `generic_name_id`, `ProductName`, `BrandID`, `UnitID`, `specification_name`, `BarCode`, `pack_price`, `pack_size`, `PurchasePrice`, `SalePrice`, `low_limit`, `CreatedBy`, `CreatedAt`, `ModifiedBy`, `ModifiedAt`, `IsActive`, `zakat_purchase_price`, `zakat_qty`, `taxPercentage`, `total_amount_of_avaliable_stock`, `total_amount_of_purchase_stock`) VALUES
(345, 2, 70, 34, 130, 465, 'Xenecor 10mg', 0, 0, NULL, NULL, 285.60, 10.00, 28.56, 28.56, 5, NULL, NULL, NULL, NULL, 1, 0, 0, NULL, 2713.20, 2856.00),
(346, 2, 85, 33, 27, 160, 'Combinol D 120ml Syp', 0, 0, NULL, NULL, 81.00, 1.00, 81.00, 81.00, NULL, NULL, NULL, NULL, NULL, 1, 0, 0, NULL, 1053.00, 1053.00),
(347, 2, 85, 33, 27, 36, 'Combinol E syp', 0, 0, NULL, NULL, 64.00, 1.00, 64.00, 64.00, NULL, NULL, NULL, NULL, NULL, 1, 0, 0, NULL, 576.00, 576.00),
(348, 2, 33, 16, 178, 103, 'Cefactum 2g inj', 0, 0, NULL, NULL, 382.00, 1.00, 382.00, 382.00, NULL, NULL, NULL, NULL, NULL, 1, 0, 0, NULL, 7258.00, 9550.00),
(349, 2, 33, 16, 178, 103, 'Cefactum 1g inj', 0, 0, NULL, NULL, 255.00, 1.00, 255.00, 255.00, NULL, NULL, NULL, NULL, NULL, 1, 0, 0, NULL, 3060.00, 3060.00),
(350, 2, 55, 34, 247, 212, 'Cheerup 10mg', 0, 0, NULL, NULL, 461.00, 14.00, 32.93, 32.93, 0, NULL, NULL, NULL, NULL, 1, 0, 0, NULL, 922.04, 922.04),
(351, 2, 33, 34, 67, 365, 'Bemox 400mg Tab', 0, 0, NULL, NULL, 420.00, 5.00, 84.00, 84.00, NULL, NULL, NULL, NULL, NULL, 1, 0, 0, NULL, 2520.00, 2520.00),
(352, 2, 33, 4, 95, 111, 'Ceporex 500mg cap', 0, 0, NULL, NULL, 326.00, 12.00, 27.17, 27.17, 0, NULL, NULL, NULL, NULL, 1, 0, 0, NULL, 2282.28, 2282.28),
(353, 2, 33, 4, 95, 111, 'Ceporex 250mg cap', 0, 0, NULL, NULL, 154.00, 12.00, 12.83, 12.83, NULL, NULL, NULL, NULL, NULL, 1, 0, 0, NULL, 1077.72, 1077.72),
(354, 2, 109, 4, 238, 157, 'Dexirant 30mg', 0, 0, NULL, NULL, 748.00, 30.00, 24.93, 24.93, 0, NULL, NULL, NULL, NULL, 1, 0, 0, NULL, 1495.80, 1495.80),
(355, 2, 109, 4, 170, 213, 'Estra 20mg Cap', 0, 0, NULL, NULL, 206.00, 14.00, 14.71, 14.71, NULL, NULL, NULL, NULL, NULL, 1, 0, 0, NULL, 823.76, 823.76),
(356, 2, 42, 34, 104, 375, 'Nebix 5mg Tab', 0, 0, NULL, NULL, 344.00, 20.00, 17.20, 17.20, NULL, NULL, NULL, NULL, NULL, 1, 0, 0, NULL, 688.00, 688.00),
(357, 2, 42, 34, 104, 375, 'Nebix 2.5mg Tab', 0, 0, NULL, NULL, 206.00, 20.00, 10.30, 10.30, 0, NULL, NULL, NULL, NULL, 1, 0, 0, NULL, 0.00, 0.00),
(358, 2, 85, 33, 27, 296, 'Combinol H Syp', 0, 0, NULL, NULL, 174.00, 1.00, 174.00, 174.00, NULL, NULL, NULL, NULL, NULL, 1, 0, 0, NULL, 1741.70, 1741.70),
(359, 2, 85, 33, 224, 177, 'Broxol DM Syp', 0, 0, NULL, NULL, 85.00, 1.00, 85.00, 85.00, NULL, NULL, NULL, NULL, NULL, 1, 0, 0, NULL, 340.00, 340.00),
(360, 2, 85, 33, 224, 36, 'Broxol Syp', 0, 0, NULL, NULL, 68.00, 1.00, 68.00, 68.00, 3, NULL, NULL, NULL, NULL, 1, 0, 0, NULL, 272.00, 272.00),
(361, 2, 29, 34, 245, 220, 'Softin-F 60mg Tab', 0, 0, NULL, NULL, 70.00, 10.00, 7.00, 7.00, NULL, NULL, NULL, NULL, NULL, 1, 0, 0, NULL, 210.00, 210.00),
(362, 2, 29, 34, 245, 220, 'Softin-F 180mg Tab', 0, 0, NULL, NULL, 192.00, 10.00, 19.20, 19.20, NULL, NULL, NULL, NULL, NULL, 1, 0, 0, NULL, 1344.00, 1344.00),
(363, 2, 33, 4, 172, 58, 'Zithropan 250mg Cap', 0, 0, NULL, NULL, 394.00, 10.00, 39.40, 39.40, NULL, NULL, NULL, NULL, NULL, 1, 0, 0, NULL, 1970.00, 1970.00),
(364, 2, 109, 34, 104, 499, 'Ulsanic 500mg tab', 0, 0, NULL, NULL, 135.00, 20.00, 6.75, 6.75, NULL, NULL, NULL, NULL, NULL, 1, 0, 0, NULL, 0.00, 0.00),
(365, 2, 108, 16, 70, 301, 'Etolac 30mg inj', 0, 0, NULL, NULL, 700.00, 5.00, 140.00, 140.00, NULL, NULL, NULL, NULL, NULL, 1, 0, 0, NULL, 140.00, 700.00),
(366, 2, 42, 16, 255, 263, 'Hydralazine 20mg inj', 0, 0, NULL, NULL, 37.90, 1.00, 37.90, 37.90, NULL, NULL, NULL, NULL, NULL, 1, 0, 0, NULL, 691.60, 691.60),
(367, 2, 108, 16, 229, 301, 'Toraject 30mg inj', 0, 0, NULL, NULL, 401.00, 5.00, 80.20, 80.20, NULL, NULL, NULL, NULL, NULL, 1, 0, 0, NULL, 962.40, 1604.00),
(368, 2, 108, 16, 179, 530, 'Tradol 100mg inj', 0, 0, NULL, NULL, 165.00, 5.00, 33.00, 33.00, NULL, NULL, NULL, NULL, NULL, 1, 0, 0, NULL, 165.00, 330.00),
(369, 2, 29, 34, 203, 221, 'Xadine plus', 0, 0, NULL, NULL, 108.00, 10.00, 10.80, 10.80, NULL, NULL, NULL, NULL, NULL, 1, 0, 0, NULL, 540.00, 540.00),
(370, 2, 33, 4, 44, 58, 'Acasia 250mg Cap', 0, 0, NULL, NULL, 374.00, 10.00, 37.40, 37.40, NULL, NULL, NULL, NULL, NULL, 1, 0, 0, NULL, 374.00, 374.00),
(371, 2, 33, 34, 43, 58, 'Acasia 500mg Tab', 0, 0, NULL, NULL, 300.00, 6.00, 50.00, 50.00, NULL, NULL, NULL, NULL, NULL, 1, 0, 0, NULL, 1201.68, 1201.68),
(372, 2, 103, 34, 187, 52, 'Disprain 300mg Tab', 0, 0, NULL, NULL, 230.00, 100.00, 2.30, 2.30, NULL, NULL, NULL, NULL, NULL, 1, 0, 0, NULL, 230.00, 230.00),
(373, 2, 68, 34, 245, 73, 'Monitor 2.5mg', 0, 0, NULL, NULL, 53.00, 14.00, 3.79, 3.79, NULL, NULL, NULL, NULL, NULL, 1, 0, 0, NULL, 106.12, 106.12),
(374, 2, 118, 34, 95, 248, 'Angised 0.5mg Tab', 0, 0, NULL, NULL, 97.00, 60.00, 1.62, 1.62, NULL, NULL, NULL, NULL, NULL, 1, 0, 0, NULL, 97.20, 97.20),
(375, 2, 108, 33, 224, 274, 'Fenbro 8 plus Syp', 0, 0, NULL, NULL, 90.00, 1.00, 90.00, 90.00, NULL, NULL, NULL, NULL, NULL, 1, 0, 0, NULL, 450.00, 810.00),
(376, 2, 85, 33, 224, 17, 'Brothyl-D syp', 0, 0, NULL, NULL, 118.00, 1.00, 118.00, 118.00, NULL, NULL, NULL, NULL, NULL, 1, 0, 0, NULL, 236.00, 472.00),
(377, 2, 108, 34, 104, 16, 'Airtal ER 200mg tab', 0, 0, NULL, NULL, 280.00, 10.00, 28.00, 28.00, NULL, NULL, NULL, NULL, NULL, 1, 0, 0, NULL, 4760.00, 6160.00),
(378, 2, 108, 34, 104, 16, 'Airtal 100mg tab', 0, 0, NULL, NULL, 308.00, 20.00, 15.40, 15.40, NULL, NULL, NULL, NULL, NULL, 1, 0, 0, NULL, 1386.00, 1694.00),
(379, 2, 108, 34, 4, 169, 'Artifen 50mg Tab', 0, 0, NULL, NULL, 655.00, 100.00, 6.55, 6.55, NULL, NULL, NULL, NULL, NULL, 1, 0, 0, NULL, 3471.50, 3930.00),
(380, 2, 42, 34, 104, 511, 'Misar 20mg Tab', 0, 0, NULL, NULL, 306.00, 20.00, 15.30, 15.30, 4, NULL, NULL, NULL, NULL, 1, 0, 0, NULL, 1530.00, 1530.00),
(381, 2, 42, 34, 104, 511, 'Misar 40mg Tab', 0, 0, NULL, NULL, 460.00, 20.00, 23.00, 23.00, 4, NULL, NULL, NULL, NULL, 1, 0, 0, NULL, 2300.00, 2300.00),
(382, 2, 42, 34, 104, 511, 'Misar 80mg Tab', 0, 0, NULL, NULL, 629.00, 20.00, 31.45, 31.45, 20, NULL, NULL, NULL, NULL, 1, 0, 0, NULL, 3145.00, 3145.00),
(383, 2, 42, 34, 104, 512, 'Misara AM 40/5 mg', 0, 0, NULL, NULL, 476.00, 20.00, 23.80, 23.80, NULL, NULL, NULL, NULL, NULL, 1, 0, 0, NULL, 2380.00, 2380.00),
(384, 2, 42, 34, 104, 512, 'Misar AM 40/10 mg', 0, 0, NULL, NULL, 484.50, 20.00, 24.23, 24.23, NULL, NULL, NULL, NULL, NULL, 1, 0, 0, NULL, 2423.00, 2423.00),
(385, 2, 42, 34, 104, 513, 'Misar H 40/12.5 mg Tab', 0, 0, NULL, NULL, 476.00, 20.00, 23.80, 23.80, NULL, NULL, NULL, NULL, NULL, 1, 0, 0, NULL, 2380.00, 2380.00),
(386, 2, 108, 34, 43, 426, 'Pexy 20mg Tab', 0, 0, NULL, NULL, 257.00, 20.00, 12.85, 12.85, NULL, NULL, NULL, NULL, NULL, 1, 0, 0, NULL, 3598.00, 3598.00),
(387, 2, 93, 34, 104, 491, 'Skilax 5mg Tab', 0, 0, NULL, NULL, 234.88, 60.00, 3.91, 3.91, NULL, NULL, NULL, NULL, NULL, 1, 0, 0, NULL, 2346.00, 2346.00),
(388, 2, 42, 34, 177, 42, 'Avsar Plus 160/5/25 mg tab', 0, 0, NULL, NULL, 382.50, 28.00, 13.66, 13.66, NULL, NULL, NULL, NULL, NULL, 1, 0, 0, NULL, 1912.40, 1912.40),
(389, 2, 42, 34, 177, 42, 'Avsar Plus 320/10/25 mg tab', 0, 0, NULL, NULL, 467.50, 28.00, 16.70, 16.70, NULL, NULL, NULL, NULL, NULL, 1, 0, 0, NULL, 1870.40, 1870.40),
(390, 2, 42, 34, 177, 42, 'Avsar plus 160/10/12.5 mg tab', 0, 0, NULL, NULL, 403.75, 28.00, 14.42, 14.42, NULL, NULL, NULL, NULL, NULL, 1, 0, 0, NULL, 0.00, 0.00),
(391, 2, 42, 34, 177, 42, 'Avsar plus 160/5/12.5 mg tab', 0, 0, NULL, NULL, 361.25, 28.00, 12.90, 12.90, NULL, NULL, NULL, NULL, NULL, 1, 0, 0, NULL, 0.00, 0.00),
(392, 2, 42, 34, 177, 42, 'Avsar plus 160/10/25 mg tab', 0, 0, NULL, NULL, 424.62, 28.00, 15.17, 15.17, 5, NULL, NULL, NULL, NULL, 1, 0, 0, NULL, 849.52, 849.52),
(393, 2, 33, 34, 170, 124, 'Cipropal 250mg Tab', 0, 0, NULL, NULL, 184.40, 10.00, 18.44, 18.40, NULL, NULL, NULL, NULL, NULL, 1, 0, 0, NULL, 184.40, 184.40),
(394, 2, 76, 4, 6, 532, 'Maxna 500mg Cap', 0, 0, NULL, NULL, 432.13, 20.00, 21.61, 21.61, NULL, NULL, NULL, NULL, NULL, 1, 0, 0, NULL, 1728.80, 1728.80),
(395, 2, 40, 34, 93, 185, 'Pelton-V Tab', 0, 0, NULL, NULL, 909.50, 100.00, 9.10, 9.10, NULL, NULL, NULL, NULL, NULL, 1, 0, 0, NULL, 8190.00, 8190.00),
(396, 2, 109, 34, 104, 499, 'Ulsanix 1gm Tab', 0, 0, NULL, NULL, 112.80, 10.00, 11.28, 11.28, NULL, NULL, NULL, NULL, NULL, 1, 0, 0, NULL, 1015.20, 1015.20),
(397, 2, 108, 16, 233, 421, 'Spadix 4ml  Inj', 0, 0, NULL, NULL, 340.00, 6.00, 56.67, 56.67, NULL, NULL, NULL, NULL, NULL, 1, 0, 0, NULL, 813.42, 1040.10),
(398, 2, 93, 33, 4, 306, 'Duphalac Syp', 0, 0, NULL, NULL, 243.55, 1.00, 243.55, 243.55, NULL, NULL, NULL, NULL, NULL, 1, 0, 0, NULL, 245.99, 976.64),
(399, 2, 108, 16, 93, 370, 'Malfy 10mg inj', 0, 0, NULL, NULL, 220.00, 5.00, 44.00, 44.00, NULL, NULL, NULL, NULL, NULL, 1, 0, 0, NULL, 0.00, 0.00),
(400, 2, 53, 16, 106, 532, 'Transamin 500mg Inj', 0, 0, NULL, NULL, 1378.52, 10.00, 137.85, 137.85, NULL, NULL, NULL, NULL, NULL, 1, 0, 0, NULL, 827.10, 1378.50),
(401, 3, 137, 6, 155, 179, 'Foley catheter 16fr/CH', 0, 0, NULL, NULL, 90.00, 1.00, 90.00, 90.00, 4, NULL, NULL, NULL, NULL, 1, 0, 0, NULL, 3585.00, 3670.00),
(402, 3, 137, 6, 256, 1, 'Cartilead', 0, 0, NULL, NULL, 190.00, 1.00, 190.00, 190.00, NULL, NULL, NULL, NULL, NULL, 1, 0, 0, NULL, 0.00, 380.00),
(403, 2, 33, 34, 224, 353, 'Riam 400mg Tab', 0, 0, NULL, NULL, 312.00, 100.00, 3.12, 3.12, NULL, NULL, NULL, NULL, NULL, 1, 0, 0, NULL, 218.40, 561.60),
(404, 3, 137, 6, 228, 179, 'Gloves 8 (super max)', 0, 0, NULL, NULL, 130.00, 1.00, 130.00, 130.00, NULL, NULL, NULL, NULL, NULL, 1, 0, 0, NULL, 260.00, 650.00),
(405, 2, 27, 16, 30, 507, 'Suxathon 100mg inj', 0, 0, NULL, NULL, 400.00, 10.00, 40.00, 40.00, NULL, NULL, NULL, NULL, NULL, 1, 0, 0, NULL, 818.00, 1160.00),
(406, 2, 115, 16, 30, 332, 'Magnesium sulphate (Epsium) 10', 0, 0, NULL, NULL, 671.93, 25.00, 26.88, 26.88, 10, NULL, NULL, NULL, NULL, 1, 0, 0, NULL, 0.00, 0.00),
(407, 2, 33, 14, 83, 124, 'Stericipro 200mg Infusion', 0, 0, NULL, NULL, 80.00, 1.00, 80.00, 80.00, NULL, NULL, NULL, NULL, NULL, 1, 0, 0, NULL, 0.00, 0.00),
(408, 2, 27, 16, 30, 251, 'Glycosting Inj', 0, 0, NULL, '32', 620.00, 10.00, 62.00, 62.00, 3, NULL, NULL, NULL, NULL, 1, 0, 0, NULL, 1054.00, 1240.00),
(409, 2, 25, 16, 30, 378, 'Neosting-N Inj', 0, 0, NULL, NULL, 350.00, 10.00, 35.00, 35.00, NULL, NULL, NULL, NULL, NULL, 1, 0, 0, NULL, 1505.00, 700.00),
(410, 3, 137, 6, 87, 179, 'Gloves 8 LATEX', 0, 0, NULL, NULL, 75.00, 1.00, 75.00, 75.00, NULL, NULL, NULL, NULL, NULL, 1, 0, 0, NULL, 750.00, 750.00),
(411, 2, 57, 16, 87, 532, 'Transolide 500mg Inj', 0, 0, NULL, NULL, 480.00, 10.00, 48.00, 48.00, NULL, NULL, NULL, NULL, NULL, 1, 0, 0, NULL, 1680.00, 2400.00),
(412, 2, 42, 34, 87, 512, 'Misara AM 80/5 mg', 0, 0, NULL, NULL, 646.00, 20.00, 32.30, 32.30, NULL, NULL, NULL, NULL, NULL, 1, 0, 0, NULL, 0.00, 0.00),
(413, 3, 138, 14, 1, 179, 'STERIFLUID RLD 500ML', 0, 0, NULL, NULL, 70.00, 1.00, 70.00, 70.00, NULL, NULL, NULL, NULL, NULL, 1, 0, 0, NULL, 1810.00, 2020.00),
(414, 3, 137, 14, 1, 179, 'STERIFLUID RLD 1000ML', 0, 0, NULL, NULL, 90.00, 1.00, 90.00, 90.00, NULL, NULL, NULL, NULL, NULL, 1, 0, 0, NULL, 2680.00, 2950.00),
(415, 3, 137, 14, 1, 179, 'STERIFLUID RL 500ML', 0, 0, NULL, NULL, 70.00, 1.00, 70.00, 70.00, NULL, NULL, NULL, NULL, NULL, 1, 0, 0, NULL, 2725.00, 3220.00),
(416, 3, 137, 14, 1, 179, 'STERIFLUID RL1000ML', 0, 0, NULL, NULL, 90.00, 1.00, 90.00, 90.00, NULL, NULL, NULL, NULL, NULL, 1, 0, 0, NULL, 6200.00, 8150.00),
(417, 3, 137, 14, 1, 179, 'STERIFLUID NS 500ML', 0, 0, NULL, NULL, 70.00, 1.00, 70.00, NULL, NULL, NULL, NULL, NULL, NULL, 1, 0, 0, NULL, 1850.00, 1920.00),
(418, 3, 137, 14, 1, 179, 'STERIFLUID NS 1000ML', 0, 0, NULL, NULL, 90.00, 1.00, 90.00, 90.00, NULL, NULL, NULL, NULL, NULL, 1, 0, 0, NULL, 3330.00, 6759.00),
(419, 3, 137, 14, 1, NULL, 'STERIFLUID NS 100ML', 0, 0, NULL, NULL, 50.00, 1.00, 50.00, 50.00, NULL, NULL, NULL, NULL, NULL, 1, 0, 0, NULL, 6720.00, 7280.00),
(420, 2, 108, 34, 95, 404, 'CALPOL TAB  500MG', 0, 0, NULL, NULL, 399.00, 200.00, 2.00, 2.00, NULL, NULL, NULL, NULL, NULL, 1, 0, 0, NULL, 400.00, 400.00),
(421, 2, 93, 14, 149, 362, 'KLEEN ENEEMA', 0, 0, NULL, NULL, 148.75, 1.00, 148.75, 148.75, NULL, NULL, NULL, NULL, NULL, 1, 0, 0, NULL, 5347.13, 2135.00),
(422, 2, 116, 14, 83, 164, 'Sterifluid-5 100ML', 0, 0, NULL, NULL, 50.00, 1.00, 50.00, 50.00, NULL, NULL, NULL, NULL, NULL, 1, 0, 0, NULL, 2880.00, 4100.00),
(423, 2, 63, 16, 198, 193, 'NOSPA 40MG INJ', 0, 0, NULL, NULL, 1556.82, 25.00, 62.27, 62.27, NULL, NULL, NULL, NULL, NULL, 1, 0, 0, NULL, 311.35, 311.35),
(424, 2, 40, 16, 117, 350, 'Metoclon 10mg inj', 0, 0, NULL, NULL, 519.80, 20.00, 25.99, 25.99, NULL, NULL, NULL, NULL, NULL, 1, 0, 0, NULL, 259.90, 259.90),
(425, 2, 33, 34, 39, 137, 'calamox 1gm tab', 0, 0, NULL, NULL, 242.84, 6.00, 40.47, 40.47, NULL, NULL, NULL, NULL, NULL, 1, 0, 0, NULL, 11736.30, 12141.00),
(426, 2, 33, 33, 39, 137, 'Calamox 156.25 90ml', 0, 0, NULL, NULL, 174.62, 1.00, 174.62, 174.62, NULL, NULL, NULL, NULL, NULL, 1, 0, 0, NULL, 1571.58, 1746.20),
(427, 2, 33, 33, 39, 137, 'Calamox 312.50/90ml', 0, 0, NULL, NULL, 283.76, 1.00, 283.76, 283.76, NULL, NULL, NULL, NULL, NULL, 1, 0, 0, NULL, 2553.84, 2837.60),
(428, 2, 33, 34, 39, 137, 'Calamox 375mg Tab', 0, 0, NULL, NULL, 147.34, 6.00, 24.56, 24.56, NULL, NULL, NULL, NULL, NULL, 1, 0, 0, NULL, 1473.60, 1473.60),
(429, 2, 33, 34, 39, 137, 'Calamox 625mg Tab', 0, 0, NULL, NULL, 191.90, 6.00, 31.98, 31.98, NULL, NULL, NULL, NULL, NULL, 1, 0, 0, NULL, 7995.00, 9594.00),
(430, 2, 33, 33, 39, 137, 'Calamox Duo 70ml', 0, 0, NULL, NULL, 274.67, 1.00, 274.67, 274.67, NULL, NULL, NULL, NULL, NULL, 1, 0, 0, NULL, 2746.70, 2746.70),
(431, 2, 113, 16, 87, 154, 'decadron inj', 0, 0, NULL, NULL, 655.75, 25.00, 26.23, 26.23, NULL, NULL, NULL, NULL, NULL, 1, 0, 0, NULL, 0.00, 0.00),
(432, 2, 25, 13, 149, 175, 'Glandin Vaginal Gel', 0, 0, NULL, NULL, 1189.15, 1.00, 1189.15, 1189.15, NULL, NULL, NULL, NULL, NULL, 1, 0, 0, NULL, 1189.15, 1189.15),
(433, 3, 125, 1, 1, 1, 'Cord Clamp', 0, 0, NULL, NULL, 18.00, 1.00, 18.00, 18.00, NULL, NULL, NULL, NULL, NULL, 1, 0, 0, NULL, 676.00, 730.00),
(434, 3, 125, 1, 1, 1, 'Orthoplast Gipsona', 0, 0, NULL, NULL, 1080.00, 6.00, 180.00, 180.00, NULL, NULL, NULL, NULL, NULL, 1, 0, 0, NULL, 3960.00, 4320.00),
(435, 3, 126, 1, 1, 1, 'Fine Crepe', 0, 0, NULL, NULL, 62.00, 1.00, 62.00, 62.00, NULL, NULL, NULL, NULL, NULL, 1, 0, 0, NULL, 0.00, 186.00),
(436, 2, 93, 1, 244, 1, 'Liquid parraffin', 0, 0, NULL, NULL, 380.00, 10.00, 38.00, 38.00, NULL, NULL, NULL, NULL, NULL, 1, 0, 0, NULL, 558.00, 734.00),
(437, 2, 112, 34, 197, 361, 'breeky Tab', 0, 0, NULL, NULL, 164.44, 10.00, 16.44, 16.44, NULL, NULL, NULL, NULL, NULL, 1, 0, 0, NULL, 164.40, 164.40),
(438, 3, 137, 1, 1, 377, 'Suction Tub with yankauer', 0, 0, NULL, NULL, 250.00, 1.00, 250.00, 250.00, NULL, NULL, NULL, NULL, NULL, 1, 0, 0, NULL, 0.00, 0.00),
(439, 2, 96, 16, 14, 319, 'Apecain 2%', 0, 0, NULL, NULL, 553.00, 100.00, 5.53, 5.53, NULL, NULL, NULL, NULL, NULL, 1, 0, 0, NULL, 514.29, 547.47),
(440, 2, 33, 22, 95, 433, 'Polyfax Plus 20g oinment', 0, 0, NULL, NULL, 188.09, 1.00, 188.09, 188.09, NULL, NULL, NULL, NULL, NULL, 1, 0, 0, NULL, 780.00, 975.00),
(441, 2, 101, 30, 255, 564, 'Xynosine Adult', 0, 0, NULL, NULL, 59.29, 1.00, 59.29, 59.29, NULL, NULL, NULL, NULL, NULL, 1, 0, 0, NULL, 1033.09, 1274.69),
(442, 2, 108, 34, 4, 229, 'Froben 100mg tab', 0, 0, NULL, NULL, 331.50, 30.00, 11.05, 11.05, NULL, NULL, NULL, NULL, NULL, 1, 0, 0, NULL, 0.00, 0.00),
(443, 2, 101, 20, 87, 369, 'Salinase nasl drops', 0, 0, NULL, NULL, 59.00, 1.00, 59.00, 59.00, NULL, NULL, NULL, NULL, NULL, 1, 0, 0, NULL, 0.00, 0.00),
(444, 2, 108, 14, 83, 404, 'Steri cetamol', 0, 0, NULL, NULL, 90.00, 1.00, 90.00, 90.00, NULL, NULL, NULL, NULL, NULL, 1, 0, 0, NULL, 0.00, 270.00),
(445, 3, 132, 6, 87, 179, 'Suction catheter no 10', 0, 0, NULL, NULL, 55.00, 1.00, 55.00, 55.00, NULL, NULL, NULL, NULL, NULL, 1, 0, 0, NULL, 1415.00, 1470.00),
(446, 2, 88, 34, 149, 175, 'Glandin-E2 TAB', 0, 0, NULL, NULL, 1019.15, 1.00, 1019.15, 1019.15, NULL, NULL, NULL, NULL, NULL, 1, 0, 0, NULL, 1019.15, 2038.30),
(447, 2, 25, 16, 82, 530, 'TRAMAFAC 50 MG/ML', 0, 0, NULL, NULL, 12.00, 5.00, 2.40, 2.40, NULL, NULL, NULL, NULL, NULL, 1, 0, 0, NULL, 452.20, 475.00),
(448, 2, 112, 34, 93, 361, 'MISO 200MCG TAB', 0, 0, NULL, NULL, 14.00, 10.00, 1.40, 1.40, NULL, NULL, NULL, NULL, NULL, 1, 0, 0, NULL, 259.00, 280.00),
(449, 2, 113, 16, 18, 264, 'HYZONATE 500MG INJ', 0, 0, NULL, NULL, 460.00, 1.00, 460.00, 460.00, NULL, NULL, NULL, NULL, NULL, 1, 0, 0, NULL, 920.00, 2300.00),
(450, 2, 53, 16, 137, 258, 'INHIXA 25000IU/5ML', 0, 0, NULL, NULL, 1100.00, 1.00, 1100.00, 1100.00, NULL, NULL, NULL, NULL, NULL, 1, 0, 0, NULL, 7700.00, 7700.00),
(451, 2, 63, 16, 87, 193, 'TROSPA 40MG/2ML INJ', 0, 0, NULL, NULL, 12.00, 25.00, 0.48, 0.48, NULL, NULL, NULL, NULL, NULL, 1, 0, 0, NULL, 600.00, 600.00),
(452, 2, 113, 16, 1, 418, 'ETIVIL INJ 2ML', 0, 0, NULL, NULL, 550.00, 100.00, 5.50, 5.50, NULL, NULL, NULL, NULL, NULL, 1, 0, 0, NULL, 544.50, 550.00),
(453, 3, 137, 6, 1, 1, 'AIRWAYS ALL', 0, 0, NULL, NULL, 40.00, 1.00, 40.00, 40.00, NULL, NULL, NULL, NULL, NULL, 1, 0, 0, NULL, 120.00, 120.00),
(454, 3, 137, 16, 251, 1, 'WATER FOR INJ', 0, 0, NULL, NULL, 750.00, 100.00, 7.50, 7.50, NULL, NULL, NULL, NULL, NULL, 1, 0, 0, NULL, 735.00, 750.00),
(455, 3, 137, 6, 1, 1, 'SPONGESTRON HEMOSTATIC', 0, 0, NULL, NULL, 270.00, 1.00, 270.00, 270.00, NULL, NULL, NULL, NULL, NULL, 1, 0, 0, NULL, 1350.00, 1350.00),
(456, 3, 137, 16, 1, 1, 'KCL', 0, 0, NULL, NULL, 680.00, 40.00, 17.00, 17.00, NULL, NULL, NULL, NULL, NULL, 1, 0, 0, NULL, 680.00, 680.00),
(457, 2, 58, 22, 234, NULL, 'AULATIN OINTMENT', 0, 0, NULL, NULL, 382.50, 1.00, 382.50, 382.50, NULL, NULL, NULL, NULL, NULL, 1, 0, 0, NULL, 772.65, 1931.63),
(458, 2, 93, 33, 139, 491, 'Laxoberon liquid', 0, 0, NULL, NULL, 155.55, 1.00, 155.55, 155.55, NULL, NULL, NULL, NULL, NULL, 1, 0, 0, NULL, 314.21, 941.08),
(459, 3, 137, 1, 1, 1, 'ORIF KIT', 0, 0, NULL, NULL, 1.00, 1.00, 1.00, 1.00, NULL, NULL, NULL, NULL, NULL, 1, 0, 0, NULL, 0.00, 0.00),
(460, 2, 27, 15, 11, 289, 'Isoforane 25ml', 0, 0, NULL, NULL, 3198.00, 4.00, 799.50, 799.50, NULL, NULL, NULL, NULL, NULL, 1, 0, 0, NULL, 0.00, 0.00),
(461, 3, 137, 6, 87, 143, 'Crepe FINE Bandage 6', 0, 0, NULL, NULL, 75.00, 1.00, 75.00, 75.00, NULL, NULL, NULL, NULL, NULL, 1, 0, 0, NULL, 0.00, 150.00),
(462, 3, 137, 6, 87, 563, 'Orthoban', 0, 0, NULL, NULL, 170.00, 1.00, 170.00, 170.00, NULL, NULL, NULL, NULL, NULL, 1, 0, 0, NULL, 170.00, 170.00),
(463, 2, 33, 14, 229, 353, 'INTOBIX INF', 0, 0, NULL, NULL, 116.17, 1.00, 116.17, 116.17, NULL, NULL, NULL, NULL, NULL, 1, 0, 0, NULL, 2335.02, 2335.02),
(464, 2, 33, 32, 229, 102, 'SCAVIA 100MG/5ML SUS', 0, 0, NULL, NULL, 242.48, 1.00, 242.48, 242.48, NULL, NULL, NULL, NULL, NULL, 1, 0, 0, NULL, 2436.92, 2436.92),
(465, 2, 40, 16, 149, 394, 'NIXVOM 8MG/4ML INJ', 0, 0, NULL, NULL, 720.00, 5.00, 144.00, 144.00, NULL, NULL, NULL, NULL, NULL, 1, 0, 0, NULL, 6946.56, 7236.00),
(466, 2, 33, 16, 229, 108, 'SERGIFEX 500MG INJ', 0, 0, NULL, NULL, 212.50, 1.00, 212.50, 212.50, NULL, NULL, NULL, NULL, NULL, 1, 0, 0, NULL, 1067.81, 2135.63),
(467, 2, 33, 16, 229, 108, 'SERGIFEX 1G INJ', 0, 0, NULL, NULL, 338.30, 1.00, 338.30, 338.30, NULL, NULL, NULL, NULL, NULL, 1, 0, 0, NULL, 0.00, 3399.92),
(468, 2, 108, 16, 229, 301, 'TORAJECT 30MG/ML INJ', 0, 0, NULL, NULL, 401.09, 5.00, 80.22, 80.22, NULL, NULL, NULL, NULL, NULL, 1, 0, 0, NULL, 3224.84, 4031.06),
(469, 2, 71, 21, 229, 280, 'VENTPRO 500MCG/2ML', 0, 0, NULL, NULL, 278.81, 6.00, 46.47, 46.47, NULL, NULL, NULL, NULL, NULL, 1, 0, 0, NULL, 14454.73, 15061.86),
(470, 3, 137, 6, 87, 179, 'orthoplast 6\'\' {gipsona}', 0, 0, NULL, NULL, 3120.00, 12.00, 260.00, 260.00, NULL, NULL, NULL, NULL, NULL, 1, 0, 0, NULL, 1040.00, 1040.00),
(471, 3, 137, 1, 87, 1, 'NVD KIT', 0, 0, NULL, NULL, 1.00, 1.00, 1.00, 1.00, NULL, NULL, NULL, NULL, NULL, 1, 0, 0, NULL, 0.00, 0.00),
(472, 3, 137, 1, 87, 1, 'ORIF RADIUS AND ULNA KIT', 0, 0, NULL, NULL, 1.00, 1.00, 1.00, 1.00, NULL, NULL, NULL, NULL, NULL, 1, 0, 0, NULL, 0.00, 0.00),
(473, 2, 115, 34, 203, 84, 'Caldree Ds 600+400mg chewable tab', 0, 0, NULL, NULL, 962.88, 30.00, 32.10, 32.10, NULL, NULL, NULL, NULL, NULL, 1, 0, 0, NULL, 321.00, 321.00),
(474, 2, 115, 34, 203, NULL, 'Maltofer-Fol Chew. Tab.', 0, 0, NULL, NULL, 467.50, 30.00, 15.58, 15.58, NULL, NULL, NULL, NULL, NULL, 1, 0, 0, NULL, 0.00, 0.00),
(475, 2, 108, 16, 197, 169, 'dicloran 75mg/3ml inj', 0, 0, NULL, NULL, 204.00, 5.00, 40.80, 40.80, NULL, NULL, NULL, NULL, NULL, 1, 0, 0, NULL, 122.40, 408.00),
(476, 2, 119, 16, 96, 422, 'K-lot inj', 0, 0, NULL, NULL, 125.31, 1.00, 125.31, 125.31, NULL, NULL, NULL, NULL, NULL, 1, 0, 0, NULL, 1425.31, 1425.31),
(477, 3, 137, 6, 87, 179, 'HERNIORRHAPHY KIT', 0, 0, NULL, NULL, 1.00, 1.00, 1.00, 1.00, NULL, NULL, NULL, NULL, NULL, 1, 0, 0, NULL, 0.00, 0.00),
(478, 2, 27, 16, 30, 419, 'Phee-Phrine (synephrine)', 0, 0, NULL, NULL, 350.00, 5.00, 70.00, 70.00, NULL, NULL, NULL, NULL, NULL, 1, 0, 0, NULL, 0.00, 0.00),
(479, 2, 38, 16, 92, 262, 'INSUGET R INJ', 0, 0, NULL, NULL, 765.00, 1.00, 765.00, 765.00, NULL, NULL, NULL, NULL, NULL, 1, 0, 0, NULL, 0.00, 765.00),
(480, 3, 155, 1, 87, 1, 'Accu-check instant', 0, 0, NULL, NULL, 1866.00, 50.00, 37.32, 37.32, NULL, NULL, NULL, NULL, NULL, 1, 0, 0, NULL, 0.00, 485.16),
(481, 3, 137, 1, 87, 1, 'Lancet comfort care', 0, 0, NULL, NULL, 250.00, 200.00, 1.25, 1.25, NULL, NULL, NULL, NULL, NULL, 1, 0, 0, NULL, 0.00, 12.50),
(482, 3, 137, 6, 6, 179, 'BTL+DIALYZER (FX10)', 0, 0, NULL, NULL, 1610.00, 1.00, 1610.00, 1610.00, NULL, NULL, NULL, NULL, NULL, 1, 0, 0, NULL, 49600.00, 74400.00),
(483, 3, 137, 6, 6, 179, 'PART-A & B DIALYSIS (VITA', 0, 0, NULL, NULL, 460.00, 1.00, 460.00, 460.00, NULL, NULL, NULL, NULL, NULL, 1, 0, 0, NULL, 24332.00, 39732.00),
(484, 3, 137, 6, 6, 179, 'FISTULA NEEDLE (VITA)', 0, 0, NULL, NULL, 130.00, 1.00, 130.00, 130.00, NULL, NULL, NULL, NULL, NULL, 1, 0, 0, NULL, 3000.00, 4800.00),
(485, 3, 137, 6, 87, 179, 'HERNIOPLASTY KIT', 0, 0, NULL, NULL, 1.00, 1.00, 1.00, 1.00, NULL, NULL, NULL, NULL, NULL, 1, 0, 0, NULL, 0.00, 0.00),
(486, 2, 108, 34, 87, 473, 'Danzen Ds tab', 0, 0, NULL, NULL, 412.80, 20.00, 20.64, 20.64, NULL, NULL, NULL, NULL, NULL, 1, 0, 0, NULL, 0.00, 206.40),
(487, 2, 28, 14, NULL, 199, 'sterSterilyte-M 500ml', 0, 0, NULL, NULL, 100.00, 1.00, 100.00, 100.00, NULL, NULL, NULL, NULL, NULL, 1, 0, 0, NULL, 0.00, 100.00),
(488, 2, NULL, 16, NULL, 310, 'Lerace 500mg Inj.', 0, 0, NULL, NULL, 369.32, 1.00, 369.32, 369.32, NULL, NULL, NULL, NULL, NULL, 1, 0, 0, NULL, 380.00, 1495.35),
(489, 2, 33, 16, 105, 103, 'Q-BACT 1G INJ', 0, 0, NULL, NULL, 446.25, 1.00, 446.25, 446.25, 5, NULL, NULL, NULL, NULL, 1, 0, 0, NULL, 4484.81, 4484.81),
(490, 2, 33, 16, 105, 103, 'Q-BACT 2G INJ', 0, 0, NULL, NULL, 633.25, 1.00, 633.25, 633.25, 5, NULL, NULL, NULL, NULL, 1, 0, 0, NULL, 5091.33, 6364.16),
(491, 2, 109, 34, 105, 315, 'SULVORID 25MG TAB', 0, 0, NULL, NULL, 283.89, 20.00, 14.19, 14.19, 5, NULL, NULL, NULL, NULL, 1, 0, 0, NULL, 5704.38, 5704.38),
(492, 2, 91, 20, 27, 280, 'atem neubilization', 0, 0, NULL, NULL, 1310.70, 10.00, 131.07, 131.07, NULL, NULL, NULL, NULL, NULL, 1, 0, 0, NULL, 0.00, 397.14),
(493, 2, 91, 15, 27, 62, 'clenil neubilization', 0, 0, NULL, NULL, 946.05, 10.00, 94.60, 94.60, NULL, NULL, NULL, NULL, NULL, 1, 0, 0, NULL, 1608.37, 2176.03),
(494, 2, 85, 33, 149, 17, 'ACEFYL 120ML SYP', 0, 0, NULL, NULL, 127.57, 1.00, 127.57, 127.57, NULL, NULL, NULL, NULL, NULL, 1, 0, 0, NULL, 1960.31, 127.57),
(495, 2, 29, 23, 6, 113, 'RIGIX ORAL DROPS', 0, 0, NULL, NULL, 107.27, 1.00, 107.27, 107.27, NULL, NULL, NULL, NULL, NULL, 1, 0, 0, NULL, 108.34, 215.61),
(496, 3, 155, 6, 193, 1, 'accu-check instant', 0, 0, NULL, NULL, 1900.00, 50.00, 38.00, 38.00, NULL, NULL, NULL, NULL, NULL, 1, 0, 0, NULL, 1824.00, 1900.00),
(497, 3, 155, 6, 193, 1, 'accu-check instant', 0, 0, NULL, NULL, 1900.00, 50.00, 38.00, 38.00, NULL, NULL, NULL, NULL, NULL, 1, 0, 0, NULL, 0.00, 0.00),
(498, 3, 137, 6, 210, 1, 'lancets (prick needle)', 0, 0, NULL, NULL, 220.00, 100.00, 2.20, 2.20, NULL, NULL, NULL, NULL, NULL, 1, 0, 0, NULL, 215.60, 226.60),
(499, 3, 137, 6, 142, 143, 'Orthoplast gypsona 4inch Bandages', 0, 0, NULL, NULL, 150.00, 1.00, 150.00, 150.00, NULL, NULL, NULL, NULL, NULL, 1, 0, 0, NULL, 3600.00, 3600.00),
(500, 3, 137, 6, 59, 1, 'Orthoplast gypsona 6inch Bandages', 0, 0, NULL, NULL, 220.00, 1.00, 220.00, 220.00, NULL, NULL, NULL, NULL, NULL, 1, 0, 0, NULL, 5280.00, 5280.00),
(501, 3, 137, 6, 1, 1, 'crept 4 bandage', 0, 0, NULL, NULL, 70.00, 1.00, 70.00, 70.00, NULL, NULL, NULL, NULL, NULL, 1, 0, 0, NULL, 560.00, 770.00),
(502, 3, 137, 6, 1, 1, 'crept 6 bandage', 0, 0, NULL, NULL, 80.00, 1.00, 80.00, 80.00, NULL, NULL, NULL, NULL, NULL, 1, 0, 0, NULL, 2880.00, 2880.00),
(503, 3, 137, 6, 1, 1, 'ortoban surgical fiber', 0, 0, NULL, NULL, 130.00, 1.00, 130.00, 130.00, NULL, NULL, NULL, NULL, NULL, 1, 0, 0, NULL, 1950.00, 1950.00),
(504, 2, 27, 16, 30, 419, 'phee-phrine', 0, 0, NULL, NULL, 280.00, 5.00, 56.00, 56.00, NULL, NULL, NULL, NULL, NULL, 1, 0, 0, NULL, 560.00, 560.00),
(505, 2, 29, 33, 6, 113, 'RIGIX 120ML SYP', 0, 0, NULL, NULL, 161.50, 1.00, 161.50, 161.50, NULL, NULL, NULL, NULL, NULL, 1, 0, 0, NULL, 161.50, 323.00),
(506, 2, NULL, 14, 1, 199, 'STERILYTE-M 500ML', 0, 0, NULL, NULL, 100.00, 1.00, 100.00, 100.00, NULL, NULL, NULL, NULL, NULL, 1, 0, 0, NULL, 1313.00, 2020.00),
(507, 2, 101, 20, 252, 470, 'Salinas Nasal Drop', 0, 0, NULL, NULL, 65.45, 1.00, 65.45, 65.45, NULL, NULL, NULL, NULL, NULL, 1, 0, 0, NULL, 130.90, 261.80),
(508, 2, 33, 16, 39, 108, 'CEFXONE 1G INJ', 0, 0, NULL, NULL, 382.50, 1.00, 382.50, 382.50, NULL, NULL, NULL, NULL, NULL, 1, 0, 0, NULL, 23863.12, 25484.88),
(509, 2, 80, 16, 198, 236, 'Lasix Inj.', 0, 0, NULL, NULL, 485.29, 50.00, 9.71, 9.71, NULL, NULL, NULL, NULL, NULL, 1, 0, 0, NULL, 0.00, 9.71),
(510, 2, 38, 34, 92, 203, 'Diampa-MXR 12.5/1000mg tab', 0, 0, NULL, NULL, 319.60, 14.00, 22.83, 22.83, NULL, NULL, NULL, NULL, NULL, 1, 0, 0, NULL, 205.47, 319.62),
(511, 2, 56, 33, 4, NULL, NULL, 0, 0, NULL, NULL, NULL, NULL, NULL, NULL, NULL, NULL, NULL, NULL, NULL, 1, 0, 0, NULL, 0.00, 0.00),
(512, 2, 56, 33, 4, NULL, NULL, 0, 0, NULL, NULL, NULL, NULL, NULL, NULL, NULL, NULL, NULL, NULL, NULL, 1, 0, 0, NULL, 0.00, 0.00),
(513, 2, 56, 33, 4, NULL, NULL, 0, 0, NULL, NULL, NULL, NULL, NULL, NULL, NULL, NULL, NULL, NULL, NULL, 1, 0, 0, NULL, 0.00, 0.00),
(514, 2, 56, 33, 4, NULL, NULL, 0, 0, NULL, NULL, NULL, NULL, NULL, NULL, NULL, NULL, NULL, NULL, NULL, 1, 0, 0, NULL, 0.00, 0.00),
(515, 2, 56, 33, 4, NULL, NULL, 0, 0, NULL, NULL, NULL, NULL, NULL, NULL, NULL, NULL, NULL, NULL, NULL, 1, 0, 0, NULL, 0.00, 0.00),
(516, 2, 56, 33, 4, NULL, NULL, 0, 0, NULL, NULL, NULL, NULL, NULL, NULL, NULL, NULL, NULL, NULL, NULL, 1, 0, 0, NULL, 0.00, 0.00),
(517, 2, 56, 33, 4, NULL, NULL, 0, 0, NULL, NULL, NULL, NULL, NULL, NULL, NULL, NULL, NULL, NULL, NULL, 1, 0, 0, NULL, 0.00, 0.00),
(518, 2, 56, 33, 4, NULL, NULL, 0, 0, NULL, NULL, NULL, NULL, NULL, NULL, NULL, NULL, NULL, NULL, NULL, 1, 0, 0, NULL, 0.00, 0.00),
(519, 2, 56, 33, 4, NULL, NULL, 0, 0, NULL, NULL, NULL, NULL, NULL, NULL, NULL, NULL, NULL, NULL, NULL, 1, 0, 0, NULL, 0.00, 0.00),
(520, 2, 56, 33, 4, NULL, NULL, 0, 0, NULL, NULL, NULL, NULL, NULL, NULL, NULL, NULL, NULL, NULL, NULL, 1, 0, 0, NULL, 0.00, 0.00),
(521, 2, 56, 33, 4, NULL, NULL, 0, 0, NULL, NULL, NULL, NULL, NULL, NULL, NULL, NULL, NULL, NULL, NULL, 1, 0, 0, NULL, 0.00, 0.00),
(522, 2, 56, 33, 4, NULL, NULL, 0, 0, NULL, NULL, NULL, NULL, NULL, NULL, NULL, NULL, NULL, NULL, NULL, 1, 0, 0, NULL, 0.00, 0.00),
(523, 2, 56, 33, 4, NULL, NULL, 0, 0, NULL, NULL, NULL, NULL, NULL, NULL, NULL, NULL, NULL, NULL, NULL, 1, 0, 0, NULL, 0.00, 0.00),
(524, 2, 113, 16, 162, 535, 'K-KORT 40ML/ML', 0, 0, NULL, NULL, 140.00, 1.00, 140.00, 140.00, NULL, NULL, NULL, NULL, NULL, 1, 0, 0, NULL, 282.80, 565.60),
(525, 2, 108, 16, 42, 358, 'HYPOZAM  INJ', 0, 0, NULL, NULL, 1600.00, 10.00, 160.00, 160.00, NULL, NULL, NULL, NULL, NULL, 1, 0, 0, NULL, 1440.00, 1600.00),
(526, 2, 103, 33, 95, 404, 'CALPOL 100ML SYP', 0, 0, NULL, NULL, 90.91, 1.00, 90.91, 90.91, NULL, NULL, NULL, NULL, NULL, 1, 0, 0, NULL, 91.82, 91.82),
(527, 2, 108, 34, 203, 409, 'NUBEROL FORTE TAB', 0, 0, NULL, NULL, 148.24, 15.00, 9.88, 9.88, NULL, NULL, NULL, NULL, NULL, 1, 0, 0, NULL, 49.89, 149.68),
(528, 2, 109, 33, 139, 491, 'Laxoberon', 0, 0, NULL, NULL, 155.55, 1.00, 155.55, 155.55, NULL, NULL, NULL, NULL, NULL, 1, 0, 0, NULL, 0.00, 0.00),
(529, 3, 137, 6, 87, 179, 'Mesh 6*11', 0, 0, NULL, NULL, 1200.00, 5.00, 240.00, 240.00, NULL, NULL, NULL, NULL, NULL, 1, 0, 0, NULL, 6000.00, 6000.00),
(530, 2, 46, 4, 195, 522, 'thiolox 4mg cap', 0, 0, NULL, NULL, 527.87, 20.00, 26.39, 26.39, NULL, NULL, NULL, NULL, NULL, 1, 0, 0, NULL, 0.00, 263.90),
(531, 2, 33, 16, 165, 48, 'apoclox 5oomg inj', 0, 0, NULL, NULL, 70.00, 1.00, 70.00, 70.00, NULL, NULL, NULL, NULL, NULL, 1, 0, 0, NULL, 2100.00, 2100.00),
(532, 2, 103, 34, 87, 340, 'MFC', 0, 0, NULL, NULL, 720.00, 200.00, 3.60, 3.60, NULL, NULL, NULL, NULL, NULL, 1, 0, 0, NULL, 2160.00, 2160.00),
(533, 2, 40, 32, 87, 185, 'DEWRID 120ML SUSPNSION', 0, 0, NULL, NULL, 105.00, 1.00, 105.00, 105.00, NULL, NULL, NULL, NULL, NULL, 1, 0, 0, NULL, 2100.00, 2100.00),
(534, 2, 108, 34, 87, 168, 'SYNOFFLAM 75MG TAB', 0, 0, NULL, NULL, 70.00, 20.00, 3.50, 3.50, NULL, NULL, NULL, NULL, NULL, 1, 0, 0, NULL, 350.00, 350.00),
(535, 2, 33, 34, 87, 24, 'BENDASET TAB', 0, 0, NULL, NULL, 36.00, 2.00, 18.00, 18.00, NULL, NULL, NULL, NULL, NULL, 1, 0, 0, NULL, 360.00, 360.00),
(536, 2, 33, 33, 87, 178, 'FEDRALKA 120ML SYP', 0, 0, NULL, NULL, 50.00, 1.00, 50.00, 50.00, NULL, NULL, NULL, NULL, NULL, 1, 0, 0, NULL, 1000.00, 1000.00),
(537, 2, 46, 34, 87, 525, 'TIZAFED 4MG TAB', 0, 0, NULL, NULL, 34.00, 10.00, 3.40, 3.40, NULL, NULL, NULL, NULL, NULL, 1, 0, 0, NULL, 170.00, 170.00),
(538, 2, 33, 33, 193, 321, 'NEZO 100ML SYP', 0, 0, NULL, NULL, 280.00, 1.00, 280.00, 280.00, NULL, NULL, NULL, NULL, NULL, 1, 0, 0, NULL, 1400.00, 1400.00),
(539, 2, 33, 34, 193, 321, 'NEZO TAB 600MG', 0, 0, NULL, NULL, 750.00, 12.00, 62.50, 62.50, NULL, NULL, NULL, NULL, NULL, 1, 0, 0, NULL, 3000.00, 3750.00),
(540, 2, 120, 33, 142, 503, 'ENZINC SYP 60ML', 0, 0, NULL, NULL, 70.00, 1.00, 70.00, 70.00, NULL, NULL, NULL, NULL, NULL, 1, 0, 0, NULL, 1407.00, 1407.00),
(541, 2, 33, 16, 229, 103, 'SURGICOMB 2G INJ', 0, 0, NULL, NULL, 449.65, 1.00, 449.65, 449.65, NULL, NULL, NULL, NULL, NULL, 1, 0, 0, NULL, 2270.00, 2270.00),
(542, 2, 109, 16, 149, 392, 'LOPROT IV 40MG INJ', 0, 0, NULL, NULL, 110.00, 1.00, 110.00, 110.00, NULL, NULL, NULL, NULL, NULL, 1, 0, 0, NULL, 2750.00, 2750.00),
(543, 3, 137, 6, 87, 179, 'ADENOIDECTOMY KIT', 0, 0, NULL, NULL, 1.00, 1.00, 1.00, 1.00, NULL, NULL, NULL, NULL, NULL, 1, 0, 0, NULL, 0.00, 0.00),
(544, 2, 29, 33, 198, NULL, 'AVIL', 0, 0, NULL, NULL, 76.66, 1.00, 76.66, 76.66, NULL, NULL, NULL, NULL, NULL, 1, 0, 0, NULL, 309.71, 387.13),
(545, 2, 58, 14, 1, 404, 'STERICETAMOL', 0, 0, NULL, NULL, 100.00, 1.00, 100.00, 100.00, NULL, NULL, NULL, NULL, NULL, 1, 0, 0, NULL, 10000.00, 10000.00),
(546, 2, 39, 14, 1, 353, 'STERIMET 100ML INF', 0, 0, NULL, NULL, 75.00, 1.00, 75.00, 75.00, NULL, NULL, NULL, NULL, NULL, 1, 0, 0, NULL, 6900.00, 7500.00),
(547, 2, 33, 14, 1, 199, 'STERILYTE M-1000ML INF', 0, 0, NULL, NULL, 100.00, 1.00, 100.00, 100.00, NULL, NULL, NULL, NULL, NULL, 1, 0, 0, NULL, 2000.00, 2000.00),
(548, 2, 54, 16, 2, 1, 'RHOPPHYLAC 300IU  INJ', 0, 0, NULL, NULL, 9000.00, 1.00, 9000.00, 9000.00, NULL, NULL, NULL, NULL, NULL, 1, 0, 0, NULL, 9000.00, 9000.00),
(549, 2, 29, 15, 255, 564, 'XYNOSINE (CHILDEN )15ML', 0, 0, NULL, NULL, 43.40, 1.00, 43.40, 43.40, NULL, NULL, NULL, NULL, NULL, 1, 0, 0, NULL, 175.34, 219.17),
(550, 2, 98, 1, 20, 66, 'Benzirn 240ml Mouth wash', 0, 0, NULL, NULL, 192.20, 1.00, 192.20, 192.20, NULL, NULL, NULL, NULL, NULL, 1, 0, 0, NULL, 1970.50, 1970.50),
(551, 2, 32, 7, 190, 125, 'LIGNOCIP DROP EAR', 0, 0, NULL, NULL, 146.20, 1.00, 146.20, 146.20, NULL, NULL, NULL, NULL, NULL, 1, 0, 0, NULL, 2997.00, 2997.00),
(552, 2, 43, 34, 32, 404, 'FEBROL tab', 0, 0, NULL, NULL, 544.69, 200.00, 2.72, 2.72, NULL, NULL, NULL, NULL, NULL, 1, 0, 0, NULL, 1116.00, 1116.00),
(553, 2, 101, 15, 255, 564, 'XYNOSINE (Adult) 15 ml', 0, 0, NULL, NULL, 59.30, 1.00, 59.30, 59.30, NULL, NULL, NULL, NULL, NULL, 1, 0, 0, NULL, 0.00, 0.00),
(554, 2, 42, 34, 255, 39, 'Zodip 5mg Tab', 0, 0, NULL, NULL, 691.70, 20.00, 34.59, 34.59, NULL, NULL, NULL, NULL, NULL, 1, 0, 0, NULL, 710.00, 710.00),
(555, 3, 137, 6, 1, 179, 'FOLY TUBE 3WAY', 0, 0, NULL, NULL, 450.00, 1.00, 450.00, 450.00, NULL, NULL, NULL, NULL, NULL, 1, 0, 0, NULL, 3204.50, 909.00),
(556, 3, 137, 6, 1, 179, 'FOLY TUBE   22 3WAY', 0, 0, NULL, NULL, 450.00, 1.00, 450.00, NULL, NULL, NULL, NULL, NULL, NULL, 1, 0, 0, NULL, 3650.00, 900.00),
(557, 3, 137, 6, 1, NULL, '60CC SYRNG', 0, 0, NULL, NULL, 100.00, 1.00, 100.00, 100.00, NULL, NULL, NULL, NULL, NULL, 1, 0, 0, NULL, 0.00, 0.00),
(558, 3, 137, 6, 1, 179, 'IRRIGATION SET', 0, 0, NULL, NULL, 1000.00, 1.00, 1000.00, 1000.00, NULL, NULL, NULL, NULL, NULL, 1, 0, 0, NULL, 4500.00, 1000.00),
(559, 3, 137, 14, 1, 1, 'STERIFLUID %5 1000ML', 0, 0, NULL, NULL, 105.00, 1.00, 105.00, 105.00, NULL, NULL, NULL, NULL, NULL, 1, 0, 0, NULL, 0.00, 106.05),
(560, 3, 137, 14, 1, 1, 'STERIFLUID %5 500ML', 0, 0, NULL, NULL, 85.00, 1.00, 85.00, 85.00, NULL, NULL, NULL, NULL, NULL, 1, 0, 0, NULL, 0.00, 425.00),
(561, 3, 137, 6, 1, 179, 'BTL+DIALYZER (FX6) VITA', 0, 0, NULL, NULL, 1610.00, 1.00, 1610.00, 1610.00, NULL, NULL, NULL, NULL, NULL, 1, 0, 0, NULL, 0.00, 19800.00),
(562, 3, 137, 6, 6, 1, 'BTL+DIALYZER (FX14) VITA', 0, 0, NULL, NULL, 1610.00, 1.00, 1610.00, 1610.00, NULL, NULL, NULL, NULL, NULL, 1, 0, 0, NULL, 19800.00, 19800.00),
(563, 3, 137, 6, 1, 1, 'ECG ELECTRODE', 0, 0, NULL, NULL, 3.00, 50.00, 0.06, 0.06, NULL, NULL, NULL, NULL, NULL, 1, 0, 0, NULL, 150.00, 150.00),
(564, 2, 80, 16, 30, 236, 'FRUSEMIDE 2ML INJ', 0, 0, NULL, NULL, 370.00, 50.00, 7.40, 7.40, NULL, NULL, NULL, NULL, NULL, 1, 0, 0, NULL, 370.00, 370.00),
(565, 2, 31, 17, 1, 289, 'RESTANE 25MG', 0, 0, NULL, NULL, 3198.39, 4.00, 799.60, 799.60, NULL, NULL, NULL, NULL, NULL, 1, 0, 0, NULL, 19670.16, 0.00),
(566, 2, 102, 16, 229, 56, 'EAFACURIM 5ML INJ', 0, 0, NULL, NULL, 210.00, 5.00, 42.00, 42.00, NULL, NULL, NULL, NULL, NULL, 1, 0, 0, NULL, 0.00, 0.00),
(567, 3, 137, 6, 1, 179, 'GLOVES 7.0', 0, 0, NULL, NULL, 130.00, 1.00, 130.00, 130.00, NULL, NULL, NULL, NULL, NULL, 1, 0, 0, NULL, 1950.00, 0.00),
(568, 2, 108, 16, 117, 169, 'DYCLO 75MG/3ML INJ', 0, 0, NULL, NULL, 462.00, 20.00, 23.10, 23.10, NULL, NULL, NULL, NULL, NULL, 1, 0, 0, NULL, 924.00, 0.00),
(569, 2, 115, 14, 83, 502, 'Sterifluid DS 1/2% 500ml', 0, 0, NULL, '7887', 1.00, 1.00, 90.00, 90.00, 5, NULL, NULL, NULL, NULL, 1, 0, 0, NULL, 900.00, 0.00),
(570, 2, 93, 33, 203, 306, 'luxave 120ml syp', 0, 0, NULL, NULL, 211.60, 1.00, 211.60, 211.60, NULL, NULL, NULL, NULL, NULL, 1, 0, 0, NULL, 6982.80, 0.00),
(571, 3, 137, 6, 6, 179, 'DIALYZER', 0, 0, NULL, NULL, 1100.00, 1.00, 1100.00, 1100.00, NULL, NULL, NULL, NULL, NULL, 1, 0, 0, NULL, 0.00, 0.00),
(572, 2, 96, 16, 229, 319, 'Lidoject 2% inj.', 0, 0, NULL, NULL, 900.00, 50.00, 18.00, 18.00, NULL, NULL, NULL, NULL, NULL, 1, 0, 0, NULL, 0.72, 0.00);

-- --------------------------------------------------------

--
-- Table structure for table `product_kits`
--

DROP TABLE IF EXISTS `product_kits`;
CREATE TABLE IF NOT EXISTS `product_kits` (
  `id` bigint NOT NULL AUTO_INCREMENT,
  `product_id` int DEFAULT NULL,
  `product_main_id` int DEFAULT NULL,
  `qty` int DEFAULT NULL,
  `created_at` datetime DEFAULT CURRENT_TIMESTAMP,
  `created_by` int DEFAULT NULL,
  `is_active` int NOT NULL DEFAULT '1',
  PRIMARY KEY (`id`)
) ENGINE=InnoDB AUTO_INCREMENT=253 DEFAULT CHARSET=utf8mb4 COLLATE=utf8mb4_general_ci;

--
-- Dumping data for table `product_kits`
--

INSERT INTO `product_kits` (`id`, `product_id`, `product_main_id`, `qty`, `created_at`, `created_by`, `is_active`) VALUES
(16, 3, 2, 1, '2025-01-07 21:27:34', NULL, 0),
(17, 4, 2, 2, '2025-01-07 21:27:40', NULL, 0),
(18, 5, 2, 3, '2025-01-07 21:27:45', NULL, 0),
(19, 3, 459, 1, '2025-01-09 12:42:01', NULL, 1),
(20, 405, 459, 1, '2025-01-09 12:45:42', NULL, 1),
(21, 2, 459, 2, '2025-01-09 12:52:31', NULL, 1),
(22, 27, 459, 1, '2025-01-09 12:54:07', NULL, 0),
(23, 7, 459, 1, '2025-01-09 12:55:12', NULL, 0),
(24, 6, 459, 1, '2025-01-09 12:55:35', NULL, 0),
(25, 4, 459, 1, '2025-01-09 12:55:46', NULL, 1),
(26, 140, 459, 1, '2025-01-09 12:56:33', NULL, 0),
(27, 300, 459, 1, '2025-01-09 12:58:06', NULL, 1),
(28, 431, 459, 1, '2025-01-09 12:58:51', NULL, 0),
(29, 416, 459, 2, '2025-01-09 12:59:47', NULL, 1),
(30, 213, 459, 2, '2025-01-09 13:01:06', NULL, 0),
(31, 112, 459, 2, '2025-01-09 13:01:50', NULL, 1),
(32, 98, 459, 1, '2025-01-09 13:02:10', NULL, 1),
(33, 116, 459, 1, '2025-01-09 13:02:30', NULL, 1),
(34, 270, 459, 4, '2025-01-09 13:04:36', NULL, 1),
(35, 271, 459, 4, '2025-01-09 13:04:48', NULL, 1),
(36, 26, 459, 1, '2025-01-09 14:12:03', NULL, 0),
(37, 92, 459, 4, '2025-01-09 14:12:28', NULL, 1),
(38, 438, 459, 1, '2025-01-09 14:13:48', NULL, 0),
(39, 19, 459, 1, '2025-01-09 14:14:21', NULL, 1),
(40, 16, 459, 1, '2025-01-09 14:14:39', NULL, 0),
(41, 272, 459, 1, '2025-01-09 14:14:55', NULL, 1),
(42, 264, 459, 1, '2025-01-09 14:15:15', NULL, 1),
(43, 243, 459, 1, '2025-01-09 14:15:33', NULL, 0),
(44, 326, 459, 5, '2025-01-09 14:16:57', NULL, 1),
(45, 327, 459, 5, '2025-01-09 14:17:08', NULL, 1),
(46, 328, 459, 2, '2025-01-09 14:17:22', NULL, 1),
(47, 460, 459, 1, '2025-01-09 14:22:53', NULL, 0),
(48, 409, 459, 2, '2025-01-09 14:27:49', NULL, 1),
(49, 5, 459, 1, '2025-01-09 14:28:34', NULL, 1),
(50, 165, 459, 1, '2025-01-09 14:29:41', NULL, 1),
(51, 418, 459, 1, '2025-01-09 14:30:37', NULL, 1),
(52, 434, 459, 2, '2025-01-09 14:38:23', NULL, 0),
(53, 462, 459, 1, '2025-01-09 14:46:18', NULL, 1),
(54, 461, 459, 4, '2025-01-09 14:46:52', NULL, 1),
(55, 307, 459, 1, '2025-01-09 18:08:56', NULL, 1),
(56, 368, 459, 1, '2025-01-09 18:09:32', NULL, 1),
(57, 468, 459, 1, '2025-01-09 18:10:05', NULL, 0),
(58, 290, 459, 1, '2025-01-09 18:10:54', NULL, 1),
(59, 308, 459, 1, '2025-01-09 18:12:15', NULL, 1),
(60, 15, 459, 2, '2025-01-09 18:12:58', NULL, 1),
(61, 93, 459, 1, '2025-01-09 18:13:34', NULL, 1),
(62, 263, 459, 1, '2025-01-09 18:14:28', NULL, 1),
(63, 158, 459, 1, '2025-01-09 18:15:41', NULL, 1),
(64, 14, 459, 1, '2025-01-09 18:16:35', NULL, 1),
(65, 367, 459, 1, '2025-01-09 18:27:16', NULL, 1),
(66, 470, 459, 4, '2025-01-09 18:44:14', NULL, 1),
(67, 274, 471, 10, '2025-01-09 19:05:37', NULL, 1),
(68, 416, 471, 1, '2025-01-09 19:06:14', NULL, 1),
(69, 157, 471, 1, '2025-01-09 19:06:55', NULL, 1),
(70, 272, 471, 1, '2025-01-09 19:12:31', NULL, 1),
(71, 232, 471, 1, '2025-01-09 19:12:56', NULL, 0),
(72, 271, 471, 2, '2025-01-09 19:14:31', NULL, 1),
(73, 270, 471, 2, '2025-01-09 19:14:42', NULL, 1),
(74, 433, 471, 2, '2025-01-09 19:14:57', NULL, 1),
(75, 436, 471, 1, '2025-01-09 19:15:12', NULL, 1),
(76, 273, 471, 1, '2025-01-09 19:15:21', NULL, 1),
(77, 279, 471, 15, '2025-01-09 19:16:05', NULL, 1),
(78, 448, 471, 5, '2025-01-09 19:16:25', NULL, 1),
(79, 334, 471, 1, '2025-01-09 19:16:42', NULL, 1),
(80, 326, 471, 2, '2025-01-09 19:16:55', NULL, 1),
(81, 327, 471, 3, '2025-01-09 19:17:02', NULL, 1),
(82, 257, 471, 1, '2025-01-09 19:17:15', NULL, 1),
(83, 411, 471, 2, '2025-01-09 19:17:34', NULL, 1),
(84, 439, 471, 1, '2025-01-09 19:17:57', NULL, 1),
(85, 246, 471, 1, '2025-01-09 19:18:08', NULL, 0),
(86, 19, 471, 1, '2025-01-09 19:18:19', NULL, 1),
(87, 263, 471, 1, '2025-01-09 19:18:38', NULL, 1),
(88, 445, 471, 1, '2025-01-09 19:18:49', NULL, 1),
(89, 421, 471, 1, '2025-01-09 19:18:57', NULL, 1),
(90, 112, 471, 1, '2025-01-09 19:21:19', NULL, 1),
(91, 92, 471, 3, '2025-01-09 19:22:31', NULL, 1),
(92, 401, 471, 1, '2025-01-09 19:31:24', NULL, 1),
(93, 275, 471, 1, '2025-01-09 19:35:24', NULL, 1),
(94, 3, 472, 1, '2025-01-09 19:47:06', NULL, 1),
(95, 405, 472, 1, '2025-01-09 19:47:15', NULL, 1),
(96, 106, 472, 1, '2025-01-09 19:48:05', NULL, 0),
(97, 106, 472, 2, '2025-01-09 19:48:14', NULL, 0),
(98, 409, 472, 1, '2025-01-09 19:51:24', NULL, 1),
(99, 5, 472, 1, '2025-01-09 19:51:42', NULL, 1),
(100, 307, 472, 1, '2025-01-09 19:51:49', NULL, 1),
(101, 165, 472, 1, '2025-01-09 19:52:07', NULL, 1),
(102, 447, 472, 1, '2025-01-09 19:52:20', NULL, 1),
(103, 367, 472, 1, '2025-01-09 19:52:35', NULL, 1),
(104, 4, 472, 1, '2025-01-09 19:52:51', NULL, 1),
(105, 290, 472, 1, '2025-01-09 19:53:05', NULL, 1),
(106, 300, 472, 1, '2025-01-09 19:53:18', NULL, 1),
(107, 308, 472, 1, '2025-01-09 19:53:29', NULL, 1),
(108, 306, 472, 1, '2025-01-09 19:53:45', NULL, 1),
(109, 416, 472, 2, '2025-01-09 19:53:58', NULL, 1),
(110, 418, 472, 1, '2025-01-09 19:54:20', NULL, 1),
(111, 334, 472, 2, '2025-01-09 19:54:43', NULL, 1),
(112, 112, 472, 2, '2025-01-09 19:54:55', NULL, 1),
(113, 17, 472, 1, '2025-01-09 19:55:09', NULL, 1),
(114, 116, 472, 1, '2025-01-09 19:55:28', NULL, 1),
(115, 275, 472, 1, '2025-01-09 19:55:36', NULL, 1),
(116, 339, 472, 1, '2025-01-09 19:55:44', NULL, 1),
(117, 270, 472, 2, '2025-01-09 19:55:58', NULL, 1),
(118, 271, 472, 3, '2025-01-09 19:56:07', NULL, 1),
(119, 93, 472, 2, '2025-01-09 19:56:26', NULL, 1),
(120, 92, 472, 3, '2025-01-09 19:56:53', NULL, 1),
(121, 404, 472, 1, '2025-01-09 19:57:12', NULL, 1),
(122, 263, 472, 1, '2025-01-09 19:57:27', NULL, 1),
(123, 236, 472, 1, '2025-01-09 19:57:50', NULL, 1),
(124, 19, 472, 1, '2025-01-09 19:58:01', NULL, 1),
(125, 156, 472, 1, '2025-01-09 19:58:10', NULL, 1),
(126, 272, 472, 1, '2025-01-09 19:58:19', NULL, 1),
(127, 264, 472, 1, '2025-01-09 19:58:25', NULL, 1),
(128, 14, 472, 1, '2025-01-09 19:58:34', NULL, 1),
(129, 326, 472, 3, '2025-01-09 19:58:48', NULL, 1),
(130, 327, 472, 5, '2025-01-09 19:58:56', NULL, 1),
(131, 328, 472, 1, '2025-01-09 19:59:05', NULL, 1),
(132, 2, 472, 2, '2025-01-09 20:04:04', NULL, 1),
(133, 101, 477, 1, '2025-01-10 17:21:26', NULL, 1),
(134, 4, 477, 1, '2025-01-10 17:21:58', NULL, 1),
(135, 290, 477, 1, '2025-01-10 17:22:11', NULL, 1),
(136, 311, 477, 1, '2025-01-10 17:26:22', NULL, 1),
(137, 449, 477, 1, '2025-01-10 17:26:45', NULL, 1),
(138, 308, 477, 1, '2025-01-10 17:26:55', NULL, 1),
(139, 160, 477, 1, '2025-01-10 17:27:06', NULL, 0),
(140, 416, 477, 2, '2025-01-10 17:27:52', NULL, 1),
(141, 418, 477, 1, '2025-01-10 17:28:24', NULL, 1),
(142, 276, 477, 1, '2025-01-10 17:28:45', NULL, 1),
(143, 116, 477, 1, '2025-01-10 17:29:07', NULL, 1),
(144, 338, 477, 1, '2025-01-10 17:29:40', NULL, 1),
(145, 112, 477, 1, '2025-01-10 17:30:36', NULL, 1),
(146, 92, 477, 3, '2025-01-10 17:30:54', NULL, 1),
(147, 93, 477, 1, '2025-01-10 17:32:39', NULL, 1),
(148, 14, 477, 1, '2025-01-10 17:36:49', NULL, 1),
(149, 263, 477, 1, '2025-01-10 17:37:14', NULL, 1),
(150, 19, 477, 1, '2025-01-10 17:37:23', NULL, 1),
(151, 165, 477, 1, '2025-01-10 17:37:33', NULL, 1),
(152, 447, 477, 1, '2025-01-10 17:38:51', NULL, 1),
(153, 334, 477, 2, '2025-01-10 17:39:01', NULL, 1),
(154, 326, 477, 3, '2025-01-10 17:39:18', NULL, 1),
(155, 327, 477, 3, '2025-01-10 17:39:48', NULL, 1),
(156, 270, 477, 3, '2025-01-10 17:40:00', NULL, 1),
(157, 271, 477, 2, '2025-01-10 17:40:16', NULL, 1),
(158, 272, 477, 1, '2025-01-10 17:41:09', NULL, 1),
(159, 3, 485, 1, '2025-01-11 17:27:09', NULL, 1),
(160, 405, 485, 1, '2025-01-11 17:27:19', NULL, 1),
(161, 106, 485, 2, '2025-01-11 17:27:52', NULL, 0),
(162, 4, 485, 1, '2025-01-11 17:28:31', NULL, 1),
(163, 409, 485, 1, '2025-01-11 17:28:46', NULL, 1),
(164, 290, 485, 1, '2025-01-11 17:28:58', NULL, 1),
(165, 307, 485, 1, '2025-01-11 17:29:05', NULL, 1),
(166, 165, 485, 1, '2025-01-11 17:29:37', NULL, 1),
(167, 367, 485, 1, '2025-01-11 17:29:51', NULL, 1),
(168, 300, 485, 1, '2025-01-11 17:30:02', NULL, 1),
(169, 308, 485, 1, '2025-01-11 17:30:11', NULL, 1),
(170, 411, 485, 2, '2025-01-11 17:30:27', NULL, 1),
(171, 418, 485, 1, '2025-01-11 17:30:40', NULL, 0),
(172, 160, 485, 2, '2025-01-11 17:30:59', NULL, 0),
(173, 418, 485, 2, '2025-01-11 17:31:22', NULL, 1),
(174, 160, 485, 1, '2025-01-11 17:34:04', NULL, 0),
(175, 447, 485, 1, '2025-01-11 17:34:17', NULL, 1),
(176, 334, 485, 2, '2025-01-11 17:34:27', NULL, 1),
(177, 112, 485, 1, '2025-01-11 17:35:25', NULL, 1),
(178, 98, 485, 1, '2025-01-11 17:35:48', NULL, 1),
(179, 338, 485, 1, '2025-01-11 17:36:22', NULL, 1),
(180, 92, 485, 4, '2025-01-11 17:36:58', NULL, 1),
(181, 270, 485, 2, '2025-01-11 17:37:24', NULL, 1),
(182, 271, 485, 3, '2025-01-11 17:37:42', NULL, 1),
(183, 263, 485, 1, '2025-01-11 17:38:14', NULL, 1),
(184, 236, 485, 1, '2025-01-11 17:38:39', NULL, 1),
(185, 272, 485, 1, '2025-01-11 17:38:49', NULL, 1),
(186, 14, 485, 1, '2025-01-11 17:38:59', NULL, 1),
(187, 19, 485, 1, '2025-01-11 17:39:10', NULL, 1),
(188, 157, 485, 1, '2025-01-11 17:39:21', NULL, 1),
(189, 93, 485, 1, '2025-01-11 17:39:57', NULL, 1),
(190, 264, 485, 1, '2025-01-11 17:40:10', NULL, 1),
(191, 327, 485, 5, '2025-01-11 17:40:23', NULL, 1),
(192, 326, 485, 5, '2025-01-11 17:40:36', NULL, 1),
(193, 460, 485, 1, '2025-01-11 17:40:54', NULL, 1),
(194, 37, 485, 1, '2025-01-11 17:41:04', NULL, 0),
(195, 2, 485, 2, '2025-01-11 17:42:46', NULL, 1),
(196, 416, 485, 1, '2025-01-11 17:43:22', NULL, 1),
(197, 10, 485, 2, '2025-01-11 17:47:32', NULL, 0),
(198, 328, 485, 2, '2025-01-11 17:48:20', NULL, 1),
(199, 3, 2, 1, '2025-01-16 16:43:40', NULL, 1),
(200, 405, 2, 1, '2025-01-16 16:43:49', NULL, 1),
(201, 2, 2, 2, '2025-01-16 16:43:58', NULL, 1),
(202, 4, 2, 2, '2025-01-16 16:44:44', NULL, 0),
(203, 4, 2, 1, '2025-01-16 16:45:02', NULL, 1),
(204, 408, 2, 1, '2025-01-16 16:45:22', NULL, 1),
(205, 290, 2, 2, '2025-01-16 16:45:56', NULL, 1),
(206, 465, 2, 1, '2025-01-16 16:46:10', NULL, 1),
(207, 525, 2, 1, '2025-01-16 16:46:23', NULL, 1),
(208, 165, 2, 1, '2025-01-16 16:46:36', NULL, 1),
(209, 468, 2, 1, '2025-01-16 16:46:48', NULL, 1),
(210, 449, 2, 1, '2025-01-16 16:47:17', NULL, 1),
(211, 308, 2, 1, '2025-01-16 16:47:35', NULL, 1),
(212, 411, 2, 2, '2025-01-16 16:53:43', NULL, 1),
(213, 418, 2, 1, '2025-01-16 16:54:04', NULL, 1),
(214, 416, 2, 2, '2025-01-16 16:54:20', NULL, 1),
(215, 368, 2, 1, '2025-01-16 16:54:33', NULL, 1),
(216, 334, 2, 2, '2025-01-16 16:54:46', NULL, 1),
(217, 92, 2, 4, '2025-01-16 16:55:02', NULL, 1),
(218, 270, 2, 4, '2025-01-16 16:55:11', NULL, 1),
(219, 263, 2, 1, '2025-01-16 16:55:25', NULL, 1),
(220, 264, 2, 1, '2025-01-16 16:55:36', NULL, 1),
(221, 5, 2, 2, '2025-01-16 16:55:52', NULL, 1),
(222, 327, 2, 5, '2025-01-16 16:56:23', NULL, 1),
(223, 326, 2, 5, '2025-01-16 16:56:35', NULL, 1),
(224, 328, 2, 2, '2025-01-16 16:56:41', NULL, 1),
(225, 265, 2, 2, '2025-01-16 16:57:17', NULL, 1),
(226, 3, 543, 1, '2025-01-16 18:12:49', NULL, 1),
(227, 405, 543, 1, '2025-01-16 18:12:56', NULL, 1),
(228, 2, 543, 2, '2025-01-16 18:13:03', NULL, 1),
(229, 4, 543, 1, '2025-01-16 18:13:13', NULL, 1),
(230, 408, 543, 1, '2025-01-16 18:13:52', NULL, 1),
(231, 290, 543, 2, '2025-01-16 18:14:26', NULL, 1),
(232, 465, 543, 1, '2025-01-16 18:14:34', NULL, 1),
(233, 525, 543, 1, '2025-01-16 18:14:43', NULL, 1),
(234, 165, 543, 1, '2025-01-16 18:14:52', NULL, 1),
(235, 468, 543, 1, '2025-01-16 18:15:30', NULL, 1),
(236, 449, 543, 1, '2025-01-16 18:15:38', NULL, 1),
(237, 308, 543, 1, '2025-01-16 18:15:49', NULL, 1),
(238, 411, 543, 2, '2025-01-16 18:18:10', NULL, 1),
(239, 418, 543, 2, '2025-01-16 18:18:25', NULL, 0),
(240, 418, 543, 1, '2025-01-16 18:18:32', NULL, 1),
(241, 416, 543, 2, '2025-01-16 18:18:42', NULL, 1),
(242, 447, 543, 1, '2025-01-16 18:18:56', NULL, 1),
(243, 334, 543, 2, '2025-01-16 18:19:04', NULL, 1),
(244, 92, 543, 4, '2025-01-16 18:19:12', NULL, 1),
(245, 270, 543, 4, '2025-01-16 18:19:25', NULL, 1),
(246, 263, 543, 1, '2025-01-16 18:19:37', NULL, 1),
(247, 264, 543, 1, '2025-01-16 18:19:46', NULL, 1),
(248, 5, 543, 2, '2025-01-16 18:20:03', NULL, 1),
(249, 327, 543, 5, '2025-01-16 18:20:13', NULL, 1),
(250, 326, 543, 5, '2025-01-16 18:20:20', NULL, 1),
(251, 328, 543, 2, '2025-01-16 18:20:29', NULL, 1),
(252, 265, 543, 2, '2025-01-16 18:20:50', NULL, 1);

-- --------------------------------------------------------

--
-- Table structure for table `receivables_details`
--

DROP TABLE IF EXISTS `receivables_details`;
CREATE TABLE IF NOT EXISTS `receivables_details` (
  `RDID` int NOT NULL AUTO_INCREMENT,
  `SCID` int DEFAULT NULL,
  `InvoiceNo` varchar(255) DEFAULT NULL,
  `Payment_type_ID` int DEFAULT NULL,
  `BankID` int DEFAULT NULL,
  `Amount` decimal(10,2) DEFAULT NULL,
  `FromAccount` varchar(255) DEFAULT NULL,
  `ToAccount` varchar(255) DEFAULT NULL,
  `ChecqueNo` int DEFAULT NULL,
  `ChecqueDate` date DEFAULT NULL,
  `TransferCode` varchar(255) DEFAULT NULL,
  `Description` varchar(255) DEFAULT NULL,
  `CreatedBy` int DEFAULT NULL,
  `CreatedAt` date DEFAULT NULL,
  `ModifiedBy` int DEFAULT NULL,
  `ModifiedAt` date DEFAULT NULL,
  `TransectionNo` int DEFAULT NULL,
  `Date` date DEFAULT NULL,
  PRIMARY KEY (`RDID`),
  KEY `SCID` (`SCID`),
  KEY `Payment_type_ID` (`Payment_type_ID`),
  KEY `BankID` (`BankID`),
  KEY `Date` (`Date`),
  KEY `SCID_2` (`SCID`),
  KEY `Payment_type_ID_2` (`Payment_type_ID`),
  KEY `BankID_2` (`BankID`),
  KEY `Date_2` (`Date`)
) ENGINE=InnoDB DEFAULT CHARSET=utf8mb3;

-- --------------------------------------------------------

--
-- Table structure for table `relations`
--

DROP TABLE IF EXISTS `relations`;
CREATE TABLE IF NOT EXISTS `relations` (
  `id` int NOT NULL AUTO_INCREMENT,
  `name` varchar(255) CHARACTER SET utf8mb4 COLLATE utf8mb4_general_ci DEFAULT NULL,
  PRIMARY KEY (`id`)
) ENGINE=InnoDB AUTO_INCREMENT=22 DEFAULT CHARSET=utf8mb4 COLLATE=utf8mb4_general_ci;

--
-- Dumping data for table `relations`
--

INSERT INTO `relations` (`id`, `name`) VALUES
(1, 'Itself'),
(2, 'Father'),
(3, 'Mother'),
(4, 'Brother'),
(5, 'Husband'),
(6, 'Wife'),
(7, 'SON'),
(8, 'DAUGHTER'),
(9, 'CHILD/ADOPTED CHILD'),
(10, 'SISTER'),
(11, 'GRANDCHILD'),
(12, 'GRANDFATHER'),
(13, 'GRANDMOTHER'),
(14, 'NEPHEW'),
(15, 'SISTER IN LAW'),
(16, 'BROTHER IN LAW'),
(17, 'SON IN LAW'),
(18, 'DAUGHTER IN LAW'),
(19, 'UNCLE'),
(20, 'AUNT'),
(21, 'Other');

-- --------------------------------------------------------

--
-- Table structure for table `roles`
--

DROP TABLE IF EXISTS `roles`;
CREATE TABLE IF NOT EXISTS `roles` (
  `id` int UNSIGNED NOT NULL AUTO_INCREMENT,
  `name` varchar(255) NOT NULL,
  `slug` varchar(255) NOT NULL,
  `description` varchar(255) DEFAULT NULL,
  `level` int NOT NULL DEFAULT '1',
  `created_at` timestamp NULL DEFAULT NULL,
  `updated_at` timestamp NULL DEFAULT NULL,
  `deleted_at` timestamp NULL DEFAULT NULL,
  PRIMARY KEY (`id`) USING BTREE,
  UNIQUE KEY `roles_slug_unique` (`slug`) USING BTREE
) ENGINE=InnoDB AUTO_INCREMENT=68 DEFAULT CHARSET=utf8mb3 ROW_FORMAT=DYNAMIC;

--
-- Dumping data for table `roles`
--

INSERT INTO `roles` (`id`, `name`, `slug`, `description`, `level`, `created_at`, `updated_at`, `deleted_at`) VALUES
(4, 'Police Station', 'police', 'Police role for system settings', 1, '2022-05-13 10:15:04', '2024-07-04 18:35:59', '2024-07-04 18:35:59'),
(49, 'District Super Admin', 'districtsuperadmin', 'District Super Admin', 1, '2023-10-31 10:55:59', '2024-07-04 19:00:49', '2024-07-04 19:00:49'),
(50, 'Super Admin', 'fmc.admin', '', 1, '2023-10-31 13:57:41', '2023-12-13 21:22:26', NULL),
(53, 'Fmc Field Official', 'fmc.fieldinspection', '', 3, '2023-11-09 10:02:58', '2024-01-26 17:33:10', '2024-01-26 17:33:10'),
(55, 'Hospital User', 'hospital', 'adsf', 1, '2023-12-14 16:25:18', '2024-07-04 18:35:53', '2024-07-04 18:35:53'),
(56, 'Polling Station', 'pollingstation', '', 1, '2023-12-14 16:26:18', '2024-07-04 18:35:49', '2024-07-04 18:35:49'),
(57, 'District_User', 'districtuser', '', 1, '2023-12-22 11:01:36', '2024-07-04 18:35:45', '2024-07-04 18:35:45'),
(58, 'Police Mobile Vehicle', 'vehicle', '', 1, '2024-01-23 06:35:05', '2024-07-04 18:35:40', '2024-07-04 18:35:40'),
(59, 'Regional User', 'regional.user', 'asdfasf', 1, '2024-02-02 10:39:44', '2024-07-04 18:35:32', '2024-07-04 18:35:32'),
(60, 'Executive User', 'executive', 'dasfasdf', 1, '2024-02-04 07:11:54', '2024-07-04 18:35:27', '2024-07-04 18:35:27'),
(61, 'Readonly', 'readonly', '', 1, '2024-02-07 08:41:08', '2024-07-04 18:35:22', '2024-07-04 18:35:22'),
(62, 'Sehat Card Focal Person', 'departmental.user', 'adsf', 1, '2024-07-04 18:41:42', '2025-01-03 07:51:08', NULL),
(63, 'Labourtary', 'labourtary', NULL, 1, '2025-01-03 07:52:00', '2025-01-03 07:52:00', NULL),
(64, 'Receiption User', 'receiption.user', NULL, 1, '2025-01-03 07:52:24', '2025-01-03 07:52:24', NULL),
(65, 'Pharmacy User', 'pharmacy.user', NULL, 1, '2025-01-03 15:37:07', '2025-01-03 15:37:07', NULL),
(66, 'Nursing Staff', 'nursing.staff', NULL, 1, '2025-01-04 06:31:55', '2025-01-04 06:31:55', NULL),
(67, 'Dialysis Technician', 'dialysis.technician', NULL, 1, '2025-01-19 10:54:41', '2025-01-19 10:54:41', NULL);

-- --------------------------------------------------------

--
-- Table structure for table `role_user`
--

DROP TABLE IF EXISTS `role_user`;
CREATE TABLE IF NOT EXISTS `role_user` (
  `id` int UNSIGNED NOT NULL AUTO_INCREMENT,
  `role_id` int UNSIGNED NOT NULL,
  `user_id` bigint UNSIGNED NOT NULL,
  `created_at` timestamp NULL DEFAULT NULL,
  `updated_at` timestamp NULL DEFAULT NULL,
  `deleted_at` timestamp NULL DEFAULT NULL,
  PRIMARY KEY (`id`) USING BTREE,
  KEY `role_user_role_id_index` (`role_id`) USING BTREE,
  KEY `role_user_user_id_index` (`user_id`) USING BTREE
) ENGINE=InnoDB AUTO_INCREMENT=12320 DEFAULT CHARSET=utf8mb3 ROW_FORMAT=DYNAMIC;

--
-- Dumping data for table `role_user`
--

INSERT INTO `role_user` (`id`, `role_id`, `user_id`, `created_at`, `updated_at`, `deleted_at`) VALUES
(861, 50, 2, '2023-12-23 00:43:16', '2023-12-23 00:43:16', '0000-00-00 00:00:00'),
(12304, 62, 12245, '2024-07-04 18:43:18', '2024-07-04 18:43:18', '0000-00-00 00:00:00'),
(12305, 50, 12246, '2024-07-05 18:27:41', '2024-07-05 18:27:41', '0000-00-00 00:00:00'),
(12306, 62, 12247, '2025-01-03 07:50:47', '2025-01-03 07:50:47', NULL),
(12307, 63, 12248, '2025-01-03 07:53:54', '2025-01-03 07:53:54', NULL),
(12308, 64, 12249, '2025-01-03 07:57:24', '2025-01-03 07:57:24', NULL),
(12309, 64, 12250, '2025-01-03 07:58:34', '2025-01-03 07:58:34', NULL),
(12310, 64, 12251, '2025-01-03 07:59:05', '2025-01-03 07:59:05', NULL),
(12311, 63, 12252, '2025-01-03 07:59:47', '2025-01-03 07:59:47', NULL),
(12312, 63, 12253, '2025-01-03 08:00:17', '2025-01-03 08:00:17', NULL),
(12313, 65, 12254, '2025-01-03 15:39:08', '2025-01-03 15:39:08', NULL),
(12314, 65, 12255, '2025-01-03 15:39:58', '2025-01-03 15:39:58', NULL),
(12315, 66, 12256, '2025-01-04 06:33:48', '2025-01-04 06:33:48', NULL),
(12316, 65, 12257, '2025-01-06 15:02:43', '2025-01-06 15:02:43', NULL),
(12317, 65, 12258, '2025-01-07 08:08:27', '2025-01-07 08:08:27', NULL),
(12318, 67, 12259, '2025-01-19 11:09:25', '2025-01-19 11:09:25', NULL),
(12319, 67, 12260, '2025-01-19 11:36:57', '2025-01-19 11:36:57', NULL);

-- --------------------------------------------------------

--
-- Table structure for table `sale`
--

DROP TABLE IF EXISTS `sale`;
CREATE TABLE IF NOT EXISTS `sale` (
  `SaleID` int NOT NULL AUTO_INCREMENT,
  `SCID` int DEFAULT NULL,
  `patient_id` int DEFAULT NULL,
  `admission_id` int DEFAULT NULL,
  `InvoiceNo` varchar(255) DEFAULT NULL,
  `Date` datetime DEFAULT NULL,
  `Description` text,
  `TNo` int DEFAULT NULL,
  `TotalSale` decimal(10,2) DEFAULT NULL,
  `received_amount` decimal(10,2) NOT NULL DEFAULT '0.00',
  `Discount` int DEFAULT NULL,
  `SalemanID` int DEFAULT '0',
  `SalemanCommesion` int DEFAULT '0',
  `CustomerMobile` varchar(255) DEFAULT NULL,
  `CreatedBy` int DEFAULT NULL,
  `CreatedAt` date DEFAULT NULL,
  `ModifiedBy` int DEFAULT NULL,
  `ModifiedAt` date DEFAULT NULL,
  `SalemanCommesionStatus` int DEFAULT '0',
  `sale_descriptions` varchar(255) DEFAULT NULL,
  `bill_details` text,
  `is_sehat_card` int NOT NULL DEFAULT '1',
  `medicine_type` varchar(100) DEFAULT NULL,
  PRIMARY KEY (`SaleID`),
  KEY `SCID` (`SCID`),
  KEY `SalemanID` (`SalemanID`),
  KEY `Date` (`Date`)
) ENGINE=InnoDB AUTO_INCREMENT=252 DEFAULT CHARSET=utf8mb3;

--
-- Dumping data for table `sale`
--

INSERT INTO `sale` (`SaleID`, `SCID`, `patient_id`, `admission_id`, `InvoiceNo`, `Date`, `Description`, `TNo`, `TotalSale`, `received_amount`, `Discount`, `SalemanID`, `SalemanCommesion`, `CustomerMobile`, `CreatedBy`, `CreatedAt`, `ModifiedBy`, `ModifiedAt`, `SalemanCommesionStatus`, `sale_descriptions`, `bill_details`, `is_sehat_card`, `medicine_type`) VALUES
(1, 1, 9, 9, '1', '2025-01-07 00:00:00', 'Ibad Ullah - AMC-07043504', NULL, 1798.27, 0.00, 0, 0, 0, NULL, 12257, '2025-01-07', NULL, NULL, 0, NULL, '[{\"ProductID\":\"3\",\"Product\":\"INJ PROFOL | PS: 1.00 | Qty 20\",\"Name\":\"INJ PROFOL | PS: 1.00 | Qty 20\",\"UnitePrice\":\"280.00\",\"Quantity\":\"1\",\"Total\":\"280\",\"AvailableQuantity\":\"20\",\"taxAmount\":\"0.00\",\"taxPercentage\":\"0.00\",\"currentAvailableQuantity\":\"20\"},{\"ProductID\":\"405\",\"Product\":\"Suxathon 100mg inj | PS: 10.00 | Qty 30\",\"Name\":\"Suxathon 100mg inj | PS: 10.00 | Qty 30\",\"UnitePrice\":\"40.00\",\"Quantity\":\"1\",\"Total\":\"40\",\"AvailableQuantity\":\"30\",\"taxAmount\":\"0.00\",\"taxPercentage\":null,\"currentAvailableQuantity\":\"30\"},{\"ProductID\":\"2\",\"Product\":\"Efacurim 50mg\\/mlInj(Atracurium | PS: 5.00 | Qty 20\",\"Name\":\"Efacurim 50mg\\/mlInj(Atracurium | PS: 5.00 | Qty 20\",\"UnitePrice\":\"200.00\",\"Quantity\":\"2\",\"Total\":\"400\",\"AvailableQuantity\":\"20\",\"taxAmount\":\"0.00\",\"taxPercentage\":\"0.00\",\"currentAvailableQuantity\":\"20\"},{\"ProductID\":\"409\",\"Product\":\"Neosting-N Inj | PS: 10.00 | Qty 20\",\"Name\":\"Neosting-N Inj | PS: 10.00 | Qty 20\",\"UnitePrice\":\"35.00\",\"Quantity\":\"1\",\"Total\":\"35\",\"AvailableQuantity\":\"20\",\"taxAmount\":\"0.00\",\"taxPercentage\":null,\"currentAvailableQuantity\":\"20\"},{\"ProductID\":\"5\",\"Product\":\"GLYCOL-P 0.2mg inj | PS: 10.00 | Qty 30\",\"Name\":\"GLYCOL-P 0.2mg inj | PS: 10.00 | Qty 30\",\"UnitePrice\":\"36.00\",\"Quantity\":\"1\",\"Total\":\"36\",\"AvailableQuantity\":\"30\",\"taxAmount\":\"0.00\",\"taxPercentage\":\"0.00\",\"currentAvailableQuantity\":\"30\"},{\"ProductID\":\"165\",\"Product\":\"NALFAY | PS: 5.00 | Qty 20\",\"Name\":\"NALFAY | PS: 5.00 | Qty 20\",\"UnitePrice\":\"44.00\",\"Quantity\":\"1\",\"Total\":\"44\",\"AvailableQuantity\":\"20\",\"taxAmount\":\"0.00\",\"taxPercentage\":\"0.00\",\"currentAvailableQuantity\":\"20\"},{\"ProductID\":\"368\",\"Product\":\"Tradol 100mg inj | PS: 5.00 | Qty 10\",\"Name\":\"Tradol 100mg inj | PS: 5.00 | Qty 10\",\"UnitePrice\":\"33.00\",\"Quantity\":\"1\",\"Total\":\"33\",\"AvailableQuantity\":\"10\",\"taxAmount\":\"0.00\",\"taxPercentage\":null,\"currentAvailableQuantity\":\"10\"},{\"ProductID\":\"367\",\"Product\":\"Toraject 30mg inj | PS: 5.00 | Qty 20\",\"Name\":\"Toraject 30mg inj | PS: 5.00 | Qty 20\",\"UnitePrice\":\"80.20\",\"Quantity\":\"1\",\"Total\":\"80.2\",\"AvailableQuantity\":\"20\",\"taxAmount\":\"0.00\",\"taxPercentage\":null,\"currentAvailableQuantity\":\"20\"},{\"ProductID\":\"4\",\"Product\":\"INJ ATROPINE | PS: 100.00 | Qty 200\",\"Name\":\"INJ ATROPINE | PS: 100.00 | Qty 200\",\"UnitePrice\":\"4.50\",\"Quantity\":\"1\",\"Total\":\"4.5\",\"AvailableQuantity\":\"200\",\"taxAmount\":\"0.00\",\"taxPercentage\":\"0.00\",\"currentAvailableQuantity\":\"200\"},{\"ProductID\":\"300\",\"Product\":\"Rotacart 250mg inj | PS: 1.00 | Qty 15\",\"Name\":\"Rotacart 250mg inj | PS: 1.00 | Qty 15\",\"UnitePrice\":\"140.00\",\"Quantity\":\"1\",\"Total\":\"140\",\"AvailableQuantity\":\"15\",\"taxAmount\":\"0.00\",\"taxPercentage\":null,\"currentAvailableQuantity\":\"15\"},{\"ProductID\":\"416\",\"Product\":\"STERIFLUID RL1000ML | PS: 1.00 | Qty 5\",\"Name\":\"STERIFLUID RL1000ML | PS: 1.00 | Qty 5\",\"UnitePrice\":\"90.00\",\"Quantity\":\"1\",\"Total\":\"90\",\"AvailableQuantity\":\"5\",\"taxAmount\":\"0.00\",\"taxPercentage\":null,\"currentAvailableQuantity\":\"5\"},{\"ProductID\":\"418\",\"Product\":\"STERIFLUID NS 1000ML | PS: 1.00 | Qty 5\",\"Name\":\"STERIFLUID NS 1000ML | PS: 1.00 | Qty 5\",\"UnitePrice\":\"90.00\",\"Quantity\":\"1\",\"Total\":\"90\",\"AvailableQuantity\":\"5\",\"taxAmount\":\"0.00\",\"taxPercentage\":null,\"currentAvailableQuantity\":\"5\"},{\"ProductID\":\"15\",\"Product\":\"DRIP SET SMD | PS: 100.00 | Qty 100\",\"Name\":\"DRIP SET SMD | PS: 100.00 | Qty 100\",\"UnitePrice\":\"25.00\",\"Quantity\":\"2\",\"Total\":\"50\",\"AvailableQuantity\":\"100\",\"taxAmount\":\"0.00\",\"taxPercentage\":\"0.00\",\"currentAvailableQuantity\":\"100\"},{\"ProductID\":\"116\",\"Product\":\"PROLINE 1 | PS: 12.00 | Qty 12\",\"Name\":\"PROLINE 1 | PS: 12.00 | Qty 12\",\"UnitePrice\":\"291.67\",\"Quantity\":\"1\",\"Total\":\"291.67\",\"AvailableQuantity\":\"12\",\"taxAmount\":\"0.00\",\"taxPercentage\":\"0.00\",\"currentAvailableQuantity\":\"12\"},{\"ProductID\":\"270\",\"Product\":\"Pakband guaze | PS: 10.00 | Qty 150\",\"Name\":\"Pakband guaze | PS: 10.00 | Qty 150\",\"UnitePrice\":\"41.00\",\"Quantity\":\"2\",\"Total\":\"82\",\"AvailableQuantity\":\"150\",\"taxAmount\":\"0.00\",\"taxPercentage\":null,\"currentAvailableQuantity\":\"150\"},{\"ProductID\":\"271\",\"Product\":\"Pakbannd Laps Sponges | PS: 10.00 | Qty 100\",\"Name\":\"Pakbannd Laps Sponges | PS: 10.00 | Qty 100\",\"UnitePrice\":\"69.00\",\"Quantity\":\"3\",\"Total\":\"207\",\"AvailableQuantity\":\"100\",\"taxAmount\":\"0.00\",\"taxPercentage\":null,\"currentAvailableQuantity\":\"100\"},{\"ProductID\":\"93\",\"Product\":\"BLADE | PS: 20.00 | Qty 40\",\"Name\":\"BLADE | PS: 20.00 | Qty 40\",\"UnitePrice\":\"47.50\",\"Quantity\":\"2\",\"Total\":\"95\",\"AvailableQuantity\":\"40\",\"taxAmount\":\"0.00\",\"taxPercentage\":\"0.00\",\"currentAvailableQuantity\":\"40\"},{\"ProductID\":\"92\",\"Product\":\"S.GLOVES 7.5 Next | PS: 1.00 | Qty 36\",\"Name\":\"S.GLOVES 7.5 Next | PS: 1.00 | Qty 36\",\"UnitePrice\":\"73.00\",\"Quantity\":\"3\",\"Total\":\"219\",\"AvailableQuantity\":\"36\",\"taxAmount\":\"0.00\",\"taxPercentage\":\"0.00\",\"currentAvailableQuantity\":\"36\"},{\"ProductID\":\"263\",\"Product\":\"SUCTION TUBE | PS: 1.00 | Qty 15\",\"Name\":\"SUCTION TUBE | PS: 1.00 | Qty 15\",\"UnitePrice\":\"160.00\",\"Quantity\":\"1\",\"Total\":\"160\",\"AvailableQuantity\":\"15\",\"taxAmount\":\"0.00\",\"taxPercentage\":\"0.00\",\"currentAvailableQuantity\":\"15\"},{\"ProductID\":\"19\",\"Product\":\"PYODINE small | PS: 1.00 | Qty 20\",\"Name\":\"PYODINE small | PS: 1.00 | Qty 20\",\"UnitePrice\":\"225.00\",\"Quantity\":\"1\",\"Total\":\"225\",\"AvailableQuantity\":\"20\",\"taxAmount\":\"0.00\",\"taxPercentage\":\"0.00\",\"currentAvailableQuantity\":\"20\"},{\"ProductID\":\"156\",\"Product\":\"Cannula IV introcan 18 g | PS: 50.00 | Qty 50\",\"Name\":\"Cannula IV introcan 18 g | PS: 50.00 | Qty 50\",\"UnitePrice\":\"82.00\",\"Quantity\":\"1\",\"Total\":\"82\",\"AvailableQuantity\":\"50\",\"taxAmount\":\"0.00\",\"taxPercentage\":\"0.00\",\"currentAvailableQuantity\":\"50\"},{\"ProductID\":\"272\",\"Product\":\"Surgical tape | PS: 12.00 | Qty 120\",\"Name\":\"Surgical tape | PS: 12.00 | Qty 120\",\"UnitePrice\":\"26.67\",\"Quantity\":\"1\",\"Total\":\"26.67\",\"AvailableQuantity\":\"120\",\"taxAmount\":\"0.00\",\"taxPercentage\":null,\"currentAvailableQuantity\":\"120\"},{\"ProductID\":\"14\",\"Product\":\"CARTILIED QHC | PS: 1.00 | Qty 20\",\"Name\":\"CARTILIED QHC | PS: 1.00 | Qty 20\",\"UnitePrice\":\"175.00\",\"Quantity\":\"1\",\"Total\":\"175\",\"AvailableQuantity\":\"20\",\"taxAmount\":\"0.00\",\"taxPercentage\":\"0.00\",\"currentAvailableQuantity\":\"20\"},{\"ProductID\":\"326\",\"Product\":\"10cc zindagi Siring | PS: 100.00 | Qty 500\",\"Name\":\"10cc zindagi Siring | PS: 100.00 | Qty 500\",\"UnitePrice\":\"9.00\",\"Quantity\":\"3\",\"Total\":\"27\",\"AvailableQuantity\":\"500\",\"taxAmount\":\"0.00\",\"taxPercentage\":null,\"currentAvailableQuantity\":\"500\"},{\"ProductID\":\"331\",\"Product\":\"5cc clinic Syring | PS: 100.00 | Qty 800\",\"Name\":\"5cc clinic Syring | PS: 100.00 | Qty 800\",\"UnitePrice\":\"5.70\",\"Quantity\":\"5\",\"Total\":\"28.5\",\"AvailableQuantity\":\"800\",\"taxAmount\":\"0.00\",\"taxPercentage\":null,\"currentAvailableQuantity\":\"800\"},{\"ProductID\":\"328\",\"Product\":\"20cc zindagi Siring | PS: 100.00 | Qty 100\",\"Name\":\"20cc zindagi Siring | PS: 100.00 | Qty 100\",\"UnitePrice\":\"22.00\",\"Quantity\":\"1\",\"Total\":\"22\",\"AvailableQuantity\":\"100\",\"taxAmount\":\"0.00\",\"taxPercentage\":null,\"currentAvailableQuantity\":\"100\"},{\"ProductID\":\"307\",\"Product\":\"GVN 50mg inj | PS: 25.00 | Qty 250\",\"Name\":\"GVN 50mg inj | PS: 25.00 | Qty 250\",\"UnitePrice\":\"8.20\",\"Quantity\":\"1\",\"Total\":\"8.2\",\"AvailableQuantity\":\"250\",\"taxAmount\":\"0.00\",\"taxPercentage\":null,\"currentAvailableQuantity\":\"250\"},{\"ProductID\":\"308\",\"Product\":\"DMX 4mg inj | PS: 25.00 | Qty 250\",\"Name\":\"DMX 4mg inj | PS: 25.00 | Qty 250\",\"UnitePrice\":\"7.60\",\"Quantity\":\"1\",\"Total\":\"7.6\",\"AvailableQuantity\":\"250\",\"taxAmount\":\"0.00\",\"taxPercentage\":null,\"currentAvailableQuantity\":\"250\"}]', 1, 'OT'),
(2, 1, 9, 9, '2', '2025-01-07 00:00:00', 'Ibad Ullah - AMC-07043504', NULL, 0.00, 0.00, 0, 0, 0, NULL, 12257, '2025-01-07', NULL, NULL, 0, NULL, '[{\"ProductID\":\"112\",\"Product\":\"VICRYL 1 | PS: 12.00 | Qty 24\",\"Name\":\"VICRYL 1 | PS: 12.00 | Qty 24\",\"UnitePrice\":\"275.00\",\"Quantity\":\"3\",\"Total\":\"825\",\"AvailableQuantity\":\"24\",\"taxAmount\":\"0.00\",\"taxPercentage\":\"0.00\",\"currentAvailableQuantity\":\"24\"},{\"ProductID\":\"98\",\"Product\":\"VICRIL 2\\/0 | PS: 12.00 | Qty 12\",\"Name\":\"VICRIL 2\\/0 | PS: 12.00 | Qty 12\",\"UnitePrice\":\"275.00\",\"Quantity\":\"2\",\"Total\":\"550\",\"AvailableQuantity\":\"12\",\"taxAmount\":\"0.00\",\"taxPercentage\":\"0.00\",\"currentAvailableQuantity\":\"12\"}]', 1, 'OT'),
(3, 1, 9, 9, '3', '2025-01-07 00:00:00', 'Ibad Ullah - AMC-07043504', NULL, 309.00, 0.00, 0, 0, 0, NULL, 2, '2025-01-07', NULL, NULL, 0, NULL, '[{\"ProductID\":\"415\",\"Product\":\"STERIFLUID RL 500ML | PS: 1.00 | Qty 6\",\"Name\":\"STERIFLUID RL 500ML | PS: 1.00 | Qty 6\",\"UnitePrice\":\"70.00\",\"Quantity\":\"1\",\"Total\":\"70\",\"AvailableQuantity\":\"6\",\"taxAmount\":\"0.00\",\"taxPercentage\":null,\"currentAvailableQuantity\":\"6\"},{\"ProductID\":\"312\",\"Product\":\"Novetamol 1g inf | PS: 1.00 | Qty 30\",\"Name\":\"Novetamol 1g inf | PS: 1.00 | Qty 30\",\"UnitePrice\":\"115.00\",\"Quantity\":\"1\",\"Total\":\"115\",\"AvailableQuantity\":\"30\",\"taxAmount\":\"0.00\",\"taxPercentage\":null,\"currentAvailableQuantity\":\"30\"},{\"ProductID\":\"301\",\"Product\":\"Celtis-500mg inj | PS: 1.00 | Qty 15\",\"Name\":\"Celtis-500mg inj | PS: 1.00 | Qty 15\",\"UnitePrice\":\"160.00\",\"Quantity\":\"1\",\"Total\":\"160\",\"AvailableQuantity\":\"15\",\"taxAmount\":\"0.00\",\"taxPercentage\":null,\"currentAvailableQuantity\":\"15\"},{\"ProductID\":\"15\",\"Product\":\"DRIP SET SMD | PS: 100.00 | Qty 98\",\"Name\":\"DRIP SET SMD | PS: 100.00 | Qty 98\",\"UnitePrice\":\"25.00\",\"Quantity\":\"1\",\"Total\":\"25\",\"AvailableQuantity\":\"98\",\"taxAmount\":\"0.00\",\"taxPercentage\":\"0.00\",\"currentAvailableQuantity\":\"98\"},{\"ProductID\":\"326\",\"Product\":\"10cc zindagi Siring | PS: 100.00 | Qty 497\",\"Name\":\"10cc zindagi Siring | PS: 100.00 | Qty 497\",\"UnitePrice\":\"9.00\",\"Quantity\":\"1\",\"Total\":\"9\",\"AvailableQuantity\":\"497\",\"taxAmount\":\"0.00\",\"taxPercentage\":null,\"currentAvailableQuantity\":\"497\"}]', 1, 'Ward'),
(4, 1, 9, 9, '4', '2025-01-07 00:00:00', 'Ibad Ullah - AMC-07043504', NULL, 122.00, 0.00, 0, 0, 0, NULL, 2, '2025-01-07', NULL, NULL, 0, NULL, '[{\"ProductID\":\"306\",\"Product\":\"Novazol 500mg inf | PS: 1.00 | Qty 30\",\"Name\":\"Novazol 500mg inf | PS: 1.00 | Qty 30\",\"UnitePrice\":\"95.00\",\"Quantity\":\"1\",\"Total\":\"95\",\"AvailableQuantity\":\"30\",\"taxAmount\":\"0.00\",\"taxPercentage\":null,\"currentAvailableQuantity\":\"30\"},{\"ProductID\":\"264\",\"Product\":\"ETT All Sizes | PS: 1.00 | Qty 3\",\"Name\":\"ETT All Sizes | PS: 1.00 | Qty 3\",\"UnitePrice\":\"122.00\",\"Quantity\":\"2\",\"Total\":\"244\",\"AvailableQuantity\":\"3\",\"taxAmount\":\"0.00\",\"taxPercentage\":\"0.00\",\"currentAvailableQuantity\":\"3\"}]', 1, 'OT'),
(5, 1, 8, 8, '5', '2025-01-07 00:00:00', 'Ahmad faraz - AMC-07040441', NULL, 3220.94, 0.00, 0, 0, 0, NULL, 2, '2025-01-07', NULL, NULL, 0, NULL, '[{\"ProductID\":\"3\",\"Product\":\"INJ PROFOL | PS: 1.00 | Qty 19\",\"Name\":\"INJ PROFOL | PS: 1.00 | Qty 19\",\"UnitePrice\":\"280.00\",\"Quantity\":\"1\",\"Total\":\"280\",\"AvailableQuantity\":\"19\",\"taxAmount\":\"0.00\",\"taxPercentage\":\"0.00\",\"currentAvailableQuantity\":\"19\"},{\"ProductID\":\"405\",\"Product\":\"Suxathon 100mg inj | PS: 10.00 | Qty 29\",\"Name\":\"Suxathon 100mg inj | PS: 10.00 | Qty 29\",\"UnitePrice\":\"40.00\",\"Quantity\":\"1\",\"Total\":\"40\",\"AvailableQuantity\":\"29\",\"taxAmount\":\"0.00\",\"taxPercentage\":null,\"currentAvailableQuantity\":\"29\"},{\"ProductID\":\"2\",\"Product\":\"Efacurim 50mg\\/mlInj(Atracurium | PS: 5.00 | Qty 18\",\"Name\":\"Efacurim 50mg\\/mlInj(Atracurium | PS: 5.00 | Qty 18\",\"UnitePrice\":\"200.00\",\"Quantity\":\"2\",\"Total\":\"400\",\"AvailableQuantity\":\"18\",\"taxAmount\":\"0.00\",\"taxPercentage\":\"0.00\",\"currentAvailableQuantity\":\"18\"},{\"ProductID\":\"409\",\"Product\":\"Neosting-N Inj | PS: 10.00 | Qty 19\",\"Name\":\"Neosting-N Inj | PS: 10.00 | Qty 19\",\"UnitePrice\":\"35.00\",\"Quantity\":\"1\",\"Total\":\"35\",\"AvailableQuantity\":\"19\",\"taxAmount\":\"0.00\",\"taxPercentage\":null,\"currentAvailableQuantity\":\"19\"},{\"ProductID\":\"5\",\"Product\":\"GLYCOL-P 0.2mg inj | PS: 10.00 | Qty 29\",\"Name\":\"GLYCOL-P 0.2mg inj | PS: 10.00 | Qty 29\",\"UnitePrice\":\"36.00\",\"Quantity\":\"1\",\"Total\":\"36\",\"AvailableQuantity\":\"29\",\"taxAmount\":\"0.00\",\"taxPercentage\":\"0.00\",\"currentAvailableQuantity\":\"29\"},{\"ProductID\":\"307\",\"Product\":\"GVN 50mg inj | PS: 25.00 | Qty 249\",\"Name\":\"GVN 50mg inj | PS: 25.00 | Qty 249\",\"UnitePrice\":\"8.20\",\"Quantity\":\"1\",\"Total\":\"8.2\",\"AvailableQuantity\":\"249\",\"taxAmount\":\"0.00\",\"taxPercentage\":null,\"currentAvailableQuantity\":\"249\"},{\"ProductID\":\"165\",\"Product\":\"NALFAY | PS: 5.00 | Qty 19\",\"Name\":\"NALFAY | PS: 5.00 | Qty 19\",\"UnitePrice\":\"44.00\",\"Quantity\":\"1\",\"Total\":\"44\",\"AvailableQuantity\":\"19\",\"taxAmount\":\"0.00\",\"taxPercentage\":\"0.00\",\"currentAvailableQuantity\":\"19\"},{\"ProductID\":\"368\",\"Product\":\"Tradol 100mg inj | PS: 5.00 | Qty 9\",\"Name\":\"Tradol 100mg inj | PS: 5.00 | Qty 9\",\"UnitePrice\":\"33.00\",\"Quantity\":\"1\",\"Total\":\"33\",\"AvailableQuantity\":\"9\",\"taxAmount\":\"0.00\",\"taxPercentage\":null,\"currentAvailableQuantity\":\"9\"},{\"ProductID\":\"367\",\"Product\":\"Toraject 30mg inj | PS: 5.00 | Qty 19\",\"Name\":\"Toraject 30mg inj | PS: 5.00 | Qty 19\",\"UnitePrice\":\"80.20\",\"Quantity\":\"1\",\"Total\":\"80.2\",\"AvailableQuantity\":\"19\",\"taxAmount\":\"0.00\",\"taxPercentage\":null,\"currentAvailableQuantity\":\"19\"},{\"ProductID\":\"4\",\"Product\":\"INJ ATROPINE | PS: 100.00 | Qty 199\",\"Name\":\"INJ ATROPINE | PS: 100.00 | Qty 199\",\"UnitePrice\":\"4.50\",\"Quantity\":\"1\",\"Total\":\"4.5\",\"AvailableQuantity\":\"199\",\"taxAmount\":\"0.00\",\"taxPercentage\":\"0.00\",\"currentAvailableQuantity\":\"199\"},{\"ProductID\":\"290\",\"Product\":\"Adrnaline | PS: 100.00 | Qty 100\",\"Name\":\"Adrnaline | PS: 100.00 | Qty 100\",\"UnitePrice\":\"7.50\",\"Quantity\":\"1\",\"Total\":\"7.5\",\"AvailableQuantity\":\"100\",\"taxAmount\":\"0.00\",\"taxPercentage\":null,\"currentAvailableQuantity\":\"100\"},{\"ProductID\":\"300\",\"Product\":\"Rotacart 250mg inj | PS: 1.00 | Qty 14\",\"Name\":\"Rotacart 250mg inj | PS: 1.00 | Qty 14\",\"UnitePrice\":\"140.00\",\"Quantity\":\"1\",\"Total\":\"140\",\"AvailableQuantity\":\"14\",\"taxAmount\":\"0.00\",\"taxPercentage\":null,\"currentAvailableQuantity\":\"14\"},{\"ProductID\":\"308\",\"Product\":\"DMX 4mg inj | PS: 25.00 | Qty 249\",\"Name\":\"DMX 4mg inj | PS: 25.00 | Qty 249\",\"UnitePrice\":\"7.60\",\"Quantity\":\"1\",\"Total\":\"7.6\",\"AvailableQuantity\":\"249\",\"taxAmount\":\"0.00\",\"taxPercentage\":null,\"currentAvailableQuantity\":\"249\"},{\"ProductID\":\"416\",\"Product\":\"STERIFLUID RL1000ML | PS: 1.00 | Qty 4\",\"Name\":\"STERIFLUID RL1000ML | PS: 1.00 | Qty 4\",\"UnitePrice\":\"90.00\",\"Quantity\":\"2\",\"Total\":\"180\",\"AvailableQuantity\":\"4\",\"taxAmount\":\"0.00\",\"taxPercentage\":null,\"currentAvailableQuantity\":\"4\"},{\"ProductID\":\"418\",\"Product\":\"STERIFLUID NS 1000ML | PS: 1.00 | Qty 4\",\"Name\":\"STERIFLUID NS 1000ML | PS: 1.00 | Qty 4\",\"UnitePrice\":\"90.00\",\"Quantity\":\"1\",\"Total\":\"90\",\"AvailableQuantity\":\"4\",\"taxAmount\":\"0.00\",\"taxPercentage\":null,\"currentAvailableQuantity\":\"4\"},{\"ProductID\":\"15\",\"Product\":\"DRIP SET SMD | PS: 100.00 | Qty 97\",\"Name\":\"DRIP SET SMD | PS: 100.00 | Qty 97\",\"UnitePrice\":\"25.00\",\"Quantity\":\"2\",\"Total\":\"50\",\"AvailableQuantity\":\"97\",\"taxAmount\":\"0.00\",\"taxPercentage\":\"0.00\",\"currentAvailableQuantity\":\"97\"},{\"ProductID\":\"112\",\"Product\":\"VICRYL 1 | PS: 12.00 | Qty 21\",\"Name\":\"VICRYL 1 | PS: 12.00 | Qty 21\",\"UnitePrice\":\"275.00\",\"Quantity\":\"2\",\"Total\":\"550\",\"AvailableQuantity\":\"21\",\"taxAmount\":\"0.00\",\"taxPercentage\":\"0.00\",\"currentAvailableQuantity\":\"21\"},{\"ProductID\":\"98\",\"Product\":\"VICRIL 2\\/0 | PS: 12.00 | Qty 10\",\"Name\":\"VICRIL 2\\/0 | PS: 12.00 | Qty 10\",\"UnitePrice\":\"275.00\",\"Quantity\":\"1\",\"Total\":\"275\",\"AvailableQuantity\":\"10\",\"taxAmount\":\"0.00\",\"taxPercentage\":\"0.00\",\"currentAvailableQuantity\":\"10\"},{\"ProductID\":\"338\",\"Product\":\"PROLINE 2-0 RB | PS: 12.00 | Qty 12\",\"Name\":\"PROLINE 2-0 RB | PS: 12.00 | Qty 12\",\"UnitePrice\":\"291.67\",\"Quantity\":\"1\",\"Total\":\"291.67\",\"AvailableQuantity\":\"12\",\"taxAmount\":\"0.00\",\"taxPercentage\":null,\"currentAvailableQuantity\":\"12\"},{\"ProductID\":\"270\",\"Product\":\"Pakband guaze | PS: 10.00 | Qty 148\",\"Name\":\"Pakband guaze | PS: 10.00 | Qty 148\",\"UnitePrice\":\"41.00\",\"Quantity\":\"2\",\"Total\":\"82\",\"AvailableQuantity\":\"148\",\"taxAmount\":\"0.00\",\"taxPercentage\":null,\"currentAvailableQuantity\":\"148\"},{\"ProductID\":\"271\",\"Product\":\"Pakbannd Laps Sponges | PS: 10.00 | Qty 97\",\"Name\":\"Pakbannd Laps Sponges | PS: 10.00 | Qty 97\",\"UnitePrice\":\"69.00\",\"Quantity\":\"3\",\"Total\":\"207\",\"AvailableQuantity\":\"97\",\"taxAmount\":\"0.00\",\"taxPercentage\":null,\"currentAvailableQuantity\":\"97\"},{\"ProductID\":\"93\",\"Product\":\"BLADE | PS: 20.00 | Qty 38\",\"Name\":\"BLADE | PS: 20.00 | Qty 38\",\"UnitePrice\":\"47.50\",\"Quantity\":\"2\",\"Total\":\"95\",\"AvailableQuantity\":\"38\",\"taxAmount\":\"0.00\",\"taxPercentage\":\"0.00\",\"currentAvailableQuantity\":\"38\"},{\"ProductID\":\"404\",\"Product\":\"Gloves 8 (super max) | PS: 1.00 | Qty 5\",\"Name\":\"Gloves 8 (super max) | PS: 1.00 | Qty 5\",\"UnitePrice\":\"130.00\",\"Quantity\":\"3\",\"Total\":\"390\",\"AvailableQuantity\":\"5\",\"taxAmount\":\"0.00\",\"taxPercentage\":null,\"currentAvailableQuantity\":\"5\"},{\"ProductID\":\"263\",\"Product\":\"SUCTION TUBE | PS: 1.00 | Qty 14\",\"Name\":\"SUCTION TUBE | PS: 1.00 | Qty 14\",\"UnitePrice\":\"160.00\",\"Quantity\":\"1\",\"Total\":\"160\",\"AvailableQuantity\":\"14\",\"taxAmount\":\"0.00\",\"taxPercentage\":\"0.00\",\"currentAvailableQuantity\":\"14\"},{\"ProductID\":\"19\",\"Product\":\"PYODINE small | PS: 1.00 | Qty 19\",\"Name\":\"PYODINE small | PS: 1.00 | Qty 19\",\"UnitePrice\":\"225.00\",\"Quantity\":\"1\",\"Total\":\"225\",\"AvailableQuantity\":\"19\",\"taxAmount\":\"0.00\",\"taxPercentage\":\"0.00\",\"currentAvailableQuantity\":\"19\"},{\"ProductID\":\"156\",\"Product\":\"Cannula IV introcan 18 g | PS: 50.00 | Qty 49\",\"Name\":\"Cannula IV introcan 18 g | PS: 50.00 | Qty 49\",\"UnitePrice\":\"82.00\",\"Quantity\":\"1\",\"Total\":\"82\",\"AvailableQuantity\":\"49\",\"taxAmount\":\"0.00\",\"taxPercentage\":\"0.00\",\"currentAvailableQuantity\":\"49\"},{\"ProductID\":\"272\",\"Product\":\"Surgical tape | PS: 12.00 | Qty 119\",\"Name\":\"Surgical tape | PS: 12.00 | Qty 119\",\"UnitePrice\":\"26.67\",\"Quantity\":\"1\",\"Total\":\"26.67\",\"AvailableQuantity\":\"119\",\"taxAmount\":\"0.00\",\"taxPercentage\":null,\"currentAvailableQuantity\":\"119\"},{\"ProductID\":\"264\",\"Product\":\"ETT All Sizes | PS: 1.00 | Qty 1\",\"Name\":\"ETT All Sizes | PS: 1.00 | Qty 1\",\"UnitePrice\":\"122.00\",\"Quantity\":\"1\",\"Total\":\"122\",\"AvailableQuantity\":\"1\",\"taxAmount\":\"0.00\",\"taxPercentage\":\"0.00\",\"currentAvailableQuantity\":\"1\"},{\"ProductID\":\"402\",\"Product\":\"Cartilead | PS: 1.00 | Qty 2\",\"Name\":\"Cartilead | PS: 1.00 | Qty 2\",\"UnitePrice\":\"190.00\",\"Quantity\":\"1\",\"Total\":\"190\",\"AvailableQuantity\":\"2\",\"taxAmount\":\"0.00\",\"taxPercentage\":null,\"currentAvailableQuantity\":\"2\"},{\"ProductID\":\"326\",\"Product\":\"10cc zindagi Siring | PS: 100.00 | Qty 496\",\"Name\":\"10cc zindagi Siring | PS: 100.00 | Qty 496\",\"UnitePrice\":\"9.00\",\"Quantity\":\"3\",\"Total\":\"27\",\"AvailableQuantity\":\"496\",\"taxAmount\":\"0.00\",\"taxPercentage\":null,\"currentAvailableQuantity\":\"496\"},{\"ProductID\":\"327\",\"Product\":\"5cc zindagi Siring | PS: 50.00 | Qty 250\",\"Name\":\"5cc zindagi Siring | PS: 50.00 | Qty 250\",\"UnitePrice\":\"12.00\",\"Quantity\":\"5\",\"Total\":\"60\",\"AvailableQuantity\":\"250\",\"taxAmount\":\"0.00\",\"taxPercentage\":null,\"currentAvailableQuantity\":\"250\"},{\"ProductID\":\"328\",\"Product\":\"20cc zindagi Siring | PS: 100.00 | Qty 99\",\"Name\":\"20cc zindagi Siring | PS: 100.00 | Qty 99\",\"UnitePrice\":\"22.00\",\"Quantity\":\"1\",\"Total\":\"22\",\"AvailableQuantity\":\"99\",\"taxAmount\":\"0.00\",\"taxPercentage\":null,\"currentAvailableQuantity\":\"99\"}]', 1, 'OT'),
(6, 1, 9, 9, '6', '2025-01-07 00:00:00', 'Ibad Ullah - AMC-07043504', NULL, 422.00, 0.00, 0, 0, 0, NULL, 2, '2025-01-07', NULL, NULL, 0, NULL, '[{\"ProductID\":\"435\",\"Product\":\"Fine Crepe | PS: 1.00 | Qty 2\",\"Name\":\"Fine Crepe | PS: 1.00 | Qty 2\",\"UnitePrice\":\"62.00\",\"Quantity\":\"2\",\"Total\":\"124\",\"AvailableQuantity\":\"2\",\"taxAmount\":\"0.00\",\"taxPercentage\":null,\"currentAvailableQuantity\":\"2\"},{\"ProductID\":\"434\",\"Product\":\"Orthoplast Gipsona | PS: 6.00 | Qty 24\",\"Name\":\"Orthoplast Gipsona | PS: 6.00 | Qty 24\",\"UnitePrice\":\"180.00\",\"Quantity\":\"4\",\"Total\":\"720\",\"AvailableQuantity\":\"24\",\"taxAmount\":\"0.00\",\"taxPercentage\":null,\"currentAvailableQuantity\":\"24\"}]', 1, 'OT'),
(7, 1, 6, 6, '7', '2025-01-07 00:00:00', 'saeed zaman - AMC-04041028', NULL, 452.75, 0.00, 0, 0, 0, NULL, 12257, '2025-01-07', NULL, NULL, 0, NULL, '[{\"ProductID\":\"421\",\"Product\":\"KLEEN ENEEMA | PS: 1.00 | Qty 4\",\"Name\":\"KLEEN ENEEMA | PS: 1.00 | Qty 4\",\"UnitePrice\":\"148.75\",\"Quantity\":\"1\",\"Total\":\"148.75\",\"AvailableQuantity\":\"4\",\"taxAmount\":\"0.00\",\"taxPercentage\":null,\"currentAvailableQuantity\":\"4\"},{\"ProductID\":\"302\",\"Product\":\"Celtis-1G inj | PS: 1.00 | Qty 15\",\"Name\":\"Celtis-1G inj | PS: 1.00 | Qty 15\",\"UnitePrice\":\"225.00\",\"Quantity\":\"1\",\"Total\":\"225\",\"AvailableQuantity\":\"15\",\"taxAmount\":\"0.00\",\"taxPercentage\":null,\"currentAvailableQuantity\":\"15\"},{\"ProductID\":\"311\",\"Product\":\"ODS 8mg inj | PS: 5.00 | Qty 25\",\"Name\":\"ODS 8mg inj | PS: 5.00 | Qty 25\",\"UnitePrice\":\"70.00\",\"Quantity\":\"1\",\"Total\":\"70\",\"AvailableQuantity\":\"25\",\"taxAmount\":\"0.00\",\"taxPercentage\":null,\"currentAvailableQuantity\":\"25\"},{\"ProductID\":\"326\",\"Product\":\"10cc zindagi Siring | PS: 100.00 | Qty 494\",\"Name\":\"10cc zindagi Siring | PS: 100.00 | Qty 494\",\"UnitePrice\":\"9.00\",\"Quantity\":\"1\",\"Total\":\"9\",\"AvailableQuantity\":\"494\",\"taxAmount\":\"0.00\",\"taxPercentage\":null,\"currentAvailableQuantity\":\"494\"}]', 1, 'Ward'),
(8, 1, 7, 7, '8', '2025-01-07 00:00:00', 'hina bibi - AMC-07035820', NULL, 146.67, 0.00, 0, 0, 0, NULL, 2, '2025-01-07', NULL, NULL, 0, NULL, '[{\"ProductID\":\"270\",\"Product\":\"Pakband guaze | PS: 10.00 | Qty 147\",\"Name\":\"Pakband guaze | PS: 10.00 | Qty 147\",\"UnitePrice\":\"41.00\",\"Quantity\":\"2\",\"Total\":\"82\",\"AvailableQuantity\":\"147\",\"taxAmount\":\"0.00\",\"taxPercentage\":null,\"currentAvailableQuantity\":\"147\"},{\"ProductID\":\"271\",\"Product\":\"Pakbannd Laps Sponges | PS: 10.00 | Qty 96\",\"Name\":\"Pakbannd Laps Sponges | PS: 10.00 | Qty 96\",\"UnitePrice\":\"69.00\",\"Quantity\":\"2\",\"Total\":\"138\",\"AvailableQuantity\":\"96\",\"taxAmount\":\"0.00\",\"taxPercentage\":null,\"currentAvailableQuantity\":\"96\"},{\"ProductID\":\"274\",\"Product\":\"Oxytocin inj | PS: 50.00 | Qty 250\",\"Name\":\"Oxytocin inj | PS: 50.00 | Qty 250\",\"UnitePrice\":\"6.60\",\"Quantity\":\"10\",\"Total\":\"66\",\"AvailableQuantity\":\"250\",\"taxAmount\":\"0.00\",\"taxPercentage\":null,\"currentAvailableQuantity\":\"250\"},{\"ProductID\":\"416\",\"Product\":\"STERIFLUID RL1000ML | PS: 1.00 | Qty 3\",\"Name\":\"STERIFLUID RL1000ML | PS: 1.00 | Qty 3\",\"UnitePrice\":\"90.00\",\"Quantity\":\"1\",\"Total\":\"90\",\"AvailableQuantity\":\"3\",\"taxAmount\":\"0.00\",\"taxPercentage\":null,\"currentAvailableQuantity\":\"3\"},{\"ProductID\":\"158\",\"Product\":\"Cannula IV introcan 22 g | PS: 50.00 | Qty 50\",\"Name\":\"Cannula IV introcan 22 g | PS: 50.00 | Qty 50\",\"UnitePrice\":\"82.00\",\"Quantity\":\"1\",\"Total\":\"82\",\"AvailableQuantity\":\"50\",\"taxAmount\":\"0.00\",\"taxPercentage\":\"0.00\",\"currentAvailableQuantity\":\"50\"},{\"ProductID\":\"272\",\"Product\":\"Surgical tape | PS: 12.00 | Qty 118\",\"Name\":\"Surgical tape | PS: 12.00 | Qty 118\",\"UnitePrice\":\"26.67\",\"Quantity\":\"1\",\"Total\":\"26.67\",\"AvailableQuantity\":\"118\",\"taxAmount\":\"0.00\",\"taxPercentage\":null,\"currentAvailableQuantity\":\"118\"},{\"ProductID\":\"112\",\"Product\":\"VICRYL 1 | PS: 12.00 | Qty 22\",\"Name\":\"VICRYL 1 | PS: 12.00 | Qty 22\",\"UnitePrice\":\"275.00\",\"Quantity\":\"1\",\"Total\":\"275\",\"AvailableQuantity\":\"22\",\"taxAmount\":\"0.00\",\"taxPercentage\":\"0.00\",\"currentAvailableQuantity\":\"22\"},{\"ProductID\":\"401\",\"Product\":\"Foley catheter 16fr\\/CH | PS: 1.00 | Qty 43\",\"Name\":\"Foley catheter 16fr\\/CH | PS: 1.00 | Qty 43\",\"UnitePrice\":\"90.00\",\"Quantity\":\"1\",\"Total\":\"90\",\"AvailableQuantity\":\"43\",\"taxAmount\":\"0.00\",\"taxPercentage\":null,\"currentAvailableQuantity\":\"43\"},{\"ProductID\":\"410\",\"Product\":\"Gloves 8 LATEX | PS: 1.00 | Qty 10\",\"Name\":\"Gloves 8 LATEX | PS: 1.00 | Qty 10\",\"UnitePrice\":\"75.00\",\"Quantity\":\"3\",\"Total\":\"225\",\"AvailableQuantity\":\"10\",\"taxAmount\":\"0.00\",\"taxPercentage\":null,\"currentAvailableQuantity\":\"10\"},{\"ProductID\":\"433\",\"Product\":\"Cord Clamp | PS: 1.00 | Qty 10\",\"Name\":\"Cord Clamp | PS: 1.00 | Qty 10\",\"UnitePrice\":\"18.00\",\"Quantity\":\"2\",\"Total\":\"36\",\"AvailableQuantity\":\"10\",\"taxAmount\":\"0.00\",\"taxPercentage\":null,\"currentAvailableQuantity\":\"10\"},{\"ProductID\":\"436\",\"Product\":\"Liquid parraffin | PS: 10.00 | Qty 3\",\"Name\":\"Liquid parraffin | PS: 10.00 | Qty 3\",\"UnitePrice\":\"38.00\",\"Quantity\":\"2\",\"Total\":\"76\",\"AvailableQuantity\":\"3\",\"taxAmount\":\"0.00\",\"taxPercentage\":null,\"currentAvailableQuantity\":\"3\"},{\"ProductID\":\"273\",\"Product\":\"Dignity Sheet | PS: 10.00 | Qty 100\",\"Name\":\"Dignity Sheet | PS: 10.00 | Qty 100\",\"UnitePrice\":\"41.00\",\"Quantity\":\"1\",\"Total\":\"41\",\"AvailableQuantity\":\"100\",\"taxAmount\":\"0.00\",\"taxPercentage\":null,\"currentAvailableQuantity\":\"100\"},{\"ProductID\":\"279\",\"Product\":\"Hush Pads | PS: 15.00 | Qty 225\",\"Name\":\"Hush Pads | PS: 15.00 | Qty 225\",\"UnitePrice\":\"16.33\",\"Quantity\":\"15\",\"Total\":\"244.95\",\"AvailableQuantity\":\"225\",\"taxAmount\":\"0.00\",\"taxPercentage\":null,\"currentAvailableQuantity\":\"225\"},{\"ProductID\":\"239\",\"Product\":\"Tab S.Tmom | PS: 10.00 | Qty 5\",\"Name\":\"Tab S.Tmom | PS: 10.00 | Qty 5\",\"UnitePrice\":\"16.44\",\"Quantity\":\"5\",\"Total\":\"82.2\",\"AvailableQuantity\":\"5\",\"taxAmount\":\"0.00\",\"taxPercentage\":\"0.00\",\"currentAvailableQuantity\":\"5\"},{\"ProductID\":\"15\",\"Product\":\"DRIP SET SMD | PS: 100.00 | Qty 96\",\"Name\":\"DRIP SET SMD | PS: 100.00 | Qty 96\",\"UnitePrice\":\"25.00\",\"Quantity\":\"1\",\"Total\":\"25\",\"AvailableQuantity\":\"96\",\"taxAmount\":\"0.00\",\"taxPercentage\":\"0.00\",\"currentAvailableQuantity\":\"96\"},{\"ProductID\":\"326\",\"Product\":\"10cc zindagi Siring | PS: 100.00 | Qty 493\",\"Name\":\"10cc zindagi Siring | PS: 100.00 | Qty 493\",\"UnitePrice\":\"9.00\",\"Quantity\":\"2\",\"Total\":\"18\",\"AvailableQuantity\":\"493\",\"taxAmount\":\"0.00\",\"taxPercentage\":null,\"currentAvailableQuantity\":\"493\"},{\"ProductID\":\"327\",\"Product\":\"5cc zindagi Siring | PS: 50.00 | Qty 245\",\"Name\":\"5cc zindagi Siring | PS: 50.00 | Qty 245\",\"UnitePrice\":\"12.00\",\"Quantity\":\"3\",\"Total\":\"36\",\"AvailableQuantity\":\"245\",\"taxAmount\":\"0.00\",\"taxPercentage\":null,\"currentAvailableQuantity\":\"245\"},{\"ProductID\":\"257\",\"Product\":\"XYLOCAN GEL | PS: 1.00 | Qty 25\",\"Name\":\"XYLOCAN GEL | PS: 1.00 | Qty 25\",\"UnitePrice\":\"43.00\",\"Quantity\":\"1\",\"Total\":\"43\",\"AvailableQuantity\":\"25\",\"taxAmount\":\"0.00\",\"taxPercentage\":\"0.00\",\"currentAvailableQuantity\":\"25\"},{\"ProductID\":\"411\",\"Product\":\"Transolide 500mg Inj | PS: 10.00 | Qty 50\",\"Name\":\"Transolide 500mg Inj | PS: 10.00 | Qty 50\",\"UnitePrice\":\"48.00\",\"Quantity\":\"2\",\"Total\":\"96\",\"AvailableQuantity\":\"50\",\"taxAmount\":\"0.00\",\"taxPercentage\":null,\"currentAvailableQuantity\":\"50\"},{\"ProductID\":\"275\",\"Product\":\"Catgut 1 | PS: 12.00 | Qty 12\",\"Name\":\"Catgut 1 | PS: 12.00 | Qty 12\",\"UnitePrice\":\"191.67\",\"Quantity\":\"1\",\"Total\":\"191.67\",\"AvailableQuantity\":\"12\",\"taxAmount\":\"0.00\",\"taxPercentage\":null,\"currentAvailableQuantity\":\"12\"},{\"ProductID\":\"19\",\"Product\":\"PYODINE small | PS: 1.00 | Qty 18\",\"Name\":\"PYODINE small | PS: 1.00 | Qty 18\",\"UnitePrice\":\"225.00\",\"Quantity\":\"1\",\"Total\":\"225\",\"AvailableQuantity\":\"18\",\"taxAmount\":\"0.00\",\"taxPercentage\":\"0.00\",\"currentAvailableQuantity\":\"18\"},{\"ProductID\":\"263\",\"Product\":\"SUCTION TUBE | PS: 1.00 | Qty 13\",\"Name\":\"SUCTION TUBE | PS: 1.00 | Qty 13\",\"UnitePrice\":\"160.00\",\"Quantity\":\"1\",\"Total\":\"160\",\"AvailableQuantity\":\"13\",\"taxAmount\":\"0.00\",\"taxPercentage\":\"0.00\",\"currentAvailableQuantity\":\"13\"},{\"ProductID\":\"421\",\"Product\":\"KLEEN ENEEMA | PS: 1.00 | Qty 3\",\"Name\":\"KLEEN ENEEMA | PS: 1.00 | Qty 3\",\"UnitePrice\":\"148.75\",\"Quantity\":\"1\",\"Total\":\"148.75\",\"AvailableQuantity\":\"3\",\"taxAmount\":\"0.00\",\"taxPercentage\":null,\"currentAvailableQuantity\":\"3\"}]', 1, 'OT'),
(9, 1, 8, 8, '9', '2025-01-07 00:00:00', 'Ahmad faraz - AMC-07040441', NULL, 382.00, 0.00, 0, 0, 0, NULL, 2, '2025-01-07', NULL, NULL, 0, NULL, '[{\"ProductID\":\"348\",\"Product\":\"Cefactum 2g inj | PS: 1.00 | Qty 25\",\"Name\":\"Cefactum 2g inj | PS: 1.00 | Qty 25\",\"UnitePrice\":\"382.00\",\"Quantity\":\"1\",\"Total\":\"382\",\"AvailableQuantity\":\"25\",\"taxAmount\":\"0.00\",\"taxPercentage\":null,\"currentAvailableQuantity\":\"25\"}]', 1, 'OT'),
(10, 1, 8, 8, '10', '2025-01-07 00:00:00', 'Ahmad faraz - AMC-07040441', NULL, 296.00, 0.00, 0, 0, 0, NULL, 2, '2025-01-07', NULL, NULL, 0, NULL, '[{\"ProductID\":\"297\",\"Product\":\"Amitax 500mg inj | PS: 1.00 | Qty 15\",\"Name\":\"Amitax 500mg inj | PS: 1.00 | Qty 15\",\"UnitePrice\":\"147.00\",\"Quantity\":\"1\",\"Total\":\"147\",\"AvailableQuantity\":\"15\",\"taxAmount\":\"0.00\",\"taxPercentage\":null,\"currentAvailableQuantity\":\"15\"},{\"ProductID\":\"326\",\"Product\":\"10cc zindagi Siring | PS: 100.00 | Qty 492\",\"Name\":\"10cc zindagi Siring | PS: 100.00 | Qty 492\",\"UnitePrice\":\"9.00\",\"Quantity\":\"1\",\"Total\":\"9\",\"AvailableQuantity\":\"492\",\"taxAmount\":\"0.00\",\"taxPercentage\":null,\"currentAvailableQuantity\":\"492\"},{\"ProductID\":\"365\",\"Product\":\"Etolac 30mg inj | PS: 5.00 | Qty 5\",\"Name\":\"Etolac 30mg inj | PS: 5.00 | Qty 5\",\"UnitePrice\":\"140.00\",\"Quantity\":\"1\",\"Total\":\"140\",\"AvailableQuantity\":\"5\",\"taxAmount\":\"0.00\",\"taxPercentage\":null,\"currentAvailableQuantity\":\"5\"}]', 1, 'Ward'),
(11, 1, 8, 8, '11', '2025-01-07 00:00:00', 'Ahmad faraz - AMC-07040441', NULL, 90.00, 0.00, 0, 0, 0, NULL, 2, '2025-01-07', NULL, NULL, 0, NULL, '[{\"ProductID\":\"444\",\"Product\":\"Steri cetamol | PS: 1.00 | Qty 2\",\"Name\":\"Steri cetamol | PS: 1.00 | Qty 2\",\"UnitePrice\":\"90.00\",\"Quantity\":\"1\",\"Total\":\"90\",\"AvailableQuantity\":\"2\",\"taxAmount\":\"0.00\",\"taxPercentage\":null,\"currentAvailableQuantity\":\"2\"}]', 1, 'Ward'),
(12, 1, 6, 6, '12', '2025-01-07 00:00:00', 'saeed zaman - AMC-04041028', NULL, 140.00, 0.00, 0, 0, 0, NULL, 12257, '2025-01-07', NULL, NULL, 0, NULL, '[{\"ProductID\":\"365\",\"Product\":\"Etolac 30mg inj | PS: 5.00 | Qty 4\",\"Name\":\"Etolac 30mg inj | PS: 5.00 | Qty 4\",\"UnitePrice\":\"140.00\",\"Quantity\":\"1\",\"Total\":\"140\",\"AvailableQuantity\":\"4\",\"taxAmount\":\"0.00\",\"taxPercentage\":null,\"currentAvailableQuantity\":\"4\"},{\"ProductID\":\"423\",\"Product\":\"NOSPA 40MG INJ | PS: 25.00 | Qty 5\",\"Name\":\"NOSPA 40MG INJ | PS: 25.00 | Qty 5\",\"UnitePrice\":\"62.27\",\"Quantity\":\"1\",\"Total\":\"62.27\",\"AvailableQuantity\":\"5\",\"taxAmount\":\"0.00\",\"taxPercentage\":null,\"currentAvailableQuantity\":\"5\"}]', 1, 'Ward'),
(13, 1, 6, 6, '13', '2025-01-07 00:00:00', 'saeed zaman - AMC-04041028', NULL, 50.00, 0.00, 0, 0, 0, NULL, 12257, '2025-01-07', NULL, NULL, 0, NULL, '[{\"ProductID\":\"422\",\"Product\":\"Sterifluid-5 100ML | PS: 1.00 | Qty 10\",\"Name\":\"Sterifluid-5 100ML | PS: 1.00 | Qty 10\",\"UnitePrice\":\"50.00\",\"Quantity\":\"1\",\"Total\":\"50\",\"AvailableQuantity\":\"10\",\"taxAmount\":\"0.00\",\"taxPercentage\":null,\"currentAvailableQuantity\":\"10\"}]', 1, 'Ward'),
(14, 1, 6, 6, '14', '2025-01-07 00:00:00', 'saeed zaman - AMC-04041028', NULL, 8.20, 0.00, 0, 0, 0, NULL, 12257, '2025-01-07', NULL, NULL, 0, NULL, '[{\"ProductID\":\"307\",\"Product\":\"GVN 50mg inj | PS: 25.00 | Qty 249\",\"Name\":\"GVN 50mg inj | PS: 25.00 | Qty 249\",\"UnitePrice\":\"8.20\",\"Quantity\":\"1\",\"Total\":\"8.2\",\"AvailableQuantity\":\"249\",\"taxAmount\":\"0.00\",\"taxPercentage\":null,\"currentAvailableQuantity\":\"249\"}]', 1, 'Ward'),
(15, 1, 7, 7, '15', '2025-01-07 00:00:00', 'hina bibi - AMC-07035820', NULL, 1019.15, 0.00, 0, 0, 0, NULL, 2, '2025-01-07', NULL, NULL, 0, NULL, '[{\"ProductID\":\"445\",\"Product\":\"Suction catheter no 10 | PS: 1.00 | Qty 14\",\"Name\":\"Suction catheter no 10 | PS: 1.00 | Qty 14\",\"UnitePrice\":\"55.00\",\"Quantity\":\"1\",\"Total\":\"55\",\"AvailableQuantity\":\"14\",\"taxAmount\":\"0.00\",\"taxPercentage\":null,\"currentAvailableQuantity\":\"14\"},{\"ProductID\":\"114\",\"Product\":\"INJ XYLOCAINE | PS: 50.00 | Qty 2\",\"Name\":\"INJ XYLOCAINE | PS: 50.00 | Qty 2\",\"UnitePrice\":\"18.00\",\"Quantity\":\"1\",\"Total\":\"18\",\"AvailableQuantity\":\"2\",\"taxAmount\":\"0.00\",\"taxPercentage\":\"0.00\",\"currentAvailableQuantity\":\"2\"},{\"ProductID\":\"446\",\"Product\":\"Glandin-E2 TAB | PS: 1.00 | Qty 2\",\"Name\":\"Glandin-E2 TAB | PS: 1.00 | Qty 2\",\"UnitePrice\":\"1019.15\",\"Quantity\":\"1\",\"Total\":\"1019.15\",\"AvailableQuantity\":\"2\",\"taxAmount\":\"0.00\",\"taxPercentage\":null,\"currentAvailableQuantity\":\"2\"}]', 1, 'OT'),
(16, 1, 7, 7, '16', '2025-01-08 00:00:00', 'hina bibi - AMC-07035820', NULL, 65.67, 0.00, 0, 0, 0, NULL, 2, '2025-01-08', NULL, NULL, 0, NULL, '[{\"ProductID\":\"397\",\"Product\":\"Spadix 4ml  Inj | PS: 6.00 | Qty 6\",\"Name\":\"Spadix 4ml  Inj | PS: 6.00 | Qty 6\",\"UnitePrice\":\"56.67\",\"Quantity\":\"1\",\"Total\":\"56.67\",\"AvailableQuantity\":\"6\",\"taxAmount\":\"0.00\",\"taxPercentage\":null,\"currentAvailableQuantity\":\"6\"},{\"ProductID\":\"326\",\"Product\":\"10cc zindagi Siring | PS: 100.00 | Qty 491\",\"Name\":\"10cc zindagi Siring | PS: 100.00 | Qty 491\",\"UnitePrice\":\"9.00\",\"Quantity\":\"1\",\"Total\":\"9\",\"AvailableQuantity\":\"491\",\"taxAmount\":\"0.00\",\"taxPercentage\":null,\"currentAvailableQuantity\":\"491\"}]', 1, 'Ward'),
(17, 1, 8, 8, '17', '2025-01-08 00:00:00', 'Ahmad faraz - AMC-07040441', NULL, 382.00, 0.00, 0, 0, 0, NULL, 12257, '2025-01-08', NULL, NULL, 0, NULL, '[{\"ProductID\":\"348\",\"Product\":\"Cefactum 2g inj | PS: 1.00 | Qty 24\",\"Name\":\"Cefactum 2g inj | PS: 1.00 | Qty 24\",\"UnitePrice\":\"382.00\",\"Quantity\":\"1\",\"Total\":\"382\",\"AvailableQuantity\":\"24\",\"taxAmount\":\"0.00\",\"taxPercentage\":null,\"currentAvailableQuantity\":\"24\"}]', 1, 'Ward'),
(18, 1, 8, 8, '18', '2025-01-08 00:00:00', 'Ahmad faraz - AMC-07040441', NULL, 357.00, 0.00, 0, 0, 0, NULL, 12257, '2025-01-08', NULL, NULL, 0, NULL, '[{\"ProductID\":\"365\",\"Product\":\"Etolac 30mg inj | PS: 5.00 | Qty 3\",\"Name\":\"Etolac 30mg inj | PS: 5.00 | Qty 3\",\"UnitePrice\":\"140.00\",\"Quantity\":\"1\",\"Total\":\"140\",\"AvailableQuantity\":\"3\",\"taxAmount\":\"0.00\",\"taxPercentage\":null,\"currentAvailableQuantity\":\"3\"},{\"ProductID\":\"311\",\"Product\":\"ODS 8mg inj | PS: 5.00 | Qty 24\",\"Name\":\"ODS 8mg inj | PS: 5.00 | Qty 24\",\"UnitePrice\":\"70.00\",\"Quantity\":\"1\",\"Total\":\"70\",\"AvailableQuantity\":\"24\",\"taxAmount\":\"0.00\",\"taxPercentage\":null,\"currentAvailableQuantity\":\"24\"},{\"ProductID\":\"297\",\"Product\":\"Amitax 500mg inj | PS: 1.00 | Qty 14\",\"Name\":\"Amitax 500mg inj | PS: 1.00 | Qty 14\",\"UnitePrice\":\"147.00\",\"Quantity\":\"1\",\"Total\":\"147\",\"AvailableQuantity\":\"14\",\"taxAmount\":\"0.00\",\"taxPercentage\":null,\"currentAvailableQuantity\":\"14\"}]', 1, 'Ward'),
(19, 1, 8, 8, '19', '2025-01-08 00:00:00', 'Ahmad faraz - AMC-07040441', NULL, 9.00, 0.00, 0, 0, 0, NULL, 12257, '2025-01-08', NULL, NULL, 0, NULL, '[{\"ProductID\":\"326\",\"Product\":\"10cc zindagi Siring | PS: 100.00 | Qty 490\",\"Name\":\"10cc zindagi Siring | PS: 100.00 | Qty 490\",\"UnitePrice\":\"9.00\",\"Quantity\":\"1\",\"Total\":\"9\",\"AvailableQuantity\":\"490\",\"taxAmount\":\"0.00\",\"taxPercentage\":null,\"currentAvailableQuantity\":\"490\"}]', 1, 'Ward'),
(20, 1, 8, 8, '20', '2025-01-08 00:00:00', 'Ahmad faraz - AMC-07040441', NULL, 75.00, 0.00, 0, 0, 0, NULL, 12257, '2025-01-08', NULL, NULL, 0, NULL, '[{\"ProductID\":\"422\",\"Product\":\"Sterifluid-5 100ML | PS: 1.00 | Qty 9\",\"Name\":\"Sterifluid-5 100ML | PS: 1.00 | Qty 9\",\"UnitePrice\":\"50.00\",\"Quantity\":\"1\",\"Total\":\"50\",\"AvailableQuantity\":\"9\",\"taxAmount\":\"0.00\",\"taxPercentage\":null,\"currentAvailableQuantity\":\"9\"},{\"ProductID\":\"15\",\"Product\":\"DRIP SET SMD | PS: 100.00 | Qty 96\",\"Name\":\"DRIP SET SMD | PS: 100.00 | Qty 96\",\"UnitePrice\":\"25.00\",\"Quantity\":\"1\",\"Total\":\"25\",\"AvailableQuantity\":\"96\",\"taxAmount\":\"0.00\",\"taxPercentage\":\"0.00\",\"currentAvailableQuantity\":\"96\"}]', 1, 'Ward'),
(21, 1, 6, 6, '21', '2025-01-08 00:00:00', 'saeed zaman - AMC-04041028', NULL, 550.00, 0.00, 0, 0, 0, NULL, 12257, '2025-01-08', NULL, NULL, 0, NULL, '[{\"ProductID\":\"302\",\"Product\":\"Celtis-1G inj | PS: 1.00 | Qty 14\",\"Name\":\"Celtis-1G inj | PS: 1.00 | Qty 14\",\"UnitePrice\":\"225.00\",\"Quantity\":\"2\",\"Total\":\"450\",\"AvailableQuantity\":\"14\",\"taxAmount\":\"0.00\",\"taxPercentage\":null,\"currentAvailableQuantity\":\"14\"},{\"ProductID\":\"422\",\"Product\":\"Sterifluid-5 100ML | PS: 1.00 | Qty 8\",\"Name\":\"Sterifluid-5 100ML | PS: 1.00 | Qty 8\",\"UnitePrice\":\"50.00\",\"Quantity\":\"2\",\"Total\":\"100\",\"AvailableQuantity\":\"8\",\"taxAmount\":\"0.00\",\"taxPercentage\":null,\"currentAvailableQuantity\":\"8\"}]', 1, 'Ward'),
(22, 1, 8, 8, '22', '2025-01-08 00:00:00', 'Ahmad faraz - AMC-07040441', NULL, 82.00, 0.00, 0, 0, 0, NULL, 12257, '2025-01-08', NULL, NULL, 0, NULL, '[{\"ProductID\":\"157\",\"Product\":\"Cannula IV introcan 20 g | PS: 50.00 | Qty 50\",\"Name\":\"Cannula IV introcan 20 g | PS: 50.00 | Qty 50\",\"UnitePrice\":\"82.00\",\"Quantity\":\"1\",\"Total\":\"82\",\"AvailableQuantity\":\"50\",\"taxAmount\":\"0.00\",\"taxPercentage\":\"0.00\",\"currentAvailableQuantity\":\"50\"}]', 1, 'Ward'),
(23, 1, 9, 9, '23', '2025-01-08 00:00:00', 'Ibad Ullah - AMC-07043504', NULL, 90.00, 0.00, 0, 0, 0, NULL, 12257, '2025-01-08', NULL, NULL, 0, NULL, '[{\"ProductID\":\"375\",\"Product\":\"Fenbro 8 plus Syp | PS: 1.00 | Qty 9\",\"Name\":\"Fenbro 8 plus Syp | PS: 1.00 | Qty 9\",\"UnitePrice\":\"90.00\",\"Quantity\":\"1\",\"Total\":\"90\",\"AvailableQuantity\":\"9\",\"taxAmount\":\"0.00\",\"taxPercentage\":null,\"currentAvailableQuantity\":\"9\"}]', 1, 'Home'),
(24, 1, 10, 10, '24', '2025-01-08 00:00:00', 'Raees Khan - AMC-08014036', NULL, 398.75, 0.00, 0, 0, 0, NULL, 12257, '2025-01-08', NULL, NULL, 0, NULL, '[{\"ProductID\":\"421\",\"Product\":\"KLEEN ENEEMA | PS: 1.00 | Qty 3\",\"Name\":\"KLEEN ENEEMA | PS: 1.00 | Qty 3\",\"UnitePrice\":\"148.75\",\"Quantity\":\"1\",\"Total\":\"148.75\",\"AvailableQuantity\":\"3\",\"taxAmount\":\"0.00\",\"taxPercentage\":null,\"currentAvailableQuantity\":\"3\"},{\"ProductID\":\"257\",\"Product\":\"XYLOCAN GEL | PS: 1.00 | Qty 25\",\"Name\":\"XYLOCAN GEL | PS: 1.00 | Qty 25\",\"UnitePrice\":\"43.00\",\"Quantity\":\"1\",\"Total\":\"43\",\"AvailableQuantity\":\"25\",\"taxAmount\":\"0.00\",\"taxPercentage\":\"0.00\",\"currentAvailableQuantity\":\"25\"},{\"ProductID\":\"414\",\"Product\":\"STERIFLUID RLD 1000ML | PS: 1.00 | Qty 5\",\"Name\":\"STERIFLUID RLD 1000ML | PS: 1.00 | Qty 5\",\"UnitePrice\":\"90.00\",\"Quantity\":\"1\",\"Total\":\"90\",\"AvailableQuantity\":\"5\",\"taxAmount\":\"0.00\",\"taxPercentage\":null,\"currentAvailableQuantity\":\"5\"},{\"ProductID\":\"157\",\"Product\":\"Cannula IV introcan 20 g | PS: 50.00 | Qty 49\",\"Name\":\"Cannula IV introcan 20 g | PS: 50.00 | Qty 49\",\"UnitePrice\":\"82.00\",\"Quantity\":\"1\",\"Total\":\"82\",\"AvailableQuantity\":\"49\",\"taxAmount\":\"0.00\",\"taxPercentage\":\"0.00\",\"currentAvailableQuantity\":\"49\"},{\"ProductID\":\"272\",\"Product\":\"Surgical tape | PS: 12.00 | Qty 117\",\"Name\":\"Surgical tape | PS: 12.00 | Qty 117\",\"UnitePrice\":\"26\",\"Quantity\":\"1\",\"Total\":\"26\",\"AvailableQuantity\":\"117\",\"taxAmount\":\"0.00\",\"taxPercentage\":null,\"currentAvailableQuantity\":\"117\"},{\"ProductID\":\"326\",\"Product\":\"10cc zindagi Siring | PS: 100.00 | Qty 491\",\"Name\":\"10cc zindagi Siring | PS: 100.00 | Qty 491\",\"UnitePrice\":\"9.00\",\"Quantity\":\"1\",\"Total\":\"9\",\"AvailableQuantity\":\"491\",\"taxAmount\":\"0.00\",\"taxPercentage\":null,\"currentAvailableQuantity\":\"491\"}]', 1, 'Ward'),
(25, 1, 10, 10, '25', '2025-01-08 00:00:00', 'Raees Khan - AMC-08014036', NULL, 16.60, 0.00, 0, 0, 0, NULL, 12257, '2025-01-08', NULL, NULL, 0, NULL, '[{\"ProductID\":\"326\",\"Product\":\"10cc zindagi Siring | PS: 100.00 | Qty 490\",\"Name\":\"10cc zindagi Siring | PS: 100.00 | Qty 490\",\"UnitePrice\":\"9.00\",\"Quantity\":\"1\",\"Total\":\"9\",\"AvailableQuantity\":\"490\",\"taxAmount\":\"0.00\",\"taxPercentage\":null,\"currentAvailableQuantity\":\"490\"},{\"ProductID\":\"308\",\"Product\":\"DMX 4mg inj | PS: 25.00 | Qty 248\",\"Name\":\"DMX 4mg inj | PS: 25.00 | Qty 248\",\"UnitePrice\":\"7.60\",\"Quantity\":\"1\",\"Total\":\"7.6\",\"AvailableQuantity\":\"248\",\"taxAmount\":\"0.00\",\"taxPercentage\":null,\"currentAvailableQuantity\":\"248\"}]', 1, 'Ward'),
(26, 1, 10, 10, '26', '2025-01-08 00:00:00', 'Raees Khan - AMC-08014036', NULL, 1226.77, 0.00, 0, 0, 0, NULL, 12257, '2025-01-08', NULL, NULL, 0, NULL, '[{\"ProductID\":\"101\",\"Product\":\"BUPIVACAINE sp | PS: 5.00 | Qty 20\",\"Name\":\"BUPIVACAINE sp | PS: 5.00 | Qty 20\",\"UnitePrice\":\"65.00\",\"Quantity\":\"1\",\"Total\":\"65\",\"AvailableQuantity\":\"20\",\"taxAmount\":\"0.00\",\"taxPercentage\":\"0.00\",\"currentAvailableQuantity\":\"20\"},{\"ProductID\":\"311\",\"Product\":\"ODS 8mg inj | PS: 5.00 | Qty 23\",\"Name\":\"ODS 8mg inj | PS: 5.00 | Qty 23\",\"UnitePrice\":\"70.00\",\"Quantity\":\"1\",\"Total\":\"70\",\"AvailableQuantity\":\"23\",\"taxAmount\":\"0.00\",\"taxPercentage\":null,\"currentAvailableQuantity\":\"23\"},{\"ProductID\":\"308\",\"Product\":\"DMX 4mg inj | PS: 25.00 | Qty 247\",\"Name\":\"DMX 4mg inj | PS: 25.00 | Qty 247\",\"UnitePrice\":\"7.60\",\"Quantity\":\"1\",\"Total\":\"7.6\",\"AvailableQuantity\":\"247\",\"taxAmount\":\"0.00\",\"taxPercentage\":null,\"currentAvailableQuantity\":\"247\"},{\"ProductID\":\"276\",\"Product\":\"spinal Needle 25G | PS: 1.00 | Qty 30\",\"Name\":\"spinal Needle 25G | PS: 1.00 | Qty 30\",\"UnitePrice\":\"160.00\",\"Quantity\":\"1\",\"Total\":\"160\",\"AvailableQuantity\":\"30\",\"taxAmount\":\"0.00\",\"taxPercentage\":null,\"currentAvailableQuantity\":\"30\"},{\"ProductID\":\"92\",\"Product\":\"S.GLOVES 7.5 Next | PS: 1.00 | Qty 34\",\"Name\":\"S.GLOVES 7.5 Next | PS: 1.00 | Qty 34\",\"UnitePrice\":\"73.00\",\"Quantity\":\"3\",\"Total\":\"219\",\"AvailableQuantity\":\"34\",\"taxAmount\":\"0.00\",\"taxPercentage\":\"0.00\",\"currentAvailableQuantity\":\"34\"},{\"ProductID\":\"14\",\"Product\":\"CARTILIED QHC | PS: 1.00 | Qty 19\",\"Name\":\"CARTILIED QHC | PS: 1.00 | Qty 19\",\"UnitePrice\":\"175.00\",\"Quantity\":\"1\",\"Total\":\"175\",\"AvailableQuantity\":\"19\",\"taxAmount\":\"0.00\",\"taxPercentage\":\"0.00\",\"currentAvailableQuantity\":\"19\"},{\"ProductID\":\"93\",\"Product\":\"BLADE | PS: 20.00 | Qty 37\",\"Name\":\"BLADE | PS: 20.00 | Qty 37\",\"UnitePrice\":\"47.50\",\"Quantity\":\"1\",\"Total\":\"47.5\",\"AvailableQuantity\":\"37\",\"taxAmount\":\"0.00\",\"taxPercentage\":\"0.00\",\"currentAvailableQuantity\":\"37\"},{\"ProductID\":\"272\",\"Product\":\"Surgical tape | PS: 12.00 | Qty 116\",\"Name\":\"Surgical tape | PS: 12.00 | Qty 116\",\"UnitePrice\":\"26.67\",\"Quantity\":\"1\",\"Total\":\"26.67\",\"AvailableQuantity\":\"116\",\"taxAmount\":\"0.00\",\"taxPercentage\":null,\"currentAvailableQuantity\":\"116\"},{\"ProductID\":\"19\",\"Product\":\"PYODINE small | PS: 1.00 | Qty 18\",\"Name\":\"PYODINE small | PS: 1.00 | Qty 18\",\"UnitePrice\":\"225.00\",\"Quantity\":\"1\",\"Total\":\"225\",\"AvailableQuantity\":\"18\",\"taxAmount\":\"0.00\",\"taxPercentage\":\"0.00\",\"currentAvailableQuantity\":\"18\"},{\"ProductID\":\"326\",\"Product\":\"10cc zindagi Siring | PS: 100.00 | Qty 489\",\"Name\":\"10cc zindagi Siring | PS: 100.00 | Qty 489\",\"UnitePrice\":\"9.00\",\"Quantity\":\"2\",\"Total\":\"18\",\"AvailableQuantity\":\"489\",\"taxAmount\":\"0.00\",\"taxPercentage\":null,\"currentAvailableQuantity\":\"489\"},{\"ProductID\":\"270\",\"Product\":\"Pakband guaze | PS: 10.00 | Qty 147\",\"Name\":\"Pakband guaze | PS: 10.00 | Qty 147\",\"UnitePrice\":\"41.00\",\"Quantity\":\"2\",\"Total\":\"82\",\"AvailableQuantity\":\"147\",\"taxAmount\":\"0.00\",\"taxPercentage\":null,\"currentAvailableQuantity\":\"147\"},{\"ProductID\":\"271\",\"Product\":\"Pakbannd Laps Sponges | PS: 10.00 | Qty 96\",\"Name\":\"Pakbannd Laps Sponges | PS: 10.00 | Qty 96\",\"UnitePrice\":\"69.00\",\"Quantity\":\"1\",\"Total\":\"69\",\"AvailableQuantity\":\"96\",\"taxAmount\":\"0.00\",\"taxPercentage\":null,\"currentAvailableQuantity\":\"96\"},{\"ProductID\":\"435\",\"Product\":\"Fine Crepe | PS: 1.00 | Qty 1\",\"Name\":\"Fine Crepe | PS: 1.00 | Qty 1\",\"UnitePrice\":\"62.00\",\"Quantity\":\"1\",\"Total\":\"62\",\"AvailableQuantity\":\"1\",\"taxAmount\":\"0.00\",\"taxPercentage\":null,\"currentAvailableQuantity\":\"1\"}]', 1, 'OT');
INSERT INTO `sale` (`SaleID`, `SCID`, `patient_id`, `admission_id`, `InvoiceNo`, `Date`, `Description`, `TNo`, `TotalSale`, `received_amount`, `Discount`, `SalemanID`, `SalemanCommesion`, `CustomerMobile`, `CreatedBy`, `CreatedAt`, `ModifiedBy`, `ModifiedAt`, `SalemanCommesionStatus`, `sale_descriptions`, `bill_details`, `is_sehat_card`, `medicine_type`) VALUES
(27, 1, 10, 10, '27', '2025-01-08 00:00:00', 'Raees Khan - AMC-08014036', NULL, 594.20, 0.00, 0, 0, 0, NULL, 12257, '2025-01-08', NULL, NULL, 0, NULL, '[{\"ProductID\":\"302\",\"Product\":\"Celtis-1G inj | PS: 1.00 | Qty 12\",\"Name\":\"Celtis-1G inj | PS: 1.00 | Qty 12\",\"UnitePrice\":\"225.00\",\"Quantity\":\"1\",\"Total\":\"225\",\"AvailableQuantity\":\"12\",\"taxAmount\":\"0.00\",\"taxPercentage\":null,\"currentAvailableQuantity\":\"12\"},{\"ProductID\":\"367\",\"Product\":\"Toraject 30mg inj | PS: 5.00 | Qty 19\",\"Name\":\"Toraject 30mg inj | PS: 5.00 | Qty 19\",\"UnitePrice\":\"80.20\",\"Quantity\":\"1\",\"Total\":\"80.2\",\"AvailableQuantity\":\"19\",\"taxAmount\":\"0.00\",\"taxPercentage\":null,\"currentAvailableQuantity\":\"19\"},{\"ProductID\":\"15\",\"Product\":\"DRIP SET SMD | PS: 100.00 | Qty 96\",\"Name\":\"DRIP SET SMD | PS: 100.00 | Qty 96\",\"UnitePrice\":\"25.00\",\"Quantity\":\"1\",\"Total\":\"25\",\"AvailableQuantity\":\"96\",\"taxAmount\":\"0.00\",\"taxPercentage\":\"0.00\",\"currentAvailableQuantity\":\"96\"},{\"ProductID\":\"326\",\"Product\":\"10cc zindagi Siring | PS: 100.00 | Qty 487\",\"Name\":\"10cc zindagi Siring | PS: 100.00 | Qty 487\",\"UnitePrice\":\"9.00\",\"Quantity\":\"1\",\"Total\":\"9\",\"AvailableQuantity\":\"487\",\"taxAmount\":\"0.00\",\"taxPercentage\":null,\"currentAvailableQuantity\":\"487\"},{\"ProductID\":\"311\",\"Product\":\"ODS 8mg inj | PS: 5.00 | Qty 22\",\"Name\":\"ODS 8mg inj | PS: 5.00 | Qty 22\",\"UnitePrice\":\"70.00\",\"Quantity\":\"1\",\"Total\":\"70\",\"AvailableQuantity\":\"22\",\"taxAmount\":\"0.00\",\"taxPercentage\":null,\"currentAvailableQuantity\":\"22\"},{\"ProductID\":\"414\",\"Product\":\"STERIFLUID RLD 1000ML | PS: 1.00 | Qty 4\",\"Name\":\"STERIFLUID RLD 1000ML | PS: 1.00 | Qty 4\",\"UnitePrice\":\"90.00\",\"Quantity\":\"1\",\"Total\":\"90\",\"AvailableQuantity\":\"4\",\"taxAmount\":\"0.00\",\"taxPercentage\":null,\"currentAvailableQuantity\":\"4\"},{\"ProductID\":\"306\",\"Product\":\"Novazol 500mg inf | PS: 1.00 | Qty 30\",\"Name\":\"Novazol 500mg inf | PS: 1.00 | Qty 30\",\"UnitePrice\":\"95.00\",\"Quantity\":\"1\",\"Total\":\"95\",\"AvailableQuantity\":\"30\",\"taxAmount\":\"0.00\",\"taxPercentage\":null,\"currentAvailableQuantity\":\"30\"}]', 1, 'Ward'),
(28, 1, 11, 11, '28', '2025-01-08 00:00:00', 'Transfer to Amc Pharmacy - AMC-08062156', NULL, 205.00, 0.00, 0, 0, 0, NULL, 2, '2025-01-08', NULL, NULL, 0, NULL, '[{\"ProductID\":\"307\",\"Product\":\"GVN 50mg inj | PS: 25.00 | Qty 248\",\"Name\":\"GVN 50mg inj | PS: 25.00 | Qty 248\",\"UnitePrice\":\"8.20\",\"Quantity\":\"25\",\"Total\":\"204.99999999999997\",\"AvailableQuantity\":\"248\",\"taxAmount\":\"0.00\",\"taxPercentage\":null,\"currentAvailableQuantity\":\"248\"}]', 1, 'OT'),
(29, 1, 10, 10, '29', '2025-01-08 00:00:00', 'Raees Khan - AMC-08014036', NULL, 279.20, 0.00, 0, 0, 0, NULL, 12257, '2025-01-08', NULL, NULL, 0, NULL, '[{\"ProductID\":\"367\",\"Product\":\"Toraject 30mg inj | PS: 5.00 | Qty 18\",\"Name\":\"Toraject 30mg inj | PS: 5.00 | Qty 18\",\"UnitePrice\":\"80.20\",\"Quantity\":\"1\",\"Total\":\"80.2\",\"AvailableQuantity\":\"18\",\"taxAmount\":\"0.00\",\"taxPercentage\":null,\"currentAvailableQuantity\":\"18\"},{\"ProductID\":\"311\",\"Product\":\"ODS 8mg inj | PS: 5.00 | Qty 21\",\"Name\":\"ODS 8mg inj | PS: 5.00 | Qty 21\",\"UnitePrice\":\"70.00\",\"Quantity\":\"1\",\"Total\":\"70\",\"AvailableQuantity\":\"21\",\"taxAmount\":\"0.00\",\"taxPercentage\":null,\"currentAvailableQuantity\":\"21\"},{\"ProductID\":\"326\",\"Product\":\"10cc zindagi Siring | PS: 100.00 | Qty 486\",\"Name\":\"10cc zindagi Siring | PS: 100.00 | Qty 486\",\"UnitePrice\":\"9.00\",\"Quantity\":\"1\",\"Total\":\"9\",\"AvailableQuantity\":\"486\",\"taxAmount\":\"0.00\",\"taxPercentage\":null,\"currentAvailableQuantity\":\"486\"},{\"ProductID\":\"306\",\"Product\":\"Novazol 500mg inf | PS: 1.00 | Qty 29\",\"Name\":\"Novazol 500mg inf | PS: 1.00 | Qty 29\",\"UnitePrice\":\"95.00\",\"Quantity\":\"1\",\"Total\":\"95\",\"AvailableQuantity\":\"29\",\"taxAmount\":\"0.00\",\"taxPercentage\":null,\"currentAvailableQuantity\":\"29\"},{\"ProductID\":\"15\",\"Product\":\"DRIP SET SMD | PS: 100.00 | Qty 95\",\"Name\":\"DRIP SET SMD | PS: 100.00 | Qty 95\",\"UnitePrice\":\"25.00\",\"Quantity\":\"1\",\"Total\":\"25\",\"AvailableQuantity\":\"95\",\"taxAmount\":\"0.00\",\"taxPercentage\":\"0.00\",\"currentAvailableQuantity\":\"95\"}]', 1, 'Ward'),
(30, 1, 10, 10, '30', '2025-01-08 00:00:00', 'Raees Khan - AMC-08014036', NULL, 91.20, 0.00, 0, 0, 0, NULL, 12257, '2025-01-08', NULL, NULL, 0, NULL, '[{\"ProductID\":\"368\",\"Product\":\"Tradol 100mg inj | PS: 5.00 | Qty 8\",\"Name\":\"Tradol 100mg inj | PS: 5.00 | Qty 8\",\"UnitePrice\":\"33.00\",\"Quantity\":\"1\",\"Total\":\"33\",\"AvailableQuantity\":\"8\",\"taxAmount\":\"0.00\",\"taxPercentage\":null,\"currentAvailableQuantity\":\"8\"},{\"ProductID\":\"307\",\"Product\":\"GVN 50mg inj | PS: 25.00 | Qty 223\",\"Name\":\"GVN 50mg inj | PS: 25.00 | Qty 223\",\"UnitePrice\":\"8.20\",\"Quantity\":\"1\",\"Total\":\"8.2\",\"AvailableQuantity\":\"223\",\"taxAmount\":\"0.00\",\"taxPercentage\":null,\"currentAvailableQuantity\":\"223\"},{\"ProductID\":\"422\",\"Product\":\"Sterifluid-5 100ML | PS: 1.00 | Qty 6\",\"Name\":\"Sterifluid-5 100ML | PS: 1.00 | Qty 6\",\"UnitePrice\":\"50.00\",\"Quantity\":\"1\",\"Total\":\"50\",\"AvailableQuantity\":\"6\",\"taxAmount\":\"0.00\",\"taxPercentage\":null,\"currentAvailableQuantity\":\"6\"}]', 1, 'Ward'),
(31, 1, 10, 10, '31', '2025-01-09 00:00:00', 'Raees Khan - AMC-08014036', NULL, 435.00, 0.00, 0, 0, 0, NULL, 12257, '2025-01-09', NULL, NULL, 0, NULL, '[{\"ProductID\":\"415\",\"Product\":\"STERIFLUID RL 500ML | PS: 1.00 | Qty 26\",\"Name\":\"STERIFLUID RL 500ML | PS: 1.00 | Qty 26\",\"UnitePrice\":\"70.00\",\"Quantity\":\"1\",\"Total\":\"70\",\"AvailableQuantity\":\"26\",\"taxAmount\":\"0.00\",\"taxPercentage\":null,\"currentAvailableQuantity\":\"26\",\"dose_type\":\"OD\"},{\"ProductID\":\"365\",\"Product\":\"Etolac 30mg inj | PS: 5.00 | Qty 2\",\"Name\":\"Etolac 30mg inj | PS: 5.00 | Qty 2\",\"UnitePrice\":\"140.00\",\"Quantity\":\"1\",\"Total\":\"140\",\"AvailableQuantity\":\"2\",\"taxAmount\":\"0.00\",\"taxPercentage\":null,\"currentAvailableQuantity\":\"2\",\"dose_type\":\"OD\"},{\"ProductID\":\"302\",\"Product\":\"Celtis-1G inj | PS: 1.00 | Qty 11\",\"Name\":\"Celtis-1G inj | PS: 1.00 | Qty 11\",\"UnitePrice\":\"225.00\",\"Quantity\":\"1\",\"Total\":\"225\",\"AvailableQuantity\":\"11\",\"taxAmount\":\"0.00\",\"taxPercentage\":null,\"currentAvailableQuantity\":\"11\",\"dose_type\":\"OD\"}]', 1, 'Ward'),
(32, 1, 12, 12, '32', '2025-01-09 00:00:00', 'Manzar Wali - AMC-09114130', NULL, 26.67, 0.00, 0, 0, 0, NULL, 12257, '2025-01-09', NULL, NULL, 0, NULL, '[{\"ProductID\":\"157\",\"Product\":\"Cannula IV introcan 20 g | PS: 50.00 | Qty 48\",\"Name\":\"Cannula IV introcan 20 g | PS: 50.00 | Qty 48\",\"UnitePrice\":\"82.00\",\"Quantity\":\"1\",\"Total\":\"82\",\"AvailableQuantity\":\"48\",\"taxAmount\":\"0.00\",\"taxPercentage\":\"0.00\",\"currentAvailableQuantity\":\"48\",\"dose_type\":\"-\"},{\"ProductID\":\"272\",\"Product\":\"Surgical tape | PS: 12.00 | Qty 115\",\"Name\":\"Surgical tape | PS: 12.00 | Qty 115\",\"UnitePrice\":\"26.67\",\"Quantity\":\"1\",\"Total\":\"26.67\",\"AvailableQuantity\":\"115\",\"taxAmount\":\"0.00\",\"taxPercentage\":null,\"currentAvailableQuantity\":\"115\",\"dose_type\":\"-\"}]', 1, 'Ward'),
(33, 1, 10, 10, '33', '2025-01-09 00:00:00', 'Raees Khan - AMC-08014036', NULL, 538.05, 0.00, 0, 0, 0, NULL, 12257, '2025-01-09', NULL, NULL, 0, NULL, '[{\"ProductID\":\"458\",\"Product\":\"Laxoberon liquid | PS: 1.00 | Qty 1\",\"Name\":\"Laxoberon liquid | PS: 1.00 | Qty 1\",\"UnitePrice\":\"155.55\",\"Quantity\":\"1\",\"Total\":\"155.55\",\"AvailableQuantity\":\"1\",\"taxAmount\":\"0.00\",\"taxPercentage\":null,\"currentAvailableQuantity\":\"1\",\"dose_type\":\"BD\"},{\"ProductID\":\"457\",\"Product\":\"AULATIN OINTMENT | PS: 1.00 | Qty 5\",\"Name\":\"AULATIN OINTMENT | PS: 1.00 | Qty 5\",\"UnitePrice\":\"382.50\",\"Quantity\":\"1\",\"Total\":\"382.5\",\"AvailableQuantity\":\"5\",\"taxAmount\":\"0.00\",\"taxPercentage\":null,\"currentAvailableQuantity\":\"5\",\"dose_type\":\"TDS\"}]', 1, 'Home'),
(34, 1, 13, 13, '34', '2025-01-09 00:00:00', 'IQRA BIBI - AMC-09035932', NULL, 269.34, 0.00, 0, 0, 0, NULL, 12257, '2025-01-09', NULL, NULL, 0, NULL, '[{\"ProductID\":\"397\",\"Product\":\"Spadix 4ml  Inj | PS: 6.00 | Qty 5\",\"Name\":\"Spadix 4ml  Inj | PS: 6.00 | Qty 5\",\"UnitePrice\":\"56.67\",\"Quantity\":\"1\",\"Total\":\"56.67\",\"AvailableQuantity\":\"5\",\"taxAmount\":\"0.00\",\"taxPercentage\":null,\"currentAvailableQuantity\":\"5\",\"dose_type\":\"OD\"},{\"ProductID\":\"415\",\"Product\":\"STERIFLUID RL 500ML | PS: 1.00 | Qty 45\",\"Name\":\"STERIFLUID RL 500ML | PS: 1.00 | Qty 45\",\"UnitePrice\":\"70.00\",\"Quantity\":\"1\",\"Total\":\"70\",\"AvailableQuantity\":\"45\",\"taxAmount\":\"0.00\",\"taxPercentage\":null,\"currentAvailableQuantity\":\"45\",\"dose_type\":\"-\"},{\"ProductID\":\"15\",\"Product\":\"DRIP SET SMD | PS: 100.00 | Qty 94\",\"Name\":\"DRIP SET SMD | PS: 100.00 | Qty 94\",\"UnitePrice\":\"25.00\",\"Quantity\":\"1\",\"Total\":\"25\",\"AvailableQuantity\":\"94\",\"taxAmount\":\"0.00\",\"taxPercentage\":\"0.00\",\"currentAvailableQuantity\":\"94\",\"dose_type\":\"-\"},{\"ProductID\":\"326\",\"Product\":\"10cc zindagi Siring | PS: 100.00 | Qty 485\",\"Name\":\"10cc zindagi Siring | PS: 100.00 | Qty 485\",\"UnitePrice\":\"9.00\",\"Quantity\":\"1\",\"Total\":\"9\",\"AvailableQuantity\":\"485\",\"taxAmount\":\"0.00\",\"taxPercentage\":null,\"currentAvailableQuantity\":\"485\",\"dose_type\":\"-\"},{\"ProductID\":\"158\",\"Product\":\"Cannula IV introcan 22 g | PS: 50.00 | Qty 49\",\"Name\":\"Cannula IV introcan 22 g | PS: 50.00 | Qty 49\",\"UnitePrice\":\"82.00\",\"Quantity\":\"1\",\"Total\":\"82\",\"AvailableQuantity\":\"49\",\"taxAmount\":\"0.00\",\"taxPercentage\":\"0.00\",\"currentAvailableQuantity\":\"49\",\"dose_type\":\"-\"},{\"ProductID\":\"272\",\"Product\":\"Surgical tape | PS: 12.00 | Qty 114\",\"Name\":\"Surgical tape | PS: 12.00 | Qty 114\",\"UnitePrice\":\"26.67\",\"Quantity\":\"1\",\"Total\":\"26.67\",\"AvailableQuantity\":\"114\",\"taxAmount\":\"0.00\",\"taxPercentage\":null,\"currentAvailableQuantity\":\"114\",\"dose_type\":\"-\"}]', 1, 'Ward'),
(35, 1, 13, 13, '35', '2025-01-09 00:00:00', 'IQRA BIBI - AMC-09035932', NULL, 56.67, 0.00, 0, 0, 0, NULL, 12257, '2025-01-09', NULL, NULL, 0, NULL, '[{\"ProductID\":\"397\",\"Product\":\"Spadix 4ml  Inj | PS: 6.00 | Qty 4\",\"Name\":\"Spadix 4ml  Inj | PS: 6.00 | Qty 4\",\"UnitePrice\":\"56.67\",\"Quantity\":\"1\",\"Total\":\"56.67\",\"AvailableQuantity\":\"4\",\"taxAmount\":\"0.00\",\"taxPercentage\":null,\"currentAvailableQuantity\":\"4\",\"dose_type\":\"-\"}]', 1, 'Ward'),
(36, 1, 12, 12, '36', '2025-01-09 00:00:00', 'Manzar Wali - AMC-09114130', NULL, 2802.47, 0.00, 0, 0, 0, NULL, 2, '2025-01-09', NULL, NULL, 0, NULL, '[{\"ProductID\":\"3\",\"Product\":\"INJ PROFOL\",\"Name\":\"INJ PROFOL\",\"UnitePrice\":\"280.00\",\"Quantity\":\"1\",\"Total\":\"280\",\"AvailableQuantity\":\"18\",\"taxAmount\":\"0.00\",\"taxPercentage\":null,\"currentAvailableQuantity\":\"0\",\"dose_type\":null},{\"ProductID\":\"405\",\"Product\":\"Suxathon 100mg inj\",\"Name\":\"Suxathon 100mg inj\",\"UnitePrice\":\"40.00\",\"Quantity\":\"1\",\"Total\":\"40\",\"AvailableQuantity\":\"28\",\"taxAmount\":\"0.00\",\"taxPercentage\":null,\"currentAvailableQuantity\":\"0\",\"dose_type\":null},{\"ProductID\":\"2\",\"Product\":\"Efacurim 50mg\\/mlInj(Atracurium\",\"Name\":\"Efacurim 50mg\\/mlInj(Atracurium\",\"UnitePrice\":\"200.00\",\"Quantity\":\"2\",\"Total\":\"400\",\"AvailableQuantity\":\"18\",\"taxAmount\":\"0.00\",\"taxPercentage\":null,\"currentAvailableQuantity\":\"0\",\"dose_type\":null},{\"ProductID\":\"4\",\"Product\":\"INJ ATROPINE\",\"Name\":\"INJ ATROPINE\",\"UnitePrice\":\"4.50\",\"Quantity\":\"1\",\"Total\":\"4.5\",\"AvailableQuantity\":\"198\",\"taxAmount\":\"0.00\",\"taxPercentage\":null,\"currentAvailableQuantity\":\"0\",\"dose_type\":null},{\"ProductID\":\"300\",\"Product\":\"Rotacart 250mg inj\",\"Name\":\"Rotacart 250mg inj\",\"UnitePrice\":\"140.00\",\"Quantity\":\"1\",\"Total\":\"140\",\"AvailableQuantity\":\"15\",\"taxAmount\":\"0.00\",\"taxPercentage\":null,\"currentAvailableQuantity\":\"0\",\"dose_type\":null},{\"ProductID\":\"416\",\"Product\":\"STERIFLUID RL1000ML\",\"Name\":\"STERIFLUID RL1000ML\",\"UnitePrice\":\"90.00\",\"Quantity\":\"2\",\"Total\":\"180\",\"AvailableQuantity\":\"44\",\"taxAmount\":\"0.00\",\"taxPercentage\":null,\"currentAvailableQuantity\":\"0\",\"dose_type\":null},{\"ProductID\":\"112\",\"Product\":\"VICRYL 1\",\"Name\":\"VICRYL 1\",\"UnitePrice\":\"275.00\",\"Quantity\":\"2\",\"Total\":\"550\",\"AvailableQuantity\":\"46\",\"taxAmount\":\"0.00\",\"taxPercentage\":null,\"currentAvailableQuantity\":\"0\",\"dose_type\":null},{\"ProductID\":\"98\",\"Product\":\"VICRIL 2\\/0\",\"Name\":\"VICRIL 2\\/0\",\"UnitePrice\":\"275.00\",\"Quantity\":\"1\",\"Total\":\"275\",\"AvailableQuantity\":\"12\",\"taxAmount\":\"0.00\",\"taxPercentage\":null,\"currentAvailableQuantity\":\"0\",\"dose_type\":null},{\"ProductID\":\"116\",\"Product\":\"PROLINE 1\",\"Name\":\"PROLINE 1\",\"UnitePrice\":\"291.67\",\"Quantity\":\"1\",\"Total\":\"291.67\",\"AvailableQuantity\":\"12\",\"taxAmount\":\"0.00\",\"taxPercentage\":null,\"currentAvailableQuantity\":\"0\",\"dose_type\":null},{\"ProductID\":\"270\",\"Product\":\"Pakband guaze\",\"Name\":\"Pakband guaze\",\"UnitePrice\":\"41.00\",\"Quantity\":\"4\",\"Total\":\"164\",\"AvailableQuantity\":\"145\",\"taxAmount\":\"0.00\",\"taxPercentage\":null,\"currentAvailableQuantity\":\"0\",\"dose_type\":null},{\"ProductID\":\"271\",\"Product\":\"Pakbannd Laps Sponges\",\"Name\":\"Pakbannd Laps Sponges\",\"UnitePrice\":\"69.00\",\"Quantity\":\"4\",\"Total\":\"276\",\"AvailableQuantity\":\"95\",\"taxAmount\":\"0.00\",\"taxPercentage\":null,\"currentAvailableQuantity\":\"0\",\"dose_type\":null},{\"ProductID\":\"92\",\"Product\":\"S.GLOVES 7.5 Next\",\"Name\":\"S.GLOVES 7.5 Next\",\"UnitePrice\":\"73.00\",\"Quantity\":\"4\",\"Total\":\"292\",\"AvailableQuantity\":\"71\",\"taxAmount\":\"0.00\",\"taxPercentage\":null,\"currentAvailableQuantity\":\"0\",\"dose_type\":null},{\"ProductID\":\"19\",\"Product\":\"PYODINE small\",\"Name\":\"PYODINE small\",\"UnitePrice\":\"225.00\",\"Quantity\":\"1\",\"Total\":\"225\",\"AvailableQuantity\":\"37\",\"taxAmount\":\"0.00\",\"taxPercentage\":null,\"currentAvailableQuantity\":\"0\",\"dose_type\":null},{\"ProductID\":\"272\",\"Product\":\"Surgical tape\",\"Name\":\"Surgical tape\",\"UnitePrice\":\"26.67\",\"Quantity\":\"1\",\"Total\":\"26.67\",\"AvailableQuantity\":\"113\",\"taxAmount\":\"0.00\",\"taxPercentage\":null,\"currentAvailableQuantity\":\"0\",\"dose_type\":null},{\"ProductID\":\"264\",\"Product\":\"ETT All Sizes\",\"Name\":\"ETT All Sizes\",\"UnitePrice\":\"122.00\",\"Quantity\":\"1\",\"Total\":\"122\",\"AvailableQuantity\":\"131\",\"taxAmount\":\"0.00\",\"taxPercentage\":null,\"currentAvailableQuantity\":\"0\",\"dose_type\":null},{\"ProductID\":\"326\",\"Product\":\"10cc zindagi Siring\",\"Name\":\"10cc zindagi Siring\",\"UnitePrice\":\"9.00\",\"Quantity\":\"5\",\"Total\":\"45\",\"AvailableQuantity\":\"484\",\"taxAmount\":\"0.00\",\"taxPercentage\":null,\"currentAvailableQuantity\":\"0\",\"dose_type\":null},{\"ProductID\":\"327\",\"Product\":\"5cc zindagi Siring\",\"Name\":\"5cc zindagi Siring\",\"UnitePrice\":\"12.00\",\"Quantity\":\"5\",\"Total\":\"60\",\"AvailableQuantity\":\"246\",\"taxAmount\":\"0.00\",\"taxPercentage\":null,\"currentAvailableQuantity\":\"0\",\"dose_type\":null},{\"ProductID\":\"328\",\"Product\":\"20cc zindagi Siring\",\"Name\":\"20cc zindagi Siring\",\"UnitePrice\":\"22.00\",\"Quantity\":\"2\",\"Total\":\"44\",\"AvailableQuantity\":\"98\",\"taxAmount\":\"0.00\",\"taxPercentage\":null,\"currentAvailableQuantity\":\"0\",\"dose_type\":null},{\"ProductID\":\"409\",\"Product\":\"Neosting-N Inj\",\"Name\":\"Neosting-N Inj\",\"UnitePrice\":\"35.00\",\"Quantity\":\"2\",\"Total\":\"70\",\"AvailableQuantity\":\"18\",\"taxAmount\":\"0.00\",\"taxPercentage\":null,\"currentAvailableQuantity\":\"0\",\"dose_type\":null},{\"ProductID\":\"5\",\"Product\":\"GLYCOL-P 0.2mg inj\",\"Name\":\"GLYCOL-P 0.2mg inj\",\"UnitePrice\":\"36.00\",\"Quantity\":\"1\",\"Total\":\"36\",\"AvailableQuantity\":\"29\",\"taxAmount\":\"0.00\",\"taxPercentage\":null,\"currentAvailableQuantity\":\"0\",\"dose_type\":null},{\"ProductID\":\"165\",\"Product\":\"NALFAY\",\"Name\":\"NALFAY\",\"UnitePrice\":\"44.00\",\"Quantity\":\"1\",\"Total\":\"44\",\"AvailableQuantity\":\"20\",\"taxAmount\":\"0.00\",\"taxPercentage\":null,\"currentAvailableQuantity\":\"0\",\"dose_type\":null},{\"ProductID\":\"418\",\"Product\":\"STERIFLUID NS 1000ML\",\"Name\":\"STERIFLUID NS 1000ML\",\"UnitePrice\":\"90.00\",\"Quantity\":\"1\",\"Total\":\"90\",\"AvailableQuantity\":\"3\",\"taxAmount\":\"0.00\",\"taxPercentage\":null,\"currentAvailableQuantity\":\"0\",\"dose_type\":null},{\"ProductID\":\"434\",\"Product\":\"Orthoplast Gipsona\",\"Name\":\"Orthoplast Gipsona\",\"UnitePrice\":\"180.00\",\"Quantity\":\"2\",\"Total\":\"360\",\"AvailableQuantity\":\"22\",\"taxAmount\":\"0.00\",\"taxPercentage\":null,\"currentAvailableQuantity\":\"0\",\"dose_type\":null},{\"ProductID\":\"462\",\"Product\":\"Orthoban\",\"Name\":\"Orthoban\",\"UnitePrice\":\"170.00\",\"Quantity\":\"1\",\"Total\":\"170\",\"AvailableQuantity\":\"1\",\"taxAmount\":\"0.00\",\"taxPercentage\":null,\"currentAvailableQuantity\":\"0\",\"dose_type\":null},{\"ProductID\":\"307\",\"Product\":\"GVN 50mg inj\",\"Name\":\"GVN 50mg inj\",\"UnitePrice\":\"8.20\",\"Quantity\":\"1\",\"Total\":\"8.2\",\"AvailableQuantity\":\"222\",\"taxAmount\":\"0.00\",\"taxPercentage\":null,\"currentAvailableQuantity\":\"0\",\"dose_type\":null},{\"ProductID\":\"368\",\"Product\":\"Tradol 100mg inj\",\"Name\":\"Tradol 100mg inj\",\"UnitePrice\":\"33.00\",\"Quantity\":\"1\",\"Total\":\"33\",\"AvailableQuantity\":\"7\",\"taxAmount\":\"0.00\",\"taxPercentage\":null,\"currentAvailableQuantity\":\"0\",\"dose_type\":null},{\"ProductID\":\"290\",\"Product\":\"Adrnaline\",\"Name\":\"Adrnaline\",\"UnitePrice\":\"7.50\",\"Quantity\":\"1\",\"Total\":\"7.5\",\"AvailableQuantity\":\"100\",\"taxAmount\":\"0.00\",\"taxPercentage\":null,\"currentAvailableQuantity\":\"0\",\"dose_type\":null},{\"ProductID\":\"308\",\"Product\":\"DMX 4mg inj\",\"Name\":\"DMX 4mg inj\",\"UnitePrice\":\"7.60\",\"Quantity\":\"1\",\"Total\":\"7.6\",\"AvailableQuantity\":\"246\",\"taxAmount\":\"0.00\",\"taxPercentage\":null,\"currentAvailableQuantity\":\"0\",\"dose_type\":null},{\"ProductID\":\"15\",\"Product\":\"DRIP SET SMD\",\"Name\":\"DRIP SET SMD\",\"UnitePrice\":\"25.00\",\"Quantity\":\"2\",\"Total\":\"50\",\"AvailableQuantity\":\"93\",\"taxAmount\":\"0.00\",\"taxPercentage\":null,\"currentAvailableQuantity\":\"0\",\"dose_type\":null},{\"ProductID\":\"93\",\"Product\":\"BLADE\",\"Name\":\"BLADE\",\"UnitePrice\":\"47.50\",\"Quantity\":\"1\",\"Total\":\"47.5\",\"AvailableQuantity\":\"36\",\"taxAmount\":\"0.00\",\"taxPercentage\":null,\"currentAvailableQuantity\":\"0\",\"dose_type\":null},{\"ProductID\":\"263\",\"Product\":\"SUCTION TUBE\",\"Name\":\"SUCTION TUBE\",\"UnitePrice\":\"160.00\",\"Quantity\":\"1\",\"Total\":\"160\",\"AvailableQuantity\":\"13\",\"taxAmount\":\"0.00\",\"taxPercentage\":null,\"currentAvailableQuantity\":\"0\",\"dose_type\":null},{\"ProductID\":\"158\",\"Product\":\"Cannula IV introcan 22 g\",\"Name\":\"Cannula IV introcan 22 g\",\"UnitePrice\":\"82.00\",\"Quantity\":\"1\",\"Total\":\"82\",\"AvailableQuantity\":\"48\",\"taxAmount\":\"0.00\",\"taxPercentage\":null,\"currentAvailableQuantity\":\"0\",\"dose_type\":null},{\"ProductID\":\"14\",\"Product\":\"CARTILIED QHC\",\"Name\":\"CARTILIED QHC\",\"UnitePrice\":\"175.00\",\"Quantity\":\"1\",\"Total\":\"175\",\"AvailableQuantity\":\"18\",\"taxAmount\":\"0.00\",\"taxPercentage\":null,\"currentAvailableQuantity\":\"0\",\"dose_type\":null},{\"ProductID\":\"367\",\"Product\":\"Toraject 30mg inj\",\"Name\":\"Toraject 30mg inj\",\"UnitePrice\":\"80.20\",\"Quantity\":\"1\",\"Total\":\"80.2\",\"AvailableQuantity\":\"17\",\"taxAmount\":\"0.00\",\"taxPercentage\":null,\"currentAvailableQuantity\":\"0\",\"dose_type\":null},{\"ProductID\":\"461\",\"Product\":\"Crepe FINE Bandage 6 | PS: 1.00 | Qty 2\",\"Name\":\"Crepe FINE Bandage 6 | PS: 1.00 | Qty 2\",\"UnitePrice\":\"75.00\",\"Quantity\":\"2\",\"Total\":\"150\",\"AvailableQuantity\":\"2\",\"taxAmount\":\"0.00\",\"taxPercentage\":null,\"currentAvailableQuantity\":\"2\",\"dose_type\":null}]', 1, 'OT'),
(37, 1, 12, 12, '37', '2025-01-09 00:00:00', 'Manzar Wali - AMC-09114130', NULL, 583.20, 0.00, 0, 0, 0, NULL, 12257, '2025-01-09', NULL, NULL, 0, NULL, '[{\"ProductID\":\"348\",\"Product\":\"Cefactum 2g inj | PS: 1.00 | Qty 23\",\"Name\":\"Cefactum 2g inj | PS: 1.00 | Qty 23\",\"UnitePrice\":\"382.00\",\"Quantity\":\"1\",\"Total\":\"382\",\"AvailableQuantity\":\"23\",\"taxAmount\":\"0.00\",\"taxPercentage\":null,\"currentAvailableQuantity\":\"23\",\"dose_type\":\"-\"},{\"ProductID\":\"367\",\"Product\":\"Toraject 30mg inj | PS: 5.00 | Qty 16\",\"Name\":\"Toraject 30mg inj | PS: 5.00 | Qty 16\",\"UnitePrice\":\"80.20\",\"Quantity\":\"1\",\"Total\":\"80.2\",\"AvailableQuantity\":\"16\",\"taxAmount\":\"0.00\",\"taxPercentage\":null,\"currentAvailableQuantity\":\"16\",\"dose_type\":\"-\"},{\"ProductID\":\"416\",\"Product\":\"STERIFLUID RL1000ML | PS: 1.00 | Qty 43\",\"Name\":\"STERIFLUID RL1000ML | PS: 1.00 | Qty 43\",\"UnitePrice\":\"90.00\",\"Quantity\":\"1\",\"Total\":\"90\",\"AvailableQuantity\":\"43\",\"taxAmount\":\"0.00\",\"taxPercentage\":null,\"currentAvailableQuantity\":\"43\",\"dose_type\":\"-\"},{\"ProductID\":\"326\",\"Product\":\"10cc zindagi Siring | PS: 100.00 | Qty 481\",\"Name\":\"10cc zindagi Siring | PS: 100.00 | Qty 481\",\"UnitePrice\":\"9.00\",\"Quantity\":\"1\",\"Total\":\"9\",\"AvailableQuantity\":\"481\",\"taxAmount\":\"0.00\",\"taxPercentage\":null,\"currentAvailableQuantity\":\"481\",\"dose_type\":\"-\"},{\"ProductID\":\"334\",\"Product\":\"Zindagi IV set Blister | PS: 60.00 | Qty 300\",\"Name\":\"Zindagi IV set Blister | PS: 60.00 | Qty 300\",\"UnitePrice\":\"22.00\",\"Quantity\":\"1\",\"Total\":\"22\",\"AvailableQuantity\":\"300\",\"taxAmount\":\"0.00\",\"taxPercentage\":null,\"currentAvailableQuantity\":\"300\",\"dose_type\":\"-\"}]', 1, 'Ward'),
(38, 1, 13, 13, '38', '2025-01-09 00:00:00', 'IQRA BIBI - AMC-09035932', NULL, 56.67, 0.00, 0, 0, 0, NULL, 12257, '2025-01-09', NULL, NULL, 0, NULL, '[{\"ProductID\":\"397\",\"Product\":\"Spadix 4ml  Inj | PS: 6.00 | Qty 3\",\"Name\":\"Spadix 4ml  Inj | PS: 6.00 | Qty 3\",\"UnitePrice\":\"56.67\",\"Quantity\":\"1\",\"Total\":\"56.67\",\"AvailableQuantity\":\"3\",\"taxAmount\":\"0.00\",\"taxPercentage\":null,\"currentAvailableQuantity\":\"3\",\"dose_type\":null}]', 1, 'OT'),
(39, 1, 13, 13, '39', '2025-01-10 00:00:00', 'IQRA BIBI - AMC-09035932', NULL, 191.00, 0.00, 0, 0, 0, NULL, 12257, '2025-01-10', NULL, NULL, 0, NULL, '[{\"ProductID\":\"316\",\"Product\":\"Tenamic 500mg inj | PS: 10.00 | Qty 10\",\"Name\":\"Tenamic 500mg inj | PS: 10.00 | Qty 10\",\"UnitePrice\":\"40.00\",\"Quantity\":\"2\",\"Total\":\"80\",\"AvailableQuantity\":\"10\",\"taxAmount\":\"0.00\",\"taxPercentage\":null,\"currentAvailableQuantity\":\"10\",\"dose_type\":null},{\"ProductID\":\"415\",\"Product\":\"STERIFLUID RL 500ML | PS: 1.00 | Qty 44\",\"Name\":\"STERIFLUID RL 500ML | PS: 1.00 | Qty 44\",\"UnitePrice\":\"70.00\",\"Quantity\":\"1\",\"Total\":\"70\",\"AvailableQuantity\":\"44\",\"taxAmount\":\"0.00\",\"taxPercentage\":null,\"currentAvailableQuantity\":\"44\",\"dose_type\":null},{\"ProductID\":\"273\",\"Product\":\"Dignity Sheet | PS: 10.00 | Qty 100\",\"Name\":\"Dignity Sheet | PS: 10.00 | Qty 100\",\"UnitePrice\":\"41.00\",\"Quantity\":\"1\",\"Total\":\"41\",\"AvailableQuantity\":\"100\",\"taxAmount\":\"0.00\",\"taxPercentage\":null,\"currentAvailableQuantity\":\"100\",\"dose_type\":null}]', 1, 'OT'),
(40, 1, 13, 13, '40', '2025-01-10 00:00:00', 'IQRA BIBI - AMC-09035932', NULL, 7.60, 0.00, 0, 0, 0, NULL, 12257, '2025-01-10', NULL, NULL, 0, NULL, '[{\"ProductID\":\"308\",\"Product\":\"DMX 4mg inj | PS: 25.00 | Qty 245\",\"Name\":\"DMX 4mg inj | PS: 25.00 | Qty 245\",\"UnitePrice\":\"7.60\",\"Quantity\":\"1\",\"Total\":\"7.6\",\"AvailableQuantity\":\"245\",\"taxAmount\":\"0.00\",\"taxPercentage\":null,\"currentAvailableQuantity\":\"245\",\"dose_type\":\"HS\"}]', 1, 'Ward'),
(41, 1, 13, 13, '41', '2025-01-10 00:00:00', 'IQRA BIBI - AMC-09035932', NULL, 1679.90, 0.00, 0, 0, 0, NULL, 12257, '2025-01-10', NULL, NULL, 0, NULL, '[{\"ProductID\":\"274\",\"Product\":\"Oxytocin inj\",\"Name\":\"Oxytocin inj\",\"UnitePrice\":\"6.60\",\"Quantity\":\"10\",\"Total\":\"66\",\"AvailableQuantity\":\"250\",\"taxAmount\":\"0.00\",\"taxPercentage\":null,\"currentAvailableQuantity\":\"0\",\"dose_type\":null},{\"ProductID\":\"416\",\"Product\":\"STERIFLUID RL1000ML\",\"Name\":\"STERIFLUID RL1000ML\",\"UnitePrice\":\"90.00\",\"Quantity\":\"1\",\"Total\":\"90\",\"AvailableQuantity\":\"42\",\"taxAmount\":\"0.00\",\"taxPercentage\":null,\"currentAvailableQuantity\":\"0\",\"dose_type\":null},{\"ProductID\":\"157\",\"Product\":\"Cannula IV introcan 20 g\",\"Name\":\"Cannula IV introcan 20 g\",\"UnitePrice\":\"82.00\",\"Quantity\":\"1\",\"Total\":\"82\",\"AvailableQuantity\":\"48\",\"taxAmount\":\"0.00\",\"taxPercentage\":null,\"currentAvailableQuantity\":\"0\",\"dose_type\":null},{\"ProductID\":\"272\",\"Product\":\"Neo Medical Tape (Surgical Tape)\",\"Name\":\"Neo Medical Tape (Surgical Tape)\",\"UnitePrice\":\"26.67\",\"Quantity\":\"1\",\"Total\":\"26.67\",\"AvailableQuantity\":\"112\",\"taxAmount\":\"0.00\",\"taxPercentage\":null,\"currentAvailableQuantity\":\"0\",\"dose_type\":null},{\"ProductID\":\"271\",\"Product\":\"Pakbannd Laps Sponges\",\"Name\":\"Pakbannd Laps Sponges\",\"UnitePrice\":\"69.00\",\"Quantity\":\"2\",\"Total\":\"138\",\"AvailableQuantity\":\"91\",\"taxAmount\":\"0.00\",\"taxPercentage\":null,\"currentAvailableQuantity\":\"0\",\"dose_type\":null},{\"ProductID\":\"270\",\"Product\":\"Pakband guaze\",\"Name\":\"Pakband guaze\",\"UnitePrice\":\"41.00\",\"Quantity\":\"2\",\"Total\":\"82\",\"AvailableQuantity\":\"142\",\"taxAmount\":\"0.00\",\"taxPercentage\":null,\"currentAvailableQuantity\":\"0\",\"dose_type\":null},{\"ProductID\":\"433\",\"Product\":\"Cord Clamp\",\"Name\":\"Cord Clamp\",\"UnitePrice\":\"18.00\",\"Quantity\":\"2\",\"Total\":\"36\",\"AvailableQuantity\":\"110\",\"taxAmount\":\"0.00\",\"taxPercentage\":null,\"currentAvailableQuantity\":\"0\",\"dose_type\":null},{\"ProductID\":\"436\",\"Product\":\"Liquid parraffin\",\"Name\":\"Liquid parraffin\",\"UnitePrice\":\"38.00\",\"Quantity\":\"1\",\"Total\":\"38\",\"AvailableQuantity\":\"22\",\"taxAmount\":\"0.00\",\"taxPercentage\":null,\"currentAvailableQuantity\":\"0\",\"dose_type\":null},{\"ProductID\":\"273\",\"Product\":\"Dignity Sheet\",\"Name\":\"Dignity Sheet\",\"UnitePrice\":\"41.00\",\"Quantity\":\"1\",\"Total\":\"41\",\"AvailableQuantity\":\"99\",\"taxAmount\":\"0.00\",\"taxPercentage\":null,\"currentAvailableQuantity\":\"0\",\"dose_type\":null},{\"ProductID\":\"279\",\"Product\":\"Hush Pads\",\"Name\":\"Hush Pads\",\"UnitePrice\":\"16.33\",\"Quantity\":\"15\",\"Total\":\"244.95\",\"AvailableQuantity\":\"225\",\"taxAmount\":\"0.00\",\"taxPercentage\":null,\"currentAvailableQuantity\":\"0\",\"dose_type\":null},{\"ProductID\":\"448\",\"Product\":\"MISO 200MCG TAB\",\"Name\":\"MISO 200MCG TAB\",\"UnitePrice\":\"1.40\",\"Quantity\":\"5\",\"Total\":\"7\",\"AvailableQuantity\":\"400\",\"taxAmount\":\"0.00\",\"taxPercentage\":null,\"currentAvailableQuantity\":\"0\",\"dose_type\":null},{\"ProductID\":\"334\",\"Product\":\"Zindagi IV set Blister\",\"Name\":\"Zindagi IV set Blister\",\"UnitePrice\":\"22.00\",\"Quantity\":\"1\",\"Total\":\"22\",\"AvailableQuantity\":\"299\",\"taxAmount\":\"0.00\",\"taxPercentage\":null,\"currentAvailableQuantity\":\"0\",\"dose_type\":null},{\"ProductID\":\"326\",\"Product\":\"10cc zindagi Siring\",\"Name\":\"10cc zindagi Siring\",\"UnitePrice\":\"9.00\",\"Quantity\":\"2\",\"Total\":\"18\",\"AvailableQuantity\":\"480\",\"taxAmount\":\"0.00\",\"taxPercentage\":null,\"currentAvailableQuantity\":\"0\",\"dose_type\":null},{\"ProductID\":\"327\",\"Product\":\"5cc zindagi Siring\",\"Name\":\"5cc zindagi Siring\",\"UnitePrice\":\"12.00\",\"Quantity\":\"3\",\"Total\":\"36\",\"AvailableQuantity\":\"243\",\"taxAmount\":\"0.00\",\"taxPercentage\":null,\"currentAvailableQuantity\":\"0\",\"dose_type\":null},{\"ProductID\":\"257\",\"Product\":\"XYLOCAN GEL\",\"Name\":\"XYLOCAN GEL\",\"UnitePrice\":\"43.00\",\"Quantity\":\"1\",\"Total\":\"43\",\"AvailableQuantity\":\"24\",\"taxAmount\":\"0.00\",\"taxPercentage\":null,\"currentAvailableQuantity\":\"0\",\"dose_type\":null},{\"ProductID\":\"411\",\"Product\":\"Transolide 500mg Inj\",\"Name\":\"Transolide 500mg Inj\",\"UnitePrice\":\"48.00\",\"Quantity\":\"2\",\"Total\":\"96\",\"AvailableQuantity\":\"50\",\"taxAmount\":\"0.00\",\"taxPercentage\":null,\"currentAvailableQuantity\":\"0\",\"dose_type\":null},{\"ProductID\":\"439\",\"Product\":\"Apecain 2%\",\"Name\":\"Apecain 2%\",\"UnitePrice\":\"5.53\",\"Quantity\":\"1\",\"Total\":\"5.53\",\"AvailableQuantity\":\"99\",\"taxAmount\":\"0.00\",\"taxPercentage\":null,\"currentAvailableQuantity\":\"0\",\"dose_type\":null},{\"ProductID\":\"19\",\"Product\":\"PYODINE small\",\"Name\":\"PYODINE small\",\"UnitePrice\":\"225.00\",\"Quantity\":\"1\",\"Total\":\"225\",\"AvailableQuantity\":\"36\",\"taxAmount\":\"0.00\",\"taxPercentage\":null,\"currentAvailableQuantity\":\"0\",\"dose_type\":null},{\"ProductID\":\"263\",\"Product\":\"SUCTION TUBE\",\"Name\":\"SUCTION TUBE\",\"UnitePrice\":\"160.00\",\"Quantity\":\"1\",\"Total\":\"160\",\"AvailableQuantity\":\"13\",\"taxAmount\":\"0.00\",\"taxPercentage\":null,\"currentAvailableQuantity\":\"0\",\"dose_type\":null},{\"ProductID\":\"445\",\"Product\":\"Suction catheter no 10\",\"Name\":\"Suction catheter no 10\",\"UnitePrice\":\"55.00\",\"Quantity\":\"1\",\"Total\":\"55\",\"AvailableQuantity\":\"14\",\"taxAmount\":\"0.00\",\"taxPercentage\":null,\"currentAvailableQuantity\":\"0\",\"dose_type\":null},{\"ProductID\":\"421\",\"Product\":\"KLEEN ENEEMA\",\"Name\":\"KLEEN ENEEMA\",\"UnitePrice\":\"148.75\",\"Quantity\":\"1\",\"Total\":\"148.75\",\"AvailableQuantity\":\"22\",\"taxAmount\":\"0.00\",\"taxPercentage\":null,\"currentAvailableQuantity\":\"0\",\"dose_type\":null},{\"ProductID\":\"112\",\"Product\":\"VICRYL 1\",\"Name\":\"VICRYL 1\",\"UnitePrice\":\"275.00\",\"Quantity\":\"1\",\"Total\":\"275\",\"AvailableQuantity\":\"46\",\"taxAmount\":\"0.00\",\"taxPercentage\":null,\"currentAvailableQuantity\":\"0\",\"dose_type\":null},{\"ProductID\":\"92\",\"Product\":\"S.GLOVES 7.5 Next\",\"Name\":\"S.GLOVES 7.5 Next\",\"UnitePrice\":\"73.00\",\"Quantity\":\"3\",\"Total\":\"219\",\"AvailableQuantity\":\"67\",\"taxAmount\":\"0.00\",\"taxPercentage\":null,\"currentAvailableQuantity\":\"0\",\"dose_type\":null},{\"ProductID\":\"401\",\"Product\":\"Foley catheter 16fr\\/CH\",\"Name\":\"Foley catheter 16fr\\/CH\",\"UnitePrice\":\"90.00\",\"Quantity\":\"1\",\"Total\":\"90\",\"AvailableQuantity\":\"43\",\"taxAmount\":\"0.00\",\"taxPercentage\":null,\"currentAvailableQuantity\":\"0\",\"dose_type\":null},{\"ProductID\":\"275\",\"Product\":\"Catgut 1\",\"Name\":\"Catgut 1\",\"UnitePrice\":\"191.67\",\"Quantity\":\"1\",\"Total\":\"191.67\",\"AvailableQuantity\":\"12\",\"taxAmount\":\"0.00\",\"taxPercentage\":null,\"currentAvailableQuantity\":\"0\",\"dose_type\":null}]', 1, 'OT'),
(42, 1, 12, 12, '42', '2025-01-10 00:00:00', 'Manzar Wali - AMC-09114130', NULL, 546.20, 0.00, 0, 0, 0, NULL, 12257, '2025-01-10', NULL, NULL, 0, NULL, '[{\"ProductID\":\"348\",\"Product\":\"Cefactum 2g inj | PS: 1.00 | Qty 22\",\"Name\":\"Cefactum 2g inj | PS: 1.00 | Qty 22\",\"UnitePrice\":\"382.00\",\"Quantity\":\"1\",\"Total\":\"382\",\"AvailableQuantity\":\"22\",\"taxAmount\":\"0.00\",\"taxPercentage\":null,\"currentAvailableQuantity\":\"22\",\"dose_type\":\"BD\"},{\"ProductID\":\"422\",\"Product\":\"Sterifluid-5 100ML | PS: 1.00 | Qty 125\",\"Name\":\"Sterifluid-5 100ML | PS: 1.00 | Qty 125\",\"UnitePrice\":\"50.00\",\"Quantity\":\"1\",\"Total\":\"50\",\"AvailableQuantity\":\"125\",\"taxAmount\":\"0.00\",\"taxPercentage\":null,\"currentAvailableQuantity\":\"125\",\"dose_type\":\"BD\"},{\"ProductID\":\"15\",\"Product\":\"DRIP SET SMD | PS: 100.00 | Qty 92\",\"Name\":\"DRIP SET SMD | PS: 100.00 | Qty 92\",\"UnitePrice\":\"25.00\",\"Quantity\":\"1\",\"Total\":\"25\",\"AvailableQuantity\":\"92\",\"taxAmount\":\"0.00\",\"taxPercentage\":\"0.00\",\"currentAvailableQuantity\":\"92\",\"dose_type\":\"BD\"},{\"ProductID\":\"326\",\"Product\":\"10cc zindagi Siring | PS: 100.00 | Qty 478\",\"Name\":\"10cc zindagi Siring | PS: 100.00 | Qty 478\",\"UnitePrice\":\"9.00\",\"Quantity\":\"1\",\"Total\":\"9\",\"AvailableQuantity\":\"478\",\"taxAmount\":\"0.00\",\"taxPercentage\":null,\"currentAvailableQuantity\":\"478\",\"dose_type\":\"BD\"},{\"ProductID\":\"367\",\"Product\":\"Toraject 30mg inj | PS: 5.00 | Qty 15\",\"Name\":\"Toraject 30mg inj | PS: 5.00 | Qty 15\",\"UnitePrice\":\"80.20\",\"Quantity\":\"1\",\"Total\":\"80.2\",\"AvailableQuantity\":\"15\",\"taxAmount\":\"0.00\",\"taxPercentage\":null,\"currentAvailableQuantity\":\"15\",\"dose_type\":\"BD\"}]', 1, 'Ward'),
(43, 1, 13, 13, '43', '2025-01-10 00:00:00', 'IQRA BIBI - AMC-09035932', NULL, 125.31, 0.00, 0, 0, 0, NULL, 12257, '2025-01-10', NULL, NULL, 0, NULL, '[{\"ProductID\":\"476\",\"Product\":\"K-lot inj | PS: 1.00 | Qty 1\",\"Name\":\"K-lot inj | PS: 1.00 | Qty 1\",\"UnitePrice\":\"125.31\",\"Quantity\":\"1\",\"Total\":\"125.31\",\"AvailableQuantity\":\"1\",\"taxAmount\":\"0.00\",\"taxPercentage\":null,\"currentAvailableQuantity\":\"1\",\"dose_type\":\"OD\"}]', 1, 'Ward'),
(44, 1, 13, 13, '44', '2025-01-10 00:00:00', 'IQRA BIBI - AMC-09035932', NULL, 786.60, 0.00, 0, 0, 0, NULL, 12257, '2025-01-10', NULL, NULL, 0, NULL, '[{\"ProductID\":\"429\",\"Product\":\"Calamox 625mg Tab | PS: 6.00 | Qty 300\",\"Name\":\"Calamox 625mg Tab | PS: 6.00 | Qty 300\",\"UnitePrice\":\"31.98\",\"Quantity\":\"10\",\"Total\":\"319.8\",\"AvailableQuantity\":\"300\",\"taxAmount\":\"0.00\",\"taxPercentage\":null,\"currentAvailableQuantity\":\"300\",\"dose_type\":\"BD\"},{\"ProductID\":\"403\",\"Product\":\"Riam 400mg Tab | PS: 100.00 | Qty 50\",\"Name\":\"Riam 400mg Tab | PS: 100.00 | Qty 50\",\"UnitePrice\":\"3.12\",\"Quantity\":\"15\",\"Total\":\"46.800000000000004\",\"AvailableQuantity\":\"50\",\"taxAmount\":\"0.00\",\"taxPercentage\":null,\"currentAvailableQuantity\":\"50\",\"dose_type\":\"TDS\"},{\"ProductID\":\"377\",\"Product\":\"Airtal ER 200mg tab | PS: 10.00 | Qty 220\",\"Name\":\"Airtal ER 200mg tab | PS: 10.00 | Qty 220\",\"UnitePrice\":\"28.00\",\"Quantity\":\"15\",\"Total\":\"420\",\"AvailableQuantity\":\"220\",\"taxAmount\":\"0.00\",\"taxPercentage\":null,\"currentAvailableQuantity\":\"220\",\"dose_type\":\"TDS\"}]', 1, 'Home'),
(45, 1, 12, 12, '45', '2025-01-10 00:00:00', 'Manzar Wali - AMC-09114130', NULL, 65.50, 0.00, 0, 0, 0, NULL, 12257, '2025-01-10', NULL, NULL, 0, NULL, '[{\"ProductID\":\"379\",\"Product\":\"Artifen 50mg Tab | PS: 100.00 | Qty 600\",\"Name\":\"Artifen 50mg Tab | PS: 100.00 | Qty 600\",\"UnitePrice\":\"6.55\",\"Quantity\":\"10\",\"Total\":\"65.5\",\"AvailableQuantity\":\"600\",\"taxAmount\":\"0.00\",\"taxPercentage\":null,\"currentAvailableQuantity\":\"600\",\"dose_type\":\"BD\"}]', 1, 'Home'),
(46, 1, 14, 14, '46', '2025-01-10 00:00:00', 'Muhammad Bahadar - AMC-10040328', NULL, 733.67, 0.00, 0, 0, 0, NULL, 12257, '2025-01-10', NULL, NULL, 0, NULL, '[{\"ProductID\":\"310\",\"Product\":\"Deezone 2g inj | PS: 1.00 | Qty 15\",\"Name\":\"Deezone 2g inj | PS: 1.00 | Qty 15\",\"UnitePrice\":\"280.00\",\"Quantity\":\"1\",\"Total\":\"280\",\"AvailableQuantity\":\"15\",\"taxAmount\":\"0.00\",\"taxPercentage\":null,\"currentAvailableQuantity\":\"15\",\"dose_type\":\"-\"},{\"ProductID\":\"422\",\"Product\":\"Sterifluid-5 100ML | PS: 1.00 | Qty 64\",\"Name\":\"Sterifluid-5 100ML | PS: 1.00 | Qty 64\",\"UnitePrice\":\"50.00\",\"Quantity\":\"1\",\"Total\":\"50\",\"AvailableQuantity\":\"64\",\"taxAmount\":\"0.00\",\"taxPercentage\":null,\"currentAvailableQuantity\":\"64\",\"dose_type\":\"-\"},{\"ProductID\":\"326\",\"Product\":\"10cc zindagi Siring | PS: 100.00 | Qty 477\",\"Name\":\"10cc zindagi Siring | PS: 100.00 | Qty 477\",\"UnitePrice\":\"9.00\",\"Quantity\":\"1\",\"Total\":\"9\",\"AvailableQuantity\":\"477\",\"taxAmount\":\"0.00\",\"taxPercentage\":null,\"currentAvailableQuantity\":\"477\",\"dose_type\":\"-\"},{\"ProductID\":\"15\",\"Product\":\"DRIP SET SMD | PS: 100.00 | Qty 91\",\"Name\":\"DRIP SET SMD | PS: 100.00 | Qty 91\",\"UnitePrice\":\"25.00\",\"Quantity\":\"1\",\"Total\":\"25\",\"AvailableQuantity\":\"91\",\"taxAmount\":\"0.00\",\"taxPercentage\":\"0.00\",\"currentAvailableQuantity\":\"91\",\"dose_type\":\"-\"},{\"ProductID\":\"330\",\"Product\":\"1cc Insulin Silver Sirange | PS: 100.00 | Qty 100\",\"Name\":\"1cc Insulin Silver Sirange | PS: 100.00 | Qty 100\",\"UnitePrice\":\"17.00\",\"Quantity\":\"1\",\"Total\":\"17\",\"AvailableQuantity\":\"100\",\"taxAmount\":\"0.00\",\"taxPercentage\":null,\"currentAvailableQuantity\":\"100\",\"dose_type\":\"-\"},{\"ProductID\":\"158\",\"Product\":\"Cannula IV introcan 22 g | PS: 50.00 | Qty 47\",\"Name\":\"Cannula IV introcan 22 g | PS: 50.00 | Qty 47\",\"UnitePrice\":\"82.00\",\"Quantity\":\"1\",\"Total\":\"82\",\"AvailableQuantity\":\"47\",\"taxAmount\":\"0.00\",\"taxPercentage\":\"0.00\",\"currentAvailableQuantity\":\"47\",\"dose_type\":\"-\"},{\"ProductID\":\"272\",\"Product\":\"Neo Medical Tape (Surgical Tape) | PS: 12.00 | Qty 111\",\"Name\":\"Neo Medical Tape (Surgical Tape) | PS: 12.00 | Qty 111\",\"UnitePrice\":\"26.67\",\"Quantity\":\"1\",\"Total\":\"26.67\",\"AvailableQuantity\":\"111\",\"taxAmount\":\"0.00\",\"taxPercentage\":null,\"currentAvailableQuantity\":\"111\",\"dose_type\":\"-\"},{\"ProductID\":\"19\",\"Product\":\"PYODINE small | PS: 1.00 | Qty 25\",\"Name\":\"PYODINE small | PS: 1.00 | Qty 25\",\"UnitePrice\":\"225.00\",\"Quantity\":\"1\",\"Total\":\"225\",\"AvailableQuantity\":\"25\",\"taxAmount\":\"0.00\",\"taxPercentage\":\"0.00\",\"currentAvailableQuantity\":\"25\",\"dose_type\":\"-\"},{\"ProductID\":\"288\",\"Product\":\"Examintion GLOVES Medium | PS: 100.00 | Qty 500\",\"Name\":\"Examintion GLOVES Medium | PS: 100.00 | Qty 500\",\"UnitePrice\":\"9.50\",\"Quantity\":\"2\",\"Total\":\"19\",\"AvailableQuantity\":\"500\",\"taxAmount\":\"0.00\",\"taxPercentage\":null,\"currentAvailableQuantity\":\"500\",\"dose_type\":\"-\"},{\"ProductID\":\"270\",\"Product\":\"Pakband guaze | PS: 10.00 | Qty 141\",\"Name\":\"Pakband guaze | PS: 10.00 | Qty 141\",\"UnitePrice\":\"41.00\",\"Quantity\":\"1\",\"Total\":\"41\",\"AvailableQuantity\":\"141\",\"taxAmount\":\"0.00\",\"taxPercentage\":null,\"currentAvailableQuantity\":\"141\",\"dose_type\":\"-\"}]', 1, 'Ward'),
(47, 1, 14, 14, '47', '2025-01-10 00:00:00', 'Muhammad Bahadar - AMC-10040328', NULL, 50.00, 0.00, 0, 0, 0, NULL, 12257, '2025-01-10', NULL, NULL, 0, NULL, '[{\"ProductID\":\"419\",\"Product\":\"STERIFLUID NS 100ML | PS: 1.00 | Qty 70\",\"Name\":\"STERIFLUID NS 100ML | PS: 1.00 | Qty 70\",\"UnitePrice\":\"50.00\",\"Quantity\":\"1\",\"Total\":\"50\",\"AvailableQuantity\":\"70\",\"taxAmount\":\"0.00\",\"taxPercentage\":null,\"currentAvailableQuantity\":\"70\",\"dose_type\":\"-\"}]', 1, 'Ward'),
(48, 1, 14, 14, '48', '2025-01-10 00:00:00', 'Muhammad Bahadar - AMC-10040328', NULL, 19.00, 0.00, 0, 0, 0, NULL, 12257, '2025-01-10', NULL, NULL, 0, NULL, '[{\"ProductID\":\"288\",\"Product\":\"Examintion GLOVES Medium | PS: 100.00 | Qty 498\",\"Name\":\"Examintion GLOVES Medium | PS: 100.00 | Qty 498\",\"UnitePrice\":\"9.50\",\"Quantity\":\"2\",\"Total\":\"19\",\"AvailableQuantity\":\"498\",\"taxAmount\":\"0.00\",\"taxPercentage\":null,\"currentAvailableQuantity\":\"498\",\"dose_type\":\"-\"}]', 1, 'Ward'),
(49, 1, 14, 14, '49', '2025-01-10 00:00:00', 'Muhammad Bahadar - AMC-10040328', NULL, 1150.70, 0.00, 0, 0, 0, NULL, 12257, '2025-01-10', NULL, NULL, 0, NULL, '[{\"ProductID\":\"480\",\"Product\":\"Accu-check instant | PS: 50.00 | Qty 10\",\"Name\":\"Accu-check instant | PS: 50.00 | Qty 10\",\"UnitePrice\":\"37.32\",\"Quantity\":\"10\",\"Total\":\"373.2\",\"AvailableQuantity\":\"10\",\"taxAmount\":\"0.00\",\"taxPercentage\":null,\"currentAvailableQuantity\":\"10\",\"dose_type\":\"-\"},{\"ProductID\":\"481\",\"Product\":\"Lancet comfort care | PS: 200.00 | Qty 10\",\"Name\":\"Lancet comfort care | PS: 200.00 | Qty 10\",\"UnitePrice\":\"1.25\",\"Quantity\":\"10\",\"Total\":\"12.5\",\"AvailableQuantity\":\"10\",\"taxAmount\":\"0.00\",\"taxPercentage\":null,\"currentAvailableQuantity\":\"10\",\"dose_type\":\"-\"},{\"ProductID\":\"479\",\"Product\":\"INSUGET R INJ | PS: 1.00 | Qty 1\",\"Name\":\"INSUGET R INJ | PS: 1.00 | Qty 1\",\"UnitePrice\":\"765.00\",\"Quantity\":\"1\",\"Total\":\"765\",\"AvailableQuantity\":\"1\",\"taxAmount\":\"0.00\",\"taxPercentage\":null,\"currentAvailableQuantity\":\"1\",\"dose_type\":\"-\"}]', 1, 'Ward'),
(50, 1, 14, 14, '50', '2025-01-10 00:00:00', 'Muhammad Bahadar - AMC-10040328', NULL, 17.00, 0.00, 0, 0, 0, NULL, 12257, '2025-01-10', NULL, NULL, 0, NULL, '[{\"ProductID\":\"330\",\"Product\":\"1cc Insulin Silver Sirange | PS: 100.00 | Qty 99\",\"Name\":\"1cc Insulin Silver Sirange | PS: 100.00 | Qty 99\",\"UnitePrice\":\"17.00\",\"Quantity\":\"1\",\"Total\":\"17\",\"AvailableQuantity\":\"99\",\"taxAmount\":\"0.00\",\"taxPercentage\":null,\"currentAvailableQuantity\":\"99\",\"dose_type\":\"BD\"}]', 1, 'Ward'),
(51, 1, 14, 14, '51', '2025-01-11 00:00:00', 'Muhammad Bahadar - AMC-10040328', NULL, 364.00, 0.00, 0, 0, 0, NULL, 12257, '2025-01-11', NULL, NULL, 0, NULL, '[{\"ProductID\":\"310\",\"Product\":\"Deezone 2g inj | PS: 1.00 | Qty 14\",\"Name\":\"Deezone 2g inj | PS: 1.00 | Qty 14\",\"UnitePrice\":\"280.00\",\"Quantity\":\"1\",\"Total\":\"280\",\"AvailableQuantity\":\"14\",\"taxAmount\":\"0.00\",\"taxPercentage\":null,\"currentAvailableQuantity\":\"14\",\"dose_type\":\"OD\"},{\"ProductID\":\"419\",\"Product\":\"STERIFLUID NS 100ML | PS: 1.00 | Qty 69\",\"Name\":\"STERIFLUID NS 100ML | PS: 1.00 | Qty 69\",\"UnitePrice\":\"50.00\",\"Quantity\":\"1\",\"Total\":\"50\",\"AvailableQuantity\":\"69\",\"taxAmount\":\"0.00\",\"taxPercentage\":null,\"currentAvailableQuantity\":\"69\",\"dose_type\":\"OD\"},{\"ProductID\":\"15\",\"Product\":\"DRIP SET SMD | PS: 100.00 | Qty 90\",\"Name\":\"DRIP SET SMD | PS: 100.00 | Qty 90\",\"UnitePrice\":\"25.00\",\"Quantity\":\"1\",\"Total\":\"25\",\"AvailableQuantity\":\"90\",\"taxAmount\":\"0.00\",\"taxPercentage\":\"0.00\",\"currentAvailableQuantity\":\"90\",\"dose_type\":\"OD\"},{\"ProductID\":\"326\",\"Product\":\"10cc zindagi Siring | PS: 100.00 | Qty 476\",\"Name\":\"10cc zindagi Siring | PS: 100.00 | Qty 476\",\"UnitePrice\":\"9.00\",\"Quantity\":\"1\",\"Total\":\"9\",\"AvailableQuantity\":\"476\",\"taxAmount\":\"0.00\",\"taxPercentage\":null,\"currentAvailableQuantity\":\"476\",\"dose_type\":\"OD\"}]', 1, 'Ward'),
(52, 1, 14, 14, '52', '2025-01-11 00:00:00', 'Muhammad Bahadar - AMC-10040328', NULL, 8.50, 0.00, 0, 0, 0, NULL, 12257, '2025-01-11', NULL, NULL, 0, NULL, '[{\"ProductID\":\"277\",\"Product\":\"Syring 1cc Bm | PS: 100.00 | Qty 100\",\"Name\":\"Syring 1cc Bm | PS: 100.00 | Qty 100\",\"UnitePrice\":\"8.50\",\"Quantity\":\"1\",\"Total\":\"8.5\",\"AvailableQuantity\":\"100\",\"taxAmount\":\"0.00\",\"taxPercentage\":null,\"currentAvailableQuantity\":\"100\",\"dose_type\":\"OD\"}]', 1, 'Ward'),
(53, 1, 14, 14, '53', '2025-01-11 00:00:00', 'Muhammad Bahadar - AMC-10040328', NULL, 517.03, 0.00, 0, 0, 0, NULL, 12257, '2025-01-11', NULL, NULL, 0, NULL, '[{\"ProductID\":\"326\",\"Product\":\"10cc zindagi Siring | PS: 100.00 | Qty 475\",\"Name\":\"10cc zindagi Siring | PS: 100.00 | Qty 475\",\"UnitePrice\":\"9.00\",\"Quantity\":\"1\",\"Total\":\"9\",\"AvailableQuantity\":\"475\",\"taxAmount\":\"0.00\",\"taxPercentage\":null,\"currentAvailableQuantity\":\"475\",\"dose_type\":\"OD\"},{\"ProductID\":\"439\",\"Product\":\"Apecain 2% | PS: 100.00 | Qty 98\",\"Name\":\"Apecain 2% | PS: 100.00 | Qty 98\",\"UnitePrice\":\"5.53\",\"Quantity\":\"1\",\"Total\":\"5.53\",\"AvailableQuantity\":\"98\",\"taxAmount\":\"0.00\",\"taxPercentage\":null,\"currentAvailableQuantity\":\"98\",\"dose_type\":\"OD\"},{\"ProductID\":\"418\",\"Product\":\"STERIFLUID NS 1000ML | PS: 1.00 | Qty 3\",\"Name\":\"STERIFLUID NS 1000ML | PS: 1.00 | Qty 3\",\"UnitePrice\":\"90.00\",\"Quantity\":\"1\",\"Total\":\"90\",\"AvailableQuantity\":\"3\",\"taxAmount\":\"0.00\",\"taxPercentage\":null,\"currentAvailableQuantity\":\"3\",\"dose_type\":\"-\"},{\"ProductID\":\"461\",\"Product\":\"Crepe FINE Bandage 6 | PS: 1.00 | Qty 1\",\"Name\":\"Crepe FINE Bandage 6 | PS: 1.00 | Qty 1\",\"UnitePrice\":\"75.00\",\"Quantity\":\"1\",\"Total\":\"75\",\"AvailableQuantity\":\"1\",\"taxAmount\":\"0.00\",\"taxPercentage\":null,\"currentAvailableQuantity\":\"1\",\"dose_type\":\"-\"},{\"ProductID\":\"270\",\"Product\":\"Pakband guaze | PS: 10.00 | Qty 140\",\"Name\":\"Pakband guaze | PS: 10.00 | Qty 140\",\"UnitePrice\":\"41.00\",\"Quantity\":\"2\",\"Total\":\"82\",\"AvailableQuantity\":\"140\",\"taxAmount\":\"0.00\",\"taxPercentage\":null,\"currentAvailableQuantity\":\"140\",\"dose_type\":\"-\"},{\"ProductID\":\"19\",\"Product\":\"PYODINE small | PS: 1.00 | Qty 24\",\"Name\":\"PYODINE small | PS: 1.00 | Qty 24\",\"UnitePrice\":\"225.00\",\"Quantity\":\"1\",\"Total\":\"225\",\"AvailableQuantity\":\"24\",\"taxAmount\":\"0.00\",\"taxPercentage\":\"0.00\",\"currentAvailableQuantity\":\"24\",\"dose_type\":\"-\"},{\"ProductID\":\"92\",\"Product\":\"S.GLOVES 7.5 Next | PS: 1.00 | Qty 46\",\"Name\":\"S.GLOVES 7.5 Next | PS: 1.00 | Qty 46\",\"UnitePrice\":\"73.00\",\"Quantity\":\"1\",\"Total\":\"73\",\"AvailableQuantity\":\"46\",\"taxAmount\":\"0.00\",\"taxPercentage\":\"0.00\",\"currentAvailableQuantity\":\"46\",\"dose_type\":\"-\"},{\"ProductID\":\"93\",\"Product\":\"BLADE | PS: 20.00 | Qty 35\",\"Name\":\"BLADE | PS: 20.00 | Qty 35\",\"UnitePrice\":\"47.50\",\"Quantity\":\"1\",\"Total\":\"47.5\",\"AvailableQuantity\":\"35\",\"taxAmount\":\"0.00\",\"taxPercentage\":\"0.00\",\"currentAvailableQuantity\":\"35\",\"dose_type\":\"-\"}]', 1, 'Ward'),
(54, 1, 14, 14, '54', '2025-01-11 00:00:00', 'Muhammad Bahadar - AMC-10040328', NULL, 865.55, 0.00, 0, 0, 0, NULL, 12257, '2025-01-11', NULL, NULL, 0, NULL, '[{\"ProductID\":\"28\",\"Product\":\"CALAMOX 1.2Gm Inj | PS: 1.00 | Qty 20\",\"Name\":\"CALAMOX 1.2Gm Inj | PS: 1.00 | Qty 20\",\"UnitePrice\":\"246.53\",\"Quantity\":\"1\",\"Total\":\"246.53\",\"AvailableQuantity\":\"20\",\"taxAmount\":\"0.00\",\"taxPercentage\":\"0.00\",\"currentAvailableQuantity\":\"20\",\"dose_type\":\"BD\"},{\"ProductID\":\"419\",\"Product\":\"STERIFLUID NS 100ML | PS: 1.00 | Qty 68\",\"Name\":\"STERIFLUID NS 100ML | PS: 1.00 | Qty 68\",\"UnitePrice\":\"50.00\",\"Quantity\":\"1\",\"Total\":\"50\",\"AvailableQuantity\":\"68\",\"taxAmount\":\"0.00\",\"taxPercentage\":null,\"currentAvailableQuantity\":\"68\",\"dose_type\":\"-\"},{\"ProductID\":\"326\",\"Product\":\"10cc zindagi Siring | PS: 100.00 | Qty 474\",\"Name\":\"10cc zindagi Siring | PS: 100.00 | Qty 474\",\"UnitePrice\":\"9.00\",\"Quantity\":\"1\",\"Total\":\"9\",\"AvailableQuantity\":\"474\",\"taxAmount\":\"0.00\",\"taxPercentage\":null,\"currentAvailableQuantity\":\"474\",\"dose_type\":\"-\"},{\"ProductID\":\"334\",\"Product\":\"Zindagi IV set Blister | PS: 60.00 | Qty 298\",\"Name\":\"Zindagi IV set Blister | PS: 60.00 | Qty 298\",\"UnitePrice\":\"22.00\",\"Quantity\":\"1\",\"Total\":\"22\",\"AvailableQuantity\":\"298\",\"taxAmount\":\"0.00\",\"taxPercentage\":null,\"currentAvailableQuantity\":\"298\",\"dose_type\":\"-\"},{\"ProductID\":\"377\",\"Product\":\"Airtal ER 200mg tab | PS: 10.00 | Qty 205\",\"Name\":\"Airtal ER 200mg tab | PS: 10.00 | Qty 205\",\"UnitePrice\":\"28.00\",\"Quantity\":\"10\",\"Total\":\"280\",\"AvailableQuantity\":\"205\",\"taxAmount\":\"0.00\",\"taxPercentage\":null,\"currentAvailableQuantity\":\"205\",\"dose_type\":\"BD\"},{\"ProductID\":\"341\",\"Product\":\"Omsta 40mg | PS: 14.00 | Qty 105\",\"Name\":\"Omsta 40mg | PS: 14.00 | Qty 105\",\"UnitePrice\":\"18.43\",\"Quantity\":\"14\",\"Total\":\"258.02\",\"AvailableQuantity\":\"105\",\"taxAmount\":\"0.00\",\"taxPercentage\":null,\"currentAvailableQuantity\":\"105\",\"dose_type\":\"OD\"}]', 1, 'Ward');
INSERT INTO `sale` (`SaleID`, `SCID`, `patient_id`, `admission_id`, `InvoiceNo`, `Date`, `Description`, `TNo`, `TotalSale`, `received_amount`, `Discount`, `SalemanID`, `SalemanCommesion`, `CustomerMobile`, `CreatedBy`, `CreatedAt`, `ModifiedBy`, `ModifiedAt`, `SalemanCommesionStatus`, `sale_descriptions`, `bill_details`, `is_sehat_card`, `medicine_type`) VALUES
(55, 1, 14, 14, '55', '2025-01-11 00:00:00', 'Muhammad Bahadar - AMC-10040328', NULL, 227.40, 0.00, 0, 0, 0, NULL, 12257, '2025-01-11', NULL, NULL, 0, NULL, '[{\"ProductID\":\"327\",\"Product\":\"5cc zindagi Siring | PS: 50.00 | Qty 241\",\"Name\":\"5cc zindagi Siring | PS: 50.00 | Qty 241\",\"UnitePrice\":\"12.00\",\"Quantity\":\"1\",\"Total\":\"12\",\"AvailableQuantity\":\"241\",\"taxAmount\":\"0.00\",\"taxPercentage\":null,\"currentAvailableQuantity\":\"241\",\"dose_type\":\"-\"},{\"ProductID\":\"326\",\"Product\":\"10cc zindagi Siring | PS: 100.00 | Qty 473\",\"Name\":\"10cc zindagi Siring | PS: 100.00 | Qty 473\",\"UnitePrice\":\"9.00\",\"Quantity\":\"1\",\"Total\":\"9\",\"AvailableQuantity\":\"473\",\"taxAmount\":\"0.00\",\"taxPercentage\":null,\"currentAvailableQuantity\":\"473\",\"dose_type\":\"-\"},{\"ProductID\":\"486\",\"Product\":\"Danzen Ds tab | PS: 20.00 | Qty 10\",\"Name\":\"Danzen Ds tab | PS: 20.00 | Qty 10\",\"UnitePrice\":\"20.64\",\"Quantity\":\"10\",\"Total\":\"206.4\",\"AvailableQuantity\":\"10\",\"taxAmount\":\"0.00\",\"taxPercentage\":null,\"currentAvailableQuantity\":\"10\",\"dose_type\":\"BD\"}]', 1, 'Ward'),
(56, 1, 14, 14, '56', '2025-01-12 00:00:00', 'Muhammad Bahadar - AMC-10040328', NULL, 330.53, 0.00, 0, 0, 0, NULL, 12257, '2025-01-12', NULL, NULL, 0, NULL, '[{\"ProductID\":\"28\",\"Product\":\"CALAMOX 1.2Gm Inj | PS: 1.00 | Qty 19\",\"Name\":\"CALAMOX 1.2Gm Inj | PS: 1.00 | Qty 19\",\"UnitePrice\":\"246.53\",\"Quantity\":\"1\",\"Total\":\"246.53\",\"AvailableQuantity\":\"19\",\"taxAmount\":\"0.00\",\"taxPercentage\":\"0.00\",\"currentAvailableQuantity\":\"19\",\"dose_type\":\"BD\"},{\"ProductID\":\"326\",\"Product\":\"10cc zindagi Siring | PS: 100.00 | Qty 472\",\"Name\":\"10cc zindagi Siring | PS: 100.00 | Qty 472\",\"UnitePrice\":\"9.00\",\"Quantity\":\"1\",\"Total\":\"9\",\"AvailableQuantity\":\"472\",\"taxAmount\":\"0.00\",\"taxPercentage\":null,\"currentAvailableQuantity\":\"472\",\"dose_type\":\"BD\"},{\"ProductID\":\"15\",\"Product\":\"DRIP SET SMD | PS: 100.00 | Qty 89\",\"Name\":\"DRIP SET SMD | PS: 100.00 | Qty 89\",\"UnitePrice\":\"25.00\",\"Quantity\":\"1\",\"Total\":\"25\",\"AvailableQuantity\":\"89\",\"taxAmount\":\"0.00\",\"taxPercentage\":\"0.00\",\"currentAvailableQuantity\":\"89\",\"dose_type\":\"-\"},{\"ProductID\":\"422\",\"Product\":\"Sterifluid-5 100ML | PS: 1.00 | Qty 63\",\"Name\":\"Sterifluid-5 100ML | PS: 1.00 | Qty 63\",\"UnitePrice\":\"50.00\",\"Quantity\":\"1\",\"Total\":\"50\",\"AvailableQuantity\":\"63\",\"taxAmount\":\"0.00\",\"taxPercentage\":null,\"currentAvailableQuantity\":\"63\",\"dose_type\":\"-\"}]', 1, 'Ward'),
(57, 1, 15, 15, '57', '2025-01-12 00:00:00', 'Haram Shehzadi - AMC-12043351', NULL, 197.00, 0.00, 0, 0, 0, NULL, 12257, '2025-01-12', NULL, NULL, 0, NULL, '[{\"ProductID\":\"159\",\"Product\":\"Cannula 24G B Braun | PS: 1.00 | Qty 20\",\"Name\":\"Cannula 24G B Braun | PS: 1.00 | Qty 20\",\"UnitePrice\":\"197.00\",\"Quantity\":\"1\",\"Total\":\"197\",\"AvailableQuantity\":\"20\",\"taxAmount\":\"0.00\",\"taxPercentage\":\"0.00\",\"currentAvailableQuantity\":\"20\",\"dose_type\":\"-\"}]', 1, 'Ward'),
(58, 1, 15, 15, '58', '2025-01-12 00:00:00', 'Haram Shehzadi - AMC-12043351', NULL, 949.92, 0.00, 0, 0, 0, NULL, 12257, '2025-01-12', NULL, NULL, 0, NULL, '[{\"ProductID\":\"487\",\"Product\":\"sterSterilyte-M 500ml | PS: 1.00 | Qty 1\",\"Name\":\"sterSterilyte-M 500ml | PS: 1.00 | Qty 1\",\"UnitePrice\":\"100.00\",\"Quantity\":\"1\",\"Total\":\"100\",\"AvailableQuantity\":\"1\",\"taxAmount\":\"0.00\",\"taxPercentage\":null,\"currentAvailableQuantity\":\"1\",\"dose_type\":\"TDS\"},{\"ProductID\":\"317\",\"Product\":\"Cliver-500mg inj | PS: 1.00 | Qty 15\",\"Name\":\"Cliver-500mg inj | PS: 1.00 | Qty 15\",\"UnitePrice\":\"110.00\",\"Quantity\":\"1\",\"Total\":\"110\",\"AvailableQuantity\":\"15\",\"taxAmount\":\"0.00\",\"taxPercentage\":null,\"currentAvailableQuantity\":\"15\",\"dose_type\":\"OD\"},{\"ProductID\":\"304\",\"Product\":\"Apoclox 250mg inj | PS: 1.00 | Qty 20\",\"Name\":\"Apoclox 250mg inj | PS: 1.00 | Qty 20\",\"UnitePrice\":\"55.00\",\"Quantity\":\"2\",\"Total\":\"110\",\"AvailableQuantity\":\"20\",\"taxAmount\":\"0.00\",\"taxPercentage\":null,\"currentAvailableQuantity\":\"20\",\"dose_type\":\"TDS\"},{\"ProductID\":\"299\",\"Product\":\"Rotacort 100mg inj | PS: 1.00 | Qty 15\",\"Name\":\"Rotacort 100mg inj | PS: 1.00 | Qty 15\",\"UnitePrice\":\"85.00\",\"Quantity\":\"1\",\"Total\":\"85\",\"AvailableQuantity\":\"15\",\"taxAmount\":\"0.00\",\"taxPercentage\":null,\"currentAvailableQuantity\":\"15\",\"dose_type\":\"BD\"},{\"ProductID\":\"488\",\"Product\":\"Lerace 500mg Inj. | PS: 1.00 | Qty 1\",\"Name\":\"Lerace 500mg Inj. | PS: 1.00 | Qty 1\",\"UnitePrice\":\"369.32\",\"Quantity\":\"1\",\"Total\":\"369.32\",\"AvailableQuantity\":\"1\",\"taxAmount\":\"0.00\",\"taxPercentage\":null,\"currentAvailableQuantity\":\"1\",\"dose_type\":\"BD\"},{\"ProductID\":\"419\",\"Product\":\"STERIFLUID NS 100ML | PS: 1.00 | Qty 67\",\"Name\":\"STERIFLUID NS 100ML | PS: 1.00 | Qty 67\",\"UnitePrice\":\"50.00\",\"Quantity\":\"1\",\"Total\":\"50\",\"AvailableQuantity\":\"67\",\"taxAmount\":\"0.00\",\"taxPercentage\":null,\"currentAvailableQuantity\":\"67\",\"dose_type\":\"-\"},{\"ProductID\":\"183\",\"Product\":\"clenil neb | PS: 10.00 | Qty 10\",\"Name\":\"clenil neb | PS: 10.00 | Qty 10\",\"UnitePrice\":\"94.60\",\"Quantity\":\"1\",\"Total\":\"94.6\",\"AvailableQuantity\":\"10\",\"taxAmount\":\"0.00\",\"taxPercentage\":\"0.00\",\"currentAvailableQuantity\":\"10\",\"dose_type\":\"TDS\"},{\"ProductID\":\"326\",\"Product\":\"10cc zindagi Siring | PS: 100.00 | Qty 471\",\"Name\":\"10cc zindagi Siring | PS: 100.00 | Qty 471\",\"UnitePrice\":\"9.00\",\"Quantity\":\"1\",\"Total\":\"9\",\"AvailableQuantity\":\"471\",\"taxAmount\":\"0.00\",\"taxPercentage\":null,\"currentAvailableQuantity\":\"471\",\"dose_type\":\"-\"},{\"ProductID\":\"334\",\"Product\":\"Zindagi IV set Blister | PS: 60.00 | Qty 297\",\"Name\":\"Zindagi IV set Blister | PS: 60.00 | Qty 297\",\"UnitePrice\":\"22.00\",\"Quantity\":\"1\",\"Total\":\"22\",\"AvailableQuantity\":\"297\",\"taxAmount\":\"0.00\",\"taxPercentage\":null,\"currentAvailableQuantity\":\"297\",\"dose_type\":\"-\"}]', 1, 'Ward'),
(59, 1, 14, 14, '59', '2025-01-12 00:00:00', 'Muhammad Bahadar - AMC-10040328', NULL, 122.00, 0.00, 0, 0, 0, NULL, 12257, '2025-01-12', NULL, NULL, 0, NULL, '[{\"ProductID\":\"288\",\"Product\":\"Examintion GLOVES Medium | PS: 100.00 | Qty 496\",\"Name\":\"Examintion GLOVES Medium | PS: 100.00 | Qty 496\",\"UnitePrice\":\"9.50\",\"Quantity\":\"2\",\"Total\":\"19\",\"AvailableQuantity\":\"496\",\"taxAmount\":\"0.00\",\"taxPercentage\":null,\"currentAvailableQuantity\":\"496\",\"dose_type\":\"-\"},{\"ProductID\":\"270\",\"Product\":\"Pakband guaze | PS: 10.00 | Qty 139\",\"Name\":\"Pakband guaze | PS: 10.00 | Qty 139\",\"UnitePrice\":\"41.00\",\"Quantity\":\"1\",\"Total\":\"41\",\"AvailableQuantity\":\"139\",\"taxAmount\":\"0.00\",\"taxPercentage\":null,\"currentAvailableQuantity\":\"139\",\"dose_type\":\"-\"},{\"ProductID\":\"435\",\"Product\":\"Fine Crepe | PS: 1.00 | Qty 1\",\"Name\":\"Fine Crepe | PS: 1.00 | Qty 1\",\"UnitePrice\":\"62.00\",\"Quantity\":\"1\",\"Total\":\"62\",\"AvailableQuantity\":\"1\",\"taxAmount\":\"0.00\",\"taxPercentage\":null,\"currentAvailableQuantity\":\"1\",\"dose_type\":\"-\"}]', 1, 'Ward'),
(60, 1, 14, 14, '60', '2025-01-12 00:00:00', 'Muhammad Bahadar - AMC-10040328', NULL, 330.53, 0.00, 0, 0, 0, NULL, 12257, '2025-01-12', NULL, NULL, 0, NULL, '[{\"ProductID\":\"28\",\"Product\":\"CALAMOX 1.2Gm Inj | PS: 1.00 | Qty 18\",\"Name\":\"CALAMOX 1.2Gm Inj | PS: 1.00 | Qty 18\",\"UnitePrice\":\"246.53\",\"Quantity\":\"1\",\"Total\":\"246.53\",\"AvailableQuantity\":\"18\",\"taxAmount\":\"0.00\",\"taxPercentage\":\"0.00\",\"currentAvailableQuantity\":\"18\",\"dose_type\":\"-\"},{\"ProductID\":\"326\",\"Product\":\"10cc zindagi Siring | PS: 100.00 | Qty 470\",\"Name\":\"10cc zindagi Siring | PS: 100.00 | Qty 470\",\"UnitePrice\":\"9.00\",\"Quantity\":\"1\",\"Total\":\"9\",\"AvailableQuantity\":\"470\",\"taxAmount\":\"0.00\",\"taxPercentage\":null,\"currentAvailableQuantity\":\"470\",\"dose_type\":\"-\"},{\"ProductID\":\"15\",\"Product\":\"DRIP SET SMD | PS: 100.00 | Qty 88\",\"Name\":\"DRIP SET SMD | PS: 100.00 | Qty 88\",\"UnitePrice\":\"25.00\",\"Quantity\":\"1\",\"Total\":\"25\",\"AvailableQuantity\":\"88\",\"taxAmount\":\"0.00\",\"taxPercentage\":\"0.00\",\"currentAvailableQuantity\":\"88\",\"dose_type\":\"-\"},{\"ProductID\":\"419\",\"Product\":\"STERIFLUID NS 100ML | PS: 1.00 | Qty 66\",\"Name\":\"STERIFLUID NS 100ML | PS: 1.00 | Qty 66\",\"UnitePrice\":\"50.00\",\"Quantity\":\"1\",\"Total\":\"50\",\"AvailableQuantity\":\"66\",\"taxAmount\":\"0.00\",\"taxPercentage\":null,\"currentAvailableQuantity\":\"66\",\"dose_type\":\"-\"}]', 1, 'Ward'),
(61, 1, 14, 14, '61', '2025-01-12 00:00:00', 'Muhammad Bahadar - AMC-10040328', NULL, 17.00, 0.00, 0, 0, 0, NULL, 12257, '2025-01-12', NULL, NULL, 0, NULL, '[{\"ProductID\":\"330\",\"Product\":\"1cc Insulin Silver Sirange | PS: 100.00 | Qty 98\",\"Name\":\"1cc Insulin Silver Sirange | PS: 100.00 | Qty 98\",\"UnitePrice\":\"17.00\",\"Quantity\":\"1\",\"Total\":\"17\",\"AvailableQuantity\":\"98\",\"taxAmount\":\"0.00\",\"taxPercentage\":null,\"currentAvailableQuantity\":\"98\",\"dose_type\":\"-\"}]', 1, 'Ward'),
(62, 1, 15, 15, '62', '2025-01-13 00:00:00', 'Haram Shehzadi - AMC-12043351', NULL, 229.00, 0.00, 0, 0, 0, NULL, 12257, '2025-01-13', NULL, NULL, 0, NULL, '[{\"ProductID\":\"304\",\"Product\":\"Apoclox 250mg inj | PS: 1.00 | Qty 18\",\"Name\":\"Apoclox 250mg inj | PS: 1.00 | Qty 18\",\"UnitePrice\":\"55.00\",\"Quantity\":\"2\",\"Total\":\"110\",\"AvailableQuantity\":\"18\",\"taxAmount\":\"0.00\",\"taxPercentage\":null,\"currentAvailableQuantity\":\"18\",\"dose_type\":\"OD\"},{\"ProductID\":\"317\",\"Product\":\"Cliver-500mg inj | PS: 1.00 | Qty 14\",\"Name\":\"Cliver-500mg inj | PS: 1.00 | Qty 14\",\"UnitePrice\":\"110.00\",\"Quantity\":\"1\",\"Total\":\"110\",\"AvailableQuantity\":\"14\",\"taxAmount\":\"0.00\",\"taxPercentage\":null,\"currentAvailableQuantity\":\"14\",\"dose_type\":\"OD\"},{\"ProductID\":\"326\",\"Product\":\"10cc zindagi Siring | PS: 100.00 | Qty 469\",\"Name\":\"10cc zindagi Siring | PS: 100.00 | Qty 469\",\"UnitePrice\":\"9.00\",\"Quantity\":\"1\",\"Total\":\"9\",\"AvailableQuantity\":\"469\",\"taxAmount\":\"0.00\",\"taxPercentage\":null,\"currentAvailableQuantity\":\"469\",\"dose_type\":\"OD\"}]', 1, 'Ward'),
(63, 1, 14, 14, '63', '2025-01-13 00:00:00', 'Muhammad Bahadar - AMC-10040328', NULL, 296.53, 0.00, 0, 0, 0, NULL, 12257, '2025-01-13', NULL, NULL, 0, NULL, '[{\"ProductID\":\"28\",\"Product\":\"CALAMOX 1.2Gm Inj | PS: 1.00 | Qty 17\",\"Name\":\"CALAMOX 1.2Gm Inj | PS: 1.00 | Qty 17\",\"UnitePrice\":\"246.53\",\"Quantity\":\"1\",\"Total\":\"246.53\",\"AvailableQuantity\":\"17\",\"taxAmount\":\"0.00\",\"taxPercentage\":\"0.00\",\"currentAvailableQuantity\":\"17\",\"dose_type\":\"OD\"},{\"ProductID\":\"419\",\"Product\":\"STERIFLUID NS 100ML | PS: 1.00 | Qty 65\",\"Name\":\"STERIFLUID NS 100ML | PS: 1.00 | Qty 65\",\"UnitePrice\":\"50.00\",\"Quantity\":\"1\",\"Total\":\"50\",\"AvailableQuantity\":\"65\",\"taxAmount\":\"0.00\",\"taxPercentage\":null,\"currentAvailableQuantity\":\"65\",\"dose_type\":\"OD\"}]', 1, 'Ward'),
(64, 1, 15, 15, '64', '2025-01-13 00:00:00', 'Haram Shehzadi - AMC-12043351', NULL, 60.70, 0.00, 0, 0, 0, NULL, 2, '2025-01-13', NULL, NULL, 0, NULL, '[{\"ProductID\":\"304\",\"Product\":\"Apoclox 250mg inj | PS: 1.00 | Qty 16\",\"Name\":\"Apoclox 250mg inj | PS: 1.00 | Qty 16\",\"UnitePrice\":\"55.00\",\"Quantity\":\"1\",\"Total\":\"55\",\"AvailableQuantity\":\"16\",\"taxAmount\":\"0.00\",\"taxPercentage\":null,\"currentAvailableQuantity\":\"16\",\"dose_type\":\"-\"},{\"ProductID\":\"331\",\"Product\":\"5cc clinic Syring | PS: 100.00 | Qty 797\",\"Name\":\"5cc clinic Syring | PS: 100.00 | Qty 797\",\"UnitePrice\":\"5.70\",\"Quantity\":\"1\",\"Total\":\"5.7\",\"AvailableQuantity\":\"797\",\"taxAmount\":\"0.00\",\"taxPercentage\":null,\"currentAvailableQuantity\":\"797\",\"dose_type\":\"-\"}]', 1, 'Ward'),
(65, 1, 15, 15, '65', '2025-01-13 00:00:00', 'Haram Shehzadi - AMC-12043351', NULL, 55.00, 0.00, 0, 0, 0, NULL, 2, '2025-01-13', NULL, NULL, 0, NULL, '[{\"ProductID\":\"304\",\"Product\":\"Apoclox 250mg inj | PS: 1.00 | Qty 15\",\"Name\":\"Apoclox 250mg inj | PS: 1.00 | Qty 15\",\"UnitePrice\":\"55.00\",\"Quantity\":\"1\",\"Total\":\"55\",\"AvailableQuantity\":\"15\",\"taxAmount\":\"0.00\",\"taxPercentage\":null,\"currentAvailableQuantity\":\"15\",\"dose_type\":\"OD\"}]', 1, 'Ward'),
(66, 1, 14, 14, '66', '2025-01-13 00:00:00', 'Muhammad Bahadar - AMC-10040328', NULL, 60.00, 0.00, 0, 0, 0, NULL, 12257, '2025-01-13', NULL, NULL, 0, NULL, '[{\"ProductID\":\"270\",\"Product\":\"Pakband guaze | PS: 10.00 | Qty 138\",\"Name\":\"Pakband guaze | PS: 10.00 | Qty 138\",\"UnitePrice\":\"41.00\",\"Quantity\":\"1\",\"Total\":\"41\",\"AvailableQuantity\":\"138\",\"taxAmount\":\"0.00\",\"taxPercentage\":null,\"currentAvailableQuantity\":\"138\",\"dose_type\":\"-\"},{\"ProductID\":\"288\",\"Product\":\"Examintion GLOVES Medium | PS: 100.00 | Qty 494\",\"Name\":\"Examintion GLOVES Medium | PS: 100.00 | Qty 494\",\"UnitePrice\":\"9.50\",\"Quantity\":\"2\",\"Total\":\"19\",\"AvailableQuantity\":\"494\",\"taxAmount\":\"0.00\",\"taxPercentage\":null,\"currentAvailableQuantity\":\"494\",\"dose_type\":\"-\"}]', 1, 'Ward'),
(67, 1, 14, 14, '67', '2025-01-13 00:00:00', 'Muhammad Bahadar - AMC-10040328', NULL, 255.53, 0.00, 0, 0, 0, NULL, 12257, '2025-01-13', NULL, NULL, 0, NULL, '[{\"ProductID\":\"28\",\"Product\":\"CALAMOX 1.2Gm Inj | PS: 1.00 | Qty 16\",\"Name\":\"CALAMOX 1.2Gm Inj | PS: 1.00 | Qty 16\",\"UnitePrice\":\"246.53\",\"Quantity\":\"1\",\"Total\":\"246.53\",\"AvailableQuantity\":\"16\",\"taxAmount\":\"0.00\",\"taxPercentage\":\"0.00\",\"currentAvailableQuantity\":\"16\",\"dose_type\":\"-\"},{\"ProductID\":\"326\",\"Product\":\"10cc zindagi Siring | PS: 100.00 | Qty 468\",\"Name\":\"10cc zindagi Siring | PS: 100.00 | Qty 468\",\"UnitePrice\":\"9.00\",\"Quantity\":\"1\",\"Total\":\"9\",\"AvailableQuantity\":\"468\",\"taxAmount\":\"0.00\",\"taxPercentage\":null,\"currentAvailableQuantity\":\"468\",\"dose_type\":\"-\"}]', 1, 'Ward'),
(68, 1, 14, 14, '68', '2025-01-13 00:00:00', 'Muhammad Bahadar - AMC-10040328', NULL, 92.00, 0.00, 0, 0, 0, NULL, 12257, '2025-01-13', NULL, NULL, 0, NULL, '[{\"ProductID\":\"15\",\"Product\":\"DRIP SET SMD | PS: 100.00 | Qty 87\",\"Name\":\"DRIP SET SMD | PS: 100.00 | Qty 87\",\"UnitePrice\":\"25.00\",\"Quantity\":\"1\",\"Total\":\"25\",\"AvailableQuantity\":\"87\",\"taxAmount\":\"0.00\",\"taxPercentage\":\"0.00\",\"currentAvailableQuantity\":\"87\",\"dose_type\":\"-\"},{\"ProductID\":\"422\",\"Product\":\"Sterifluid-5 100ML | PS: 1.00 | Qty 62\",\"Name\":\"Sterifluid-5 100ML | PS: 1.00 | Qty 62\",\"UnitePrice\":\"50.00\",\"Quantity\":\"1\",\"Total\":\"50\",\"AvailableQuantity\":\"62\",\"taxAmount\":\"0.00\",\"taxPercentage\":null,\"currentAvailableQuantity\":\"62\",\"dose_type\":\"-\"},{\"ProductID\":\"330\",\"Product\":\"1cc Insulin Silver Sirange | PS: 100.00 | Qty 97\",\"Name\":\"1cc Insulin Silver Sirange | PS: 100.00 | Qty 97\",\"UnitePrice\":\"17.00\",\"Quantity\":\"1\",\"Total\":\"17\",\"AvailableQuantity\":\"97\",\"taxAmount\":\"0.00\",\"taxPercentage\":null,\"currentAvailableQuantity\":\"97\",\"dose_type\":\"-\"}]', 1, 'Ward'),
(69, 1, 15, 15, '69', '2025-01-13 00:00:00', 'Haram Shehzadi - AMC-12043351', NULL, 270.00, 0.00, 0, 0, 0, NULL, 12257, '2025-01-13', NULL, NULL, 0, NULL, '[{\"ProductID\":\"299\",\"Product\":\"Rotacort 100mg inj | PS: 1.00 | Qty 14\",\"Name\":\"Rotacort 100mg inj | PS: 1.00 | Qty 14\",\"UnitePrice\":\"85.00\",\"Quantity\":\"1\",\"Total\":\"85\",\"AvailableQuantity\":\"14\",\"taxAmount\":\"0.00\",\"taxPercentage\":null,\"currentAvailableQuantity\":\"14\",\"dose_type\":\"TDS\"},{\"ProductID\":\"304\",\"Product\":\"Apoclox 250mg inj | PS: 1.00 | Qty 14\",\"Name\":\"Apoclox 250mg inj | PS: 1.00 | Qty 14\",\"UnitePrice\":\"55.00\",\"Quantity\":\"2\",\"Total\":\"110\",\"AvailableQuantity\":\"14\",\"taxAmount\":\"0.00\",\"taxPercentage\":null,\"currentAvailableQuantity\":\"14\",\"dose_type\":\"-\"},{\"ProductID\":\"419\",\"Product\":\"STERIFLUID NS 100ML | PS: 1.00 | Qty 64\",\"Name\":\"STERIFLUID NS 100ML | PS: 1.00 | Qty 64\",\"UnitePrice\":\"50.00\",\"Quantity\":\"1\",\"Total\":\"50\",\"AvailableQuantity\":\"64\",\"taxAmount\":\"0.00\",\"taxPercentage\":null,\"currentAvailableQuantity\":\"64\",\"dose_type\":\"-\"},{\"ProductID\":\"15\",\"Product\":\"DRIP SET SMD | PS: 100.00 | Qty 86\",\"Name\":\"DRIP SET SMD | PS: 100.00 | Qty 86\",\"UnitePrice\":\"25.00\",\"Quantity\":\"1\",\"Total\":\"25\",\"AvailableQuantity\":\"86\",\"taxAmount\":\"0.00\",\"taxPercentage\":\"0.00\",\"currentAvailableQuantity\":\"86\",\"dose_type\":\"-\"}]', 1, 'Ward'),
(70, 1, 15, 15, '70', '2025-01-13 00:00:00', 'Haram Shehzadi - AMC-12043351', NULL, 223.67, 0.00, 0, 0, 0, NULL, 12257, '2025-01-13', NULL, NULL, 0, NULL, '[{\"ProductID\":\"159\",\"Product\":\"Cannula 24G B Braun | PS: 1.00 | Qty 19\",\"Name\":\"Cannula 24G B Braun | PS: 1.00 | Qty 19\",\"UnitePrice\":\"197.00\",\"Quantity\":\"1\",\"Total\":\"197\",\"AvailableQuantity\":\"19\",\"taxAmount\":\"0.00\",\"taxPercentage\":\"0.00\",\"currentAvailableQuantity\":\"19\",\"dose_type\":\"TDS\"},{\"ProductID\":\"272\",\"Product\":\"Neo Medical Tape (Surgical Tape) | PS: 12.00 | Qty 110\",\"Name\":\"Neo Medical Tape (Surgical Tape) | PS: 12.00 | Qty 110\",\"UnitePrice\":\"26.67\",\"Quantity\":\"1\",\"Total\":\"26.67\",\"AvailableQuantity\":\"110\",\"taxAmount\":\"0.00\",\"taxPercentage\":null,\"currentAvailableQuantity\":\"110\",\"dose_type\":\"-\"}]', 1, 'Ward'),
(71, 1, 15, 15, '71', '2025-01-14 00:00:00', 'Haram Shehzadi - AMC-12043351', NULL, 119.00, 0.00, 0, 0, 0, NULL, 12257, '2025-01-14', NULL, NULL, 0, NULL, '[{\"ProductID\":\"326\",\"Product\":\"10cc zindagi Siring | PS: 100.00 | Qty 467\",\"Name\":\"10cc zindagi Siring | PS: 100.00 | Qty 467\",\"UnitePrice\":\"9.00\",\"Quantity\":\"1\",\"Total\":\"9\",\"AvailableQuantity\":\"467\",\"taxAmount\":\"0.00\",\"taxPercentage\":null,\"currentAvailableQuantity\":\"467\",\"dose_type\":\"TDS\"},{\"ProductID\":\"304\",\"Product\":\"Apoclox 250mg inj | PS: 1.00 | Qty 12\",\"Name\":\"Apoclox 250mg inj | PS: 1.00 | Qty 12\",\"UnitePrice\":\"55.00\",\"Quantity\":\"2\",\"Total\":\"110\",\"AvailableQuantity\":\"12\",\"taxAmount\":\"0.00\",\"taxPercentage\":null,\"currentAvailableQuantity\":\"12\",\"dose_type\":\"TDS\"}]', 1, 'Ward'),
(72, 1, 14, 14, '72', '2025-01-14 00:00:00', 'Muhammad Bahadar - AMC-10040328', NULL, 330.53, 0.00, 0, 0, 0, NULL, 12257, '2025-01-14', NULL, NULL, 0, NULL, '[{\"ProductID\":\"28\",\"Product\":\"CALAMOX 1.2Gm Inj | PS: 1.00 | Qty 15\",\"Name\":\"CALAMOX 1.2Gm Inj | PS: 1.00 | Qty 15\",\"UnitePrice\":\"246.53\",\"Quantity\":\"1\",\"Total\":\"246.53\",\"AvailableQuantity\":\"15\",\"taxAmount\":\"0.00\",\"taxPercentage\":\"0.00\",\"currentAvailableQuantity\":\"15\",\"dose_type\":\"-\"},{\"ProductID\":\"419\",\"Product\":\"STERIFLUID NS 100ML | PS: 1.00 | Qty 63\",\"Name\":\"STERIFLUID NS 100ML | PS: 1.00 | Qty 63\",\"UnitePrice\":\"50.00\",\"Quantity\":\"1\",\"Total\":\"50\",\"AvailableQuantity\":\"63\",\"taxAmount\":\"0.00\",\"taxPercentage\":null,\"currentAvailableQuantity\":\"63\",\"dose_type\":\"-\"},{\"ProductID\":\"326\",\"Product\":\"10cc zindagi Siring | PS: 100.00 | Qty 466\",\"Name\":\"10cc zindagi Siring | PS: 100.00 | Qty 466\",\"UnitePrice\":\"9.00\",\"Quantity\":\"1\",\"Total\":\"9\",\"AvailableQuantity\":\"466\",\"taxAmount\":\"0.00\",\"taxPercentage\":null,\"currentAvailableQuantity\":\"466\",\"dose_type\":\"-\"},{\"ProductID\":\"15\",\"Product\":\"DRIP SET SMD | PS: 100.00 | Qty 85\",\"Name\":\"DRIP SET SMD | PS: 100.00 | Qty 85\",\"UnitePrice\":\"25.00\",\"Quantity\":\"1\",\"Total\":\"25\",\"AvailableQuantity\":\"85\",\"taxAmount\":\"0.00\",\"taxPercentage\":\"0.00\",\"currentAvailableQuantity\":\"85\",\"dose_type\":\"-\"}]', 1, 'Ward'),
(73, 1, 15, 15, '73', '2025-01-14 00:00:00', 'Haram Shehzadi - AMC-12043351', NULL, 933.64, 0.00, 0, 0, 0, NULL, 12257, '2025-01-14', NULL, NULL, 0, NULL, '[{\"ProductID\":\"317\",\"Product\":\"Cliver-500mg inj | PS: 1.00 | Qty 13\",\"Name\":\"Cliver-500mg inj | PS: 1.00 | Qty 13\",\"UnitePrice\":\"110.00\",\"Quantity\":\"1\",\"Total\":\"110\",\"AvailableQuantity\":\"13\",\"taxAmount\":\"0.00\",\"taxPercentage\":null,\"currentAvailableQuantity\":\"13\",\"dose_type\":\"-\"},{\"ProductID\":\"299\",\"Product\":\"Rotacort 100mg inj | PS: 1.00 | Qty 13\",\"Name\":\"Rotacort 100mg inj | PS: 1.00 | Qty 13\",\"UnitePrice\":\"85.00\",\"Quantity\":\"1\",\"Total\":\"85\",\"AvailableQuantity\":\"13\",\"taxAmount\":\"0.00\",\"taxPercentage\":null,\"currentAvailableQuantity\":\"13\",\"dose_type\":\"-\"},{\"ProductID\":\"488\",\"Product\":\"Lerace 500mg Inj. | PS: 1.00 | Qty 2\",\"Name\":\"Lerace 500mg Inj. | PS: 1.00 | Qty 2\",\"UnitePrice\":\"369.32\",\"Quantity\":\"2\",\"Total\":\"738.64\",\"AvailableQuantity\":\"2\",\"taxAmount\":\"0.00\",\"taxPercentage\":null,\"currentAvailableQuantity\":\"2\",\"dose_type\":\"-\"}]', 1, 'Ward'),
(74, 1, 15, 15, '74', '2025-01-14 00:00:00', 'Haram Shehzadi - AMC-12043351', NULL, 1030.41, 0.00, 0, 0, 0, NULL, 12257, '2025-01-14', NULL, NULL, 0, NULL, '[{\"ProductID\":\"492\",\"Product\":\"atem neubilization | PS: 10.00 | Qty 3\",\"Name\":\"atem neubilization | PS: 10.00 | Qty 3\",\"UnitePrice\":\"131.07\",\"Quantity\":\"3\",\"Total\":\"393.21\",\"AvailableQuantity\":\"3\",\"taxAmount\":\"0.00\",\"taxPercentage\":null,\"currentAvailableQuantity\":\"3\",\"dose_type\":\"-\"},{\"ProductID\":\"493\",\"Product\":\"clenil neubilization | PS: 10.00 | Qty 3\",\"Name\":\"clenil neubilization | PS: 10.00 | Qty 3\",\"UnitePrice\":\"94.60\",\"Quantity\":\"3\",\"Total\":\"283.79999999999995\",\"AvailableQuantity\":\"3\",\"taxAmount\":\"0.00\",\"taxPercentage\":null,\"currentAvailableQuantity\":\"3\",\"dose_type\":\"-\"},{\"ProductID\":\"494\",\"Product\":\"ACEFYL 120ML SYP | PS: 1.00 | Qty 1\",\"Name\":\"ACEFYL 120ML SYP | PS: 1.00 | Qty 1\",\"UnitePrice\":\"127.57\",\"Quantity\":\"1\",\"Total\":\"127.57\",\"AvailableQuantity\":\"1\",\"taxAmount\":\"0.00\",\"taxPercentage\":null,\"currentAvailableQuantity\":\"1\",\"dose_type\":\"-\"},{\"ProductID\":\"495\",\"Product\":\"RIGIX ORAL DROPS | PS: 1.00 | Qty 1\",\"Name\":\"RIGIX ORAL DROPS | PS: 1.00 | Qty 1\",\"UnitePrice\":\"107.27\",\"Quantity\":\"1\",\"Total\":\"107.27\",\"AvailableQuantity\":\"1\",\"taxAmount\":\"0.00\",\"taxPercentage\":null,\"currentAvailableQuantity\":\"1\",\"dose_type\":\"-\"},{\"ProductID\":\"480\",\"Product\":\"Accu-check instant | PS: 50.00 | Qty 3\",\"Name\":\"Accu-check instant | PS: 50.00 | Qty 3\",\"UnitePrice\":\"37.32\",\"Quantity\":\"3\",\"Total\":\"111.96000000000001\",\"AvailableQuantity\":\"3\",\"taxAmount\":\"0.00\",\"taxPercentage\":null,\"currentAvailableQuantity\":\"3\",\"dose_type\":\"-\"},{\"ProductID\":\"498\",\"Product\":\"lancets (prick needle) | PS: 100.00 | Qty 3\",\"Name\":\"lancets (prick needle) | PS: 100.00 | Qty 3\",\"UnitePrice\":\"2.20\",\"Quantity\":\"3\",\"Total\":\"6.6000000000000005\",\"AvailableQuantity\":\"3\",\"taxAmount\":\"0.00\",\"taxPercentage\":null,\"currentAvailableQuantity\":\"3\",\"dose_type\":\"-\"}]', 1, 'Ward'),
(75, 1, 16, 16, '75', '2025-01-14 00:00:00', 'UMMIA BIBI - AMC-14120625', NULL, 949.04, 0.00, 0, 0, 0, NULL, 12257, '2025-01-14', NULL, NULL, 0, NULL, '[{\"ProductID\":\"467\",\"Product\":\"SERGIFEX 1G INJ | PS: 1.00 | Qty 10\",\"Name\":\"SERGIFEX 1G INJ | PS: 1.00 | Qty 10\",\"UnitePrice\":\"338.30\",\"Quantity\":\"1\",\"Total\":\"338.3\",\"AvailableQuantity\":\"10\",\"taxAmount\":\"0.00\",\"taxPercentage\":null,\"currentAvailableQuantity\":\"10\",\"dose_type\":\"-\"},{\"ProductID\":\"299\",\"Product\":\"Rotacort 100mg inj | PS: 1.00 | Qty 12\",\"Name\":\"Rotacort 100mg inj | PS: 1.00 | Qty 12\",\"UnitePrice\":\"85.00\",\"Quantity\":\"1\",\"Total\":\"85\",\"AvailableQuantity\":\"12\",\"taxAmount\":\"0.00\",\"taxPercentage\":null,\"currentAvailableQuantity\":\"12\",\"dose_type\":\"-\"},{\"ProductID\":\"312\",\"Product\":\"Novetamol 1g inf | PS: 1.00 | Qty 29\",\"Name\":\"Novetamol 1g inf | PS: 1.00 | Qty 29\",\"UnitePrice\":\"115.00\",\"Quantity\":\"1\",\"Total\":\"115\",\"AvailableQuantity\":\"29\",\"taxAmount\":\"0.00\",\"taxPercentage\":null,\"currentAvailableQuantity\":\"29\",\"dose_type\":\"-\"},{\"ProductID\":\"469\",\"Product\":\"VENTPRO 500MCG\\/2ML | PS: 6.00 | Qty 24\",\"Name\":\"VENTPRO 500MCG\\/2ML | PS: 6.00 | Qty 24\",\"UnitePrice\":\"46.47\",\"Quantity\":\"1\",\"Total\":\"46.47\",\"AvailableQuantity\":\"24\",\"taxAmount\":\"0.00\",\"taxPercentage\":null,\"currentAvailableQuantity\":\"24\",\"dose_type\":\"-\"},{\"ProductID\":\"183\",\"Product\":\"clenil neb | PS: 10.00 | Qty 9\",\"Name\":\"clenil neb | PS: 10.00 | Qty 9\",\"UnitePrice\":\"94.60\",\"Quantity\":\"1\",\"Total\":\"94.6\",\"AvailableQuantity\":\"9\",\"taxAmount\":\"0.00\",\"taxPercentage\":\"0.00\",\"currentAvailableQuantity\":\"9\",\"dose_type\":\"-\"},{\"ProductID\":\"376\",\"Product\":\"Brothyl-D syp | PS: 1.00 | Qty 4\",\"Name\":\"Brothyl-D syp | PS: 1.00 | Qty 4\",\"UnitePrice\":\"118.00\",\"Quantity\":\"1\",\"Total\":\"118\",\"AvailableQuantity\":\"4\",\"taxAmount\":\"0.00\",\"taxPercentage\":null,\"currentAvailableQuantity\":\"4\",\"dose_type\":\"-\"},{\"ProductID\":\"158\",\"Product\":\"Cannula IV introcan 22 g | PS: 50.00 | Qty 46\",\"Name\":\"Cannula IV introcan 22 g | PS: 50.00 | Qty 46\",\"UnitePrice\":\"82.00\",\"Quantity\":\"1\",\"Total\":\"82\",\"AvailableQuantity\":\"46\",\"taxAmount\":\"0.00\",\"taxPercentage\":\"0.00\",\"currentAvailableQuantity\":\"46\",\"dose_type\":\"-\"},{\"ProductID\":\"15\",\"Product\":\"DRIP SET SMD | PS: 100.00 | Qty 84\",\"Name\":\"DRIP SET SMD | PS: 100.00 | Qty 84\",\"UnitePrice\":\"25.00\",\"Quantity\":\"1\",\"Total\":\"25\",\"AvailableQuantity\":\"84\",\"taxAmount\":\"0.00\",\"taxPercentage\":\"0.00\",\"currentAvailableQuantity\":\"84\",\"dose_type\":\"-\"},{\"ProductID\":\"272\",\"Product\":\"Neo Medical Tape (Surgical Tape) | PS: 12.00 | Qty 109\",\"Name\":\"Neo Medical Tape (Surgical Tape) | PS: 12.00 | Qty 109\",\"UnitePrice\":\"26.67\",\"Quantity\":\"1\",\"Total\":\"26.67\",\"AvailableQuantity\":\"109\",\"taxAmount\":\"0.00\",\"taxPercentage\":null,\"currentAvailableQuantity\":\"109\",\"dose_type\":\"-\"},{\"ProductID\":\"326\",\"Product\":\"10cc zindagi Siring | PS: 100.00 | Qty 465\",\"Name\":\"10cc zindagi Siring | PS: 100.00 | Qty 465\",\"UnitePrice\":\"9.00\",\"Quantity\":\"2\",\"Total\":\"18\",\"AvailableQuantity\":\"465\",\"taxAmount\":\"0.00\",\"taxPercentage\":null,\"currentAvailableQuantity\":\"465\",\"dose_type\":\"-\"}]', 1, 'Ward'),
(76, 1, 16, 16, '76', '2025-01-14 00:00:00', 'UMMIA BIBI - AMC-14120625', NULL, 261.50, 0.00, 0, 0, 0, NULL, 12257, '2025-01-14', NULL, NULL, 0, NULL, '[{\"ProductID\":\"466\",\"Product\":\"SERGIFEX 500MG INJ | PS: 1.00 | Qty 10\",\"Name\":\"SERGIFEX 500MG INJ | PS: 1.00 | Qty 10\",\"UnitePrice\":\"212.50\",\"Quantity\":\"1\",\"Total\":\"212.5\",\"AvailableQuantity\":\"10\",\"taxAmount\":\"0.00\",\"taxPercentage\":null,\"currentAvailableQuantity\":\"10\",\"dose_type\":\"-\"},{\"ProductID\":\"506\",\"Product\":\"STERILYTE-M 500ML | PS: 1.00 | Qty 10\",\"Name\":\"STERILYTE-M 500ML | PS: 1.00 | Qty 10\",\"UnitePrice\":\"100.00\",\"Quantity\":\"1\",\"Total\":\"100\",\"AvailableQuantity\":\"10\",\"taxAmount\":\"0.00\",\"taxPercentage\":null,\"currentAvailableQuantity\":\"10\",\"dose_type\":\"-\"},{\"ProductID\":\"505\",\"Product\":\"RIGIX 120ML SYP | PS: 1.00 | Qty 1\",\"Name\":\"RIGIX 120ML SYP | PS: 1.00 | Qty 1\",\"UnitePrice\":\"161.50\",\"Quantity\":\"1\",\"Total\":\"161.5\",\"AvailableQuantity\":\"1\",\"taxAmount\":\"0.00\",\"taxPercentage\":null,\"currentAvailableQuantity\":\"1\",\"dose_type\":\"-\"}]', 1, 'Ward'),
(77, 1, 15, 15, '77', '2025-01-14 00:00:00', 'Haram Shehzadi - AMC-12043351', NULL, 65.45, 0.00, 0, 0, 0, NULL, 12257, '2025-01-14', NULL, NULL, 0, NULL, '[{\"ProductID\":\"507\",\"Product\":\"Salinas Nasal Drop | PS: 1.00 | Qty 4\",\"Name\":\"Salinas Nasal Drop | PS: 1.00 | Qty 4\",\"UnitePrice\":\"65.45\",\"Quantity\":\"1\",\"Total\":\"65.45\",\"AvailableQuantity\":\"4\",\"taxAmount\":\"0.00\",\"taxPercentage\":null,\"currentAvailableQuantity\":\"4\",\"dose_type\":\"-\"}]', 1, 'Ward'),
(78, 1, 15, 15, '78', '2025-01-14 00:00:00', 'Haram Shehzadi - AMC-12043351', NULL, 110.00, 0.00, 0, 0, 0, NULL, 12257, '2025-01-14', NULL, NULL, 0, NULL, '[{\"ProductID\":\"304\",\"Product\":\"Apoclox 250mg inj | PS: 1.00 | Qty 10\",\"Name\":\"Apoclox 250mg inj | PS: 1.00 | Qty 10\",\"UnitePrice\":\"55.00\",\"Quantity\":\"2\",\"Total\":\"110\",\"AvailableQuantity\":\"10\",\"taxAmount\":\"0.00\",\"taxPercentage\":null,\"currentAvailableQuantity\":\"10\",\"dose_type\":\"-\"}]', 1, 'Ward'),
(79, 1, 16, 16, '79', '2025-01-14 00:00:00', 'UMMIA BIBI - AMC-14120625', NULL, 135.00, 0.00, 0, 0, 0, NULL, 12257, '2025-01-14', NULL, NULL, 0, NULL, '[{\"ProductID\":\"282\",\"Product\":\"Nebulizer Mask L + S | PS: 1.00 | Qty 20\",\"Name\":\"Nebulizer Mask L + S | PS: 1.00 | Qty 20\",\"UnitePrice\":\"135.00\",\"Quantity\":\"1\",\"Total\":\"135\",\"AvailableQuantity\":\"20\",\"taxAmount\":\"0.00\",\"taxPercentage\":null,\"currentAvailableQuantity\":\"20\",\"dose_type\":\"-\"}]', 1, 'Ward'),
(80, 1, 17, 17, '80', '2025-01-14 00:00:00', 'iram nazir - AMC-14022712', NULL, 257.42, 0.00, 0, 0, 0, NULL, 12257, '2025-01-14', NULL, NULL, 0, NULL, '[{\"ProductID\":\"156\",\"Product\":\"Cannula IV introcan 18 g | PS: 50.00 | Qty 50\",\"Name\":\"Cannula IV introcan 18 g | PS: 50.00 | Qty 50\",\"UnitePrice\":\"82.00\",\"Quantity\":\"1\",\"Total\":\"82\",\"AvailableQuantity\":\"50\",\"taxAmount\":\"0.00\",\"taxPercentage\":\"0.00\",\"currentAvailableQuantity\":\"50\",\"dose_type\":\"-\"},{\"ProductID\":\"272\",\"Product\":\"Neo Medical Tape (Surgical Tape) | PS: 12.00 | Qty 108\",\"Name\":\"Neo Medical Tape (Surgical Tape) | PS: 12.00 | Qty 108\",\"UnitePrice\":\"26.67\",\"Quantity\":\"1\",\"Total\":\"26.67\",\"AvailableQuantity\":\"108\",\"taxAmount\":\"0.00\",\"taxPercentage\":null,\"currentAvailableQuantity\":\"108\",\"dose_type\":\"-\"},{\"ProductID\":\"421\",\"Product\":\"KLEEN ENEEMA | PS: 1.00 | Qty 11\",\"Name\":\"KLEEN ENEEMA | PS: 1.00 | Qty 11\",\"UnitePrice\":\"148.75\",\"Quantity\":\"1\",\"Total\":\"148.75\",\"AvailableQuantity\":\"11\",\"taxAmount\":\"0.00\",\"taxPercentage\":null,\"currentAvailableQuantity\":\"11\",\"dose_type\":\"-\"}]', 1, 'Ward'),
(81, 1, 14, 14, '81', '2025-01-14 00:00:00', 'Muhammad Bahadar - AMC-10040328', NULL, 57.00, 0.00, 0, 0, 0, NULL, 12257, '2025-01-14', NULL, NULL, 0, NULL, '[{\"ProductID\":\"288\",\"Product\":\"Examintion GLOVES Medium | PS: 100.00 | Qty 492\",\"Name\":\"Examintion GLOVES Medium | PS: 100.00 | Qty 492\",\"UnitePrice\":\"9.50\",\"Quantity\":\"6\",\"Total\":\"57\",\"AvailableQuantity\":\"492\",\"taxAmount\":\"0.00\",\"taxPercentage\":null,\"currentAvailableQuantity\":\"492\",\"dose_type\":\"-\"}]', 1, 'Ward'),
(82, 1, 14, 14, '82', '2025-01-14 00:00:00', 'Muhammad Bahadar - AMC-10040328', NULL, 41.00, 0.00, 0, 0, 0, NULL, 12257, '2025-01-14', NULL, NULL, 0, NULL, '[{\"ProductID\":\"270\",\"Product\":\"Pakband guaze | PS: 10.00 | Qty 137\",\"Name\":\"Pakband guaze | PS: 10.00 | Qty 137\",\"UnitePrice\":\"41.00\",\"Quantity\":\"1\",\"Total\":\"41\",\"AvailableQuantity\":\"137\",\"taxAmount\":\"0.00\",\"taxPercentage\":null,\"currentAvailableQuantity\":\"137\",\"dose_type\":\"-\"}]', 1, 'Ward'),
(83, 1, 14, 14, '83', '2025-01-14 00:00:00', 'Muhammad Bahadar - AMC-10040328', NULL, 26.67, 0.00, 0, 0, 0, NULL, 12257, '2025-01-14', NULL, NULL, 0, NULL, '[{\"ProductID\":\"272\",\"Product\":\"Neo Medical Tape (Surgical Tape) | PS: 12.00 | Qty 107\",\"Name\":\"Neo Medical Tape (Surgical Tape) | PS: 12.00 | Qty 107\",\"UnitePrice\":\"26.67\",\"Quantity\":\"1\",\"Total\":\"26.67\",\"AvailableQuantity\":\"107\",\"taxAmount\":\"0.00\",\"taxPercentage\":null,\"currentAvailableQuantity\":\"107\",\"dose_type\":\"-\"}]', 1, 'Ward'),
(84, 1, 17, 17, '84', '2025-01-14 00:00:00', 'iram nazir - AMC-14022712', NULL, 507.97, 0.00, 0, 0, 0, NULL, 12257, '2025-01-14', NULL, NULL, 0, NULL, '[{\"ProductID\":\"398\",\"Product\":\"Duphalac Syp | PS: 1.00 | Qty 3\",\"Name\":\"Duphalac Syp | PS: 1.00 | Qty 3\",\"UnitePrice\":\"243.55\",\"Quantity\":\"1\",\"Total\":\"243.55\",\"AvailableQuantity\":\"3\",\"taxAmount\":\"0.00\",\"taxPercentage\":null,\"currentAvailableQuantity\":\"3\",\"dose_type\":\"-\"},{\"ProductID\":\"468\",\"Product\":\"TORAJECT 30MG\\/ML INJ | PS: 5.00 | Qty 50\",\"Name\":\"TORAJECT 30MG\\/ML INJ | PS: 5.00 | Qty 50\",\"UnitePrice\":\"80.22\",\"Quantity\":\"1\",\"Total\":\"80.22\",\"AvailableQuantity\":\"50\",\"taxAmount\":\"0.00\",\"taxPercentage\":null,\"currentAvailableQuantity\":\"50\",\"dose_type\":\"-\"},{\"ProductID\":\"306\",\"Product\":\"Novazol 500mg inf | PS: 1.00 | Qty 28\",\"Name\":\"Novazol 500mg inf | PS: 1.00 | Qty 28\",\"UnitePrice\":\"95.00\",\"Quantity\":\"1\",\"Total\":\"95\",\"AvailableQuantity\":\"28\",\"taxAmount\":\"0.00\",\"taxPercentage\":null,\"currentAvailableQuantity\":\"28\",\"dose_type\":\"-\"},{\"ProductID\":\"307\",\"Product\":\"GVN 50mg inj | PS: 25.00 | Qty 222\",\"Name\":\"GVN 50mg inj | PS: 25.00 | Qty 222\",\"UnitePrice\":\"8.20\",\"Quantity\":\"1\",\"Total\":\"8.2\",\"AvailableQuantity\":\"222\",\"taxAmount\":\"0.00\",\"taxPercentage\":null,\"currentAvailableQuantity\":\"222\",\"dose_type\":\"-\"},{\"ProductID\":\"334\",\"Product\":\"Zindagi IV set Blister | PS: 60.00 | Qty 296\",\"Name\":\"Zindagi IV set Blister | PS: 60.00 | Qty 296\",\"UnitePrice\":\"22.00\",\"Quantity\":\"1\",\"Total\":\"22\",\"AvailableQuantity\":\"296\",\"taxAmount\":\"0.00\",\"taxPercentage\":null,\"currentAvailableQuantity\":\"296\",\"dose_type\":\"-\"},{\"ProductID\":\"326\",\"Product\":\"10cc zindagi Siring | PS: 100.00 | Qty 463\",\"Name\":\"10cc zindagi Siring | PS: 100.00 | Qty 463\",\"UnitePrice\":\"9.00\",\"Quantity\":\"1\",\"Total\":\"9\",\"AvailableQuantity\":\"463\",\"taxAmount\":\"0.00\",\"taxPercentage\":null,\"currentAvailableQuantity\":\"463\",\"dose_type\":\"-\"},{\"ProductID\":\"422\",\"Product\":\"Sterifluid-5 100ML | PS: 1.00 | Qty 61\",\"Name\":\"Sterifluid-5 100ML | PS: 1.00 | Qty 61\",\"UnitePrice\":\"50.00\",\"Quantity\":\"1\",\"Total\":\"50\",\"AvailableQuantity\":\"61\",\"taxAmount\":\"0.00\",\"taxPercentage\":null,\"currentAvailableQuantity\":\"61\",\"dose_type\":\"-\"}]', 1, 'Ward'),
(85, 1, 18, 18, '85', '2025-01-14 00:00:00', 'Umar Ghani - AMC-14024217', NULL, 423.67, 0.00, 0, 0, 0, NULL, 12257, '2025-01-14', NULL, NULL, 0, NULL, '[{\"ProductID\":\"416\",\"Product\":\"STERIFLUID RL1000ML | PS: 1.00 | Qty 21\",\"Name\":\"STERIFLUID RL1000ML | PS: 1.00 | Qty 21\",\"UnitePrice\":\"90.00\",\"Quantity\":\"1\",\"Total\":\"90\",\"AvailableQuantity\":\"21\",\"taxAmount\":\"0.00\",\"taxPercentage\":null,\"currentAvailableQuantity\":\"21\",\"dose_type\":\"-\"},{\"ProductID\":\"157\",\"Product\":\"Cannula IV introcan 20 g | PS: 50.00 | Qty 47\",\"Name\":\"Cannula IV introcan 20 g | PS: 50.00 | Qty 47\",\"UnitePrice\":\"82.00\",\"Quantity\":\"1\",\"Total\":\"82\",\"AvailableQuantity\":\"47\",\"taxAmount\":\"0.00\",\"taxPercentage\":\"0.00\",\"currentAvailableQuantity\":\"47\",\"dose_type\":\"-\"},{\"ProductID\":\"302\",\"Product\":\"Celtis-1G inj | PS: 1.00 | Qty 10\",\"Name\":\"Celtis-1G inj | PS: 1.00 | Qty 10\",\"UnitePrice\":\"225.00\",\"Quantity\":\"1\",\"Total\":\"225\",\"AvailableQuantity\":\"10\",\"taxAmount\":\"0.00\",\"taxPercentage\":null,\"currentAvailableQuantity\":\"10\",\"dose_type\":\"-\"},{\"ProductID\":\"272\",\"Product\":\"Neo Medical Tape (Surgical Tape) | PS: 12.00 | Qty 106\",\"Name\":\"Neo Medical Tape (Surgical Tape) | PS: 12.00 | Qty 106\",\"UnitePrice\":\"26.67\",\"Quantity\":\"1\",\"Total\":\"26.67\",\"AvailableQuantity\":\"106\",\"taxAmount\":\"0.00\",\"taxPercentage\":null,\"currentAvailableQuantity\":\"106\",\"dose_type\":\"-\"}]', 1, 'Ward'),
(86, 1, 15, 15, '86', '2025-01-14 00:00:00', 'Haram Shehzadi - AMC-12043351', NULL, 141.07, 0.00, 0, 0, 0, NULL, 12257, '2025-01-14', NULL, NULL, 0, NULL, '[{\"ProductID\":\"469\",\"Product\":\"VENTPRO 500MCG\\/2ML | PS: 6.00 | Qty 23\",\"Name\":\"VENTPRO 500MCG\\/2ML | PS: 6.00 | Qty 23\",\"UnitePrice\":\"46.47\",\"Quantity\":\"1\",\"Total\":\"46.47\",\"AvailableQuantity\":\"23\",\"taxAmount\":\"0.00\",\"taxPercentage\":null,\"currentAvailableQuantity\":\"23\",\"dose_type\":\"-\"},{\"ProductID\":\"493\",\"Product\":\"clenil neubilization | PS: 10.00 | Qty 20\",\"Name\":\"clenil neubilization | PS: 10.00 | Qty 20\",\"UnitePrice\":\"94.60\",\"Quantity\":\"1\",\"Total\":\"94.6\",\"AvailableQuantity\":\"20\",\"taxAmount\":\"0.00\",\"taxPercentage\":null,\"currentAvailableQuantity\":\"20\",\"dose_type\":\"-\"}]', 1, 'Ward'),
(87, 1, 17, 17, '87', '2025-01-14 00:00:00', 'iram nazir - AMC-14022712', NULL, 1852.54, 0.00, 0, 0, 0, NULL, 12257, '2025-01-14', NULL, NULL, 0, NULL, '[{\"ProductID\":\"3\",\"Product\":\"INJ PROFOL | PS: 1.00 | Qty 17\",\"Name\":\"INJ PROFOL | PS: 1.00 | Qty 17\",\"UnitePrice\":\"280.00\",\"Quantity\":\"1\",\"Total\":\"280\",\"AvailableQuantity\":\"17\",\"taxAmount\":\"0.00\",\"taxPercentage\":\"0.00\",\"currentAvailableQuantity\":\"17\",\"dose_type\":null},{\"ProductID\":\"405\",\"Product\":\"Suxathon 100mg inj | PS: 10.00 | Qty 27\",\"Name\":\"Suxathon 100mg inj | PS: 10.00 | Qty 27\",\"UnitePrice\":\"40.00\",\"Quantity\":\"1\",\"Total\":\"40\",\"AvailableQuantity\":\"27\",\"taxAmount\":\"0.00\",\"taxPercentage\":null,\"currentAvailableQuantity\":\"27\",\"dose_type\":null},{\"ProductID\":\"2\",\"Product\":\"Efacurim 50mg\\/mlInj(Atracurium | PS: 5.00 | Qty 16\",\"Name\":\"Efacurim 50mg\\/mlInj(Atracurium | PS: 5.00 | Qty 16\",\"UnitePrice\":\"200.00\",\"Quantity\":\"1\",\"Total\":\"200\",\"AvailableQuantity\":\"16\",\"taxAmount\":\"0.00\",\"taxPercentage\":\"0.00\",\"currentAvailableQuantity\":\"16\",\"dose_type\":null},{\"ProductID\":\"409\",\"Product\":\"Neosting-N Inj | PS: 10.00 | Qty 16\",\"Name\":\"Neosting-N Inj | PS: 10.00 | Qty 16\",\"UnitePrice\":\"35.00\",\"Quantity\":\"1\",\"Total\":\"35\",\"AvailableQuantity\":\"16\",\"taxAmount\":\"0.00\",\"taxPercentage\":null,\"currentAvailableQuantity\":\"16\",\"dose_type\":null},{\"ProductID\":\"5\",\"Product\":\"GLYCOL-P 0.2mg inj | PS: 10.00 | Qty 28\",\"Name\":\"GLYCOL-P 0.2mg inj | PS: 10.00 | Qty 28\",\"UnitePrice\":\"36.00\",\"Quantity\":\"1\",\"Total\":\"36\",\"AvailableQuantity\":\"28\",\"taxAmount\":\"0.00\",\"taxPercentage\":\"0.00\",\"currentAvailableQuantity\":\"28\",\"dose_type\":null},{\"ProductID\":\"307\",\"Product\":\"GVN 50mg inj | PS: 25.00 | Qty 221\",\"Name\":\"GVN 50mg inj | PS: 25.00 | Qty 221\",\"UnitePrice\":\"8.20\",\"Quantity\":\"1\",\"Total\":\"8.2\",\"AvailableQuantity\":\"221\",\"taxAmount\":\"0.00\",\"taxPercentage\":null,\"currentAvailableQuantity\":\"221\",\"dose_type\":null},{\"ProductID\":\"165\",\"Product\":\"NALFAY | PS: 5.00 | Qty 20\",\"Name\":\"NALFAY | PS: 5.00 | Qty 20\",\"UnitePrice\":\"44.00\",\"Quantity\":\"1\",\"Total\":\"44\",\"AvailableQuantity\":\"20\",\"taxAmount\":\"0.00\",\"taxPercentage\":\"0.00\",\"currentAvailableQuantity\":\"20\",\"dose_type\":null},{\"ProductID\":\"4\",\"Product\":\"INJ ATROPINE | PS: 100.00 | Qty 197\",\"Name\":\"INJ ATROPINE | PS: 100.00 | Qty 197\",\"UnitePrice\":\"4.50\",\"Quantity\":\"1\",\"Total\":\"4.5\",\"AvailableQuantity\":\"197\",\"taxAmount\":\"0.00\",\"taxPercentage\":\"0.00\",\"currentAvailableQuantity\":\"197\",\"dose_type\":null},{\"ProductID\":\"308\",\"Product\":\"DMX 4mg inj | PS: 25.00 | Qty 244\",\"Name\":\"DMX 4mg inj | PS: 25.00 | Qty 244\",\"UnitePrice\":\"7.60\",\"Quantity\":\"1\",\"Total\":\"7.6\",\"AvailableQuantity\":\"244\",\"taxAmount\":\"0.00\",\"taxPercentage\":null,\"currentAvailableQuantity\":\"244\",\"dose_type\":null},{\"ProductID\":\"306\",\"Product\":\"Novazol 500mg inf | PS: 1.00 | Qty 27\",\"Name\":\"Novazol 500mg inf | PS: 1.00 | Qty 27\",\"UnitePrice\":\"95.00\",\"Quantity\":\"1\",\"Total\":\"95\",\"AvailableQuantity\":\"27\",\"taxAmount\":\"0.00\",\"taxPercentage\":null,\"currentAvailableQuantity\":\"27\",\"dose_type\":null},{\"ProductID\":\"418\",\"Product\":\"STERIFLUID NS 1000ML | PS: 1.00 | Qty 3\",\"Name\":\"STERIFLUID NS 1000ML | PS: 1.00 | Qty 3\",\"UnitePrice\":\"90.00\",\"Quantity\":\"1\",\"Total\":\"90\",\"AvailableQuantity\":\"3\",\"taxAmount\":\"0.00\",\"taxPercentage\":null,\"currentAvailableQuantity\":\"3\",\"dose_type\":null},{\"ProductID\":\"15\",\"Product\":\"DRIP SET SMD | PS: 100.00 | Qty 83\",\"Name\":\"DRIP SET SMD | PS: 100.00 | Qty 83\",\"UnitePrice\":\"25.00\",\"Quantity\":\"1\",\"Total\":\"25\",\"AvailableQuantity\":\"83\",\"taxAmount\":\"0.00\",\"taxPercentage\":\"0.00\",\"currentAvailableQuantity\":\"83\",\"dose_type\":null},{\"ProductID\":\"270\",\"Product\":\"Pakband guaze | PS: 10.00 | Qty 136\",\"Name\":\"Pakband guaze | PS: 10.00 | Qty 136\",\"UnitePrice\":\"41.00\",\"Quantity\":\"2\",\"Total\":\"82\",\"AvailableQuantity\":\"136\",\"taxAmount\":\"0.00\",\"taxPercentage\":null,\"currentAvailableQuantity\":\"136\",\"dose_type\":null},{\"ProductID\":\"271\",\"Product\":\"Pakbannd Laps Sponges | PS: 10.00 | Qty 89\",\"Name\":\"Pakbannd Laps Sponges | PS: 10.00 | Qty 89\",\"UnitePrice\":\"69.00\",\"Quantity\":\"1\",\"Total\":\"69\",\"AvailableQuantity\":\"89\",\"taxAmount\":\"0.00\",\"taxPercentage\":null,\"currentAvailableQuantity\":\"89\",\"dose_type\":null},{\"ProductID\":\"93\",\"Product\":\"BLADE | PS: 20.00 | Qty 34\",\"Name\":\"BLADE | PS: 20.00 | Qty 34\",\"UnitePrice\":\"47.50\",\"Quantity\":\"1\",\"Total\":\"47.5\",\"AvailableQuantity\":\"34\",\"taxAmount\":\"0.00\",\"taxPercentage\":\"0.00\",\"currentAvailableQuantity\":\"34\",\"dose_type\":null},{\"ProductID\":\"92\",\"Product\":\"S.GLOVES 7.5 Next | PS: 1.00 | Qty 45\",\"Name\":\"S.GLOVES 7.5 Next | PS: 1.00 | Qty 45\",\"UnitePrice\":\"73.00\",\"Quantity\":\"3\",\"Total\":\"219\",\"AvailableQuantity\":\"45\",\"taxAmount\":\"0.00\",\"taxPercentage\":\"0.00\",\"currentAvailableQuantity\":\"45\",\"dose_type\":null},{\"ProductID\":\"158\",\"Product\":\"Cannula IV introcan 22 g | PS: 50.00 | Qty 45\",\"Name\":\"Cannula IV introcan 22 g | PS: 50.00 | Qty 45\",\"UnitePrice\":\"82.00\",\"Quantity\":\"1\",\"Total\":\"82\",\"AvailableQuantity\":\"45\",\"taxAmount\":\"0.00\",\"taxPercentage\":\"0.00\",\"currentAvailableQuantity\":\"45\",\"dose_type\":null},{\"ProductID\":\"272\",\"Product\":\"Neo Medical Tape (Surgical Tape) | PS: 12.00 | Qty 105\",\"Name\":\"Neo Medical Tape (Surgical Tape) | PS: 12.00 | Qty 105\",\"UnitePrice\":\"26.67\",\"Quantity\":\"2\",\"Total\":\"53.34\",\"AvailableQuantity\":\"105\",\"taxAmount\":\"0.00\",\"taxPercentage\":null,\"currentAvailableQuantity\":\"105\",\"dose_type\":null},{\"ProductID\":\"264\",\"Product\":\"ETT All Sizes | PS: 1.00 | Qty 65\",\"Name\":\"ETT All Sizes | PS: 1.00 | Qty 65\",\"UnitePrice\":\"122.00\",\"Quantity\":\"1\",\"Total\":\"122\",\"AvailableQuantity\":\"65\",\"taxAmount\":\"0.00\",\"taxPercentage\":\"0.00\",\"currentAvailableQuantity\":\"65\",\"dose_type\":null},{\"ProductID\":\"14\",\"Product\":\"CARTILIED QHC | PS: 1.00 | Qty 18\",\"Name\":\"CARTILIED QHC | PS: 1.00 | Qty 18\",\"UnitePrice\":\"175.00\",\"Quantity\":\"1\",\"Total\":\"175\",\"AvailableQuantity\":\"18\",\"taxAmount\":\"0.00\",\"taxPercentage\":\"0.00\",\"currentAvailableQuantity\":\"18\",\"dose_type\":null},{\"ProductID\":\"326\",\"Product\":\"10cc zindagi Siring | PS: 100.00 | Qty 462\",\"Name\":\"10cc zindagi Siring | PS: 100.00 | Qty 462\",\"UnitePrice\":\"9.00\",\"Quantity\":\"2\",\"Total\":\"18\",\"AvailableQuantity\":\"462\",\"taxAmount\":\"0.00\",\"taxPercentage\":null,\"currentAvailableQuantity\":\"462\",\"dose_type\":null},{\"ProductID\":\"331\",\"Product\":\"5cc clinic Syring | PS: 100.00 | Qty 796\",\"Name\":\"5cc clinic Syring | PS: 100.00 | Qty 796\",\"UnitePrice\":\"5.70\",\"Quantity\":\"2\",\"Total\":\"11.4\",\"AvailableQuantity\":\"796\",\"taxAmount\":\"0.00\",\"taxPercentage\":null,\"currentAvailableQuantity\":\"796\",\"dose_type\":null},{\"ProductID\":\"328\",\"Product\":\"20cc zindagi Siring | PS: 100.00 | Qty 97\",\"Name\":\"20cc zindagi Siring | PS: 100.00 | Qty 97\",\"UnitePrice\":\"22.00\",\"Quantity\":\"1\",\"Total\":\"22\",\"AvailableQuantity\":\"97\",\"taxAmount\":\"0.00\",\"taxPercentage\":null,\"currentAvailableQuantity\":\"97\",\"dose_type\":null},{\"ProductID\":\"257\",\"Product\":\"XYLOCAN GEL | PS: 1.00 | Qty 24\",\"Name\":\"XYLOCAN GEL | PS: 1.00 | Qty 24\",\"UnitePrice\":\"43.00\",\"Quantity\":\"2\",\"Total\":\"86\",\"AvailableQuantity\":\"24\",\"taxAmount\":\"0.00\",\"taxPercentage\":\"0.00\",\"currentAvailableQuantity\":\"24\",\"dose_type\":null}]', 1, 'OT'),
(88, 1, 14, 14, '88', '2025-01-14 00:00:00', 'Muhammad Bahadar - AMC-10040328', NULL, 347.53, 0.00, 0, 0, 0, NULL, 12257, '2025-01-14', NULL, NULL, 0, NULL, '[{\"ProductID\":\"422\",\"Product\":\"Sterifluid-5 100ML | PS: 1.00 | Qty 60\",\"Name\":\"Sterifluid-5 100ML | PS: 1.00 | Qty 60\",\"UnitePrice\":\"50.00\",\"Quantity\":\"1\",\"Total\":\"50\",\"AvailableQuantity\":\"60\",\"taxAmount\":\"0.00\",\"taxPercentage\":null,\"currentAvailableQuantity\":\"60\",\"dose_type\":\"-\"},{\"ProductID\":\"15\",\"Product\":\"DRIP SET SMD | PS: 100.00 | Qty 82\",\"Name\":\"DRIP SET SMD | PS: 100.00 | Qty 82\",\"UnitePrice\":\"25.00\",\"Quantity\":\"1\",\"Total\":\"25\",\"AvailableQuantity\":\"82\",\"taxAmount\":\"0.00\",\"taxPercentage\":\"0.00\",\"currentAvailableQuantity\":\"82\",\"dose_type\":\"-\"},{\"ProductID\":\"326\",\"Product\":\"10cc zindagi Siring | PS: 100.00 | Qty 460\",\"Name\":\"10cc zindagi Siring | PS: 100.00 | Qty 460\",\"UnitePrice\":\"9.00\",\"Quantity\":\"1\",\"Total\":\"9\",\"AvailableQuantity\":\"460\",\"taxAmount\":\"0.00\",\"taxPercentage\":null,\"currentAvailableQuantity\":\"460\",\"dose_type\":\"-\"},{\"ProductID\":\"330\",\"Product\":\"1cc Insulin Silver Sirange | PS: 100.00 | Qty 96\",\"Name\":\"1cc Insulin Silver Sirange | PS: 100.00 | Qty 96\",\"UnitePrice\":\"17.00\",\"Quantity\":\"1\",\"Total\":\"17\",\"AvailableQuantity\":\"96\",\"taxAmount\":\"0.00\",\"taxPercentage\":null,\"currentAvailableQuantity\":\"96\",\"dose_type\":\"-\"},{\"ProductID\":\"28\",\"Product\":\"CALAMOX 1.2Gm Inj | PS: 1.00 | Qty 14\",\"Name\":\"CALAMOX 1.2Gm Inj | PS: 1.00 | Qty 14\",\"UnitePrice\":\"246.53\",\"Quantity\":\"1\",\"Total\":\"246.53\",\"AvailableQuantity\":\"14\",\"taxAmount\":\"0.00\",\"taxPercentage\":\"0.00\",\"currentAvailableQuantity\":\"14\",\"dose_type\":\"-\"}]', 1, 'Ward'),
(89, 1, 15, 15, '89', '2025-01-14 00:00:00', 'Haram Shehzadi - AMC-12043351', NULL, 85.00, 0.00, 0, 0, 0, NULL, 12257, '2025-01-14', NULL, NULL, 0, NULL, '[{\"ProductID\":\"299\",\"Product\":\"Rotacort 100mg inj | PS: 1.00 | Qty 11\",\"Name\":\"Rotacort 100mg inj | PS: 1.00 | Qty 11\",\"UnitePrice\":\"85.00\",\"Quantity\":\"1\",\"Total\":\"85\",\"AvailableQuantity\":\"11\",\"taxAmount\":\"0.00\",\"taxPercentage\":null,\"currentAvailableQuantity\":\"11\",\"dose_type\":\"-\"}]', 1, 'Ward'),
(90, 1, 15, 15, '90', '2025-01-14 00:00:00', 'Haram Shehzadi - AMC-12043351', NULL, 110.00, 0.00, 0, 0, 0, NULL, 12257, '2025-01-14', NULL, NULL, 0, NULL, '[{\"ProductID\":\"304\",\"Product\":\"Apoclox 250mg inj | PS: 1.00 | Qty 8\",\"Name\":\"Apoclox 250mg inj | PS: 1.00 | Qty 8\",\"UnitePrice\":\"55.00\",\"Quantity\":\"2\",\"Total\":\"110\",\"AvailableQuantity\":\"8\",\"taxAmount\":\"0.00\",\"taxPercentage\":null,\"currentAvailableQuantity\":\"8\",\"dose_type\":\"-\"}]', 1, 'Ward'),
(91, 1, 14, 14, '91', '2025-01-14 00:00:00', 'Muhammad Bahadar - AMC-10040328', NULL, 17.00, 0.00, 0, 0, 0, NULL, 12257, '2025-01-14', NULL, NULL, 0, NULL, '[{\"ProductID\":\"330\",\"Product\":\"1cc Insulin Silver Sirange | PS: 100.00 | Qty 95\",\"Name\":\"1cc Insulin Silver Sirange | PS: 100.00 | Qty 95\",\"UnitePrice\":\"17.00\",\"Quantity\":\"1\",\"Total\":\"17\",\"AvailableQuantity\":\"95\",\"taxAmount\":\"0.00\",\"taxPercentage\":null,\"currentAvailableQuantity\":\"95\",\"dose_type\":\"TDS\"}]', 1, 'Ward'),
(92, 1, 20, 20, '92', '2025-01-14 00:00:00', 'Aneela Bibi - AMC-14071826', NULL, 13.10, 0.00, 0, 0, 0, NULL, 12257, '2025-01-14', NULL, NULL, 0, NULL, '[{\"ProductID\":\"452\",\"Product\":\"ETIVIL INJ 2ML | PS: 100.00 | Qty 100\",\"Name\":\"ETIVIL INJ 2ML | PS: 100.00 | Qty 100\",\"UnitePrice\":\"5.50\",\"Quantity\":\"1\",\"Total\":\"5.5\",\"AvailableQuantity\":\"100\",\"taxAmount\":\"0.00\",\"taxPercentage\":null,\"currentAvailableQuantity\":\"100\",\"dose_type\":\"TDS\"},{\"ProductID\":\"308\",\"Product\":\"DMX 4mg inj | PS: 25.00 | Qty 243\",\"Name\":\"DMX 4mg inj | PS: 25.00 | Qty 243\",\"UnitePrice\":\"7.60\",\"Quantity\":\"1\",\"Total\":\"7.6\",\"AvailableQuantity\":\"243\",\"taxAmount\":\"0.00\",\"taxPercentage\":null,\"currentAvailableQuantity\":\"243\",\"dose_type\":\"-\"}]', 1, 'Ward');
INSERT INTO `sale` (`SaleID`, `SCID`, `patient_id`, `admission_id`, `InvoiceNo`, `Date`, `Description`, `TNo`, `TotalSale`, `received_amount`, `Discount`, `SalemanID`, `SalemanCommesion`, `CustomerMobile`, `CreatedBy`, `CreatedAt`, `ModifiedBy`, `ModifiedAt`, `SalemanCommesionStatus`, `sale_descriptions`, `bill_details`, `is_sehat_card`, `medicine_type`) VALUES
(93, 1, 16, 16, '93', '2025-01-14 00:00:00', 'UMMIA BIBI - AMC-14120625', NULL, 265.47, 0.00, 0, 0, 0, NULL, 12257, '2025-01-14', NULL, NULL, 0, NULL, '[{\"ProductID\":\"506\",\"Product\":\"STERILYTE-M 500ML | PS: 1.00 | Qty 19\",\"Name\":\"STERILYTE-M 500ML | PS: 1.00 | Qty 19\",\"UnitePrice\":\"100.00\",\"Quantity\":\"1\",\"Total\":\"100\",\"AvailableQuantity\":\"19\",\"taxAmount\":\"0.00\",\"taxPercentage\":null,\"currentAvailableQuantity\":\"19\",\"dose_type\":\"-\"},{\"ProductID\":\"15\",\"Product\":\"DRIP SET SMD | PS: 100.00 | Qty 81\",\"Name\":\"DRIP SET SMD | PS: 100.00 | Qty 81\",\"UnitePrice\":\"25.00\",\"Quantity\":\"1\",\"Total\":\"25\",\"AvailableQuantity\":\"81\",\"taxAmount\":\"0.00\",\"taxPercentage\":\"0.00\",\"currentAvailableQuantity\":\"81\",\"dose_type\":\"-\"},{\"ProductID\":\"299\",\"Product\":\"Rotacort 100mg inj | PS: 1.00 | Qty 10\",\"Name\":\"Rotacort 100mg inj | PS: 1.00 | Qty 10\",\"UnitePrice\":\"85.00\",\"Quantity\":\"1\",\"Total\":\"85\",\"AvailableQuantity\":\"10\",\"taxAmount\":\"0.00\",\"taxPercentage\":null,\"currentAvailableQuantity\":\"10\",\"dose_type\":\"-\"},{\"ProductID\":\"469\",\"Product\":\"VENTPRO 500MCG\\/2ML | PS: 6.00 | Qty 22\",\"Name\":\"VENTPRO 500MCG\\/2ML | PS: 6.00 | Qty 22\",\"UnitePrice\":\"46.47\",\"Quantity\":\"1\",\"Total\":\"46.47\",\"AvailableQuantity\":\"22\",\"taxAmount\":\"0.00\",\"taxPercentage\":null,\"currentAvailableQuantity\":\"22\",\"dose_type\":\"-\"},{\"ProductID\":\"326\",\"Product\":\"10cc zindagi Siring | PS: 100.00 | Qty 459\",\"Name\":\"10cc zindagi Siring | PS: 100.00 | Qty 459\",\"UnitePrice\":\"9.00\",\"Quantity\":\"1\",\"Total\":\"9\",\"AvailableQuantity\":\"459\",\"taxAmount\":\"0.00\",\"taxPercentage\":null,\"currentAvailableQuantity\":\"459\",\"dose_type\":\"-\"}]', 1, 'Ward'),
(94, 1, 20, 20, '94', '2025-01-14 00:00:00', 'Aneela Bibi - AMC-14071826', NULL, 1137.17, 0.00, 0, 0, 0, NULL, 12257, '2025-01-14', NULL, NULL, 0, NULL, '[{\"ProductID\":\"274\",\"Product\":\"Oxytocin inj\",\"Name\":\"Oxytocin inj\",\"UnitePrice\":\"6.60\",\"Quantity\":\"8\",\"Total\":\"52.8\",\"AvailableQuantity\":\"240\",\"taxAmount\":\"0.00\",\"taxPercentage\":null,\"currentAvailableQuantity\":\"0\",\"dose_type\":null},{\"ProductID\":\"416\",\"Product\":\"STERIFLUID RL1000ML\",\"Name\":\"STERIFLUID RL1000ML\",\"UnitePrice\":\"90.00\",\"Quantity\":\"1\",\"Total\":\"90\",\"AvailableQuantity\":\"20\",\"taxAmount\":\"0.00\",\"taxPercentage\":null,\"currentAvailableQuantity\":\"0\",\"dose_type\":null},{\"ProductID\":\"157\",\"Product\":\"Cannula IV introcan 20 g\",\"Name\":\"Cannula IV introcan 20 g\",\"UnitePrice\":\"82.00\",\"Quantity\":\"1\",\"Total\":\"82\",\"AvailableQuantity\":\"46\",\"taxAmount\":\"0.00\",\"taxPercentage\":null,\"currentAvailableQuantity\":\"0\",\"dose_type\":null},{\"ProductID\":\"272\",\"Product\":\"Neo Medical Tape (Surgical Tape)\",\"Name\":\"Neo Medical Tape (Surgical Tape)\",\"UnitePrice\":\"26.67\",\"Quantity\":\"1\",\"Total\":\"26.67\",\"AvailableQuantity\":\"103\",\"taxAmount\":\"0.00\",\"taxPercentage\":null,\"currentAvailableQuantity\":\"0\",\"dose_type\":null},{\"ProductID\":\"433\",\"Product\":\"Cord Clamp\",\"Name\":\"Cord Clamp\",\"UnitePrice\":\"18.00\",\"Quantity\":\"1\",\"Total\":\"18\",\"AvailableQuantity\":\"59\",\"taxAmount\":\"0.00\",\"taxPercentage\":null,\"currentAvailableQuantity\":\"0\",\"dose_type\":null},{\"ProductID\":\"436\",\"Product\":\"Liquid parraffin\",\"Name\":\"Liquid parraffin\",\"UnitePrice\":\"38.00\",\"Quantity\":\"1\",\"Total\":\"38\",\"AvailableQuantity\":\"11\",\"taxAmount\":\"0.00\",\"taxPercentage\":null,\"currentAvailableQuantity\":\"0\",\"dose_type\":null},{\"ProductID\":\"273\",\"Product\":\"Dignity Sheet\",\"Name\":\"Dignity Sheet\",\"UnitePrice\":\"41.00\",\"Quantity\":\"1\",\"Total\":\"41\",\"AvailableQuantity\":\"98\",\"taxAmount\":\"0.00\",\"taxPercentage\":null,\"currentAvailableQuantity\":\"0\",\"dose_type\":null},{\"ProductID\":\"279\",\"Product\":\"Hush Pads\",\"Name\":\"Hush Pads\",\"UnitePrice\":\"16.33\",\"Quantity\":\"15\",\"Total\":\"244.95\",\"AvailableQuantity\":\"210\",\"taxAmount\":\"0.00\",\"taxPercentage\":null,\"currentAvailableQuantity\":\"0\",\"dose_type\":null},{\"ProductID\":\"448\",\"Product\":\"MISO 200MCG TAB\",\"Name\":\"MISO 200MCG TAB\",\"UnitePrice\":\"1.40\",\"Quantity\":\"5\",\"Total\":\"7\",\"AvailableQuantity\":\"195\",\"taxAmount\":\"0.00\",\"taxPercentage\":null,\"currentAvailableQuantity\":\"0\",\"dose_type\":null},{\"ProductID\":\"334\",\"Product\":\"Zindagi IV set Blister\",\"Name\":\"Zindagi IV set Blister\",\"UnitePrice\":\"22.00\",\"Quantity\":\"1\",\"Total\":\"22\",\"AvailableQuantity\":\"295\",\"taxAmount\":\"0.00\",\"taxPercentage\":null,\"currentAvailableQuantity\":\"0\",\"dose_type\":null},{\"ProductID\":\"326\",\"Product\":\"10cc zindagi Siring\",\"Name\":\"10cc zindagi Siring\",\"UnitePrice\":\"9.00\",\"Quantity\":\"2\",\"Total\":\"18\",\"AvailableQuantity\":\"458\",\"taxAmount\":\"0.00\",\"taxPercentage\":null,\"currentAvailableQuantity\":\"0\",\"dose_type\":null},{\"ProductID\":\"421\",\"Product\":\"KLEEN ENEEMA\",\"Name\":\"KLEEN ENEEMA\",\"UnitePrice\":\"148.75\",\"Quantity\":\"1\",\"Total\":\"148.75\",\"AvailableQuantity\":\"10\",\"taxAmount\":\"0.00\",\"taxPercentage\":null,\"currentAvailableQuantity\":\"0\",\"dose_type\":null},{\"ProductID\":\"112\",\"Product\":\"VICRYL 1\",\"Name\":\"VICRYL 1\",\"UnitePrice\":\"275.00\",\"Quantity\":\"1\",\"Total\":\"275\",\"AvailableQuantity\":\"33\",\"taxAmount\":\"0.00\",\"taxPercentage\":null,\"currentAvailableQuantity\":\"0\",\"dose_type\":null},{\"ProductID\":\"92\",\"Product\":\"S.GLOVES 7.5 Next\",\"Name\":\"S.GLOVES 7.5 Next\",\"UnitePrice\":\"73.00\",\"Quantity\":\"1\",\"Total\":\"73\",\"AvailableQuantity\":\"42\",\"taxAmount\":\"0.00\",\"taxPercentage\":null,\"currentAvailableQuantity\":\"0\",\"dose_type\":null}]', 1, 'OT'),
(95, 1, 16, 16, '95', '2025-01-14 00:00:00', 'UMMIA BIBI - AMC-14120625', NULL, 170.47, 0.00, 0, 0, 0, NULL, 12257, '2025-01-14', NULL, NULL, 0, NULL, '[{\"ProductID\":\"444\",\"Product\":\"Steri cetamol | PS: 1.00 | Qty 1\",\"Name\":\"Steri cetamol | PS: 1.00 | Qty 1\",\"UnitePrice\":\"90.00\",\"Quantity\":\"1\",\"Total\":\"90\",\"AvailableQuantity\":\"1\",\"taxAmount\":\"0.00\",\"taxPercentage\":null,\"currentAvailableQuantity\":\"1\",\"dose_type\":\"-\"},{\"ProductID\":\"15\",\"Product\":\"DRIP SET SMD | PS: 100.00 | Qty 80\",\"Name\":\"DRIP SET SMD | PS: 100.00 | Qty 80\",\"UnitePrice\":\"25.00\",\"Quantity\":\"1\",\"Total\":\"25\",\"AvailableQuantity\":\"80\",\"taxAmount\":\"0.00\",\"taxPercentage\":\"0.00\",\"currentAvailableQuantity\":\"80\",\"dose_type\":\"-\"},{\"ProductID\":\"469\",\"Product\":\"VENTPRO 500MCG\\/2ML | PS: 6.00 | Qty 21\",\"Name\":\"VENTPRO 500MCG\\/2ML | PS: 6.00 | Qty 21\",\"UnitePrice\":\"46.47\",\"Quantity\":\"1\",\"Total\":\"46.47\",\"AvailableQuantity\":\"21\",\"taxAmount\":\"0.00\",\"taxPercentage\":null,\"currentAvailableQuantity\":\"21\",\"dose_type\":\"-\"},{\"ProductID\":\"326\",\"Product\":\"10cc zindagi Siring | PS: 100.00 | Qty 456\",\"Name\":\"10cc zindagi Siring | PS: 100.00 | Qty 456\",\"UnitePrice\":\"9.00\",\"Quantity\":\"1\",\"Total\":\"9\",\"AvailableQuantity\":\"456\",\"taxAmount\":\"0.00\",\"taxPercentage\":null,\"currentAvailableQuantity\":\"456\",\"dose_type\":\"-\"}]', 1, 'Ward'),
(96, 1, 15, 15, '96', '2025-01-14 00:00:00', 'Haram Shehzadi - AMC-12043351', NULL, 110.00, 0.00, 0, 0, 0, NULL, 12257, '2025-01-14', NULL, NULL, 0, NULL, '[{\"ProductID\":\"304\",\"Product\":\"Apoclox 250mg inj | PS: 1.00 | Qty 6\",\"Name\":\"Apoclox 250mg inj | PS: 1.00 | Qty 6\",\"UnitePrice\":\"55.00\",\"Quantity\":\"2\",\"Total\":\"110\",\"AvailableQuantity\":\"6\",\"taxAmount\":\"0.00\",\"taxPercentage\":null,\"currentAvailableQuantity\":\"6\",\"dose_type\":\"TDS\"}]', 1, 'Ward'),
(97, 1, 16, 16, '97', '2025-01-15 00:00:00', 'UMMIA BIBI - AMC-14120625', NULL, 1220.87, 0.00, 0, 0, 0, NULL, 12257, '2025-01-15', NULL, NULL, 0, NULL, '[{\"ProductID\":\"506\",\"Product\":\"STERILYTE-M 500ML | PS: 1.00 | Qty 18\",\"Name\":\"STERILYTE-M 500ML | PS: 1.00 | Qty 18\",\"UnitePrice\":\"100.00\",\"Quantity\":\"2\",\"Total\":\"200\",\"AvailableQuantity\":\"18\",\"taxAmount\":\"0.00\",\"taxPercentage\":null,\"currentAvailableQuantity\":\"18\",\"dose_type\":\"-\"},{\"ProductID\":\"15\",\"Product\":\"DRIP SET SMD | PS: 100.00 | Qty 79\",\"Name\":\"DRIP SET SMD | PS: 100.00 | Qty 79\",\"UnitePrice\":\"25.00\",\"Quantity\":\"2\",\"Total\":\"50\",\"AvailableQuantity\":\"79\",\"taxAmount\":\"0.00\",\"taxPercentage\":\"0.00\",\"currentAvailableQuantity\":\"79\",\"dose_type\":\"-\"},{\"ProductID\":\"311\",\"Product\":\"ODS 8mg inj | PS: 5.00 | Qty 20\",\"Name\":\"ODS 8mg inj | PS: 5.00 | Qty 20\",\"UnitePrice\":\"70.00\",\"Quantity\":\"1\",\"Total\":\"70\",\"AvailableQuantity\":\"20\",\"taxAmount\":\"0.00\",\"taxPercentage\":null,\"currentAvailableQuantity\":\"20\",\"dose_type\":\"-\"},{\"ProductID\":\"469\",\"Product\":\"VENTPRO 500MCG\\/2ML | PS: 6.00 | Qty 20\",\"Name\":\"VENTPRO 500MCG\\/2ML | PS: 6.00 | Qty 20\",\"UnitePrice\":\"46.47\",\"Quantity\":\"1\",\"Total\":\"46.47\",\"AvailableQuantity\":\"20\",\"taxAmount\":\"0.00\",\"taxPercentage\":null,\"currentAvailableQuantity\":\"20\",\"dose_type\":\"-\"},{\"ProductID\":\"326\",\"Product\":\"10cc zindagi Siring | PS: 100.00 | Qty 455\",\"Name\":\"10cc zindagi Siring | PS: 100.00 | Qty 455\",\"UnitePrice\":\"9.00\",\"Quantity\":\"1\",\"Total\":\"9\",\"AvailableQuantity\":\"455\",\"taxAmount\":\"0.00\",\"taxPercentage\":null,\"currentAvailableQuantity\":\"455\",\"dose_type\":\"-\"},{\"ProductID\":\"467\",\"Product\":\"SERGIFEX 1G INJ | PS: 1.00 | Qty 9\",\"Name\":\"SERGIFEX 1G INJ | PS: 1.00 | Qty 9\",\"UnitePrice\":\"338.30\",\"Quantity\":\"1\",\"Total\":\"338.3\",\"AvailableQuantity\":\"9\",\"taxAmount\":\"0.00\",\"taxPercentage\":null,\"currentAvailableQuantity\":\"9\",\"dose_type\":\"-\"},{\"ProductID\":\"466\",\"Product\":\"SERGIFEX 500MG INJ | PS: 1.00 | Qty 9\",\"Name\":\"SERGIFEX 500MG INJ | PS: 1.00 | Qty 9\",\"UnitePrice\":\"212.50\",\"Quantity\":\"1\",\"Total\":\"212.5\",\"AvailableQuantity\":\"9\",\"taxAmount\":\"0.00\",\"taxPercentage\":null,\"currentAvailableQuantity\":\"9\",\"dose_type\":\"-\"},{\"ProductID\":\"493\",\"Product\":\"clenil neubilization | PS: 10.00 | Qty 19\",\"Name\":\"clenil neubilization | PS: 10.00 | Qty 19\",\"UnitePrice\":\"94.60\",\"Quantity\":\"1\",\"Total\":\"94.6\",\"AvailableQuantity\":\"19\",\"taxAmount\":\"0.00\",\"taxPercentage\":null,\"currentAvailableQuantity\":\"19\",\"dose_type\":\"-\"},{\"ProductID\":\"299\",\"Product\":\"Rotacort 100mg inj | PS: 1.00 | Qty 9\",\"Name\":\"Rotacort 100mg inj | PS: 1.00 | Qty 9\",\"UnitePrice\":\"85.00\",\"Quantity\":\"1\",\"Total\":\"85\",\"AvailableQuantity\":\"9\",\"taxAmount\":\"0.00\",\"taxPercentage\":null,\"currentAvailableQuantity\":\"9\",\"dose_type\":\"-\"},{\"ProductID\":\"312\",\"Product\":\"Novetamol 1g inf | PS: 1.00 | Qty 28\",\"Name\":\"Novetamol 1g inf | PS: 1.00 | Qty 28\",\"UnitePrice\":\"115.00\",\"Quantity\":\"1\",\"Total\":\"115\",\"AvailableQuantity\":\"28\",\"taxAmount\":\"0.00\",\"taxPercentage\":null,\"currentAvailableQuantity\":\"28\",\"dose_type\":\"-\"}]', 1, 'Ward'),
(98, 1, 14, 14, '98', '2025-01-15 00:00:00', 'Muhammad Bahadar - AMC-10040328', NULL, 347.53, 0.00, 0, 0, 0, NULL, 12257, '2025-01-15', NULL, NULL, 0, NULL, '[{\"ProductID\":\"28\",\"Product\":\"CALAMOX 1.2Gm Inj | PS: 1.00 | Qty 13\",\"Name\":\"CALAMOX 1.2Gm Inj | PS: 1.00 | Qty 13\",\"UnitePrice\":\"246.53\",\"Quantity\":\"1\",\"Total\":\"246.53\",\"AvailableQuantity\":\"13\",\"taxAmount\":\"0.00\",\"taxPercentage\":\"0.00\",\"currentAvailableQuantity\":\"13\",\"dose_type\":\"-\"},{\"ProductID\":\"326\",\"Product\":\"10cc zindagi Siring | PS: 100.00 | Qty 454\",\"Name\":\"10cc zindagi Siring | PS: 100.00 | Qty 454\",\"UnitePrice\":\"9.00\",\"Quantity\":\"1\",\"Total\":\"9\",\"AvailableQuantity\":\"454\",\"taxAmount\":\"0.00\",\"taxPercentage\":null,\"currentAvailableQuantity\":\"454\",\"dose_type\":\"-\"},{\"ProductID\":\"330\",\"Product\":\"1cc Insulin Silver Sirange | PS: 100.00 | Qty 94\",\"Name\":\"1cc Insulin Silver Sirange | PS: 100.00 | Qty 94\",\"UnitePrice\":\"17.00\",\"Quantity\":\"1\",\"Total\":\"17\",\"AvailableQuantity\":\"94\",\"taxAmount\":\"0.00\",\"taxPercentage\":null,\"currentAvailableQuantity\":\"94\",\"dose_type\":\"-\"},{\"ProductID\":\"422\",\"Product\":\"Sterifluid-5 100ML | PS: 1.00 | Qty 59\",\"Name\":\"Sterifluid-5 100ML | PS: 1.00 | Qty 59\",\"UnitePrice\":\"50.00\",\"Quantity\":\"1\",\"Total\":\"50\",\"AvailableQuantity\":\"59\",\"taxAmount\":\"0.00\",\"taxPercentage\":null,\"currentAvailableQuantity\":\"59\",\"dose_type\":\"-\"},{\"ProductID\":\"15\",\"Product\":\"DRIP SET SMD | PS: 100.00 | Qty 77\",\"Name\":\"DRIP SET SMD | PS: 100.00 | Qty 77\",\"UnitePrice\":\"25.00\",\"Quantity\":\"1\",\"Total\":\"25\",\"AvailableQuantity\":\"77\",\"taxAmount\":\"0.00\",\"taxPercentage\":\"0.00\",\"currentAvailableQuantity\":\"77\",\"dose_type\":\"-\"}]', 1, 'Ward'),
(99, 1, 20, 20, '99', '2025-01-15 00:00:00', 'Aneela Bibi - AMC-14071826', NULL, 96.72, 0.00, 0, 0, 0, NULL, 12257, '2025-01-15', NULL, NULL, 0, NULL, '[{\"ProductID\":\"468\",\"Product\":\"TORAJECT 30MG\\/ML INJ | PS: 5.00 | Qty 49\",\"Name\":\"TORAJECT 30MG\\/ML INJ | PS: 5.00 | Qty 49\",\"UnitePrice\":\"80.22\",\"Quantity\":\"1\",\"Total\":\"80.22\",\"AvailableQuantity\":\"49\",\"taxAmount\":\"0.00\",\"taxPercentage\":null,\"currentAvailableQuantity\":\"49\",\"dose_type\":\"-\"},{\"ProductID\":\"326\",\"Product\":\"10cc zindagi Siring | PS: 100.00 | Qty 453\",\"Name\":\"10cc zindagi Siring | PS: 100.00 | Qty 453\",\"UnitePrice\":\"9.00\",\"Quantity\":\"1\",\"Total\":\"9\",\"AvailableQuantity\":\"453\",\"taxAmount\":\"0.00\",\"taxPercentage\":null,\"currentAvailableQuantity\":\"453\",\"dose_type\":\"-\"},{\"ProductID\":\"454\",\"Product\":\"WATER FOR INJ | PS: 100.00 | Qty 100\",\"Name\":\"WATER FOR INJ | PS: 100.00 | Qty 100\",\"UnitePrice\":\"7.50\",\"Quantity\":\"1\",\"Total\":\"7.5\",\"AvailableQuantity\":\"100\",\"taxAmount\":\"0.00\",\"taxPercentage\":null,\"currentAvailableQuantity\":\"100\",\"dose_type\":\"-\"}]', 1, 'Ward'),
(100, 1, 15, 15, '100', '2025-01-15 00:00:00', 'Haram Shehzadi - AMC-12043351', NULL, 314.00, 0.00, 0, 0, 0, NULL, 12257, '2025-01-15', NULL, NULL, 0, NULL, '[{\"ProductID\":\"304\",\"Product\":\"Apoclox 250mg inj | PS: 1.00 | Qty 4\",\"Name\":\"Apoclox 250mg inj | PS: 1.00 | Qty 4\",\"UnitePrice\":\"55.00\",\"Quantity\":\"2\",\"Total\":\"110\",\"AvailableQuantity\":\"4\",\"taxAmount\":\"0.00\",\"taxPercentage\":null,\"currentAvailableQuantity\":\"4\",\"dose_type\":\"-\"},{\"ProductID\":\"299\",\"Product\":\"Rotacort 100mg inj | PS: 1.00 | Qty 8\",\"Name\":\"Rotacort 100mg inj | PS: 1.00 | Qty 8\",\"UnitePrice\":\"85.00\",\"Quantity\":\"1\",\"Total\":\"85\",\"AvailableQuantity\":\"8\",\"taxAmount\":\"0.00\",\"taxPercentage\":null,\"currentAvailableQuantity\":\"8\",\"dose_type\":\"-\"},{\"ProductID\":\"326\",\"Product\":\"10cc zindagi Siring | PS: 100.00 | Qty 452\",\"Name\":\"10cc zindagi Siring | PS: 100.00 | Qty 452\",\"UnitePrice\":\"9.00\",\"Quantity\":\"1\",\"Total\":\"9\",\"AvailableQuantity\":\"452\",\"taxAmount\":\"0.00\",\"taxPercentage\":null,\"currentAvailableQuantity\":\"452\",\"dose_type\":\"-\"},{\"ProductID\":\"317\",\"Product\":\"Cliver-500mg inj | PS: 1.00 | Qty 12\",\"Name\":\"Cliver-500mg inj | PS: 1.00 | Qty 12\",\"UnitePrice\":\"110.00\",\"Quantity\":\"1\",\"Total\":\"110\",\"AvailableQuantity\":\"12\",\"taxAmount\":\"0.00\",\"taxPercentage\":null,\"currentAvailableQuantity\":\"12\",\"dose_type\":\"-\"}]', 1, 'Ward'),
(101, 1, 17, 17, '101', '2025-01-15 00:00:00', 'iram nazir - AMC-14022712', NULL, 237.42, 0.00, 0, 0, 0, NULL, 12257, '2025-01-15', NULL, NULL, 0, NULL, '[{\"ProductID\":\"312\",\"Product\":\"Novetamol 1g inf | PS: 1.00 | Qty 27\",\"Name\":\"Novetamol 1g inf | PS: 1.00 | Qty 27\",\"UnitePrice\":\"115.00\",\"Quantity\":\"1\",\"Total\":\"115\",\"AvailableQuantity\":\"27\",\"taxAmount\":\"0.00\",\"taxPercentage\":null,\"currentAvailableQuantity\":\"27\",\"dose_type\":\"-\"},{\"ProductID\":\"468\",\"Product\":\"TORAJECT 30MG\\/ML INJ | PS: 5.00 | Qty 48\",\"Name\":\"TORAJECT 30MG\\/ML INJ | PS: 5.00 | Qty 48\",\"UnitePrice\":\"80.22\",\"Quantity\":\"1\",\"Total\":\"80.22\",\"AvailableQuantity\":\"48\",\"taxAmount\":\"0.00\",\"taxPercentage\":null,\"currentAvailableQuantity\":\"48\",\"dose_type\":\"-\"},{\"ProductID\":\"307\",\"Product\":\"GVN 50mg inj | PS: 25.00 | Qty 220\",\"Name\":\"GVN 50mg inj | PS: 25.00 | Qty 220\",\"UnitePrice\":\"8.20\",\"Quantity\":\"1\",\"Total\":\"8.2\",\"AvailableQuantity\":\"220\",\"taxAmount\":\"0.00\",\"taxPercentage\":null,\"currentAvailableQuantity\":\"220\",\"dose_type\":\"-\"},{\"ProductID\":\"15\",\"Product\":\"DRIP SET SMD | PS: 100.00 | Qty 76\",\"Name\":\"DRIP SET SMD | PS: 100.00 | Qty 76\",\"UnitePrice\":\"25.00\",\"Quantity\":\"1\",\"Total\":\"25\",\"AvailableQuantity\":\"76\",\"taxAmount\":\"0.00\",\"taxPercentage\":\"0.00\",\"currentAvailableQuantity\":\"76\",\"dose_type\":\"-\"},{\"ProductID\":\"326\",\"Product\":\"10cc zindagi Siring | PS: 100.00 | Qty 451\",\"Name\":\"10cc zindagi Siring | PS: 100.00 | Qty 451\",\"UnitePrice\":\"9.00\",\"Quantity\":\"1\",\"Total\":\"9\",\"AvailableQuantity\":\"451\",\"taxAmount\":\"0.00\",\"taxPercentage\":null,\"currentAvailableQuantity\":\"451\",\"dose_type\":\"-\"}]', 1, 'Ward'),
(102, 1, 17, 17, '102', '2025-01-15 00:00:00', 'iram nazir - AMC-14022712', NULL, 82.00, 0.00, 0, 0, 0, NULL, 12257, '2025-01-15', NULL, NULL, 0, NULL, '[{\"ProductID\":\"158\",\"Product\":\"Cannula IV introcan 22 g | PS: 50.00 | Qty 44\",\"Name\":\"Cannula IV introcan 22 g | PS: 50.00 | Qty 44\",\"UnitePrice\":\"82.00\",\"Quantity\":\"1\",\"Total\":\"82\",\"AvailableQuantity\":\"44\",\"taxAmount\":\"0.00\",\"taxPercentage\":\"0.00\",\"currentAvailableQuantity\":\"44\",\"dose_type\":\"-\"}]', 1, 'Ward'),
(103, 1, 14, 14, '103', '2025-01-15 00:00:00', 'Muhammad Bahadar - AMC-10040328', NULL, 774.41, 0.00, 0, 0, 0, NULL, 12257, '2025-01-15', NULL, NULL, 0, NULL, '[{\"ProductID\":\"340\",\"Product\":\"Omsta 20mg | PS: 14.00 | Qty 294\",\"Name\":\"Omsta 20mg | PS: 14.00 | Qty 294\",\"UnitePrice\":\"13.64\",\"Quantity\":\"5\",\"Total\":\"68.2\",\"AvailableQuantity\":\"294\",\"taxAmount\":\"0.00\",\"taxPercentage\":null,\"currentAvailableQuantity\":\"294\",\"dose_type\":\"OD\"},{\"ProductID\":\"429\",\"Product\":\"Calamox 625mg Tab | PS: 6.00 | Qty 290\",\"Name\":\"Calamox 625mg Tab | PS: 6.00 | Qty 290\",\"UnitePrice\":\"31.98\",\"Quantity\":\"12\",\"Total\":\"383.76\",\"AvailableQuantity\":\"290\",\"taxAmount\":\"0.00\",\"taxPercentage\":null,\"currentAvailableQuantity\":\"290\",\"dose_type\":\"BD\"},{\"ProductID\":\"379\",\"Product\":\"Artifen 50mg Tab | PS: 100.00 | Qty 590\",\"Name\":\"Artifen 50mg Tab | PS: 100.00 | Qty 590\",\"UnitePrice\":\"6.55\",\"Quantity\":\"10\",\"Total\":\"65.5\",\"AvailableQuantity\":\"590\",\"taxAmount\":\"0.00\",\"taxPercentage\":null,\"currentAvailableQuantity\":\"590\",\"dose_type\":\"BD\"},{\"ProductID\":\"345\",\"Product\":\"Xenecor 10mg | PS: 10.00 | Qty 100\",\"Name\":\"Xenecor 10mg | PS: 10.00 | Qty 100\",\"UnitePrice\":\"28.56\",\"Quantity\":\"5\",\"Total\":\"142.79999999999998\",\"AvailableQuantity\":\"100\",\"taxAmount\":\"0.00\",\"taxPercentage\":null,\"currentAvailableQuantity\":\"100\",\"dose_type\":\"OD\"},{\"ProductID\":\"510\",\"Product\":\"Diampa-MXR 12.5\\/1000mg tab | PS: 14.00 | Qty 14\",\"Name\":\"Diampa-MXR 12.5\\/1000mg tab | PS: 14.00 | Qty 14\",\"UnitePrice\":\"22.83\",\"Quantity\":\"5\",\"Total\":\"114.14999999999999\",\"AvailableQuantity\":\"14\",\"taxAmount\":\"0.00\",\"taxPercentage\":null,\"currentAvailableQuantity\":\"14\",\"dose_type\":\"OD\"}]', 1, 'Home'),
(104, 1, 20, 20, '104', '2025-01-15 00:00:00', 'Aneela Bibi - AMC-14071826', NULL, 850.56, 0.00, 0, 0, 0, NULL, 12257, '2025-01-15', NULL, NULL, 0, NULL, '[{\"ProductID\":\"429\",\"Product\":\"Calamox 625mg Tab | PS: 6.00 | Qty 278\",\"Name\":\"Calamox 625mg Tab | PS: 6.00 | Qty 278\",\"UnitePrice\":\"31.98\",\"Quantity\":\"12\",\"Total\":\"383.76\",\"AvailableQuantity\":\"278\",\"taxAmount\":\"0.00\",\"taxPercentage\":null,\"currentAvailableQuantity\":\"278\",\"dose_type\":\"BD\"},{\"ProductID\":\"403\",\"Product\":\"Riam 400mg Tab | PS: 100.00 | Qty 35\",\"Name\":\"Riam 400mg Tab | PS: 100.00 | Qty 35\",\"UnitePrice\":\"3.12\",\"Quantity\":\"15\",\"Total\":\"46.800000000000004\",\"AvailableQuantity\":\"35\",\"taxAmount\":\"0.00\",\"taxPercentage\":null,\"currentAvailableQuantity\":\"35\",\"dose_type\":\"TDS\"},{\"ProductID\":\"377\",\"Product\":\"Airtal ER 200mg tab | PS: 10.00 | Qty 195\",\"Name\":\"Airtal ER 200mg tab | PS: 10.00 | Qty 195\",\"UnitePrice\":\"28.00\",\"Quantity\":\"15\",\"Total\":\"420\",\"AvailableQuantity\":\"195\",\"taxAmount\":\"0.00\",\"taxPercentage\":null,\"currentAvailableQuantity\":\"195\",\"dose_type\":\"TDS\"}]', 1, 'Home'),
(105, 1, 14, 14, '105', '2025-01-15 00:00:00', 'Muhammad Bahadar - AMC-10040328', NULL, 120.50, 0.00, 0, 0, 0, NULL, 12257, '2025-01-15', NULL, NULL, 0, NULL, '[{\"ProductID\":\"501\",\"Product\":\"crept 4 bandage | PS: 1.00 | Qty 11\",\"Name\":\"crept 4 bandage | PS: 1.00 | Qty 11\",\"UnitePrice\":\"70.00\",\"Quantity\":\"1\",\"Total\":\"70\",\"AvailableQuantity\":\"11\",\"taxAmount\":\"0.00\",\"taxPercentage\":null,\"currentAvailableQuantity\":\"11\",\"dose_type\":\"-\"},{\"ProductID\":\"288\",\"Product\":\"Examintion GLOVES Medium | PS: 100.00 | Qty 486\",\"Name\":\"Examintion GLOVES Medium | PS: 100.00 | Qty 486\",\"UnitePrice\":\"9.50\",\"Quantity\":\"1\",\"Total\":\"9.5\",\"AvailableQuantity\":\"486\",\"taxAmount\":\"0.00\",\"taxPercentage\":null,\"currentAvailableQuantity\":\"486\",\"dose_type\":\"-\"},{\"ProductID\":\"270\",\"Product\":\"Pakband guaze | PS: 10.00 | Qty 134\",\"Name\":\"Pakband guaze | PS: 10.00 | Qty 134\",\"UnitePrice\":\"41.00\",\"Quantity\":\"1\",\"Total\":\"41\",\"AvailableQuantity\":\"134\",\"taxAmount\":\"0.00\",\"taxPercentage\":null,\"currentAvailableQuantity\":\"134\",\"dose_type\":\"-\"}]', 1, 'Ward'),
(106, 1, 22, 22, '106', '2025-01-15 00:00:00', 'UMAR KHAN - AMC-15103828', NULL, 232.67, 0.00, 0, 0, 0, NULL, 12257, '2025-01-15', NULL, NULL, 0, NULL, '[{\"ProductID\":\"157\",\"Product\":\"Cannula IV introcan 20 g | PS: 50.00 | Qty 45\",\"Name\":\"Cannula IV introcan 20 g | PS: 50.00 | Qty 45\",\"UnitePrice\":\"82.00\",\"Quantity\":\"1\",\"Total\":\"82\",\"AvailableQuantity\":\"45\",\"taxAmount\":\"0.00\",\"taxPercentage\":\"0.00\",\"currentAvailableQuantity\":\"45\",\"dose_type\":\"-\"},{\"ProductID\":\"272\",\"Product\":\"Neo Medical Tape (Surgical Tape) | PS: 12.00 | Qty 102\",\"Name\":\"Neo Medical Tape (Surgical Tape) | PS: 12.00 | Qty 102\",\"UnitePrice\":\"26.67\",\"Quantity\":\"1\",\"Total\":\"26.67\",\"AvailableQuantity\":\"102\",\"taxAmount\":\"0.00\",\"taxPercentage\":null,\"currentAvailableQuantity\":\"102\",\"dose_type\":\"-\"},{\"ProductID\":\"15\",\"Product\":\"DRIP SET SMD | PS: 100.00 | Qty 75\",\"Name\":\"DRIP SET SMD | PS: 100.00 | Qty 75\",\"UnitePrice\":\"25.00\",\"Quantity\":\"1\",\"Total\":\"25\",\"AvailableQuantity\":\"75\",\"taxAmount\":\"0.00\",\"taxPercentage\":\"0.00\",\"currentAvailableQuantity\":\"75\",\"dose_type\":\"-\"},{\"ProductID\":\"326\",\"Product\":\"10cc zindagi Siring | PS: 100.00 | Qty 450\",\"Name\":\"10cc zindagi Siring | PS: 100.00 | Qty 450\",\"UnitePrice\":\"9.00\",\"Quantity\":\"1\",\"Total\":\"9\",\"AvailableQuantity\":\"450\",\"taxAmount\":\"0.00\",\"taxPercentage\":null,\"currentAvailableQuantity\":\"450\",\"dose_type\":\"-\"},{\"ProductID\":\"416\",\"Product\":\"STERIFLUID RL1000ML | PS: 1.00 | Qty 19\",\"Name\":\"STERIFLUID RL1000ML | PS: 1.00 | Qty 19\",\"UnitePrice\":\"90.00\",\"Quantity\":\"1\",\"Total\":\"90\",\"AvailableQuantity\":\"19\",\"taxAmount\":\"0.00\",\"taxPercentage\":null,\"currentAvailableQuantity\":\"19\",\"dose_type\":\"-\"}]', 1, 'Ward'),
(107, 1, 14, 14, '107', '2025-01-15 00:00:00', 'Muhammad Bahadar - AMC-10040328', NULL, 80.40, 0.00, 0, 0, 0, NULL, 12257, '2025-01-15', NULL, NULL, 0, NULL, '[{\"ProductID\":\"496\",\"Product\":\"accu-check instant | PS: 50.00 | Qty 50\",\"Name\":\"accu-check instant | PS: 50.00 | Qty 50\",\"UnitePrice\":\"38.00\",\"Quantity\":\"2\",\"Total\":\"76\",\"AvailableQuantity\":\"50\",\"taxAmount\":\"0.00\",\"taxPercentage\":null,\"currentAvailableQuantity\":\"50\",\"dose_type\":\"-\"},{\"ProductID\":\"498\",\"Product\":\"lancets (prick needle) | PS: 100.00 | Qty 100\",\"Name\":\"lancets (prick needle) | PS: 100.00 | Qty 100\",\"UnitePrice\":\"2.20\",\"Quantity\":\"2\",\"Total\":\"4.4\",\"AvailableQuantity\":\"100\",\"taxAmount\":\"0.00\",\"taxPercentage\":null,\"currentAvailableQuantity\":\"100\",\"dose_type\":\"-\"}]', 1, 'Ward'),
(108, 1, 25, 25, '108', '2025-01-15 00:00:00', 'KHALID MEHMOOD - AMC-15110114', NULL, 2368.67, 0.00, 0, 0, 0, NULL, 12257, '2025-01-15', NULL, NULL, 0, NULL, '[{\"ProductID\":\"482\",\"Product\":\"BTL+DIALYZER (FX10) | PS: 1.00 | Qty 48\",\"Name\":\"BTL+DIALYZER (FX10) | PS: 1.00 | Qty 48\",\"UnitePrice\":\"1610.00\",\"Quantity\":\"1\",\"Total\":\"1610\",\"AvailableQuantity\":\"48\",\"taxAmount\":\"0.00\",\"taxPercentage\":null,\"currentAvailableQuantity\":\"48\",\"dose_type\":\"-\"},{\"ProductID\":\"483\",\"Product\":\"PART-A & B DIALYSIS (VITA | PS: 1.00 | Qty 48\",\"Name\":\"PART-A & B DIALYSIS (VITA | PS: 1.00 | Qty 48\",\"UnitePrice\":\"460.00\",\"Quantity\":\"1\",\"Total\":\"460\",\"AvailableQuantity\":\"48\",\"taxAmount\":\"0.00\",\"taxPercentage\":null,\"currentAvailableQuantity\":\"48\",\"dose_type\":\"-\"},{\"ProductID\":\"484\",\"Product\":\"FISTULA NEEDLE (VITA) | PS: 1.00 | Qty 48\",\"Name\":\"FISTULA NEEDLE (VITA) | PS: 1.00 | Qty 48\",\"UnitePrice\":\"130.00\",\"Quantity\":\"1\",\"Total\":\"130\",\"AvailableQuantity\":\"48\",\"taxAmount\":\"0.00\",\"taxPercentage\":null,\"currentAvailableQuantity\":\"48\",\"dose_type\":\"-\"},{\"ProductID\":\"418\",\"Product\":\"STERIFLUID NS 1000ML | PS: 1.00 | Qty 2\",\"Name\":\"STERIFLUID NS 1000ML | PS: 1.00 | Qty 2\",\"UnitePrice\":\"90.00\",\"Quantity\":\"1\",\"Total\":\"90\",\"AvailableQuantity\":\"2\",\"taxAmount\":\"0.00\",\"taxPercentage\":null,\"currentAvailableQuantity\":\"2\",\"dose_type\":\"-\"},{\"ProductID\":\"326\",\"Product\":\"10cc zindagi Siring | PS: 100.00 | Qty 449\",\"Name\":\"10cc zindagi Siring | PS: 100.00 | Qty 449\",\"UnitePrice\":\"9.00\",\"Quantity\":\"3\",\"Total\":\"27\",\"AvailableQuantity\":\"449\",\"taxAmount\":\"0.00\",\"taxPercentage\":null,\"currentAvailableQuantity\":\"449\",\"dose_type\":\"-\"},{\"ProductID\":\"272\",\"Product\":\"Neo Medical Tape (Surgical Tape) | PS: 12.00 | Qty 101\",\"Name\":\"Neo Medical Tape (Surgical Tape) | PS: 12.00 | Qty 101\",\"UnitePrice\":\"26.67\",\"Quantity\":\"1\",\"Total\":\"26.67\",\"AvailableQuantity\":\"101\",\"taxAmount\":\"0.00\",\"taxPercentage\":null,\"currentAvailableQuantity\":\"101\",\"dose_type\":\"-\"},{\"ProductID\":\"15\",\"Product\":\"DRIP SET SMD | PS: 100.00 | Qty 74\",\"Name\":\"DRIP SET SMD | PS: 100.00 | Qty 74\",\"UnitePrice\":\"25.00\",\"Quantity\":\"1\",\"Total\":\"25\",\"AvailableQuantity\":\"74\",\"taxAmount\":\"0.00\",\"taxPercentage\":\"0.00\",\"currentAvailableQuantity\":\"74\",\"dose_type\":\"-\"}]', 1, 'Ward'),
(109, 1, 17, 17, '109', '2025-01-15 00:00:00', 'iram nazir - AMC-14022712', NULL, 1231.05, 0.00, 0, 0, 0, NULL, 12257, '2025-01-15', NULL, NULL, 0, NULL, '[{\"ProductID\":\"527\",\"Product\":\"NUBEROL FORTE TAB | PS: 15.00 | Qty 15\",\"Name\":\"NUBEROL FORTE TAB | PS: 15.00 | Qty 15\",\"UnitePrice\":\"9.88\",\"Quantity\":\"10\",\"Total\":\"98.80000000000001\",\"AvailableQuantity\":\"15\",\"taxAmount\":\"0.00\",\"taxPercentage\":null,\"currentAvailableQuantity\":\"15\",\"dose_type\":\"BD\"},{\"ProductID\":\"403\",\"Product\":\"Riam 400mg Tab | PS: 100.00 | Qty 20\",\"Name\":\"Riam 400mg Tab | PS: 100.00 | Qty 20\",\"UnitePrice\":\"3.12\",\"Quantity\":\"10\",\"Total\":\"31.200000000000003\",\"AvailableQuantity\":\"20\",\"taxAmount\":\"0.00\",\"taxPercentage\":null,\"currentAvailableQuantity\":\"20\",\"dose_type\":\"BD\"},{\"ProductID\":\"398\",\"Product\":\"Duphalac Syp | PS: 1.00 | Qty 2\",\"Name\":\"Duphalac Syp | PS: 1.00 | Qty 2\",\"UnitePrice\":\"243.55\",\"Quantity\":\"1\",\"Total\":\"243.55\",\"AvailableQuantity\":\"2\",\"taxAmount\":\"0.00\",\"taxPercentage\":null,\"currentAvailableQuantity\":\"2\",\"dose_type\":\"BD\"},{\"ProductID\":\"323\",\"Product\":\"Orcid 500mg Tab | PS: 10.00 | Qty 200\",\"Name\":\"Orcid 500mg Tab | PS: 10.00 | Qty 200\",\"UnitePrice\":\"47.50\",\"Quantity\":\"10\",\"Total\":\"475\",\"AvailableQuantity\":\"200\",\"taxAmount\":\"0.00\",\"taxPercentage\":null,\"currentAvailableQuantity\":\"200\",\"dose_type\":\"BD\"},{\"ProductID\":\"457\",\"Product\":\"AULATIN OINTMENT | PS: 1.00 | Qty 4\",\"Name\":\"AULATIN OINTMENT | PS: 1.00 | Qty 4\",\"UnitePrice\":\"382.50\",\"Quantity\":\"1\",\"Total\":\"382.5\",\"AvailableQuantity\":\"4\",\"taxAmount\":\"0.00\",\"taxPercentage\":null,\"currentAvailableQuantity\":\"4\",\"dose_type\":\"BD\"}]', 1, 'Home'),
(110, 1, 22, 22, '110', '2025-01-15 00:00:00', 'UMAR KHAN - AMC-15103828', NULL, 82.00, 0.00, 0, 0, 0, NULL, 12257, '2025-01-15', NULL, NULL, 0, NULL, '[{\"ProductID\":\"157\",\"Product\":\"Cannula IV introcan 20 g | PS: 50.00 | Qty 44\",\"Name\":\"Cannula IV introcan 20 g | PS: 50.00 | Qty 44\",\"UnitePrice\":\"82.00\",\"Quantity\":\"1\",\"Total\":\"82\",\"AvailableQuantity\":\"44\",\"taxAmount\":\"0.00\",\"taxPercentage\":\"0.00\",\"currentAvailableQuantity\":\"44\",\"dose_type\":\"-\"}]', 1, 'Ward'),
(111, 1, 16, 16, '111', '2025-01-15 00:00:00', 'UMMIA BIBI - AMC-14120625', NULL, 46.47, 0.00, 0, 0, 0, NULL, 12257, '2025-01-15', NULL, NULL, 0, NULL, '[{\"ProductID\":\"469\",\"Product\":\"VENTPRO 500MCG\\/2ML | PS: 6.00 | Qty 19\",\"Name\":\"VENTPRO 500MCG\\/2ML | PS: 6.00 | Qty 19\",\"UnitePrice\":\"46.47\",\"Quantity\":\"1\",\"Total\":\"46.47\",\"AvailableQuantity\":\"19\",\"taxAmount\":\"0.00\",\"taxPercentage\":null,\"currentAvailableQuantity\":\"19\",\"dose_type\":\"-\"}]', 1, 'Ward'),
(112, 1, 17, 17, '112', '2025-01-15 00:00:00', 'iram nazir - AMC-14022712', NULL, 59.50, 0.00, 0, 0, 0, NULL, 12257, '2025-01-15', NULL, NULL, 0, NULL, '[{\"ProductID\":\"203\",\"Product\":\"inj labetalol | PS: 1.00 | Qty 1\",\"Name\":\"inj labetalol | PS: 1.00 | Qty 1\",\"UnitePrice\":\"59.50\",\"Quantity\":\"1\",\"Total\":\"59.5\",\"AvailableQuantity\":\"1\",\"taxAmount\":\"0.00\",\"taxPercentage\":\"0.00\",\"currentAvailableQuantity\":\"1\",\"dose_type\":\"-\"}]', 1, 'Ward'),
(113, 1, 16, 16, '113', '2025-01-15 00:00:00', 'UMMIA BIBI - AMC-14120625', NULL, 125.00, 0.00, 0, 0, 0, NULL, 12257, '2025-01-15', NULL, NULL, 0, NULL, '[{\"ProductID\":\"506\",\"Product\":\"STERILYTE-M 500ML | PS: 1.00 | Qty 16\",\"Name\":\"STERILYTE-M 500ML | PS: 1.00 | Qty 16\",\"UnitePrice\":\"100.00\",\"Quantity\":\"1\",\"Total\":\"100\",\"AvailableQuantity\":\"16\",\"taxAmount\":\"0.00\",\"taxPercentage\":null,\"currentAvailableQuantity\":\"16\",\"dose_type\":\"-\"},{\"ProductID\":\"15\",\"Product\":\"DRIP SET SMD | PS: 100.00 | Qty 73\",\"Name\":\"DRIP SET SMD | PS: 100.00 | Qty 73\",\"UnitePrice\":\"25.00\",\"Quantity\":\"1\",\"Total\":\"25\",\"AvailableQuantity\":\"73\",\"taxAmount\":\"0.00\",\"taxPercentage\":\"0.00\",\"currentAvailableQuantity\":\"73\",\"dose_type\":\"-\"}]', 1, 'Ward'),
(114, 1, 22, 22, '114', '2025-01-15 00:00:00', 'UMAR KHAN - AMC-15103828', NULL, 210.75, 0.00, 0, 0, 0, NULL, 12257, '2025-01-15', NULL, NULL, 0, NULL, '[{\"ProductID\":\"421\",\"Product\":\"KLEEN ENEEMA | PS: 1.00 | Qty 9\",\"Name\":\"KLEEN ENEEMA | PS: 1.00 | Qty 9\",\"UnitePrice\":\"148.75\",\"Quantity\":\"1\",\"Total\":\"148.75\",\"AvailableQuantity\":\"9\",\"taxAmount\":\"0.00\",\"taxPercentage\":null,\"currentAvailableQuantity\":\"9\",\"dose_type\":\"-\"},{\"ProductID\":\"288\",\"Product\":\"Examintion GLOVES Medium | PS: 100.00 | Qty 485\",\"Name\":\"Examintion GLOVES Medium | PS: 100.00 | Qty 485\",\"UnitePrice\":\"9.50\",\"Quantity\":\"2\",\"Total\":\"19\",\"AvailableQuantity\":\"485\",\"taxAmount\":\"0.00\",\"taxPercentage\":null,\"currentAvailableQuantity\":\"485\",\"dose_type\":\"-\"},{\"ProductID\":\"257\",\"Product\":\"XYLOCAN GEL | PS: 1.00 | Qty 22\",\"Name\":\"XYLOCAN GEL | PS: 1.00 | Qty 22\",\"UnitePrice\":\"43.00\",\"Quantity\":\"1\",\"Total\":\"43\",\"AvailableQuantity\":\"22\",\"taxAmount\":\"0.00\",\"taxPercentage\":\"0.00\",\"currentAvailableQuantity\":\"22\",\"dose_type\":\"-\"}]', 1, 'Ward'),
(115, 1, 22, 22, '115', '2025-01-15 00:00:00', 'UMAR KHAN - AMC-15103828', NULL, 210.75, 0.00, 0, 0, 0, NULL, 12257, '2025-01-15', NULL, NULL, 0, NULL, '[{\"ProductID\":\"421\",\"Product\":\"KLEEN ENEEMA | PS: 1.00 | Qty 9\",\"Name\":\"KLEEN ENEEMA | PS: 1.00 | Qty 9\",\"UnitePrice\":\"148.75\",\"Quantity\":\"1\",\"Total\":\"148.75\",\"AvailableQuantity\":\"9\",\"taxAmount\":\"0.00\",\"taxPercentage\":null,\"currentAvailableQuantity\":\"9\",\"dose_type\":\"-\"},{\"ProductID\":\"288\",\"Product\":\"Examintion GLOVES Medium | PS: 100.00 | Qty 485\",\"Name\":\"Examintion GLOVES Medium | PS: 100.00 | Qty 485\",\"UnitePrice\":\"9.50\",\"Quantity\":\"2\",\"Total\":\"19\",\"AvailableQuantity\":\"485\",\"taxAmount\":\"0.00\",\"taxPercentage\":null,\"currentAvailableQuantity\":\"485\",\"dose_type\":\"-\"},{\"ProductID\":\"257\",\"Product\":\"XYLOCAN GEL | PS: 1.00 | Qty 22\",\"Name\":\"XYLOCAN GEL | PS: 1.00 | Qty 22\",\"UnitePrice\":\"43.00\",\"Quantity\":\"1\",\"Total\":\"43\",\"AvailableQuantity\":\"22\",\"taxAmount\":\"0.00\",\"taxPercentage\":\"0.00\",\"currentAvailableQuantity\":\"22\",\"dose_type\":\"-\"}]', 1, 'Ward'),
(116, 1, 24, 24, '116', '2025-01-15 00:00:00', 'Saeed Akbar - AMC-15105510', NULL, 2235.67, 0.00, 0, 0, 0, NULL, 12257, '2025-01-15', NULL, NULL, 0, NULL, '[{\"ProductID\":\"482\",\"Product\":\"BTL+DIALYZER (FX10) | PS: 1.00 | Qty 47\",\"Name\":\"BTL+DIALYZER (FX10) | PS: 1.00 | Qty 47\",\"UnitePrice\":\"1610.00\",\"Quantity\":\"1\",\"Total\":\"1610\",\"AvailableQuantity\":\"47\",\"taxAmount\":\"0.00\",\"taxPercentage\":null,\"currentAvailableQuantity\":\"47\",\"dose_type\":null},{\"ProductID\":\"483\",\"Product\":\"PART-A & B DIALYSIS (VITA | PS: 1.00 | Qty 47\",\"Name\":\"PART-A & B DIALYSIS (VITA | PS: 1.00 | Qty 47\",\"UnitePrice\":\"460.00\",\"Quantity\":\"1\",\"Total\":\"460\",\"AvailableQuantity\":\"47\",\"taxAmount\":\"0.00\",\"taxPercentage\":null,\"currentAvailableQuantity\":\"47\",\"dose_type\":null},{\"ProductID\":\"418\",\"Product\":\"STERIFLUID NS 1000ML | PS: 1.00 | Qty 1\",\"Name\":\"STERIFLUID NS 1000ML | PS: 1.00 | Qty 1\",\"UnitePrice\":\"90.00\",\"Quantity\":\"1\",\"Total\":\"90\",\"AvailableQuantity\":\"1\",\"taxAmount\":\"0.00\",\"taxPercentage\":null,\"currentAvailableQuantity\":\"1\",\"dose_type\":null},{\"ProductID\":\"326\",\"Product\":\"10cc zindagi Siring | PS: 100.00 | Qty 446\",\"Name\":\"10cc zindagi Siring | PS: 100.00 | Qty 446\",\"UnitePrice\":\"9.00\",\"Quantity\":\"3\",\"Total\":\"27\",\"AvailableQuantity\":\"446\",\"taxAmount\":\"0.00\",\"taxPercentage\":null,\"currentAvailableQuantity\":\"446\",\"dose_type\":null},{\"ProductID\":\"272\",\"Product\":\"Neo Medical Tape (Surgical Tape) | PS: 12.00 | Qty 100\",\"Name\":\"Neo Medical Tape (Surgical Tape) | PS: 12.00 | Qty 100\",\"UnitePrice\":\"26.67\",\"Quantity\":\"1\",\"Total\":\"26.67\",\"AvailableQuantity\":\"100\",\"taxAmount\":\"0.00\",\"taxPercentage\":null,\"currentAvailableQuantity\":\"100\",\"dose_type\":null},{\"ProductID\":\"334\",\"Product\":\"Zindagi IV set Blister | PS: 60.00 | Qty 294\",\"Name\":\"Zindagi IV set Blister | PS: 60.00 | Qty 294\",\"UnitePrice\":\"22.00\",\"Quantity\":\"1\",\"Total\":\"22\",\"AvailableQuantity\":\"294\",\"taxAmount\":\"0.00\",\"taxPercentage\":null,\"currentAvailableQuantity\":\"294\",\"dose_type\":null}]', 1, 'OT'),
(117, 1, 23, 23, '117', '2025-01-15 00:00:00', 'bakht sher - AMC-15104804', NULL, 2235.67, 0.00, 0, 0, 0, NULL, 12257, '2025-01-15', NULL, NULL, 0, NULL, '[{\"ProductID\":\"482\",\"Product\":\"BTL+DIALYZER (FX10) | PS: 1.00 | Qty 46\",\"Name\":\"BTL+DIALYZER (FX10) | PS: 1.00 | Qty 46\",\"UnitePrice\":\"1610.00\",\"Quantity\":\"1\",\"Total\":\"1610\",\"AvailableQuantity\":\"46\",\"taxAmount\":\"0.00\",\"taxPercentage\":null,\"currentAvailableQuantity\":\"46\",\"dose_type\":null},{\"ProductID\":\"483\",\"Product\":\"PART-A & B DIALYSIS (VITA | PS: 1.00 | Qty 46\",\"Name\":\"PART-A & B DIALYSIS (VITA | PS: 1.00 | Qty 46\",\"UnitePrice\":\"460.00\",\"Quantity\":\"1\",\"Total\":\"460\",\"AvailableQuantity\":\"46\",\"taxAmount\":\"0.00\",\"taxPercentage\":null,\"currentAvailableQuantity\":\"46\",\"dose_type\":null},{\"ProductID\":\"326\",\"Product\":\"10cc zindagi Siring | PS: 100.00 | Qty 443\",\"Name\":\"10cc zindagi Siring | PS: 100.00 | Qty 443\",\"UnitePrice\":\"9.00\",\"Quantity\":\"3\",\"Total\":\"27\",\"AvailableQuantity\":\"443\",\"taxAmount\":\"0.00\",\"taxPercentage\":null,\"currentAvailableQuantity\":\"443\",\"dose_type\":null},{\"ProductID\":\"418\",\"Product\":\"STERIFLUID NS 1000ML | PS: 1.00 | Qty 10\",\"Name\":\"STERIFLUID NS 1000ML | PS: 1.00 | Qty 10\",\"UnitePrice\":\"90.00\",\"Quantity\":\"1\",\"Total\":\"90\",\"AvailableQuantity\":\"10\",\"taxAmount\":\"0.00\",\"taxPercentage\":null,\"currentAvailableQuantity\":\"10\",\"dose_type\":null},{\"ProductID\":\"334\",\"Product\":\"Zindagi IV set Blister | PS: 60.00 | Qty 293\",\"Name\":\"Zindagi IV set Blister | PS: 60.00 | Qty 293\",\"UnitePrice\":\"22.00\",\"Quantity\":\"1\",\"Total\":\"22\",\"AvailableQuantity\":\"293\",\"taxAmount\":\"0.00\",\"taxPercentage\":null,\"currentAvailableQuantity\":\"293\",\"dose_type\":null},{\"ProductID\":\"272\",\"Product\":\"Neo Medical Tape (Surgical Tape) | PS: 12.00 | Qty 99\",\"Name\":\"Neo Medical Tape (Surgical Tape) | PS: 12.00 | Qty 99\",\"UnitePrice\":\"26.67\",\"Quantity\":\"1\",\"Total\":\"26.67\",\"AvailableQuantity\":\"99\",\"taxAmount\":\"0.00\",\"taxPercentage\":null,\"currentAvailableQuantity\":\"99\",\"dose_type\":null}]', 1, 'OT'),
(118, 1, 26, 26, '118', '2025-01-15 00:00:00', 'WAQAS IQBAL - AMC-15025245', NULL, 207.67, 0.00, 0, 0, 0, NULL, 12257, '2025-01-15', NULL, NULL, 0, NULL, '[{\"ProductID\":\"157\",\"Product\":\"Cannula IV introcan 20 g | PS: 50.00 | Qty 43\",\"Name\":\"Cannula IV introcan 20 g | PS: 50.00 | Qty 43\",\"UnitePrice\":\"82.00\",\"Quantity\":\"1\",\"Total\":\"82\",\"AvailableQuantity\":\"43\",\"taxAmount\":\"0.00\",\"taxPercentage\":\"0.00\",\"currentAvailableQuantity\":\"43\",\"dose_type\":\"-\"},{\"ProductID\":\"272\",\"Product\":\"Neo Medical Tape (Surgical Tape) | PS: 12.00 | Qty 98\",\"Name\":\"Neo Medical Tape (Surgical Tape) | PS: 12.00 | Qty 98\",\"UnitePrice\":\"26.67\",\"Quantity\":\"1\",\"Total\":\"26.67\",\"AvailableQuantity\":\"98\",\"taxAmount\":\"0.00\",\"taxPercentage\":null,\"currentAvailableQuantity\":\"98\",\"dose_type\":\"-\"},{\"ProductID\":\"326\",\"Product\":\"10cc zindagi Siring | PS: 100.00 | Qty 440\",\"Name\":\"10cc zindagi Siring | PS: 100.00 | Qty 440\",\"UnitePrice\":\"9.00\",\"Quantity\":\"1\",\"Total\":\"9\",\"AvailableQuantity\":\"440\",\"taxAmount\":\"0.00\",\"taxPercentage\":null,\"currentAvailableQuantity\":\"440\",\"dose_type\":\"-\"},{\"ProductID\":\"416\",\"Product\":\"STERIFLUID RL1000ML | PS: 1.00 | Qty 18\",\"Name\":\"STERIFLUID RL1000ML | PS: 1.00 | Qty 18\",\"UnitePrice\":\"90.00\",\"Quantity\":\"1\",\"Total\":\"90\",\"AvailableQuantity\":\"18\",\"taxAmount\":\"0.00\",\"taxPercentage\":null,\"currentAvailableQuantity\":\"18\",\"dose_type\":\"-\"},{\"ProductID\":\"334\",\"Product\":\"Zindagi IV set Blister | PS: 60.00 | Qty 292\",\"Name\":\"Zindagi IV set Blister | PS: 60.00 | Qty 292\",\"UnitePrice\":\"22.00\",\"Quantity\":\"1\",\"Total\":\"22\",\"AvailableQuantity\":\"292\",\"taxAmount\":\"0.00\",\"taxPercentage\":null,\"currentAvailableQuantity\":\"292\",\"dose_type\":\"-\"}]', 1, 'Ward'),
(119, 1, 21, 21, '119', '2025-01-15 00:00:00', 'ZAKIA BIBI - AMC-15100139', NULL, 52.80, 0.00, 0, 0, 0, NULL, 12257, '2025-01-15', NULL, NULL, 0, NULL, '[{\"ProductID\":\"475\",\"Product\":\"dicloran 75mg\\/3ml inj | PS: 5.00 | Qty 5\",\"Name\":\"dicloran 75mg\\/3ml inj | PS: 5.00 | Qty 5\",\"UnitePrice\":\"40.80\",\"Quantity\":\"1\",\"Total\":\"40.8\",\"AvailableQuantity\":\"5\",\"taxAmount\":\"0.00\",\"taxPercentage\":null,\"currentAvailableQuantity\":\"5\",\"dose_type\":\"-\"},{\"ProductID\":\"327\",\"Product\":\"5cc zindagi Siring | PS: 50.00 | Qty 240\",\"Name\":\"5cc zindagi Siring | PS: 50.00 | Qty 240\",\"UnitePrice\":\"12.00\",\"Quantity\":\"1\",\"Total\":\"12\",\"AvailableQuantity\":\"240\",\"taxAmount\":\"0.00\",\"taxPercentage\":null,\"currentAvailableQuantity\":\"240\",\"dose_type\":\"-\"}]', 1, 'Ward'),
(120, 1, 21, 21, '120', '2025-01-15 00:00:00', 'ZAKIA BIBI - AMC-15100139', NULL, 1297.79, 0.00, 0, 0, 0, NULL, 12257, '2025-01-15', NULL, NULL, 0, NULL, '[{\"ProductID\":\"3\",\"Product\":\"INJ PROFOL | PS: 1.00 | Qty 16\",\"Name\":\"INJ PROFOL | PS: 1.00 | Qty 16\",\"UnitePrice\":\"280.00\",\"Quantity\":\"1\",\"Total\":\"280\",\"AvailableQuantity\":\"16\",\"taxAmount\":\"0.00\",\"taxPercentage\":\"0.00\",\"currentAvailableQuantity\":\"16\",\"dose_type\":null},{\"ProductID\":\"524\",\"Product\":\"K-KORT 40ML\\/ML | PS: 1.00 | Qty 4\",\"Name\":\"K-KORT 40ML\\/ML | PS: 1.00 | Qty 4\",\"UnitePrice\":\"140.00\",\"Quantity\":\"2\",\"Total\":\"280\",\"AvailableQuantity\":\"4\",\"taxAmount\":\"0.00\",\"taxPercentage\":null,\"currentAvailableQuantity\":\"4\",\"dose_type\":null},{\"ProductID\":\"418\",\"Product\":\"STERIFLUID NS 1000ML | PS: 1.00 | Qty 9\",\"Name\":\"STERIFLUID NS 1000ML | PS: 1.00 | Qty 9\",\"UnitePrice\":\"90.00\",\"Quantity\":\"1\",\"Total\":\"90\",\"AvailableQuantity\":\"9\",\"taxAmount\":\"0.00\",\"taxPercentage\":null,\"currentAvailableQuantity\":\"9\",\"dose_type\":null},{\"ProductID\":\"416\",\"Product\":\"STERIFLUID RL1000ML | PS: 1.00 | Qty 17\",\"Name\":\"STERIFLUID RL1000ML | PS: 1.00 | Qty 17\",\"UnitePrice\":\"90.00\",\"Quantity\":\"1\",\"Total\":\"90\",\"AvailableQuantity\":\"17\",\"taxAmount\":\"0.00\",\"taxPercentage\":null,\"currentAvailableQuantity\":\"17\",\"dose_type\":null},{\"ProductID\":\"326\",\"Product\":\"10cc zindagi Siring | PS: 100.00 | Qty 439\",\"Name\":\"10cc zindagi Siring | PS: 100.00 | Qty 439\",\"UnitePrice\":\"9.00\",\"Quantity\":\"4\",\"Total\":\"36\",\"AvailableQuantity\":\"439\",\"taxAmount\":\"0.00\",\"taxPercentage\":null,\"currentAvailableQuantity\":\"439\",\"dose_type\":null},{\"ProductID\":\"92\",\"Product\":\"S.GLOVES 7.5 Next | PS: 1.00 | Qty 61\",\"Name\":\"S.GLOVES 7.5 Next | PS: 1.00 | Qty 61\",\"UnitePrice\":\"73.00\",\"Quantity\":\"2\",\"Total\":\"146\",\"AvailableQuantity\":\"61\",\"taxAmount\":\"0.00\",\"taxPercentage\":\"0.00\",\"currentAvailableQuantity\":\"61\",\"dose_type\":null},{\"ProductID\":\"270\",\"Product\":\"Pakband guaze | PS: 10.00 | Qty 133\",\"Name\":\"Pakband guaze | PS: 10.00 | Qty 133\",\"UnitePrice\":\"41.00\",\"Quantity\":\"1\",\"Total\":\"41\",\"AvailableQuantity\":\"133\",\"taxAmount\":\"0.00\",\"taxPercentage\":null,\"currentAvailableQuantity\":\"133\",\"dose_type\":null},{\"ProductID\":\"334\",\"Product\":\"Zindagi IV set Blister | PS: 60.00 | Qty 291\",\"Name\":\"Zindagi IV set Blister | PS: 60.00 | Qty 291\",\"UnitePrice\":\"22.00\",\"Quantity\":\"1\",\"Total\":\"22\",\"AvailableQuantity\":\"291\",\"taxAmount\":\"0.00\",\"taxPercentage\":null,\"currentAvailableQuantity\":\"291\",\"dose_type\":null},{\"ProductID\":\"157\",\"Product\":\"Cannula IV introcan 20 g | PS: 50.00 | Qty 42\",\"Name\":\"Cannula IV introcan 20 g | PS: 50.00 | Qty 42\",\"UnitePrice\":\"82.00\",\"Quantity\":\"1\",\"Total\":\"82\",\"AvailableQuantity\":\"42\",\"taxAmount\":\"0.00\",\"taxPercentage\":\"0.00\",\"currentAvailableQuantity\":\"42\",\"dose_type\":null},{\"ProductID\":\"272\",\"Product\":\"Neo Medical Tape (Surgical Tape) | PS: 12.00 | Qty 97\",\"Name\":\"Neo Medical Tape (Surgical Tape) | PS: 12.00 | Qty 97\",\"UnitePrice\":\"26.67\",\"Quantity\":\"1\",\"Total\":\"26.67\",\"AvailableQuantity\":\"97\",\"taxAmount\":\"0.00\",\"taxPercentage\":null,\"currentAvailableQuantity\":\"97\",\"dose_type\":null},{\"ProductID\":\"276\",\"Product\":\"spinal Needle 25G | PS: 1.00 | Qty 29\",\"Name\":\"spinal Needle 25G | PS: 1.00 | Qty 29\",\"UnitePrice\":\"160.00\",\"Quantity\":\"1\",\"Total\":\"160\",\"AvailableQuantity\":\"29\",\"taxAmount\":\"0.00\",\"taxPercentage\":null,\"currentAvailableQuantity\":\"29\",\"dose_type\":null},{\"ProductID\":\"328\",\"Product\":\"20cc zindagi Siring | PS: 100.00 | Qty 96\",\"Name\":\"20cc zindagi Siring | PS: 100.00 | Qty 96\",\"UnitePrice\":\"22.00\",\"Quantity\":\"1\",\"Total\":\"22\",\"AvailableQuantity\":\"96\",\"taxAmount\":\"0.00\",\"taxPercentage\":null,\"currentAvailableQuantity\":\"96\",\"dose_type\":null},{\"ProductID\":\"439\",\"Product\":\"Apecain 2% | PS: 100.00 | Qty 97\",\"Name\":\"Apecain 2% | PS: 100.00 | Qty 97\",\"UnitePrice\":\"5.53\",\"Quantity\":\"4\",\"Total\":\"22.12\",\"AvailableQuantity\":\"97\",\"taxAmount\":\"0.00\",\"taxPercentage\":null,\"currentAvailableQuantity\":\"97\",\"dose_type\":null}]', 1, 'OT'),
(121, 1, 28, 27, '121', '2025-01-15 00:00:00', 'Tariq Mehmood - AMC-15033131', NULL, 108.67, 0.00, 0, 0, 0, NULL, 12257, '2025-01-15', NULL, NULL, 0, NULL, '[{\"ProductID\":\"157\",\"Product\":\"Cannula IV introcan 20 g | PS: 50.00 | Qty 41\",\"Name\":\"Cannula IV introcan 20 g | PS: 50.00 | Qty 41\",\"UnitePrice\":\"82.00\",\"Quantity\":\"1\",\"Total\":\"82\",\"AvailableQuantity\":\"41\",\"taxAmount\":\"0.00\",\"taxPercentage\":\"0.00\",\"currentAvailableQuantity\":\"41\",\"dose_type\":\"-\"},{\"ProductID\":\"272\",\"Product\":\"Neo Medical Tape (Surgical Tape) | PS: 12.00 | Qty 96\",\"Name\":\"Neo Medical Tape (Surgical Tape) | PS: 12.00 | Qty 96\",\"UnitePrice\":\"26.67\",\"Quantity\":\"1\",\"Total\":\"26.67\",\"AvailableQuantity\":\"96\",\"taxAmount\":\"0.00\",\"taxPercentage\":null,\"currentAvailableQuantity\":\"96\",\"dose_type\":\"-\"},{\"ProductID\":\"326\",\"Product\":\"10cc zindagi Siring | PS: 100.00 | Qty 435\",\"Name\":\"10cc zindagi Siring | PS: 100.00 | Qty 435\",\"UnitePrice\":\"9.00\",\"Quantity\":\"1\",\"Total\":\"9\",\"AvailableQuantity\":\"435\",\"taxAmount\":\"0.00\",\"taxPercentage\":null,\"currentAvailableQuantity\":\"435\",\"dose_type\":\"-\"}]', 1, 'Ward');
INSERT INTO `sale` (`SaleID`, `SCID`, `patient_id`, `admission_id`, `InvoiceNo`, `Date`, `Description`, `TNo`, `TotalSale`, `received_amount`, `Discount`, `SalemanID`, `SalemanCommesion`, `CustomerMobile`, `CreatedBy`, `CreatedAt`, `ModifiedBy`, `ModifiedAt`, `SalemanCommesionStatus`, `sale_descriptions`, `bill_details`, `is_sehat_card`, `medicine_type`) VALUES
(122, 1, 22, 22, '122', '2025-01-15 00:00:00', 'UMAR KHAN - AMC-15103828', NULL, 1507.50, 0.00, 0, 0, 0, NULL, 12257, '2025-01-15', NULL, NULL, 0, NULL, '[{\"ProductID\":\"101\",\"Product\":\"BUPIVACAINE sp | PS: 5.00 | Qty 19\",\"Name\":\"BUPIVACAINE sp | PS: 5.00 | Qty 19\",\"UnitePrice\":\"65.00\",\"Quantity\":\"1\",\"Total\":\"65\",\"AvailableQuantity\":\"19\",\"taxAmount\":\"0.00\",\"taxPercentage\":\"0.00\",\"currentAvailableQuantity\":\"19\",\"dose_type\":null},{\"ProductID\":\"311\",\"Product\":\"ODS 8mg inj | PS: 5.00 | Qty 19\",\"Name\":\"ODS 8mg inj | PS: 5.00 | Qty 19\",\"UnitePrice\":\"70.00\",\"Quantity\":\"1\",\"Total\":\"70\",\"AvailableQuantity\":\"19\",\"taxAmount\":\"0.00\",\"taxPercentage\":null,\"currentAvailableQuantity\":\"19\",\"dose_type\":null},{\"ProductID\":\"416\",\"Product\":\"STERIFLUID RL1000ML | PS: 1.00 | Qty 16\",\"Name\":\"STERIFLUID RL1000ML | PS: 1.00 | Qty 16\",\"UnitePrice\":\"90.00\",\"Quantity\":\"1\",\"Total\":\"90\",\"AvailableQuantity\":\"16\",\"taxAmount\":\"0.00\",\"taxPercentage\":null,\"currentAvailableQuantity\":\"16\",\"dose_type\":null},{\"ProductID\":\"276\",\"Product\":\"spinal Needle 25G | PS: 1.00 | Qty 28\",\"Name\":\"spinal Needle 25G | PS: 1.00 | Qty 28\",\"UnitePrice\":\"160.00\",\"Quantity\":\"1\",\"Total\":\"160\",\"AvailableQuantity\":\"28\",\"taxAmount\":\"0.00\",\"taxPercentage\":null,\"currentAvailableQuantity\":\"28\",\"dose_type\":null},{\"ProductID\":\"501\",\"Product\":\"crept 4 bandage | PS: 1.00 | Qty 10\",\"Name\":\"crept 4 bandage | PS: 1.00 | Qty 10\",\"UnitePrice\":\"70.00\",\"Quantity\":\"1\",\"Total\":\"70\",\"AvailableQuantity\":\"10\",\"taxAmount\":\"0.00\",\"taxPercentage\":null,\"currentAvailableQuantity\":\"10\",\"dose_type\":null},{\"ProductID\":\"92\",\"Product\":\"S.GLOVES 7.5 Next | PS: 1.00 | Qty 59\",\"Name\":\"S.GLOVES 7.5 Next | PS: 1.00 | Qty 59\",\"UnitePrice\":\"73.00\",\"Quantity\":\"2\",\"Total\":\"146\",\"AvailableQuantity\":\"59\",\"taxAmount\":\"0.00\",\"taxPercentage\":\"0.00\",\"currentAvailableQuantity\":\"59\",\"dose_type\":null},{\"ProductID\":\"93\",\"Product\":\"BLADE | PS: 20.00 | Qty 33\",\"Name\":\"BLADE | PS: 20.00 | Qty 33\",\"UnitePrice\":\"47.50\",\"Quantity\":\"1\",\"Total\":\"47.5\",\"AvailableQuantity\":\"33\",\"taxAmount\":\"0.00\",\"taxPercentage\":\"0.00\",\"currentAvailableQuantity\":\"33\",\"dose_type\":null},{\"ProductID\":\"263\",\"Product\":\"SUCTION TUBE | PS: 1.00 | Qty 13\",\"Name\":\"SUCTION TUBE | PS: 1.00 | Qty 13\",\"UnitePrice\":\"160.00\",\"Quantity\":\"1\",\"Total\":\"160\",\"AvailableQuantity\":\"13\",\"taxAmount\":\"0.00\",\"taxPercentage\":\"0.00\",\"currentAvailableQuantity\":\"13\",\"dose_type\":null},{\"ProductID\":\"19\",\"Product\":\"PYODINE small | PS: 1.00 | Qty 23\",\"Name\":\"PYODINE small | PS: 1.00 | Qty 23\",\"UnitePrice\":\"225.00\",\"Quantity\":\"1\",\"Total\":\"225\",\"AvailableQuantity\":\"23\",\"taxAmount\":\"0.00\",\"taxPercentage\":\"0.00\",\"currentAvailableQuantity\":\"23\",\"dose_type\":null},{\"ProductID\":\"15\",\"Product\":\"DRIP SET SMD | PS: 100.00 | Qty 72\",\"Name\":\"DRIP SET SMD | PS: 100.00 | Qty 72\",\"UnitePrice\":\"25.00\",\"Quantity\":\"1\",\"Total\":\"25\",\"AvailableQuantity\":\"72\",\"taxAmount\":\"0.00\",\"taxPercentage\":\"0.00\",\"currentAvailableQuantity\":\"72\",\"dose_type\":null},{\"ProductID\":\"326\",\"Product\":\"10cc zindagi Siring | PS: 100.00 | Qty 434\",\"Name\":\"10cc zindagi Siring | PS: 100.00 | Qty 434\",\"UnitePrice\":\"9.00\",\"Quantity\":\"1\",\"Total\":\"9\",\"AvailableQuantity\":\"434\",\"taxAmount\":\"0.00\",\"taxPercentage\":null,\"currentAvailableQuantity\":\"434\",\"dose_type\":null},{\"ProductID\":\"327\",\"Product\":\"5cc zindagi Siring | PS: 50.00 | Qty 239\",\"Name\":\"5cc zindagi Siring | PS: 50.00 | Qty 239\",\"UnitePrice\":\"12.00\",\"Quantity\":\"1\",\"Total\":\"12\",\"AvailableQuantity\":\"239\",\"taxAmount\":\"0.00\",\"taxPercentage\":null,\"currentAvailableQuantity\":\"239\",\"dose_type\":null},{\"ProductID\":\"270\",\"Product\":\"Pakband guaze | PS: 10.00 | Qty 132\",\"Name\":\"Pakband guaze | PS: 10.00 | Qty 132\",\"UnitePrice\":\"41.00\",\"Quantity\":\"1\",\"Total\":\"41\",\"AvailableQuantity\":\"132\",\"taxAmount\":\"0.00\",\"taxPercentage\":null,\"currentAvailableQuantity\":\"132\",\"dose_type\":null},{\"ProductID\":\"271\",\"Product\":\"Pakbannd Laps Sponges | PS: 10.00 | Qty 88\",\"Name\":\"Pakbannd Laps Sponges | PS: 10.00 | Qty 88\",\"UnitePrice\":\"69.00\",\"Quantity\":\"1\",\"Total\":\"69\",\"AvailableQuantity\":\"88\",\"taxAmount\":\"0.00\",\"taxPercentage\":null,\"currentAvailableQuantity\":\"88\",\"dose_type\":null},{\"ProductID\":\"257\",\"Product\":\"XYLOCAN GEL | PS: 1.00 | Qty 20\",\"Name\":\"XYLOCAN GEL | PS: 1.00 | Qty 20\",\"UnitePrice\":\"43.00\",\"Quantity\":\"1\",\"Total\":\"43\",\"AvailableQuantity\":\"20\",\"taxAmount\":\"0.00\",\"taxPercentage\":\"0.00\",\"currentAvailableQuantity\":\"20\",\"dose_type\":null},{\"ProductID\":\"98\",\"Product\":\"VICRIL 2\\/0 | PS: 12.00 | Qty 11\",\"Name\":\"VICRIL 2\\/0 | PS: 12.00 | Qty 11\",\"UnitePrice\":\"275.00\",\"Quantity\":\"1\",\"Total\":\"275\",\"AvailableQuantity\":\"11\",\"taxAmount\":\"0.00\",\"taxPercentage\":\"0.00\",\"currentAvailableQuantity\":\"11\",\"dose_type\":null}]', 1, 'OT'),
(123, 1, 28, 27, '123', '2025-01-15 00:00:00', 'Tariq Mehmood - AMC-15033131', NULL, 256.00, 0.00, 0, 0, 0, NULL, 12257, '2025-01-15', NULL, NULL, 0, NULL, '[{\"ProductID\":\"416\",\"Product\":\"STERIFLUID RL1000ML | PS: 1.00 | Qty 15\",\"Name\":\"STERIFLUID RL1000ML | PS: 1.00 | Qty 15\",\"UnitePrice\":\"90.00\",\"Quantity\":\"1\",\"Total\":\"90\",\"AvailableQuantity\":\"15\",\"taxAmount\":\"0.00\",\"taxPercentage\":null,\"currentAvailableQuantity\":\"15\",\"dose_type\":\"-\"},{\"ProductID\":\"326\",\"Product\":\"10cc zindagi Siring | PS: 100.00 | Qty 433\",\"Name\":\"10cc zindagi Siring | PS: 100.00 | Qty 433\",\"UnitePrice\":\"9.00\",\"Quantity\":\"1\",\"Total\":\"9\",\"AvailableQuantity\":\"433\",\"taxAmount\":\"0.00\",\"taxPercentage\":null,\"currentAvailableQuantity\":\"433\",\"dose_type\":\"-\"},{\"ProductID\":\"334\",\"Product\":\"Zindagi IV set Blister | PS: 60.00 | Qty 290\",\"Name\":\"Zindagi IV set Blister | PS: 60.00 | Qty 290\",\"UnitePrice\":\"22.00\",\"Quantity\":\"1\",\"Total\":\"22\",\"AvailableQuantity\":\"290\",\"taxAmount\":\"0.00\",\"taxPercentage\":null,\"currentAvailableQuantity\":\"290\",\"dose_type\":\"-\"},{\"ProductID\":\"302\",\"Product\":\"Celtis-1G inj | PS: 1.00 | Qty 9\",\"Name\":\"Celtis-1G inj | PS: 1.00 | Qty 9\",\"UnitePrice\":\"225.00\",\"Quantity\":\"1\",\"Total\":\"225\",\"AvailableQuantity\":\"9\",\"taxAmount\":\"0.00\",\"taxPercentage\":null,\"currentAvailableQuantity\":\"9\",\"dose_type\":\"-\"}]', 1, 'Ward'),
(124, 1, 22, 22, '124', '2025-01-15 00:00:00', 'UMAR KHAN - AMC-15103828', NULL, 429.75, 0.00, 0, 0, 0, NULL, 12257, '2025-01-15', NULL, NULL, 0, NULL, '[{\"ProductID\":\"458\",\"Product\":\"Laxoberon liquid | PS: 1.00 | Qty 2\",\"Name\":\"Laxoberon liquid | PS: 1.00 | Qty 2\",\"UnitePrice\":\"155.55\",\"Quantity\":\"1\",\"Total\":\"155.55\",\"AvailableQuantity\":\"2\",\"taxAmount\":\"0.00\",\"taxPercentage\":null,\"currentAvailableQuantity\":\"2\",\"dose_type\":\"-\"},{\"ProductID\":\"367\",\"Product\":\"Toraject 30mg inj | PS: 5.00 | Qty 14\",\"Name\":\"Toraject 30mg inj | PS: 5.00 | Qty 14\",\"UnitePrice\":\"80.20\",\"Quantity\":\"1\",\"Total\":\"80.2\",\"AvailableQuantity\":\"14\",\"taxAmount\":\"0.00\",\"taxPercentage\":null,\"currentAvailableQuantity\":\"14\",\"dose_type\":\"-\"},{\"ProductID\":\"312\",\"Product\":\"Novetamol 1g inf | PS: 1.00 | Qty 26\",\"Name\":\"Novetamol 1g inf | PS: 1.00 | Qty 26\",\"UnitePrice\":\"115.00\",\"Quantity\":\"1\",\"Total\":\"115\",\"AvailableQuantity\":\"26\",\"taxAmount\":\"0.00\",\"taxPercentage\":null,\"currentAvailableQuantity\":\"26\",\"dose_type\":\"-\"},{\"ProductID\":\"311\",\"Product\":\"ODS 8mg inj | PS: 5.00 | Qty 18\",\"Name\":\"ODS 8mg inj | PS: 5.00 | Qty 18\",\"UnitePrice\":\"70.00\",\"Quantity\":\"1\",\"Total\":\"70\",\"AvailableQuantity\":\"18\",\"taxAmount\":\"0.00\",\"taxPercentage\":null,\"currentAvailableQuantity\":\"18\",\"dose_type\":\"-\"},{\"ProductID\":\"326\",\"Product\":\"10cc zindagi Siring | PS: 100.00 | Qty 432\",\"Name\":\"10cc zindagi Siring | PS: 100.00 | Qty 432\",\"UnitePrice\":\"9.00\",\"Quantity\":\"1\",\"Total\":\"9\",\"AvailableQuantity\":\"432\",\"taxAmount\":\"0.00\",\"taxPercentage\":null,\"currentAvailableQuantity\":\"432\",\"dose_type\":\"-\"}]', 1, 'Ward'),
(125, 1, 26, 26, '125', '2025-01-15 00:00:00', 'WAQAS IQBAL - AMC-15025245', NULL, 813.72, 0.00, 0, 0, 0, NULL, 12257, '2025-01-15', NULL, NULL, 0, NULL, '[{\"ProductID\":\"465\",\"Product\":\"NIXVOM 8MG\\/4ML INJ | PS: 5.00 | Qty 50\",\"Name\":\"NIXVOM 8MG\\/4ML INJ | PS: 5.00 | Qty 50\",\"UnitePrice\":\"144.00\",\"Quantity\":\"1\",\"Total\":\"144\",\"AvailableQuantity\":\"50\",\"taxAmount\":\"0.00\",\"taxPercentage\":null,\"currentAvailableQuantity\":\"50\",\"dose_type\":null},{\"ProductID\":\"508\",\"Product\":\"CEFXONE 1G INJ | PS: 1.00 | Qty 110\",\"Name\":\"CEFXONE 1G INJ | PS: 1.00 | Qty 110\",\"UnitePrice\":\"382.50\",\"Quantity\":\"1\",\"Total\":\"382.5\",\"AvailableQuantity\":\"110\",\"taxAmount\":\"0.00\",\"taxPercentage\":null,\"currentAvailableQuantity\":\"110\",\"dose_type\":null},{\"ProductID\":\"414\",\"Product\":\"STERIFLUID RLD 1000ML | PS: 1.00 | Qty 23\",\"Name\":\"STERIFLUID RLD 1000ML | PS: 1.00 | Qty 23\",\"UnitePrice\":\"90.00\",\"Quantity\":\"1\",\"Total\":\"90\",\"AvailableQuantity\":\"23\",\"taxAmount\":\"0.00\",\"taxPercentage\":null,\"currentAvailableQuantity\":\"23\",\"dose_type\":null},{\"ProductID\":\"468\",\"Product\":\"TORAJECT 30MG\\/ML INJ | PS: 5.00 | Qty 47\",\"Name\":\"TORAJECT 30MG\\/ML INJ | PS: 5.00 | Qty 47\",\"UnitePrice\":\"80.22\",\"Quantity\":\"1\",\"Total\":\"80.22\",\"AvailableQuantity\":\"47\",\"taxAmount\":\"0.00\",\"taxPercentage\":null,\"currentAvailableQuantity\":\"47\",\"dose_type\":null},{\"ProductID\":\"334\",\"Product\":\"Zindagi IV set Blister | PS: 60.00 | Qty 289\",\"Name\":\"Zindagi IV set Blister | PS: 60.00 | Qty 289\",\"UnitePrice\":\"22.00\",\"Quantity\":\"1\",\"Total\":\"22\",\"AvailableQuantity\":\"289\",\"taxAmount\":\"0.00\",\"taxPercentage\":null,\"currentAvailableQuantity\":\"289\",\"dose_type\":null},{\"ProductID\":\"306\",\"Product\":\"Novazol 500mg inf | PS: 1.00 | Qty 26\",\"Name\":\"Novazol 500mg inf | PS: 1.00 | Qty 26\",\"UnitePrice\":\"95.00\",\"Quantity\":\"1\",\"Total\":\"95\",\"AvailableQuantity\":\"26\",\"taxAmount\":\"0.00\",\"taxPercentage\":null,\"currentAvailableQuantity\":\"26\",\"dose_type\":null},{\"ProductID\":\"312\",\"Product\":\"Novetamol 1g inf | PS: 1.00 | Qty 25\",\"Name\":\"Novetamol 1g inf | PS: 1.00 | Qty 25\",\"UnitePrice\":\"115.00\",\"Quantity\":\"1\",\"Total\":\"115\",\"AvailableQuantity\":\"25\",\"taxAmount\":\"0.00\",\"taxPercentage\":null,\"currentAvailableQuantity\":\"25\",\"dose_type\":null}]', 1, 'OT'),
(126, 1, 28, 27, '126', '2025-01-15 00:00:00', 'Tariq Mehmood - AMC-15033131', NULL, 3224.04, 0.00, 0, 0, 0, NULL, 12257, '2025-01-15', NULL, NULL, 0, NULL, '[{\"ProductID\":\"3\",\"Product\":\"INJ PROFOL\",\"Name\":\"INJ PROFOL\",\"UnitePrice\":\"280.00\",\"Quantity\":\"1\",\"Total\":\"280\",\"AvailableQuantity\":\"15\",\"taxAmount\":\"0.00\",\"taxPercentage\":null,\"currentAvailableQuantity\":\"0\",\"dose_type\":null},{\"ProductID\":\"405\",\"Product\":\"Suxathon 100mg inj\",\"Name\":\"Suxathon 100mg inj\",\"UnitePrice\":\"40.00\",\"Quantity\":\"1\",\"Total\":\"40\",\"AvailableQuantity\":\"26\",\"taxAmount\":\"0.00\",\"taxPercentage\":null,\"currentAvailableQuantity\":\"0\",\"dose_type\":null},{\"ProductID\":\"4\",\"Product\":\"INJ ATROPINE\",\"Name\":\"INJ ATROPINE\",\"UnitePrice\":\"4.50\",\"Quantity\":\"1\",\"Total\":\"4.5\",\"AvailableQuantity\":\"196\",\"taxAmount\":\"0.00\",\"taxPercentage\":null,\"currentAvailableQuantity\":\"0\",\"dose_type\":null},{\"ProductID\":\"409\",\"Product\":\"Neosting-N Inj\",\"Name\":\"Neosting-N Inj\",\"UnitePrice\":\"35.00\",\"Quantity\":\"1\",\"Total\":\"35\",\"AvailableQuantity\":\"15\",\"taxAmount\":\"0.00\",\"taxPercentage\":null,\"currentAvailableQuantity\":\"0\",\"dose_type\":null},{\"ProductID\":\"290\",\"Product\":\"Adrnaline\",\"Name\":\"Adrnaline\",\"UnitePrice\":\"7.50\",\"Quantity\":\"1\",\"Total\":\"7.5\",\"AvailableQuantity\":\"100\",\"taxAmount\":\"0.00\",\"taxPercentage\":null,\"currentAvailableQuantity\":\"0\",\"dose_type\":null},{\"ProductID\":\"307\",\"Product\":\"GVN 50mg inj\",\"Name\":\"GVN 50mg inj\",\"UnitePrice\":\"8.20\",\"Quantity\":\"1\",\"Total\":\"8.2\",\"AvailableQuantity\":\"219\",\"taxAmount\":\"0.00\",\"taxPercentage\":null,\"currentAvailableQuantity\":\"0\",\"dose_type\":null},{\"ProductID\":\"165\",\"Product\":\"NALFAY\",\"Name\":\"NALFAY\",\"UnitePrice\":\"44.00\",\"Quantity\":\"1\",\"Total\":\"44\",\"AvailableQuantity\":\"19\",\"taxAmount\":\"0.00\",\"taxPercentage\":null,\"currentAvailableQuantity\":\"0\",\"dose_type\":null},{\"ProductID\":\"367\",\"Product\":\"Toraject 30mg inj\",\"Name\":\"Toraject 30mg inj\",\"UnitePrice\":\"80.20\",\"Quantity\":\"1\",\"Total\":\"80.2\",\"AvailableQuantity\":\"13\",\"taxAmount\":\"0.00\",\"taxPercentage\":null,\"currentAvailableQuantity\":\"0\",\"dose_type\":null},{\"ProductID\":\"300\",\"Product\":\"Rotacart 250mg inj\",\"Name\":\"Rotacart 250mg inj\",\"UnitePrice\":\"140.00\",\"Quantity\":\"1\",\"Total\":\"140\",\"AvailableQuantity\":\"14\",\"taxAmount\":\"0.00\",\"taxPercentage\":null,\"currentAvailableQuantity\":\"0\",\"dose_type\":null},{\"ProductID\":\"308\",\"Product\":\"DMX 4mg inj\",\"Name\":\"DMX 4mg inj\",\"UnitePrice\":\"7.60\",\"Quantity\":\"1\",\"Total\":\"7.6\",\"AvailableQuantity\":\"242\",\"taxAmount\":\"0.00\",\"taxPercentage\":null,\"currentAvailableQuantity\":\"0\",\"dose_type\":null},{\"ProductID\":\"411\",\"Product\":\"Transolide 500mg Inj\",\"Name\":\"Transolide 500mg Inj\",\"UnitePrice\":\"48.00\",\"Quantity\":\"2\",\"Total\":\"96\",\"AvailableQuantity\":\"48\",\"taxAmount\":\"0.00\",\"taxPercentage\":null,\"currentAvailableQuantity\":\"0\",\"dose_type\":null},{\"ProductID\":\"418\",\"Product\":\"STERIFLUID NS 1000ML\",\"Name\":\"STERIFLUID NS 1000ML\",\"UnitePrice\":\"90.00\",\"Quantity\":\"2\",\"Total\":\"180\",\"AvailableQuantity\":\"8\",\"taxAmount\":\"0.00\",\"taxPercentage\":null,\"currentAvailableQuantity\":\"0\",\"dose_type\":null},{\"ProductID\":\"447\",\"Product\":\"TRAMAFAC 50 MG\\/ML\",\"Name\":\"TRAMAFAC 50 MG\\/ML\",\"UnitePrice\":\"2.40\",\"Quantity\":\"1\",\"Total\":\"2.4\",\"AvailableQuantity\":\"125\",\"taxAmount\":\"0.00\",\"taxPercentage\":null,\"currentAvailableQuantity\":\"0\",\"dose_type\":null},{\"ProductID\":\"334\",\"Product\":\"Zindagi IV set Blister\",\"Name\":\"Zindagi IV set Blister\",\"UnitePrice\":\"22.00\",\"Quantity\":\"2\",\"Total\":\"44\",\"AvailableQuantity\":\"288\",\"taxAmount\":\"0.00\",\"taxPercentage\":null,\"currentAvailableQuantity\":\"0\",\"dose_type\":null},{\"ProductID\":\"112\",\"Product\":\"VICRYL 1\",\"Name\":\"VICRYL 1\",\"UnitePrice\":\"275.00\",\"Quantity\":\"1\",\"Total\":\"275\",\"AvailableQuantity\":\"32\",\"taxAmount\":\"0.00\",\"taxPercentage\":null,\"currentAvailableQuantity\":\"0\",\"dose_type\":null},{\"ProductID\":\"98\",\"Product\":\"VICRIL 2\\/0\",\"Name\":\"VICRIL 2\\/0\",\"UnitePrice\":\"275.00\",\"Quantity\":\"1\",\"Total\":\"275\",\"AvailableQuantity\":\"10\",\"taxAmount\":\"0.00\",\"taxPercentage\":null,\"currentAvailableQuantity\":\"0\",\"dose_type\":null},{\"ProductID\":\"338\",\"Product\":\"PROLINE 2-0 RB\",\"Name\":\"PROLINE 2-0 RB\",\"UnitePrice\":\"291.67\",\"Quantity\":\"1\",\"Total\":\"291.67\",\"AvailableQuantity\":\"11\",\"taxAmount\":\"0.00\",\"taxPercentage\":null,\"currentAvailableQuantity\":\"0\",\"dose_type\":null},{\"ProductID\":\"92\",\"Product\":\"S.GLOVES 7.5 Next\",\"Name\":\"S.GLOVES 7.5 Next\",\"UnitePrice\":\"73.00\",\"Quantity\":\"4\",\"Total\":\"292\",\"AvailableQuantity\":\"57\",\"taxAmount\":\"0.00\",\"taxPercentage\":null,\"currentAvailableQuantity\":\"0\",\"dose_type\":null},{\"ProductID\":\"270\",\"Product\":\"Pakband guaze\",\"Name\":\"Pakband guaze\",\"UnitePrice\":\"41.00\",\"Quantity\":\"2\",\"Total\":\"82\",\"AvailableQuantity\":\"131\",\"taxAmount\":\"0.00\",\"taxPercentage\":null,\"currentAvailableQuantity\":\"0\",\"dose_type\":null},{\"ProductID\":\"271\",\"Product\":\"Pakbannd Laps Sponges\",\"Name\":\"Pakbannd Laps Sponges\",\"UnitePrice\":\"69.00\",\"Quantity\":\"3\",\"Total\":\"207\",\"AvailableQuantity\":\"87\",\"taxAmount\":\"0.00\",\"taxPercentage\":null,\"currentAvailableQuantity\":\"0\",\"dose_type\":null},{\"ProductID\":\"263\",\"Product\":\"SUCTION TUBE\",\"Name\":\"SUCTION TUBE\",\"UnitePrice\":\"160.00\",\"Quantity\":\"1\",\"Total\":\"160\",\"AvailableQuantity\":\"12\",\"taxAmount\":\"0.00\",\"taxPercentage\":null,\"currentAvailableQuantity\":\"0\",\"dose_type\":null},{\"ProductID\":\"236\",\"Product\":\"Mepore 9x20\",\"Name\":\"Mepore 9x20\",\"UnitePrice\":\"55.00\",\"Quantity\":\"1\",\"Total\":\"55\",\"AvailableQuantity\":\"30\",\"taxAmount\":\"0.00\",\"taxPercentage\":null,\"currentAvailableQuantity\":\"0\",\"dose_type\":null},{\"ProductID\":\"272\",\"Product\":\"Neo Medical Tape (Surgical Tape)\",\"Name\":\"Neo Medical Tape (Surgical Tape)\",\"UnitePrice\":\"26.67\",\"Quantity\":\"1\",\"Total\":\"26.67\",\"AvailableQuantity\":\"215\",\"taxAmount\":\"0.00\",\"taxPercentage\":null,\"currentAvailableQuantity\":\"0\",\"dose_type\":null},{\"ProductID\":\"14\",\"Product\":\"CARTILIED QHC\",\"Name\":\"CARTILIED QHC\",\"UnitePrice\":\"175.00\",\"Quantity\":\"1\",\"Total\":\"175\",\"AvailableQuantity\":\"17\",\"taxAmount\":\"0.00\",\"taxPercentage\":null,\"currentAvailableQuantity\":\"0\",\"dose_type\":null},{\"ProductID\":\"19\",\"Product\":\"PYODINE small\",\"Name\":\"PYODINE small\",\"UnitePrice\":\"225.00\",\"Quantity\":\"1\",\"Total\":\"225\",\"AvailableQuantity\":\"22\",\"taxAmount\":\"0.00\",\"taxPercentage\":null,\"currentAvailableQuantity\":\"0\",\"dose_type\":null},{\"ProductID\":\"157\",\"Product\":\"Cannula IV introcan 20 g\",\"Name\":\"Cannula IV introcan 20 g\",\"UnitePrice\":\"82.00\",\"Quantity\":\"1\",\"Total\":\"82\",\"AvailableQuantity\":\"40\",\"taxAmount\":\"0.00\",\"taxPercentage\":null,\"currentAvailableQuantity\":\"0\",\"dose_type\":null},{\"ProductID\":\"93\",\"Product\":\"BLADE\",\"Name\":\"BLADE\",\"UnitePrice\":\"47.50\",\"Quantity\":\"1\",\"Total\":\"47.5\",\"AvailableQuantity\":\"32\",\"taxAmount\":\"0.00\",\"taxPercentage\":null,\"currentAvailableQuantity\":\"0\",\"dose_type\":null},{\"ProductID\":\"264\",\"Product\":\"ETT All Sizes\",\"Name\":\"ETT All Sizes\",\"UnitePrice\":\"122.00\",\"Quantity\":\"1\",\"Total\":\"122\",\"AvailableQuantity\":\"64\",\"taxAmount\":\"0.00\",\"taxPercentage\":null,\"currentAvailableQuantity\":\"0\",\"dose_type\":null},{\"ProductID\":\"327\",\"Product\":\"5cc zindagi Siring\",\"Name\":\"5cc zindagi Siring\",\"UnitePrice\":\"12.00\",\"Quantity\":\"5\",\"Total\":\"60\",\"AvailableQuantity\":\"238\",\"taxAmount\":\"0.00\",\"taxPercentage\":null,\"currentAvailableQuantity\":\"0\",\"dose_type\":null},{\"ProductID\":\"326\",\"Product\":\"10cc zindagi Siring\",\"Name\":\"10cc zindagi Siring\",\"UnitePrice\":\"9.00\",\"Quantity\":\"5\",\"Total\":\"45\",\"AvailableQuantity\":\"431\",\"taxAmount\":\"0.00\",\"taxPercentage\":null,\"currentAvailableQuantity\":\"0\",\"dose_type\":null},{\"ProductID\":\"2\",\"Product\":\"Efacurim 50mg\\/mlInj(Atracurium\",\"Name\":\"Efacurim 50mg\\/mlInj(Atracurium\",\"UnitePrice\":\"200.00\",\"Quantity\":\"2\",\"Total\":\"400\",\"AvailableQuantity\":\"15\",\"taxAmount\":\"0.00\",\"taxPercentage\":null,\"currentAvailableQuantity\":\"0\",\"dose_type\":null},{\"ProductID\":\"416\",\"Product\":\"STERIFLUID RL1000ML\",\"Name\":\"STERIFLUID RL1000ML\",\"UnitePrice\":\"90.00\",\"Quantity\":\"1\",\"Total\":\"90\",\"AvailableQuantity\":\"14\",\"taxAmount\":\"0.00\",\"taxPercentage\":null,\"currentAvailableQuantity\":\"0\",\"dose_type\":null},{\"ProductID\":\"328\",\"Product\":\"20cc zindagi Siring\",\"Name\":\"20cc zindagi Siring\",\"UnitePrice\":\"22.00\",\"Quantity\":\"2\",\"Total\":\"44\",\"AvailableQuantity\":\"95\",\"taxAmount\":\"0.00\",\"taxPercentage\":null,\"currentAvailableQuantity\":\"0\",\"dose_type\":null},{\"ProductID\":\"276\",\"Product\":\"spinal Needle 25G | PS: 1.00 | Qty 27\",\"Name\":\"spinal Needle 25G | PS: 1.00 | Qty 27\",\"UnitePrice\":\"160.00\",\"Quantity\":\"1\",\"Total\":\"160\",\"AvailableQuantity\":\"27\",\"taxAmount\":\"0.00\",\"taxPercentage\":null,\"currentAvailableQuantity\":\"27\",\"dose_type\":null},{\"ProductID\":\"101\",\"Product\":\"BUPIVACAINE sp | PS: 5.00 | Qty 18\",\"Name\":\"BUPIVACAINE sp | PS: 5.00 | Qty 18\",\"UnitePrice\":\"65.00\",\"Quantity\":\"1\",\"Total\":\"65\",\"AvailableQuantity\":\"18\",\"taxAmount\":\"0.00\",\"taxPercentage\":\"0.00\",\"currentAvailableQuantity\":\"18\",\"dose_type\":null}]', 1, 'OT'),
(127, 1, 28, 27, '127', '2025-01-15 00:00:00', 'Tariq Mehmood - AMC-15033131', NULL, 288.23, 0.00, 0, 0, 0, NULL, 12257, '2025-01-15', NULL, NULL, 0, NULL, '[{\"ProductID\":\"312\",\"Product\":\"Novetamol 1g inf | PS: 1.00 | Qty 24\",\"Name\":\"Novetamol 1g inf | PS: 1.00 | Qty 24\",\"UnitePrice\":\"115.00\",\"Quantity\":\"1\",\"Total\":\"115\",\"AvailableQuantity\":\"24\",\"taxAmount\":\"0.00\",\"taxPercentage\":null,\"currentAvailableQuantity\":\"24\",\"dose_type\":\"-\"},{\"ProductID\":\"334\",\"Product\":\"Zindagi IV set Blister | PS: 60.00 | Qty 288\",\"Name\":\"Zindagi IV set Blister | PS: 60.00 | Qty 288\",\"UnitePrice\":\"22.00\",\"Quantity\":\"1\",\"Total\":\"22\",\"AvailableQuantity\":\"288\",\"taxAmount\":\"0.00\",\"taxPercentage\":null,\"currentAvailableQuantity\":\"288\",\"dose_type\":\"-\"},{\"ProductID\":\"326\",\"Product\":\"10cc zindagi Siring | PS: 100.00 | Qty 426\",\"Name\":\"10cc zindagi Siring | PS: 100.00 | Qty 426\",\"UnitePrice\":\"9.00\",\"Quantity\":\"1\",\"Total\":\"9\",\"AvailableQuantity\":\"426\",\"taxAmount\":\"0.00\",\"taxPercentage\":null,\"currentAvailableQuantity\":\"426\",\"dose_type\":\"-\"},{\"ProductID\":\"465\",\"Product\":\"NIXVOM 8MG\\/4ML INJ | PS: 5.00 | Qty 49\",\"Name\":\"NIXVOM 8MG\\/4ML INJ | PS: 5.00 | Qty 49\",\"UnitePrice\":\"144.00\",\"Quantity\":\"1\",\"Total\":\"144\",\"AvailableQuantity\":\"49\",\"taxAmount\":\"0.00\",\"taxPercentage\":null,\"currentAvailableQuantity\":\"49\",\"dose_type\":\"-\"},{\"ProductID\":\"341\",\"Product\":\"Omsta 40mg | PS: 14.00 | Qty 91\",\"Name\":\"Omsta 40mg | PS: 14.00 | Qty 91\",\"UnitePrice\":\"18.43\",\"Quantity\":\"7\",\"Total\":\"129.01\",\"AvailableQuantity\":\"91\",\"taxAmount\":\"0.00\",\"taxPercentage\":null,\"currentAvailableQuantity\":\"91\",\"dose_type\":\"-\"},{\"ProductID\":\"413\",\"Product\":\"STERIFLUID RLD 500ML | PS: 1.00 | Qty 26\",\"Name\":\"STERIFLUID RLD 500ML | PS: 1.00 | Qty 26\",\"UnitePrice\":\"70.00\",\"Quantity\":\"1\",\"Total\":\"70\",\"AvailableQuantity\":\"26\",\"taxAmount\":\"0.00\",\"taxPercentage\":null,\"currentAvailableQuantity\":\"26\",\"dose_type\":\"-\"},{\"ProductID\":\"28\",\"Product\":\"CALAMOX 1.2Gm Inj | PS: 1.00 | Qty 12\",\"Name\":\"CALAMOX 1.2Gm Inj | PS: 1.00 | Qty 12\",\"UnitePrice\":\"246.53\",\"Quantity\":\"1\",\"Total\":\"246.53\",\"AvailableQuantity\":\"12\",\"taxAmount\":\"0.00\",\"taxPercentage\":\"0.00\",\"currentAvailableQuantity\":\"12\",\"dose_type\":\"-\"},{\"ProductID\":\"458\",\"Product\":\"Laxoberon liquid | PS: 1.00 | Qty 1\",\"Name\":\"Laxoberon liquid | PS: 1.00 | Qty 1\",\"UnitePrice\":\"155.55\",\"Quantity\":\"1\",\"Total\":\"155.55\",\"AvailableQuantity\":\"1\",\"taxAmount\":\"0.00\",\"taxPercentage\":null,\"currentAvailableQuantity\":\"1\",\"dose_type\":\"-\"},{\"ProductID\":\"468\",\"Product\":\"TORAJECT 30MG\\/ML INJ | PS: 5.00 | Qty 46\",\"Name\":\"TORAJECT 30MG\\/ML INJ | PS: 5.00 | Qty 46\",\"UnitePrice\":\"80.22\",\"Quantity\":\"1\",\"Total\":\"80.22\",\"AvailableQuantity\":\"46\",\"taxAmount\":\"0.00\",\"taxPercentage\":null,\"currentAvailableQuantity\":\"46\",\"dose_type\":\"-\"}]', 1, 'Ward'),
(128, 1, 16, 16, '128', '2025-01-15 00:00:00', 'UMMIA BIBI - AMC-14120625', NULL, 46.47, 0.00, 0, 0, 0, NULL, 12257, '2025-01-15', NULL, NULL, 0, NULL, '[{\"ProductID\":\"469\",\"Product\":\"VENTPRO 500MCG\\/2ML | PS: 6.00 | Qty 18\",\"Name\":\"VENTPRO 500MCG\\/2ML | PS: 6.00 | Qty 18\",\"UnitePrice\":\"46.47\",\"Quantity\":\"1\",\"Total\":\"46.47\",\"AvailableQuantity\":\"18\",\"taxAmount\":\"0.00\",\"taxPercentage\":null,\"currentAvailableQuantity\":\"18\",\"dose_type\":\"-\"}]', 1, 'Ward'),
(129, 1, 28, 27, '129', '2025-01-15 00:00:00', 'Tariq Mehmood - AMC-15033131', NULL, 90.00, 0.00, 0, 0, 0, NULL, 12257, '2025-01-15', NULL, NULL, 0, NULL, '[{\"ProductID\":\"444\",\"Product\":\"Steri cetamol | PS: 1.00 | Qty 1\",\"Name\":\"Steri cetamol | PS: 1.00 | Qty 1\",\"UnitePrice\":\"90.00\",\"Quantity\":\"1\",\"Total\":\"90\",\"AvailableQuantity\":\"1\",\"taxAmount\":\"0.00\",\"taxPercentage\":null,\"currentAvailableQuantity\":\"1\",\"dose_type\":\"-\"}]', 1, 'Ward'),
(130, 1, 16, 16, '130', '2025-01-15 00:00:00', 'UMMIA BIBI - AMC-14120625', NULL, 501.04, 0.00, 0, 0, 0, NULL, 12257, '2025-01-15', NULL, NULL, 0, NULL, '[{\"ProductID\":\"466\",\"Product\":\"SERGIFEX 500MG INJ | PS: 1.00 | Qty 8\",\"Name\":\"SERGIFEX 500MG INJ | PS: 1.00 | Qty 8\",\"UnitePrice\":\"212.50\",\"Quantity\":\"1\",\"Total\":\"212.5\",\"AvailableQuantity\":\"8\",\"taxAmount\":\"0.00\",\"taxPercentage\":null,\"currentAvailableQuantity\":\"8\",\"dose_type\":\"-\"},{\"ProductID\":\"300\",\"Product\":\"Rotacart 250mg inj | PS: 1.00 | Qty 13\",\"Name\":\"Rotacart 250mg inj | PS: 1.00 | Qty 13\",\"UnitePrice\":\"140.00\",\"Quantity\":\"2\",\"Total\":\"280\",\"AvailableQuantity\":\"13\",\"taxAmount\":\"0.00\",\"taxPercentage\":null,\"currentAvailableQuantity\":\"13\",\"dose_type\":\"-\"},{\"ProductID\":\"417\",\"Product\":\"STERIFLUID NS 500ML | PS: 1.00 | Qty 26\",\"Name\":\"STERIFLUID NS 500ML | PS: 1.00 | Qty 26\",\"UnitePrice\":\"70.00\",\"Quantity\":\"1\",\"Total\":\"70\",\"AvailableQuantity\":\"26\",\"taxAmount\":\"0.00\",\"taxPercentage\":null,\"currentAvailableQuantity\":\"26\",\"dose_type\":\"-\"},{\"ProductID\":\"469\",\"Product\":\"VENTPRO 500MCG\\/2ML | PS: 6.00 | Qty 17\",\"Name\":\"VENTPRO 500MCG\\/2ML | PS: 6.00 | Qty 17\",\"UnitePrice\":\"46.47\",\"Quantity\":\"2\",\"Total\":\"92.94\",\"AvailableQuantity\":\"17\",\"taxAmount\":\"0.00\",\"taxPercentage\":null,\"currentAvailableQuantity\":\"17\",\"dose_type\":\"-\"},{\"ProductID\":\"183\",\"Product\":\"clenil neb | PS: 10.00 | Qty 8\",\"Name\":\"clenil neb | PS: 10.00 | Qty 8\",\"UnitePrice\":\"94.60\",\"Quantity\":\"1\",\"Total\":\"94.6\",\"AvailableQuantity\":\"8\",\"taxAmount\":\"0.00\",\"taxPercentage\":\"0.00\",\"currentAvailableQuantity\":\"8\",\"dose_type\":\"-\"},{\"ProductID\":\"334\",\"Product\":\"Zindagi IV set Blister | PS: 60.00 | Qty 287\",\"Name\":\"Zindagi IV set Blister | PS: 60.00 | Qty 287\",\"UnitePrice\":\"22.00\",\"Quantity\":\"1\",\"Total\":\"22\",\"AvailableQuantity\":\"287\",\"taxAmount\":\"0.00\",\"taxPercentage\":null,\"currentAvailableQuantity\":\"287\",\"dose_type\":\"-\"},{\"ProductID\":\"326\",\"Product\":\"10cc zindagi Siring | PS: 100.00 | Qty 425\",\"Name\":\"10cc zindagi Siring | PS: 100.00 | Qty 425\",\"UnitePrice\":\"9.00\",\"Quantity\":\"1\",\"Total\":\"9\",\"AvailableQuantity\":\"425\",\"taxAmount\":\"0.00\",\"taxPercentage\":null,\"currentAvailableQuantity\":\"425\",\"dose_type\":\"-\"}]', 1, 'Ward'),
(131, 1, 16, 16, '131', '2025-01-15 00:00:00', 'UMMIA BIBI - AMC-14120625', NULL, 85.00, 0.00, 0, 0, 0, NULL, 12257, '2025-01-15', NULL, NULL, 0, NULL, '[{\"ProductID\":\"299\",\"Product\":\"Rotacort 100mg inj | PS: 1.00 | Qty 7\",\"Name\":\"Rotacort 100mg inj | PS: 1.00 | Qty 7\",\"UnitePrice\":\"85.00\",\"Quantity\":\"1\",\"Total\":\"85\",\"AvailableQuantity\":\"7\",\"taxAmount\":\"0.00\",\"taxPercentage\":null,\"currentAvailableQuantity\":\"7\",\"dose_type\":\"-\"}]', 1, 'Ward'),
(132, 1, 28, 27, '132', '2025-01-15 00:00:00', 'Tariq Mehmood - AMC-15033131', NULL, 360.73, 0.00, 0, 0, 0, NULL, 12257, '2025-01-15', NULL, NULL, 0, NULL, '[{\"ProductID\":\"367\",\"Product\":\"Toraject 30mg inj | PS: 5.00 | Qty 13\",\"Name\":\"Toraject 30mg inj | PS: 5.00 | Qty 13\",\"UnitePrice\":\"80.20\",\"Quantity\":\"1\",\"Total\":\"80.2\",\"AvailableQuantity\":\"13\",\"taxAmount\":\"0.00\",\"taxPercentage\":null,\"currentAvailableQuantity\":\"13\",\"dose_type\":\"-\"},{\"ProductID\":\"28\",\"Product\":\"CALAMOX 1.2Gm Inj | PS: 1.00 | Qty 11\",\"Name\":\"CALAMOX 1.2Gm Inj | PS: 1.00 | Qty 11\",\"UnitePrice\":\"246.53\",\"Quantity\":\"1\",\"Total\":\"246.53\",\"AvailableQuantity\":\"11\",\"taxAmount\":\"0.00\",\"taxPercentage\":\"0.00\",\"currentAvailableQuantity\":\"11\",\"dose_type\":\"-\"},{\"ProductID\":\"15\",\"Product\":\"DRIP SET SMD | PS: 100.00 | Qty 71\",\"Name\":\"DRIP SET SMD | PS: 100.00 | Qty 71\",\"UnitePrice\":\"25.00\",\"Quantity\":\"1\",\"Total\":\"25\",\"AvailableQuantity\":\"71\",\"taxAmount\":\"0.00\",\"taxPercentage\":\"0.00\",\"currentAvailableQuantity\":\"71\",\"dose_type\":\"TDS\"},{\"ProductID\":\"326\",\"Product\":\"10cc zindagi Siring | PS: 100.00 | Qty 424\",\"Name\":\"10cc zindagi Siring | PS: 100.00 | Qty 424\",\"UnitePrice\":\"9.00\",\"Quantity\":\"1\",\"Total\":\"9\",\"AvailableQuantity\":\"424\",\"taxAmount\":\"0.00\",\"taxPercentage\":null,\"currentAvailableQuantity\":\"424\",\"dose_type\":\"-\"},{\"ProductID\":\"422\",\"Product\":\"Sterifluid-5 100ML | PS: 1.00 | Qty 58\",\"Name\":\"Sterifluid-5 100ML | PS: 1.00 | Qty 58\",\"UnitePrice\":\"50.00\",\"Quantity\":\"1\",\"Total\":\"50\",\"AvailableQuantity\":\"58\",\"taxAmount\":\"0.00\",\"taxPercentage\":null,\"currentAvailableQuantity\":\"58\",\"dose_type\":\"-\"}]', 1, 'Ward'),
(133, 1, 16, 16, '133', '2025-01-15 00:00:00', 'UMMIA BIBI - AMC-14120625', NULL, 50.00, 0.00, 0, 0, 0, NULL, 12257, '2025-01-15', NULL, NULL, 0, NULL, '[{\"ProductID\":\"419\",\"Product\":\"STERIFLUID NS 100ML | PS: 1.00 | Qty 62\",\"Name\":\"STERIFLUID NS 100ML | PS: 1.00 | Qty 62\",\"UnitePrice\":\"50.00\",\"Quantity\":\"1\",\"Total\":\"50\",\"AvailableQuantity\":\"62\",\"taxAmount\":\"0.00\",\"taxPercentage\":null,\"currentAvailableQuantity\":\"62\",\"dose_type\":\"-\"}]', 1, 'Ward'),
(134, 1, 22, 22, '134', '2025-01-15 00:00:00', 'UMAR KHAN - AMC-15103828', NULL, 9.00, 0.00, 0, 0, 0, NULL, 12247, '2025-01-15', NULL, NULL, 0, NULL, '[{\"ProductID\":\"302\",\"Product\":\"Celtis-1G inj | PS: 1.00 | Qty 8\",\"Name\":\"Celtis-1G inj | PS: 1.00 | Qty 8\",\"UnitePrice\":\"225.00\",\"Quantity\":\"1\",\"Total\":\"225\",\"AvailableQuantity\":\"8\",\"taxAmount\":\"0.00\",\"taxPercentage\":null,\"currentAvailableQuantity\":\"8\",\"dose_type\":\"TDS\"},{\"ProductID\":\"326\",\"Product\":\"10cc zindagi Siring | PS: 100.00 | Qty 423\",\"Name\":\"10cc zindagi Siring | PS: 100.00 | Qty 423\",\"UnitePrice\":\"9.00\",\"Quantity\":\"1\",\"Total\":\"9\",\"AvailableQuantity\":\"423\",\"taxAmount\":\"0.00\",\"taxPercentage\":null,\"currentAvailableQuantity\":\"423\",\"dose_type\":\"-\"}]', 1, 'Ward'),
(135, 1, 22, 22, '135', '2025-01-15 00:00:00', 'UMAR KHAN - AMC-15103828', NULL, 382.50, 0.00, 0, 0, 0, NULL, 12257, '2025-01-15', NULL, NULL, 0, NULL, '[{\"ProductID\":\"508\",\"Product\":\"CEFXONE 1G INJ | PS: 1.00 | Qty 109\",\"Name\":\"CEFXONE 1G INJ | PS: 1.00 | Qty 109\",\"UnitePrice\":\"382.50\",\"Quantity\":\"1\",\"Total\":\"382.5\",\"AvailableQuantity\":\"109\",\"taxAmount\":\"0.00\",\"taxPercentage\":null,\"currentAvailableQuantity\":\"109\",\"dose_type\":\"TDS\"}]', 1, 'Ward'),
(136, 1, 28, 27, '136', '2025-01-16 00:00:00', 'Tariq Mehmood - AMC-15033131', NULL, 70.00, 0.00, 0, 0, 0, NULL, 12257, '2025-01-16', NULL, NULL, 0, NULL, '[{\"ProductID\":\"413\",\"Product\":\"STERIFLUID RLD 500ML | PS: 1.00 | Qty 25\",\"Name\":\"STERIFLUID RLD 500ML | PS: 1.00 | Qty 25\",\"UnitePrice\":\"70.00\",\"Quantity\":\"1\",\"Total\":\"70\",\"AvailableQuantity\":\"25\",\"taxAmount\":\"0.00\",\"taxPercentage\":null,\"currentAvailableQuantity\":\"25\",\"dose_type\":\"-\"}]', 1, 'Ward'),
(137, 1, 26, 26, '137', '2025-01-16 00:00:00', 'WAQAS IQBAL - AMC-15025245', NULL, 25.00, 0.00, 0, 0, 0, NULL, 12257, '2025-01-16', NULL, NULL, 0, NULL, '[{\"ProductID\":\"15\",\"Product\":\"DRIP SET SMD | PS: 100.00 | Qty 70\",\"Name\":\"DRIP SET SMD | PS: 100.00 | Qty 70\",\"UnitePrice\":\"25.00\",\"Quantity\":\"1\",\"Total\":\"25\",\"AvailableQuantity\":\"70\",\"taxAmount\":\"0.00\",\"taxPercentage\":\"0.00\",\"currentAvailableQuantity\":\"70\",\"dose_type\":\"BD\"}]', 1, 'Ward'),
(138, 1, 22, 22, '138', '2025-01-16 00:00:00', 'UMAR KHAN - AMC-15103828', NULL, 25.00, 0.00, 0, 0, 0, NULL, 12257, '2025-01-16', NULL, NULL, 0, NULL, '[{\"ProductID\":\"15\",\"Product\":\"DRIP SET SMD | PS: 100.00 | Qty 69\",\"Name\":\"DRIP SET SMD | PS: 100.00 | Qty 69\",\"UnitePrice\":\"25.00\",\"Quantity\":\"1\",\"Total\":\"25\",\"AvailableQuantity\":\"69\",\"taxAmount\":\"0.00\",\"taxPercentage\":\"0.00\",\"currentAvailableQuantity\":\"69\",\"dose_type\":\"TDS\"}]', 1, 'Ward'),
(139, 1, 26, 26, '139', '2025-01-16 00:00:00', 'WAQAS IQBAL - AMC-15025245', NULL, 1307.07, 0.00, 0, 0, 0, NULL, 12257, '2025-01-16', NULL, NULL, 0, NULL, '[{\"ProductID\":\"101\",\"Product\":\"BUPIVACAINE sp | PS: 5.00 | Qty 17\",\"Name\":\"BUPIVACAINE sp | PS: 5.00 | Qty 17\",\"UnitePrice\":\"65.00\",\"Quantity\":\"1\",\"Total\":\"65\",\"AvailableQuantity\":\"17\",\"taxAmount\":\"0.00\",\"taxPercentage\":\"0.00\",\"currentAvailableQuantity\":\"17\",\"dose_type\":null},{\"ProductID\":\"311\",\"Product\":\"ODS 8mg inj | PS: 5.00 | Qty 17\",\"Name\":\"ODS 8mg inj | PS: 5.00 | Qty 17\",\"UnitePrice\":\"70.00\",\"Quantity\":\"1\",\"Total\":\"70\",\"AvailableQuantity\":\"17\",\"taxAmount\":\"0.00\",\"taxPercentage\":null,\"currentAvailableQuantity\":\"17\",\"dose_type\":null},{\"ProductID\":\"418\",\"Product\":\"STERIFLUID NS 1000ML | PS: 1.00 | Qty 8\",\"Name\":\"STERIFLUID NS 1000ML | PS: 1.00 | Qty 8\",\"UnitePrice\":\"90.00\",\"Quantity\":\"1\",\"Total\":\"90\",\"AvailableQuantity\":\"8\",\"taxAmount\":\"0.00\",\"taxPercentage\":null,\"currentAvailableQuantity\":\"8\",\"dose_type\":null},{\"ProductID\":\"276\",\"Product\":\"spinal Needle 25G | PS: 1.00 | Qty 26\",\"Name\":\"spinal Needle 25G | PS: 1.00 | Qty 26\",\"UnitePrice\":\"160.00\",\"Quantity\":\"1\",\"Total\":\"160\",\"AvailableQuantity\":\"26\",\"taxAmount\":\"0.00\",\"taxPercentage\":null,\"currentAvailableQuantity\":\"26\",\"dose_type\":null},{\"ProductID\":\"92\",\"Product\":\"S.GLOVES 7.5 Next | PS: 1.00 | Qty 53\",\"Name\":\"S.GLOVES 7.5 Next | PS: 1.00 | Qty 53\",\"UnitePrice\":\"73.00\",\"Quantity\":\"3\",\"Total\":\"219\",\"AvailableQuantity\":\"53\",\"taxAmount\":\"0.00\",\"taxPercentage\":\"0.00\",\"currentAvailableQuantity\":\"53\",\"dose_type\":null},{\"ProductID\":\"402\",\"Product\":\"Cartilead | PS: 1.00 | Qty 1\",\"Name\":\"Cartilead | PS: 1.00 | Qty 1\",\"UnitePrice\":\"190.00\",\"Quantity\":\"1\",\"Total\":\"190\",\"AvailableQuantity\":\"1\",\"taxAmount\":\"0.00\",\"taxPercentage\":null,\"currentAvailableQuantity\":\"1\",\"dose_type\":null},{\"ProductID\":\"272\",\"Product\":\"Neo Medical Tape (Surgical Tape) | PS: 12.00 | Qty 214\",\"Name\":\"Neo Medical Tape (Surgical Tape) | PS: 12.00 | Qty 214\",\"UnitePrice\":\"26.67\",\"Quantity\":\"1\",\"Total\":\"26.67\",\"AvailableQuantity\":\"214\",\"taxAmount\":\"0.00\",\"taxPercentage\":null,\"currentAvailableQuantity\":\"214\",\"dose_type\":null},{\"ProductID\":\"19\",\"Product\":\"PYODINE small | PS: 1.00 | Qty 21\",\"Name\":\"PYODINE small | PS: 1.00 | Qty 21\",\"UnitePrice\":\"225.00\",\"Quantity\":\"1\",\"Total\":\"225\",\"AvailableQuantity\":\"21\",\"taxAmount\":\"0.00\",\"taxPercentage\":\"0.00\",\"currentAvailableQuantity\":\"21\",\"dose_type\":null},{\"ProductID\":\"326\",\"Product\":\"10cc zindagi Siring | PS: 100.00 | Qty 422\",\"Name\":\"10cc zindagi Siring | PS: 100.00 | Qty 422\",\"UnitePrice\":\"9.00\",\"Quantity\":\"3\",\"Total\":\"27\",\"AvailableQuantity\":\"422\",\"taxAmount\":\"0.00\",\"taxPercentage\":null,\"currentAvailableQuantity\":\"422\",\"dose_type\":null},{\"ProductID\":\"331\",\"Product\":\"5cc clinic Syring | PS: 100.00 | Qty 794\",\"Name\":\"5cc clinic Syring | PS: 100.00 | Qty 794\",\"UnitePrice\":\"5.70\",\"Quantity\":\"2\",\"Total\":\"11.4\",\"AvailableQuantity\":\"794\",\"taxAmount\":\"0.00\",\"taxPercentage\":null,\"currentAvailableQuantity\":\"794\",\"dose_type\":null},{\"ProductID\":\"270\",\"Product\":\"Pakband guaze | PS: 10.00 | Qty 129\",\"Name\":\"Pakband guaze | PS: 10.00 | Qty 129\",\"UnitePrice\":\"41.00\",\"Quantity\":\"1\",\"Total\":\"41\",\"AvailableQuantity\":\"129\",\"taxAmount\":\"0.00\",\"taxPercentage\":null,\"currentAvailableQuantity\":\"129\",\"dose_type\":null},{\"ProductID\":\"271\",\"Product\":\"Pakbannd Laps Sponges | PS: 10.00 | Qty 86\",\"Name\":\"Pakbannd Laps Sponges | PS: 10.00 | Qty 86\",\"UnitePrice\":\"69.00\",\"Quantity\":\"1\",\"Total\":\"69\",\"AvailableQuantity\":\"86\",\"taxAmount\":\"0.00\",\"taxPercentage\":null,\"currentAvailableQuantity\":\"86\",\"dose_type\":null},{\"ProductID\":\"501\",\"Product\":\"crept 4 bandage | PS: 1.00 | Qty 9\",\"Name\":\"crept 4 bandage | PS: 1.00 | Qty 9\",\"UnitePrice\":\"70.00\",\"Quantity\":\"1\",\"Total\":\"70\",\"AvailableQuantity\":\"9\",\"taxAmount\":\"0.00\",\"taxPercentage\":null,\"currentAvailableQuantity\":\"9\",\"dose_type\":null},{\"ProductID\":\"257\",\"Product\":\"XYLOCAN GEL | PS: 1.00 | Qty 19\",\"Name\":\"XYLOCAN GEL | PS: 1.00 | Qty 19\",\"UnitePrice\":\"43.00\",\"Quantity\":\"1\",\"Total\":\"43\",\"AvailableQuantity\":\"19\",\"taxAmount\":\"0.00\",\"taxPercentage\":\"0.00\",\"currentAvailableQuantity\":\"19\",\"dose_type\":null}]', 1, 'OT'),
(140, 1, 22, 22, '140', '2025-01-16 00:00:00', 'UMAR KHAN - AMC-15103828', NULL, 391.50, 0.00, 0, 0, 0, NULL, 12257, '2025-01-16', NULL, NULL, 0, NULL, '[{\"ProductID\":\"508\",\"Product\":\"CEFXONE 1G INJ | PS: 1.00 | Qty 108\",\"Name\":\"CEFXONE 1G INJ | PS: 1.00 | Qty 108\",\"UnitePrice\":\"382.50\",\"Quantity\":\"1\",\"Total\":\"382.5\",\"AvailableQuantity\":\"108\",\"taxAmount\":\"0.00\",\"taxPercentage\":null,\"currentAvailableQuantity\":\"108\",\"dose_type\":\"-\"},{\"ProductID\":\"326\",\"Product\":\"10cc zindagi Siring | PS: 100.00 | Qty 419\",\"Name\":\"10cc zindagi Siring | PS: 100.00 | Qty 419\",\"UnitePrice\":\"9.00\",\"Quantity\":\"1\",\"Total\":\"9\",\"AvailableQuantity\":\"419\",\"taxAmount\":\"0.00\",\"taxPercentage\":null,\"currentAvailableQuantity\":\"419\",\"dose_type\":\"-\"}]', 1, 'Ward'),
(141, 1, 26, 26, '141', '2025-01-16 00:00:00', 'WAQAS IQBAL - AMC-15025245', NULL, 636.72, 0.00, 0, 0, 0, NULL, 12257, '2025-01-16', NULL, NULL, 0, NULL, '[{\"ProductID\":\"413\",\"Product\":\"STERIFLUID RLD 500ML | PS: 1.00 | Qty 24\",\"Name\":\"STERIFLUID RLD 500ML | PS: 1.00 | Qty 24\",\"UnitePrice\":\"70.00\",\"Quantity\":\"1\",\"Total\":\"70\",\"AvailableQuantity\":\"24\",\"taxAmount\":\"0.00\",\"taxPercentage\":null,\"currentAvailableQuantity\":\"24\",\"dose_type\":\"-\"},{\"ProductID\":\"468\",\"Product\":\"TORAJECT 30MG\\/ML INJ | PS: 5.00 | Qty 45\",\"Name\":\"TORAJECT 30MG\\/ML INJ | PS: 5.00 | Qty 45\",\"UnitePrice\":\"80.22\",\"Quantity\":\"1\",\"Total\":\"80.22\",\"AvailableQuantity\":\"45\",\"taxAmount\":\"0.00\",\"taxPercentage\":null,\"currentAvailableQuantity\":\"45\",\"dose_type\":\"-\"},{\"ProductID\":\"311\",\"Product\":\"ODS 8mg inj | PS: 5.00 | Qty 16\",\"Name\":\"ODS 8mg inj | PS: 5.00 | Qty 16\",\"UnitePrice\":\"70.00\",\"Quantity\":\"1\",\"Total\":\"70\",\"AvailableQuantity\":\"16\",\"taxAmount\":\"0.00\",\"taxPercentage\":null,\"currentAvailableQuantity\":\"16\",\"dose_type\":\"-\"},{\"ProductID\":\"508\",\"Product\":\"CEFXONE 1G INJ | PS: 1.00 | Qty 107\",\"Name\":\"CEFXONE 1G INJ | PS: 1.00 | Qty 107\",\"UnitePrice\":\"382.50\",\"Quantity\":\"1\",\"Total\":\"382.5\",\"AvailableQuantity\":\"107\",\"taxAmount\":\"0.00\",\"taxPercentage\":null,\"currentAvailableQuantity\":\"107\",\"dose_type\":\"-\"},{\"ProductID\":\"15\",\"Product\":\"DRIP SET SMD | PS: 100.00 | Qty 68\",\"Name\":\"DRIP SET SMD | PS: 100.00 | Qty 68\",\"UnitePrice\":\"25.00\",\"Quantity\":\"1\",\"Total\":\"25\",\"AvailableQuantity\":\"68\",\"taxAmount\":\"0.00\",\"taxPercentage\":\"0.00\",\"currentAvailableQuantity\":\"68\",\"dose_type\":\"-\"},{\"ProductID\":\"326\",\"Product\":\"10cc zindagi Siring | PS: 100.00 | Qty 418\",\"Name\":\"10cc zindagi Siring | PS: 100.00 | Qty 418\",\"UnitePrice\":\"9.00\",\"Quantity\":\"1\",\"Total\":\"9\",\"AvailableQuantity\":\"418\",\"taxAmount\":\"0.00\",\"taxPercentage\":null,\"currentAvailableQuantity\":\"418\",\"dose_type\":\"-\"}]', 1, 'Ward'),
(142, 1, 28, 27, '142', '2025-01-16 00:00:00', 'Tariq Mehmood - AMC-15033131', NULL, 595.75, 0.00, 0, 0, 0, NULL, 12257, '2025-01-16', NULL, NULL, 0, NULL, '[{\"ProductID\":\"28\",\"Product\":\"CALAMOX 1.2Gm Inj | PS: 1.00 | Qty 10\",\"Name\":\"CALAMOX 1.2Gm Inj | PS: 1.00 | Qty 10\",\"UnitePrice\":\"246.53\",\"Quantity\":\"1\",\"Total\":\"246.53\",\"AvailableQuantity\":\"10\",\"taxAmount\":\"0.00\",\"taxPercentage\":\"0.00\",\"currentAvailableQuantity\":\"10\",\"dose_type\":\"-\"},{\"ProductID\":\"468\",\"Product\":\"TORAJECT 30MG\\/ML INJ | PS: 5.00 | Qty 44\",\"Name\":\"TORAJECT 30MG\\/ML INJ | PS: 5.00 | Qty 44\",\"UnitePrice\":\"80.22\",\"Quantity\":\"1\",\"Total\":\"80.22\",\"AvailableQuantity\":\"44\",\"taxAmount\":\"0.00\",\"taxPercentage\":null,\"currentAvailableQuantity\":\"44\",\"dose_type\":\"-\"},{\"ProductID\":\"312\",\"Product\":\"Novetamol 1g inf | PS: 1.00 | Qty 24\",\"Name\":\"Novetamol 1g inf | PS: 1.00 | Qty 24\",\"UnitePrice\":\"115.00\",\"Quantity\":\"1\",\"Total\":\"115\",\"AvailableQuantity\":\"24\",\"taxAmount\":\"0.00\",\"taxPercentage\":null,\"currentAvailableQuantity\":\"24\",\"dose_type\":\"-\"},{\"ProductID\":\"306\",\"Product\":\"Novazol 500mg inf | PS: 1.00 | Qty 25\",\"Name\":\"Novazol 500mg inf | PS: 1.00 | Qty 25\",\"UnitePrice\":\"95.00\",\"Quantity\":\"1\",\"Total\":\"95\",\"AvailableQuantity\":\"25\",\"taxAmount\":\"0.00\",\"taxPercentage\":null,\"currentAvailableQuantity\":\"25\",\"dose_type\":\"-\"},{\"ProductID\":\"422\",\"Product\":\"Sterifluid-5 100ML | PS: 1.00 | Qty 57\",\"Name\":\"Sterifluid-5 100ML | PS: 1.00 | Qty 57\",\"UnitePrice\":\"50.00\",\"Quantity\":\"1\",\"Total\":\"50\",\"AvailableQuantity\":\"57\",\"taxAmount\":\"0.00\",\"taxPercentage\":null,\"currentAvailableQuantity\":\"57\",\"dose_type\":\"-\"},{\"ProductID\":\"326\",\"Product\":\"10cc zindagi Siring | PS: 100.00 | Qty 417\",\"Name\":\"10cc zindagi Siring | PS: 100.00 | Qty 417\",\"UnitePrice\":\"9.00\",\"Quantity\":\"1\",\"Total\":\"9\",\"AvailableQuantity\":\"417\",\"taxAmount\":\"0.00\",\"taxPercentage\":null,\"currentAvailableQuantity\":\"417\",\"dose_type\":\"-\"}]', 1, 'Ward'),
(143, 1, 16, 16, '143', '2025-01-16 00:00:00', 'UMMIA BIBI - AMC-14120625', NULL, 739.40, 0.00, 0, 0, 0, NULL, 12257, '2025-01-16', NULL, NULL, 0, NULL, '[{\"ProductID\":\"299\",\"Product\":\"Rotacort 100mg inj | PS: 1.00 | Qty 6\",\"Name\":\"Rotacort 100mg inj | PS: 1.00 | Qty 6\",\"UnitePrice\":\"85.00\",\"Quantity\":\"1\",\"Total\":\"85\",\"AvailableQuantity\":\"6\",\"taxAmount\":\"0.00\",\"taxPercentage\":null,\"currentAvailableQuantity\":\"6\",\"dose_type\":\"-\"},{\"ProductID\":\"493\",\"Product\":\"clenil neubilization | PS: 10.00 | Qty 18\",\"Name\":\"clenil neubilization | PS: 10.00 | Qty 18\",\"UnitePrice\":\"94.60\",\"Quantity\":\"1\",\"Total\":\"94.6\",\"AvailableQuantity\":\"18\",\"taxAmount\":\"0.00\",\"taxPercentage\":null,\"currentAvailableQuantity\":\"18\",\"dose_type\":\"-\"},{\"ProductID\":\"326\",\"Product\":\"10cc zindagi Siring | PS: 100.00 | Qty 416\",\"Name\":\"10cc zindagi Siring | PS: 100.00 | Qty 416\",\"UnitePrice\":\"9.00\",\"Quantity\":\"1\",\"Total\":\"9\",\"AvailableQuantity\":\"416\",\"taxAmount\":\"0.00\",\"taxPercentage\":null,\"currentAvailableQuantity\":\"416\",\"dose_type\":\"-\"},{\"ProductID\":\"466\",\"Product\":\"SERGIFEX 500MG INJ | PS: 1.00 | Qty 8\",\"Name\":\"SERGIFEX 500MG INJ | PS: 1.00 | Qty 8\",\"UnitePrice\":\"212.50\",\"Quantity\":\"1\",\"Total\":\"212.5\",\"AvailableQuantity\":\"8\",\"taxAmount\":\"0.00\",\"taxPercentage\":null,\"currentAvailableQuantity\":\"8\",\"dose_type\":\"-\"},{\"ProductID\":\"467\",\"Product\":\"SERGIFEX 1G INJ | PS: 1.00 | Qty 8\",\"Name\":\"SERGIFEX 1G INJ | PS: 1.00 | Qty 8\",\"UnitePrice\":\"338.30\",\"Quantity\":\"1\",\"Total\":\"338.3\",\"AvailableQuantity\":\"8\",\"taxAmount\":\"0.00\",\"taxPercentage\":null,\"currentAvailableQuantity\":\"8\",\"dose_type\":\"-\"}]', 1, 'Ward'),
(144, 1, 22, 22, '144', '2025-01-16 00:00:00', 'UMAR KHAN - AMC-15103828', NULL, 210.00, 0.00, 0, 0, 0, NULL, 12257, '2025-01-16', NULL, NULL, 0, NULL, '[{\"ProductID\":\"312\",\"Product\":\"Novetamol 1g inf | PS: 1.00 | Qty 23\",\"Name\":\"Novetamol 1g inf | PS: 1.00 | Qty 23\",\"UnitePrice\":\"115.00\",\"Quantity\":\"1\",\"Total\":\"115\",\"AvailableQuantity\":\"23\",\"taxAmount\":\"0.00\",\"taxPercentage\":null,\"currentAvailableQuantity\":\"23\",\"dose_type\":\"-\"},{\"ProductID\":\"306\",\"Product\":\"Novazol 500mg inf | PS: 1.00 | Qty 24\",\"Name\":\"Novazol 500mg inf | PS: 1.00 | Qty 24\",\"UnitePrice\":\"95.00\",\"Quantity\":\"1\",\"Total\":\"95\",\"AvailableQuantity\":\"24\",\"taxAmount\":\"0.00\",\"taxPercentage\":null,\"currentAvailableQuantity\":\"24\",\"dose_type\":\"-\"}]', 1, 'Ward'),
(145, 1, 26, 26, '145', '2025-01-16 00:00:00', 'WAQAS IQBAL - AMC-15025245', NULL, 115.00, 0.00, 0, 0, 0, NULL, 12257, '2025-01-16', NULL, NULL, 0, NULL, '[{\"ProductID\":\"312\",\"Product\":\"Novetamol 1g inf | PS: 1.00 | Qty 22\",\"Name\":\"Novetamol 1g inf | PS: 1.00 | Qty 22\",\"UnitePrice\":\"115.00\",\"Quantity\":\"1\",\"Total\":\"115\",\"AvailableQuantity\":\"22\",\"taxAmount\":\"0.00\",\"taxPercentage\":null,\"currentAvailableQuantity\":\"22\",\"dose_type\":\"-\"}]', 1, 'Ward'),
(146, 1, 22, 22, '146', '2025-01-16 00:00:00', 'UMAR KHAN - AMC-15103828', NULL, 87.72, 0.00, 0, 0, 0, NULL, 12257, '2025-01-16', NULL, NULL, 0, NULL, '[{\"ProductID\":\"454\",\"Product\":\"WATER FOR INJ | PS: 100.00 | Qty 99\",\"Name\":\"WATER FOR INJ | PS: 100.00 | Qty 99\",\"UnitePrice\":\"7.50\",\"Quantity\":\"1\",\"Total\":\"7.5\",\"AvailableQuantity\":\"99\",\"taxAmount\":\"0.00\",\"taxPercentage\":null,\"currentAvailableQuantity\":\"99\",\"dose_type\":\"-\"},{\"ProductID\":\"468\",\"Product\":\"TORAJECT 30MG\\/ML INJ | PS: 5.00 | Qty 43\",\"Name\":\"TORAJECT 30MG\\/ML INJ | PS: 5.00 | Qty 43\",\"UnitePrice\":\"80.22\",\"Quantity\":\"1\",\"Total\":\"80.22\",\"AvailableQuantity\":\"43\",\"taxAmount\":\"0.00\",\"taxPercentage\":null,\"currentAvailableQuantity\":\"43\",\"dose_type\":\"-\"}]', 1, 'Ward'),
(147, 1, 21, 21, '147', '2025-01-16 00:00:00', 'ZAKIA BIBI - AMC-15100139', NULL, 46.50, 0.00, 0, 0, 0, NULL, 12257, '2025-01-16', NULL, NULL, 0, NULL, '[{\"ProductID\":\"475\",\"Product\":\"dicloran 75mg\\/3ml inj | PS: 5.00 | Qty 4\",\"Name\":\"dicloran 75mg\\/3ml inj | PS: 5.00 | Qty 4\",\"UnitePrice\":\"40.80\",\"Quantity\":\"1\",\"Total\":\"40.8\",\"AvailableQuantity\":\"4\",\"taxAmount\":\"0.00\",\"taxPercentage\":null,\"currentAvailableQuantity\":\"4\",\"dose_type\":\"-\"},{\"ProductID\":\"331\",\"Product\":\"5cc clinic Syring | PS: 100.00 | Qty 792\",\"Name\":\"5cc clinic Syring | PS: 100.00 | Qty 792\",\"UnitePrice\":\"5.70\",\"Quantity\":\"1\",\"Total\":\"5.7\",\"AvailableQuantity\":\"792\",\"taxAmount\":\"0.00\",\"taxPercentage\":null,\"currentAvailableQuantity\":\"792\",\"dose_type\":\"-\"}]', 1, 'Ward');
INSERT INTO `sale` (`SaleID`, `SCID`, `patient_id`, `admission_id`, `InvoiceNo`, `Date`, `Description`, `TNo`, `TotalSale`, `received_amount`, `Discount`, `SalemanID`, `SalemanCommesion`, `CustomerMobile`, `CreatedBy`, `CreatedAt`, `ModifiedBy`, `ModifiedAt`, `SalemanCommesionStatus`, `sale_descriptions`, `bill_details`, `is_sehat_card`, `medicine_type`) VALUES
(148, 1, 29, 30, '148', '2025-01-16 00:00:00', 'HILAL KHAN - AMC-16095046', NULL, 2368.67, 0.00, 0, 0, 0, NULL, 12257, '2025-01-16', NULL, NULL, 0, NULL, '[{\"ProductID\":\"482\",\"Product\":\"BTL+DIALYZER (FX10) | PS: 1.00 | Qty 45\",\"Name\":\"BTL+DIALYZER (FX10) | PS: 1.00 | Qty 45\",\"UnitePrice\":\"1610.00\",\"Quantity\":\"1\",\"Total\":\"1610\",\"AvailableQuantity\":\"45\",\"taxAmount\":\"0.00\",\"taxPercentage\":null,\"currentAvailableQuantity\":\"45\",\"dose_type\":null},{\"ProductID\":\"483\",\"Product\":\"PART-A & B DIALYSIS (VITA | PS: 1.00 | Qty 45\",\"Name\":\"PART-A & B DIALYSIS (VITA | PS: 1.00 | Qty 45\",\"UnitePrice\":\"460.00\",\"Quantity\":\"1\",\"Total\":\"460\",\"AvailableQuantity\":\"45\",\"taxAmount\":\"0.00\",\"taxPercentage\":null,\"currentAvailableQuantity\":\"45\",\"dose_type\":null},{\"ProductID\":\"418\",\"Product\":\"STERIFLUID NS 1000ML | PS: 1.00 | Qty 7\",\"Name\":\"STERIFLUID NS 1000ML | PS: 1.00 | Qty 7\",\"UnitePrice\":\"90.00\",\"Quantity\":\"1\",\"Total\":\"90\",\"AvailableQuantity\":\"7\",\"taxAmount\":\"0.00\",\"taxPercentage\":null,\"currentAvailableQuantity\":\"7\",\"dose_type\":null},{\"ProductID\":\"15\",\"Product\":\"DRIP SET SMD | PS: 100.00 | Qty 67\",\"Name\":\"DRIP SET SMD | PS: 100.00 | Qty 67\",\"UnitePrice\":\"25.00\",\"Quantity\":\"1\",\"Total\":\"25\",\"AvailableQuantity\":\"67\",\"taxAmount\":\"0.00\",\"taxPercentage\":\"0.00\",\"currentAvailableQuantity\":\"67\",\"dose_type\":null},{\"ProductID\":\"326\",\"Product\":\"10cc zindagi Siring | PS: 100.00 | Qty 416\",\"Name\":\"10cc zindagi Siring | PS: 100.00 | Qty 416\",\"UnitePrice\":\"9.00\",\"Quantity\":\"3\",\"Total\":\"27\",\"AvailableQuantity\":\"416\",\"taxAmount\":\"0.00\",\"taxPercentage\":null,\"currentAvailableQuantity\":\"416\",\"dose_type\":null},{\"ProductID\":\"272\",\"Product\":\"Neo Medical Tape (Surgical Tape) | PS: 12.00 | Qty 213\",\"Name\":\"Neo Medical Tape (Surgical Tape) | PS: 12.00 | Qty 213\",\"UnitePrice\":\"26.67\",\"Quantity\":\"1\",\"Total\":\"26.67\",\"AvailableQuantity\":\"213\",\"taxAmount\":\"0.00\",\"taxPercentage\":null,\"currentAvailableQuantity\":\"213\",\"dose_type\":null},{\"ProductID\":\"484\",\"Product\":\"FISTULA NEEDLE (VITA) | PS: 1.00 | Qty 47\",\"Name\":\"FISTULA NEEDLE (VITA) | PS: 1.00 | Qty 47\",\"UnitePrice\":\"130.00\",\"Quantity\":\"1\",\"Total\":\"130\",\"AvailableQuantity\":\"47\",\"taxAmount\":\"0.00\",\"taxPercentage\":null,\"currentAvailableQuantity\":\"47\",\"dose_type\":null}]', 1, 'OT'),
(149, 1, 21, 21, '149', '2025-01-16 00:00:00', 'ZAKIA BIBI - AMC-15100139', NULL, 329.40, 0.00, 0, 0, 0, NULL, 12257, '2025-01-16', NULL, NULL, 0, NULL, '[{\"ProductID\":\"379\",\"Product\":\"Artifen 50mg Tab | PS: 100.00 | Qty 580\",\"Name\":\"Artifen 50mg Tab | PS: 100.00 | Qty 580\",\"UnitePrice\":\"6.55\",\"Quantity\":\"10\",\"Total\":\"65.5\",\"AvailableQuantity\":\"580\",\"taxAmount\":\"0.00\",\"taxPercentage\":null,\"currentAvailableQuantity\":\"580\",\"dose_type\":\"BD\"},{\"ProductID\":\"530\",\"Product\":\"thiolox 4mg cap | PS: 20.00 | Qty 10\",\"Name\":\"thiolox 4mg cap | PS: 20.00 | Qty 10\",\"UnitePrice\":\"26.39\",\"Quantity\":\"10\",\"Total\":\"263.9\",\"AvailableQuantity\":\"10\",\"taxAmount\":\"0.00\",\"taxPercentage\":null,\"currentAvailableQuantity\":\"10\",\"dose_type\":\"BD\"}]', 1, 'Home'),
(150, 1, 26, 26, '150', '2025-01-16 00:00:00', 'WAQAS IQBAL - AMC-15025245', NULL, 727.25, 0.00, 0, 0, 0, NULL, 12257, '2025-01-16', NULL, NULL, 0, NULL, '[{\"ProductID\":\"323\",\"Product\":\"Orcid 500mg Tab | PS: 10.00 | Qty 190\",\"Name\":\"Orcid 500mg Tab | PS: 10.00 | Qty 190\",\"UnitePrice\":\"47.50\",\"Quantity\":\"10\",\"Total\":\"475\",\"AvailableQuantity\":\"190\",\"taxAmount\":\"0.00\",\"taxPercentage\":null,\"currentAvailableQuantity\":\"190\",\"dose_type\":\"BD\"},{\"ProductID\":\"379\",\"Product\":\"Artifen 50mg Tab | PS: 100.00 | Qty 570\",\"Name\":\"Artifen 50mg Tab | PS: 100.00 | Qty 570\",\"UnitePrice\":\"6.55\",\"Quantity\":\"10\",\"Total\":\"65.5\",\"AvailableQuantity\":\"570\",\"taxAmount\":\"0.00\",\"taxPercentage\":null,\"currentAvailableQuantity\":\"570\",\"dose_type\":\"BD\"},{\"ProductID\":\"458\",\"Product\":\"Laxoberon liquid | PS: 1.00 | Qty 1\",\"Name\":\"Laxoberon liquid | PS: 1.00 | Qty 1\",\"UnitePrice\":\"155.55\",\"Quantity\":\"1\",\"Total\":\"155.55\",\"AvailableQuantity\":\"1\",\"taxAmount\":\"0.00\",\"taxPercentage\":null,\"currentAvailableQuantity\":\"1\",\"dose_type\":\"-\"},{\"ProductID\":\"403\",\"Product\":\"Riam 400mg Tab | PS: 100.00 | Qty 140\",\"Name\":\"Riam 400mg Tab | PS: 100.00 | Qty 140\",\"UnitePrice\":\"3.12\",\"Quantity\":\"10\",\"Total\":\"31.200000000000003\",\"AvailableQuantity\":\"140\",\"taxAmount\":\"0.00\",\"taxPercentage\":null,\"currentAvailableQuantity\":\"140\",\"dose_type\":\"BD\"}]', 1, 'Home'),
(151, 1, 26, 26, '151', '2025-01-16 00:00:00', 'WAQAS IQBAL - AMC-15025245', NULL, 155.55, 0.00, 0, 0, 0, NULL, 12257, '2025-01-16', NULL, NULL, 0, NULL, '[{\"ProductID\":\"323\",\"Product\":\"Orcid 500mg Tab | PS: 10.00 | Qty 190\",\"Name\":\"Orcid 500mg Tab | PS: 10.00 | Qty 190\",\"UnitePrice\":\"47.50\",\"Quantity\":\"10\",\"Total\":\"475\",\"AvailableQuantity\":\"190\",\"taxAmount\":\"0.00\",\"taxPercentage\":null,\"currentAvailableQuantity\":\"190\",\"dose_type\":\"BD\"},{\"ProductID\":\"379\",\"Product\":\"Artifen 50mg Tab | PS: 100.00 | Qty 570\",\"Name\":\"Artifen 50mg Tab | PS: 100.00 | Qty 570\",\"UnitePrice\":\"6.55\",\"Quantity\":\"10\",\"Total\":\"65.5\",\"AvailableQuantity\":\"570\",\"taxAmount\":\"0.00\",\"taxPercentage\":null,\"currentAvailableQuantity\":\"570\",\"dose_type\":\"BD\"},{\"ProductID\":\"458\",\"Product\":\"Laxoberon liquid | PS: 1.00 | Qty 1\",\"Name\":\"Laxoberon liquid | PS: 1.00 | Qty 1\",\"UnitePrice\":\"155.55\",\"Quantity\":\"1\",\"Total\":\"155.55\",\"AvailableQuantity\":\"1\",\"taxAmount\":\"0.00\",\"taxPercentage\":null,\"currentAvailableQuantity\":\"1\",\"dose_type\":\"-\"},{\"ProductID\":\"403\",\"Product\":\"Riam 400mg Tab | PS: 100.00 | Qty 140\",\"Name\":\"Riam 400mg Tab | PS: 100.00 | Qty 140\",\"UnitePrice\":\"3.12\",\"Quantity\":\"10\",\"Total\":\"31.200000000000003\",\"AvailableQuantity\":\"140\",\"taxAmount\":\"0.00\",\"taxPercentage\":null,\"currentAvailableQuantity\":\"140\",\"dose_type\":\"BD\"}]', 1, 'Home'),
(152, 1, 22, 22, '152', '2025-01-16 00:00:00', 'UMAR KHAN - AMC-15103828', NULL, 969.80, 0.00, 0, 0, 0, NULL, 12257, '2025-01-16', NULL, NULL, 0, NULL, '[{\"ProductID\":\"323\",\"Product\":\"Orcid 500mg Tab | PS: 10.00 | Qty 170\",\"Name\":\"Orcid 500mg Tab | PS: 10.00 | Qty 170\",\"UnitePrice\":\"47.50\",\"Quantity\":\"10\",\"Total\":\"475\",\"AvailableQuantity\":\"170\",\"taxAmount\":\"0.00\",\"taxPercentage\":null,\"currentAvailableQuantity\":\"170\",\"dose_type\":\"BD\"},{\"ProductID\":\"403\",\"Product\":\"Riam 400mg Tab | PS: 100.00 | Qty 120\",\"Name\":\"Riam 400mg Tab | PS: 100.00 | Qty 120\",\"UnitePrice\":\"3.12\",\"Quantity\":\"15\",\"Total\":\"46.800000000000004\",\"AvailableQuantity\":\"120\",\"taxAmount\":\"0.00\",\"taxPercentage\":null,\"currentAvailableQuantity\":\"120\",\"dose_type\":\"TDS\"},{\"ProductID\":\"457\",\"Product\":\"AULATIN OINTMENT | PS: 1.00 | Qty 3\",\"Name\":\"AULATIN OINTMENT | PS: 1.00 | Qty 3\",\"UnitePrice\":\"382.50\",\"Quantity\":\"1\",\"Total\":\"382.5\",\"AvailableQuantity\":\"3\",\"taxAmount\":\"0.00\",\"taxPercentage\":null,\"currentAvailableQuantity\":\"3\",\"dose_type\":\"TDS\"},{\"ProductID\":\"379\",\"Product\":\"Artifen 50mg Tab | PS: 100.00 | Qty 550\",\"Name\":\"Artifen 50mg Tab | PS: 100.00 | Qty 550\",\"UnitePrice\":\"6.55\",\"Quantity\":\"10\",\"Total\":\"65.5\",\"AvailableQuantity\":\"550\",\"taxAmount\":\"0.00\",\"taxPercentage\":null,\"currentAvailableQuantity\":\"550\",\"dose_type\":\"BD\"}]', 1, 'Home'),
(153, 1, 22, 22, '153', '2025-01-16 00:00:00', 'UMAR KHAN - AMC-15103828', NULL, 243.55, 0.00, 0, 0, 0, NULL, 12257, '2025-01-16', NULL, NULL, 0, NULL, '[{\"ProductID\":\"398\",\"Product\":\"Duphalac Syp | PS: 1.00 | Qty 2\",\"Name\":\"Duphalac Syp | PS: 1.00 | Qty 2\",\"UnitePrice\":\"243.55\",\"Quantity\":\"1\",\"Total\":\"243.55\",\"AvailableQuantity\":\"2\",\"taxAmount\":\"0.00\",\"taxPercentage\":null,\"currentAvailableQuantity\":\"2\",\"dose_type\":\"-\"}]', 1, 'Home'),
(154, 1, 28, 27, '154', '2025-01-16 00:00:00', 'Tariq Mehmood - AMC-15033131', NULL, 625.75, 0.00, 0, 0, 0, NULL, 12257, '2025-01-16', NULL, NULL, 0, NULL, '[{\"ProductID\":\"425\",\"Product\":\"calamox 1gm tab | PS: 6.00 | Qty 300\",\"Name\":\"calamox 1gm tab | PS: 6.00 | Qty 300\",\"UnitePrice\":\"40.47\",\"Quantity\":\"10\",\"Total\":\"404.7\",\"AvailableQuantity\":\"300\",\"taxAmount\":\"0.00\",\"taxPercentage\":null,\"currentAvailableQuantity\":\"300\",\"dose_type\":\"BD\"},{\"ProductID\":\"379\",\"Product\":\"Artifen 50mg Tab | PS: 100.00 | Qty 540\",\"Name\":\"Artifen 50mg Tab | PS: 100.00 | Qty 540\",\"UnitePrice\":\"6.55\",\"Quantity\":\"10\",\"Total\":\"65.5\",\"AvailableQuantity\":\"540\",\"taxAmount\":\"0.00\",\"taxPercentage\":null,\"currentAvailableQuantity\":\"540\",\"dose_type\":\"-\"},{\"ProductID\":\"458\",\"Product\":\"Laxoberon liquid | PS: 1.00 | Qty 2\",\"Name\":\"Laxoberon liquid | PS: 1.00 | Qty 2\",\"UnitePrice\":\"155.55\",\"Quantity\":\"1\",\"Total\":\"155.55\",\"AvailableQuantity\":\"2\",\"taxAmount\":\"0.00\",\"taxPercentage\":null,\"currentAvailableQuantity\":\"2\",\"dose_type\":\"-\"}]', 1, 'Home'),
(155, 1, 16, 16, '155', '2025-01-16 00:00:00', 'UMMIA BIBI - AMC-14120625', NULL, 46.47, 0.00, 0, 0, 0, NULL, 12257, '2025-01-16', NULL, NULL, 0, NULL, '[{\"ProductID\":\"469\",\"Product\":\"VENTPRO 500MCG\\/2ML | PS: 6.00 | Qty 15\",\"Name\":\"VENTPRO 500MCG\\/2ML | PS: 6.00 | Qty 15\",\"UnitePrice\":\"46.47\",\"Quantity\":\"1\",\"Total\":\"46.47\",\"AvailableQuantity\":\"15\",\"taxAmount\":\"0.00\",\"taxPercentage\":null,\"currentAvailableQuantity\":\"15\",\"dose_type\":\"-\"}]', 1, 'Ward'),
(156, 1, 30, 32, '156', '2025-01-16 00:00:00', 'FAIZAN AFSAR - AMC-16111849', NULL, 117.67, 0.00, 0, 0, 0, NULL, 12257, '2025-01-16', NULL, NULL, 0, NULL, '[{\"ProductID\":\"156\",\"Product\":\"Cannula IV introcan 18 g | PS: 50.00 | Qty 49\",\"Name\":\"Cannula IV introcan 18 g | PS: 50.00 | Qty 49\",\"UnitePrice\":\"82.00\",\"Quantity\":\"1\",\"Total\":\"82\",\"AvailableQuantity\":\"49\",\"taxAmount\":\"0.00\",\"taxPercentage\":\"0.00\",\"currentAvailableQuantity\":\"49\",\"dose_type\":\"-\"},{\"ProductID\":\"326\",\"Product\":\"10cc zindagi Siring | PS: 100.00 | Qty 413\",\"Name\":\"10cc zindagi Siring | PS: 100.00 | Qty 413\",\"UnitePrice\":\"9.00\",\"Quantity\":\"1\",\"Total\":\"9\",\"AvailableQuantity\":\"413\",\"taxAmount\":\"0.00\",\"taxPercentage\":null,\"currentAvailableQuantity\":\"413\",\"dose_type\":\"-\"},{\"ProductID\":\"272\",\"Product\":\"Neo Medical Tape (Surgical Tape) | PS: 12.00 | Qty 212\",\"Name\":\"Neo Medical Tape (Surgical Tape) | PS: 12.00 | Qty 212\",\"UnitePrice\":\"26.67\",\"Quantity\":\"1\",\"Total\":\"26.67\",\"AvailableQuantity\":\"212\",\"taxAmount\":\"0.00\",\"taxPercentage\":null,\"currentAvailableQuantity\":\"212\",\"dose_type\":\"-\"}]', 1, 'Ward'),
(157, 1, 32, 35, '157', '2025-01-16 00:00:00', 'raweda bibi - AMC-16010050', NULL, 2368.67, 0.00, 0, 0, 0, NULL, 12257, '2025-01-16', NULL, NULL, 0, NULL, '[{\"ProductID\":\"482\",\"Product\":\"BTL+DIALYZER (FX10) | PS: 1.00 | Qty 44\",\"Name\":\"BTL+DIALYZER (FX10) | PS: 1.00 | Qty 44\",\"UnitePrice\":\"1610.00\",\"Quantity\":\"1\",\"Total\":\"1610\",\"AvailableQuantity\":\"44\",\"taxAmount\":\"0.00\",\"taxPercentage\":null,\"currentAvailableQuantity\":\"44\",\"dose_type\":null},{\"ProductID\":\"483\",\"Product\":\"PART-A & B DIALYSIS (VITA | PS: 1.00 | Qty 44\",\"Name\":\"PART-A & B DIALYSIS (VITA | PS: 1.00 | Qty 44\",\"UnitePrice\":\"460.00\",\"Quantity\":\"1\",\"Total\":\"460\",\"AvailableQuantity\":\"44\",\"taxAmount\":\"0.00\",\"taxPercentage\":null,\"currentAvailableQuantity\":\"44\",\"dose_type\":null},{\"ProductID\":\"484\",\"Product\":\"FISTULA NEEDLE (VITA) | PS: 1.00 | Qty 46\",\"Name\":\"FISTULA NEEDLE (VITA) | PS: 1.00 | Qty 46\",\"UnitePrice\":\"130.00\",\"Quantity\":\"1\",\"Total\":\"130\",\"AvailableQuantity\":\"46\",\"taxAmount\":\"0.00\",\"taxPercentage\":null,\"currentAvailableQuantity\":\"46\",\"dose_type\":null},{\"ProductID\":\"15\",\"Product\":\"DRIP SET SMD | PS: 100.00 | Qty 66\",\"Name\":\"DRIP SET SMD | PS: 100.00 | Qty 66\",\"UnitePrice\":\"25.00\",\"Quantity\":\"1\",\"Total\":\"25\",\"AvailableQuantity\":\"66\",\"taxAmount\":\"0.00\",\"taxPercentage\":\"0.00\",\"currentAvailableQuantity\":\"66\",\"dose_type\":null},{\"ProductID\":\"326\",\"Product\":\"10cc zindagi Siring | PS: 100.00 | Qty 412\",\"Name\":\"10cc zindagi Siring | PS: 100.00 | Qty 412\",\"UnitePrice\":\"9.00\",\"Quantity\":\"3\",\"Total\":\"27\",\"AvailableQuantity\":\"412\",\"taxAmount\":\"0.00\",\"taxPercentage\":null,\"currentAvailableQuantity\":\"412\",\"dose_type\":null},{\"ProductID\":\"418\",\"Product\":\"STERIFLUID NS 1000ML | PS: 1.00 | Qty 6\",\"Name\":\"STERIFLUID NS 1000ML | PS: 1.00 | Qty 6\",\"UnitePrice\":\"90.00\",\"Quantity\":\"1\",\"Total\":\"90\",\"AvailableQuantity\":\"6\",\"taxAmount\":\"0.00\",\"taxPercentage\":null,\"currentAvailableQuantity\":\"6\",\"dose_type\":null},{\"ProductID\":\"272\",\"Product\":\"Neo Medical Tape (Surgical Tape) | PS: 12.00 | Qty 211\",\"Name\":\"Neo Medical Tape (Surgical Tape) | PS: 12.00 | Qty 211\",\"UnitePrice\":\"26.67\",\"Quantity\":\"1\",\"Total\":\"26.67\",\"AvailableQuantity\":\"211\",\"taxAmount\":\"0.00\",\"taxPercentage\":null,\"currentAvailableQuantity\":\"211\",\"dose_type\":null}]', 1, 'OT'),
(158, 1, 30, 32, '158', '2025-01-16 00:00:00', 'FAIZAN AFSAR - AMC-16111849', NULL, 1539.29, 0.00, 0, 0, 0, NULL, 12257, '2025-01-16', NULL, NULL, 0, NULL, '[{\"ProductID\":\"3\",\"Product\":\"INJ PROFOL | PS: 1.00 | Qty 14\",\"Name\":\"INJ PROFOL | PS: 1.00 | Qty 14\",\"UnitePrice\":\"280.00\",\"Quantity\":\"1\",\"Total\":\"280\",\"AvailableQuantity\":\"14\",\"taxAmount\":\"0.00\",\"taxPercentage\":\"0.00\",\"currentAvailableQuantity\":\"14\",\"dose_type\":null},{\"ProductID\":\"405\",\"Product\":\"Suxathon 100mg inj | PS: 10.00 | Qty 25\",\"Name\":\"Suxathon 100mg inj | PS: 10.00 | Qty 25\",\"UnitePrice\":\"40.00\",\"Quantity\":\"1\",\"Total\":\"40\",\"AvailableQuantity\":\"25\",\"taxAmount\":\"0.00\",\"taxPercentage\":null,\"currentAvailableQuantity\":\"25\",\"dose_type\":null},{\"ProductID\":\"2\",\"Product\":\"Efacurim 50mg\\/mlInj(Atracurium | PS: 5.00 | Qty 13\",\"Name\":\"Efacurim 50mg\\/mlInj(Atracurium | PS: 5.00 | Qty 13\",\"UnitePrice\":\"200.00\",\"Quantity\":\"1\",\"Total\":\"200\",\"AvailableQuantity\":\"13\",\"taxAmount\":\"0.00\",\"taxPercentage\":\"0.00\",\"currentAvailableQuantity\":\"13\",\"dose_type\":null},{\"ProductID\":\"4\",\"Product\":\"INJ ATROPINE | PS: 100.00 | Qty 196\",\"Name\":\"INJ ATROPINE | PS: 100.00 | Qty 196\",\"UnitePrice\":\"4.50\",\"Quantity\":\"1\",\"Total\":\"4.5\",\"AvailableQuantity\":\"196\",\"taxAmount\":\"0.00\",\"taxPercentage\":\"0.00\",\"currentAvailableQuantity\":\"196\",\"dose_type\":null},{\"ProductID\":\"409\",\"Product\":\"Neosting-N Inj | PS: 10.00 | Qty 14\",\"Name\":\"Neosting-N Inj | PS: 10.00 | Qty 14\",\"UnitePrice\":\"35.00\",\"Quantity\":\"1\",\"Total\":\"35\",\"AvailableQuantity\":\"14\",\"taxAmount\":\"0.00\",\"taxPercentage\":null,\"currentAvailableQuantity\":\"14\",\"dose_type\":null},{\"ProductID\":\"165\",\"Product\":\"NALFAY | PS: 5.00 | Qty 18\",\"Name\":\"NALFAY | PS: 5.00 | Qty 18\",\"UnitePrice\":\"44.00\",\"Quantity\":\"1\",\"Total\":\"44\",\"AvailableQuantity\":\"18\",\"taxAmount\":\"0.00\",\"taxPercentage\":\"0.00\",\"currentAvailableQuantity\":\"18\",\"dose_type\":null},{\"ProductID\":\"308\",\"Product\":\"DMX 4mg inj | PS: 25.00 | Qty 241\",\"Name\":\"DMX 4mg inj | PS: 25.00 | Qty 241\",\"UnitePrice\":\"7.60\",\"Quantity\":\"1\",\"Total\":\"7.6\",\"AvailableQuantity\":\"241\",\"taxAmount\":\"0.00\",\"taxPercentage\":null,\"currentAvailableQuantity\":\"241\",\"dose_type\":null},{\"ProductID\":\"415\",\"Product\":\"STERIFLUID RL 500ML | PS: 1.00 | Qty 23\",\"Name\":\"STERIFLUID RL 500ML | PS: 1.00 | Qty 23\",\"UnitePrice\":\"70.00\",\"Quantity\":\"2\",\"Total\":\"140\",\"AvailableQuantity\":\"23\",\"taxAmount\":\"0.00\",\"taxPercentage\":null,\"currentAvailableQuantity\":\"23\",\"dose_type\":null},{\"ProductID\":\"334\",\"Product\":\"Zindagi IV set Blister | PS: 60.00 | Qty 288\",\"Name\":\"Zindagi IV set Blister | PS: 60.00 | Qty 288\",\"UnitePrice\":\"22.00\",\"Quantity\":\"1\",\"Total\":\"22\",\"AvailableQuantity\":\"288\",\"taxAmount\":\"0.00\",\"taxPercentage\":null,\"currentAvailableQuantity\":\"288\",\"dose_type\":null},{\"ProductID\":\"92\",\"Product\":\"S.GLOVES 7.5 Next | PS: 1.00 | Qty 50\",\"Name\":\"S.GLOVES 7.5 Next | PS: 1.00 | Qty 50\",\"UnitePrice\":\"73.00\",\"Quantity\":\"2\",\"Total\":\"146\",\"AvailableQuantity\":\"50\",\"taxAmount\":\"0.00\",\"taxPercentage\":\"0.00\",\"currentAvailableQuantity\":\"50\",\"dose_type\":null},{\"ProductID\":\"270\",\"Product\":\"Pakband guaze | PS: 10.00 | Qty 128\",\"Name\":\"Pakband guaze | PS: 10.00 | Qty 128\",\"UnitePrice\":\"41.00\",\"Quantity\":\"2\",\"Total\":\"82\",\"AvailableQuantity\":\"128\",\"taxAmount\":\"0.00\",\"taxPercentage\":null,\"currentAvailableQuantity\":\"128\",\"dose_type\":null},{\"ProductID\":\"445\",\"Product\":\"Suction catheter no 10 | PS: 1.00 | Qty 34\",\"Name\":\"Suction catheter no 10 | PS: 1.00 | Qty 34\",\"UnitePrice\":\"55.00\",\"Quantity\":\"1\",\"Total\":\"55\",\"AvailableQuantity\":\"34\",\"taxAmount\":\"0.00\",\"taxPercentage\":null,\"currentAvailableQuantity\":\"34\",\"dose_type\":null},{\"ProductID\":\"264\",\"Product\":\"ETT All Sizes | PS: 1.00 | Qty 63\",\"Name\":\"ETT All Sizes | PS: 1.00 | Qty 63\",\"UnitePrice\":\"122.00\",\"Quantity\":\"1\",\"Total\":\"122\",\"AvailableQuantity\":\"63\",\"taxAmount\":\"0.00\",\"taxPercentage\":\"0.00\",\"currentAvailableQuantity\":\"63\",\"dose_type\":null},{\"ProductID\":\"5\",\"Product\":\"GLYCOL-P 0.2mg inj | PS: 10.00 | Qty 27\",\"Name\":\"GLYCOL-P 0.2mg inj | PS: 10.00 | Qty 27\",\"UnitePrice\":\"36.00\",\"Quantity\":\"1\",\"Total\":\"36\",\"AvailableQuantity\":\"27\",\"taxAmount\":\"0.00\",\"taxPercentage\":\"0.00\",\"currentAvailableQuantity\":\"27\",\"dose_type\":null},{\"ProductID\":\"331\",\"Product\":\"5cc clinic Syring | PS: 100.00 | Qty 791\",\"Name\":\"5cc clinic Syring | PS: 100.00 | Qty 791\",\"UnitePrice\":\"5.70\",\"Quantity\":\"3\",\"Total\":\"17.1\",\"AvailableQuantity\":\"791\",\"taxAmount\":\"0.00\",\"taxPercentage\":null,\"currentAvailableQuantity\":\"791\",\"dose_type\":null},{\"ProductID\":\"326\",\"Product\":\"10cc zindagi Siring | PS: 100.00 | Qty 409\",\"Name\":\"10cc zindagi Siring | PS: 100.00 | Qty 409\",\"UnitePrice\":\"9.00\",\"Quantity\":\"5\",\"Total\":\"45\",\"AvailableQuantity\":\"409\",\"taxAmount\":\"0.00\",\"taxPercentage\":null,\"currentAvailableQuantity\":\"409\",\"dose_type\":null},{\"ProductID\":\"265\",\"Product\":\"SILK 1- 0 ks | PS: 12.00 | Qty 12\",\"Name\":\"SILK 1- 0 ks | PS: 12.00 | Qty 12\",\"UnitePrice\":\"75.00\",\"Quantity\":\"1\",\"Total\":\"75\",\"AvailableQuantity\":\"12\",\"taxAmount\":\"0.00\",\"taxPercentage\":\"0.00\",\"currentAvailableQuantity\":\"12\",\"dose_type\":null},{\"ProductID\":\"440\",\"Product\":\"Polyfax Plus 20g oinment | PS: 1.00 | Qty 5\",\"Name\":\"Polyfax Plus 20g oinment | PS: 1.00 | Qty 5\",\"UnitePrice\":\"188.09\",\"Quantity\":\"1\",\"Total\":\"188.09\",\"AvailableQuantity\":\"5\",\"taxAmount\":\"0.00\",\"taxPercentage\":null,\"currentAvailableQuantity\":\"5\",\"dose_type\":null}]', 1, 'OT'),
(159, 1, 33, 36, '159', '2025-01-16 00:00:00', 'Rida Aziz - AMC-16040658', NULL, 25.00, 0.00, 0, 0, 0, NULL, 12257, '2025-01-16', NULL, NULL, 0, NULL, '[{\"ProductID\":\"413\",\"Product\":\"STERIFLUID RLD 500ML | PS: 1.00 | Qty 23\",\"Name\":\"STERIFLUID RLD 500ML | PS: 1.00 | Qty 23\",\"UnitePrice\":\"70.00\",\"Quantity\":\"1\",\"Total\":\"70\",\"AvailableQuantity\":\"23\",\"taxAmount\":\"0.00\",\"taxPercentage\":null,\"currentAvailableQuantity\":\"23\",\"dose_type\":\"-\"},{\"ProductID\":\"15\",\"Product\":\"DRIP SET SMD | PS: 100.00 | Qty 65\",\"Name\":\"DRIP SET SMD | PS: 100.00 | Qty 65\",\"UnitePrice\":\"25.00\",\"Quantity\":\"1\",\"Total\":\"25\",\"AvailableQuantity\":\"65\",\"taxAmount\":\"0.00\",\"taxPercentage\":\"0.00\",\"currentAvailableQuantity\":\"65\",\"dose_type\":\"-\"}]', 1, 'Ward'),
(160, 1, 34, 37, '160', '2025-01-16 00:00:00', 'Bilawal Ahmad - AMC-16041806', NULL, 352.17, 0.00, 0, 0, 0, NULL, 2, '2025-01-16', NULL, NULL, 0, NULL, '[{\"ProductID\":\"466\",\"Product\":\"SERGIFEX 500MG INJ | PS: 1.00 | Qty 7\",\"Name\":\"SERGIFEX 500MG INJ | PS: 1.00 | Qty 7\",\"UnitePrice\":\"212.50\",\"Quantity\":\"1\",\"Total\":\"212.5\",\"AvailableQuantity\":\"7\",\"taxAmount\":\"0.00\",\"taxPercentage\":null,\"currentAvailableQuantity\":\"7\",\"dose_type\":\"-\"},{\"ProductID\":\"272\",\"Product\":\"Neo Medical Tape (Surgical Tape) | PS: 12.00 | Qty 210\",\"Name\":\"Neo Medical Tape (Surgical Tape) | PS: 12.00 | Qty 210\",\"UnitePrice\":\"26.67\",\"Quantity\":\"1\",\"Total\":\"26.67\",\"AvailableQuantity\":\"210\",\"taxAmount\":\"0.00\",\"taxPercentage\":null,\"currentAvailableQuantity\":\"210\",\"dose_type\":\"-\"},{\"ProductID\":\"326\",\"Product\":\"10cc zindagi Siring | PS: 100.00 | Qty 404\",\"Name\":\"10cc zindagi Siring | PS: 100.00 | Qty 404\",\"UnitePrice\":\"9.00\",\"Quantity\":\"1\",\"Total\":\"9\",\"AvailableQuantity\":\"404\",\"taxAmount\":\"0.00\",\"taxPercentage\":null,\"currentAvailableQuantity\":\"404\",\"dose_type\":\"-\"},{\"ProductID\":\"334\",\"Product\":\"Zindagi IV set Blister | PS: 60.00 | Qty 287\",\"Name\":\"Zindagi IV set Blister | PS: 60.00 | Qty 287\",\"UnitePrice\":\"22.00\",\"Quantity\":\"1\",\"Total\":\"22\",\"AvailableQuantity\":\"287\",\"taxAmount\":\"0.00\",\"taxPercentage\":null,\"currentAvailableQuantity\":\"287\",\"dose_type\":\"-\"},{\"ProductID\":\"158\",\"Product\":\"Cannula IV introcan 22 g | PS: 50.00 | Qty 43\",\"Name\":\"Cannula IV introcan 22 g | PS: 50.00 | Qty 43\",\"UnitePrice\":\"82.00\",\"Quantity\":\"1\",\"Total\":\"82\",\"AvailableQuantity\":\"43\",\"taxAmount\":\"0.00\",\"taxPercentage\":\"0.00\",\"currentAvailableQuantity\":\"43\",\"dose_type\":\"-\"}]', 1, 'Ward'),
(161, 1, 34, 37, '161', '2025-01-16 00:00:00', 'Bilawal Ahmad - AMC-16041806', NULL, 82.00, 0.00, 0, 0, 0, NULL, 2, '2025-01-16', NULL, NULL, 0, NULL, '[{\"ProductID\":\"158\",\"Product\":\"Cannula IV introcan 22 g | PS: 50.00 | Qty 42\",\"Name\":\"Cannula IV introcan 22 g | PS: 50.00 | Qty 42\",\"UnitePrice\":\"82.00\",\"Quantity\":\"1\",\"Total\":\"82\",\"AvailableQuantity\":\"42\",\"taxAmount\":\"0.00\",\"taxPercentage\":\"0.00\",\"currentAvailableQuantity\":\"42\",\"dose_type\":\"-\"}]', 1, 'Ward'),
(162, 1, 33, 36, '162', '2025-01-16 00:00:00', 'Rida Aziz - AMC-16040658', NULL, 2131.72, 0.00, 0, 0, 0, NULL, 12257, '2025-01-16', NULL, NULL, 0, NULL, '[{\"ProductID\":\"3\",\"Product\":\"INJ PROFOL\",\"Name\":\"INJ PROFOL\",\"UnitePrice\":\"280.00\",\"Quantity\":\"1\",\"Total\":\"280\",\"AvailableQuantity\":\"13\",\"taxAmount\":\"0.00\",\"taxPercentage\":null,\"currentAvailableQuantity\":\"0\",\"dose_type\":null},{\"ProductID\":\"405\",\"Product\":\"Suxathon 100mg inj\",\"Name\":\"Suxathon 100mg inj\",\"UnitePrice\":\"40.00\",\"Quantity\":\"1\",\"Total\":\"40\",\"AvailableQuantity\":\"24\",\"taxAmount\":\"0.00\",\"taxPercentage\":null,\"currentAvailableQuantity\":\"0\",\"dose_type\":null},{\"ProductID\":\"2\",\"Product\":\"Efacurim 50mg\\/mlInj(Atracurium\",\"Name\":\"Efacurim 50mg\\/mlInj(Atracurium\",\"UnitePrice\":\"200.00\",\"Quantity\":\"2\",\"Total\":\"400\",\"AvailableQuantity\":\"12\",\"taxAmount\":\"0.00\",\"taxPercentage\":null,\"currentAvailableQuantity\":\"0\",\"dose_type\":null},{\"ProductID\":\"4\",\"Product\":\"INJ ATROPINE\",\"Name\":\"INJ ATROPINE\",\"UnitePrice\":\"4.50\",\"Quantity\":\"1\",\"Total\":\"4.5\",\"AvailableQuantity\":\"195\",\"taxAmount\":\"0.00\",\"taxPercentage\":null,\"currentAvailableQuantity\":\"0\",\"dose_type\":null},{\"ProductID\":\"408\",\"Product\":\"Glycosting Inj\",\"Name\":\"Glycosting Inj\",\"UnitePrice\":\"62.00\",\"Quantity\":\"1\",\"Total\":\"62\",\"AvailableQuantity\":\"20\",\"taxAmount\":\"0.00\",\"taxPercentage\":null,\"currentAvailableQuantity\":\"0\",\"dose_type\":null},{\"ProductID\":\"290\",\"Product\":\"Adrnaline\",\"Name\":\"Adrnaline\",\"UnitePrice\":\"7.50\",\"Quantity\":\"6\",\"Total\":\"45\",\"AvailableQuantity\":\"100\",\"taxAmount\":\"0.00\",\"taxPercentage\":null,\"currentAvailableQuantity\":\"0\",\"dose_type\":null},{\"ProductID\":\"465\",\"Product\":\"NIXVOM 8MG\\/4ML INJ\",\"Name\":\"NIXVOM 8MG\\/4ML INJ\",\"UnitePrice\":\"144.00\",\"Quantity\":\"1\",\"Total\":\"144\",\"AvailableQuantity\":\"49\",\"taxAmount\":\"0.00\",\"taxPercentage\":null,\"currentAvailableQuantity\":\"0\",\"dose_type\":null},{\"ProductID\":\"525\",\"Product\":\"HYPOZAM  INJ\",\"Name\":\"HYPOZAM  INJ\",\"UnitePrice\":\"160.00\",\"Quantity\":\"1\",\"Total\":\"160\",\"AvailableQuantity\":\"10\",\"taxAmount\":\"0.00\",\"taxPercentage\":null,\"currentAvailableQuantity\":\"0\",\"dose_type\":null},{\"ProductID\":\"165\",\"Product\":\"NALFAY\",\"Name\":\"NALFAY\",\"UnitePrice\":\"44.00\",\"Quantity\":\"1\",\"Total\":\"44\",\"AvailableQuantity\":\"17\",\"taxAmount\":\"0.00\",\"taxPercentage\":null,\"currentAvailableQuantity\":\"0\",\"dose_type\":null},{\"ProductID\":\"468\",\"Product\":\"TORAJECT 30MG\\/ML INJ\",\"Name\":\"TORAJECT 30MG\\/ML INJ\",\"UnitePrice\":\"80.22\",\"Quantity\":\"1\",\"Total\":\"80.22\",\"AvailableQuantity\":\"42\",\"taxAmount\":\"0.00\",\"taxPercentage\":null,\"currentAvailableQuantity\":\"0\",\"dose_type\":null},{\"ProductID\":\"449\",\"Product\":\"HYZONATE 500MG INJ\",\"Name\":\"HYZONATE 500MG INJ\",\"UnitePrice\":\"460.00\",\"Quantity\":\"1\",\"Total\":\"460\",\"AvailableQuantity\":\"5\",\"taxAmount\":\"0.00\",\"taxPercentage\":null,\"currentAvailableQuantity\":\"0\",\"dose_type\":null},{\"ProductID\":\"308\",\"Product\":\"DMX 4mg inj\",\"Name\":\"DMX 4mg inj\",\"UnitePrice\":\"7.60\",\"Quantity\":\"1\",\"Total\":\"7.6\",\"AvailableQuantity\":\"240\",\"taxAmount\":\"0.00\",\"taxPercentage\":null,\"currentAvailableQuantity\":\"0\",\"dose_type\":null},{\"ProductID\":\"411\",\"Product\":\"Transolide 500mg Inj\",\"Name\":\"Transolide 500mg Inj\",\"UnitePrice\":\"48.00\",\"Quantity\":\"2\",\"Total\":\"96\",\"AvailableQuantity\":\"46\",\"taxAmount\":\"0.00\",\"taxPercentage\":null,\"currentAvailableQuantity\":\"0\",\"dose_type\":null},{\"ProductID\":\"418\",\"Product\":\"STERIFLUID NS 1000ML\",\"Name\":\"STERIFLUID NS 1000ML\",\"UnitePrice\":\"90.00\",\"Quantity\":\"1\",\"Total\":\"90\",\"AvailableQuantity\":\"5\",\"taxAmount\":\"0.00\",\"taxPercentage\":null,\"currentAvailableQuantity\":\"0\",\"dose_type\":null},{\"ProductID\":\"416\",\"Product\":\"STERIFLUID RL1000ML\",\"Name\":\"STERIFLUID RL1000ML\",\"UnitePrice\":\"90.00\",\"Quantity\":\"2\",\"Total\":\"180\",\"AvailableQuantity\":\"14\",\"taxAmount\":\"0.00\",\"taxPercentage\":null,\"currentAvailableQuantity\":\"0\",\"dose_type\":null},{\"ProductID\":\"447\",\"Product\":\"TRAMAFAC 50 MG\\/ML\",\"Name\":\"TRAMAFAC 50 MG\\/ML\",\"UnitePrice\":\"2.40\",\"Quantity\":\"1\",\"Total\":\"2.4\",\"AvailableQuantity\":\"124\",\"taxAmount\":\"0.00\",\"taxPercentage\":null,\"currentAvailableQuantity\":\"0\",\"dose_type\":null},{\"ProductID\":\"334\",\"Product\":\"Zindagi IV set Blister\",\"Name\":\"Zindagi IV set Blister\",\"UnitePrice\":\"22.00\",\"Quantity\":\"2\",\"Total\":\"44\",\"AvailableQuantity\":\"286\",\"taxAmount\":\"0.00\",\"taxPercentage\":null,\"currentAvailableQuantity\":\"0\",\"dose_type\":null},{\"ProductID\":\"92\",\"Product\":\"S.GLOVES 7.5 Next\",\"Name\":\"S.GLOVES 7.5 Next\",\"UnitePrice\":\"73.00\",\"Quantity\":\"4\",\"Total\":\"292\",\"AvailableQuantity\":\"48\",\"taxAmount\":\"0.00\",\"taxPercentage\":null,\"currentAvailableQuantity\":\"0\",\"dose_type\":null},{\"ProductID\":\"270\",\"Product\":\"Pakband guaze\",\"Name\":\"Pakband guaze\",\"UnitePrice\":\"41.00\",\"Quantity\":\"4\",\"Total\":\"164\",\"AvailableQuantity\":\"126\",\"taxAmount\":\"0.00\",\"taxPercentage\":null,\"currentAvailableQuantity\":\"0\",\"dose_type\":null},{\"ProductID\":\"263\",\"Product\":\"SUCTION TUBE\",\"Name\":\"SUCTION TUBE\",\"UnitePrice\":\"160.00\",\"Quantity\":\"1\",\"Total\":\"160\",\"AvailableQuantity\":\"12\",\"taxAmount\":\"0.00\",\"taxPercentage\":null,\"currentAvailableQuantity\":\"0\",\"dose_type\":null},{\"ProductID\":\"264\",\"Product\":\"ETT All Sizes\",\"Name\":\"ETT All Sizes\",\"UnitePrice\":\"122.00\",\"Quantity\":\"1\",\"Total\":\"122\",\"AvailableQuantity\":\"62\",\"taxAmount\":\"0.00\",\"taxPercentage\":null,\"currentAvailableQuantity\":\"0\",\"dose_type\":null},{\"ProductID\":\"5\",\"Product\":\"GLYCOL-P 0.2mg inj\",\"Name\":\"GLYCOL-P 0.2mg inj\",\"UnitePrice\":\"36.00\",\"Quantity\":\"2\",\"Total\":\"72\",\"AvailableQuantity\":\"26\",\"taxAmount\":\"0.00\",\"taxPercentage\":null,\"currentAvailableQuantity\":\"0\",\"dose_type\":null},{\"ProductID\":\"327\",\"Product\":\"5cc zindagi Siring\",\"Name\":\"5cc zindagi Siring\",\"UnitePrice\":\"12.00\",\"Quantity\":\"5\",\"Total\":\"60\",\"AvailableQuantity\":\"236\",\"taxAmount\":\"0.00\",\"taxPercentage\":null,\"currentAvailableQuantity\":\"0\",\"dose_type\":null},{\"ProductID\":\"326\",\"Product\":\"10cc zindagi Siring\",\"Name\":\"10cc zindagi Siring\",\"UnitePrice\":\"9.00\",\"Quantity\":\"5\",\"Total\":\"45\",\"AvailableQuantity\":\"403\",\"taxAmount\":\"0.00\",\"taxPercentage\":null,\"currentAvailableQuantity\":\"0\",\"dose_type\":null},{\"ProductID\":\"328\",\"Product\":\"20cc zindagi Siring\",\"Name\":\"20cc zindagi Siring\",\"UnitePrice\":\"22.00\",\"Quantity\":\"2\",\"Total\":\"44\",\"AvailableQuantity\":\"93\",\"taxAmount\":\"0.00\",\"taxPercentage\":null,\"currentAvailableQuantity\":\"0\",\"dose_type\":null},{\"ProductID\":\"265\",\"Product\":\"SILK 1- 0 ks\",\"Name\":\"SILK 1- 0 ks\",\"UnitePrice\":\"75.00\",\"Quantity\":\"2\",\"Total\":\"150\",\"AvailableQuantity\":\"11\",\"taxAmount\":\"0.00\",\"taxPercentage\":null,\"currentAvailableQuantity\":\"0\",\"dose_type\":null}]', 1, 'OT'),
(163, 1, 33, 36, '163', '2025-01-16 00:00:00', 'Rida Aziz - AMC-16040658', NULL, 141.07, 0.00, 0, 0, 0, NULL, 12257, '2025-01-16', NULL, NULL, 0, NULL, '[{\"ProductID\":\"469\",\"Product\":\"VENTPRO 500MCG\\/2ML | PS: 6.00 | Qty 314\",\"Name\":\"VENTPRO 500MCG\\/2ML | PS: 6.00 | Qty 314\",\"UnitePrice\":\"46.47\",\"Quantity\":\"1\",\"Total\":\"46.47\",\"AvailableQuantity\":\"314\",\"taxAmount\":\"0.00\",\"taxPercentage\":null,\"currentAvailableQuantity\":\"314\",\"dose_type\":null},{\"ProductID\":\"183\",\"Product\":\"clenil neb | PS: 10.00 | Qty 7\",\"Name\":\"clenil neb | PS: 10.00 | Qty 7\",\"UnitePrice\":\"94.60\",\"Quantity\":\"1\",\"Total\":\"94.6\",\"AvailableQuantity\":\"7\",\"taxAmount\":\"0.00\",\"taxPercentage\":\"0.00\",\"currentAvailableQuantity\":\"7\",\"dose_type\":null}]', 1, 'OT'),
(164, 1, 33, 36, '164', '2025-01-16 00:00:00', 'Rida Aziz - AMC-16040658', NULL, 69.00, 0.00, 0, 0, 0, NULL, 12257, '2025-01-16', NULL, NULL, 0, NULL, '[{\"ProductID\":\"441\",\"Product\":\"Xynosine Adult | PS: 1.00 | Qty 1\",\"Name\":\"Xynosine Adult | PS: 1.00 | Qty 1\",\"UnitePrice\":\"59.29\",\"Quantity\":\"1\",\"Total\":\"59.29\",\"AvailableQuantity\":\"1\",\"taxAmount\":\"0.00\",\"taxPercentage\":null,\"currentAvailableQuantity\":\"1\",\"dose_type\":null},{\"ProductID\":\"509\",\"Product\":\"Lasix Inj. | PS: 50.00 | Qty 1\",\"Name\":\"Lasix Inj. | PS: 50.00 | Qty 1\",\"UnitePrice\":\"9.71\",\"Quantity\":\"1\",\"Total\":\"9.71\",\"AvailableQuantity\":\"1\",\"taxAmount\":\"0.00\",\"taxPercentage\":null,\"currentAvailableQuantity\":\"1\",\"dose_type\":null}]', 1, 'OT'),
(165, 1, 33, 36, '165', '2025-01-16 00:00:00', 'Rida Aziz - AMC-16040658', NULL, 492.30, 0.00, 0, 0, 0, NULL, 12257, '2025-01-16', NULL, NULL, 0, NULL, '[{\"ProductID\":\"475\",\"Product\":\"dicloran 75mg\\/3ml inj | PS: 5.00 | Qty 8\",\"Name\":\"dicloran 75mg\\/3ml inj | PS: 5.00 | Qty 8\",\"UnitePrice\":\"40.80\",\"Quantity\":\"1\",\"Total\":\"40.8\",\"AvailableQuantity\":\"8\",\"taxAmount\":\"0.00\",\"taxPercentage\":null,\"currentAvailableQuantity\":\"8\",\"dose_type\":\"-\"},{\"ProductID\":\"411\",\"Product\":\"Transolide 500mg Inj | PS: 10.00 | Qty 44\",\"Name\":\"Transolide 500mg Inj | PS: 10.00 | Qty 44\",\"UnitePrice\":\"48.00\",\"Quantity\":\"1\",\"Total\":\"48\",\"AvailableQuantity\":\"44\",\"taxAmount\":\"0.00\",\"taxPercentage\":null,\"currentAvailableQuantity\":\"44\",\"dose_type\":\"-\"},{\"ProductID\":\"326\",\"Product\":\"10cc zindagi Siring | PS: 100.00 | Qty 400\",\"Name\":\"10cc zindagi Siring | PS: 100.00 | Qty 400\",\"UnitePrice\":\"9.00\",\"Quantity\":\"1\",\"Total\":\"9\",\"AvailableQuantity\":\"400\",\"taxAmount\":\"0.00\",\"taxPercentage\":null,\"currentAvailableQuantity\":\"400\",\"dose_type\":\"-\"},{\"ProductID\":\"327\",\"Product\":\"5cc zindagi Siring | PS: 50.00 | Qty 233\",\"Name\":\"5cc zindagi Siring | PS: 50.00 | Qty 233\",\"UnitePrice\":\"12.00\",\"Quantity\":\"1\",\"Total\":\"12\",\"AvailableQuantity\":\"233\",\"taxAmount\":\"0.00\",\"taxPercentage\":null,\"currentAvailableQuantity\":\"233\",\"dose_type\":\"-\"},{\"ProductID\":\"508\",\"Product\":\"CEFXONE 1G INJ | PS: 1.00 | Qty 106\",\"Name\":\"CEFXONE 1G INJ | PS: 1.00 | Qty 106\",\"UnitePrice\":\"382.50\",\"Quantity\":\"1\",\"Total\":\"382.5\",\"AvailableQuantity\":\"106\",\"taxAmount\":\"0.00\",\"taxPercentage\":null,\"currentAvailableQuantity\":\"106\",\"dose_type\":\"-\"}]', 1, 'Ward'),
(166, 1, 33, 36, '166', '2025-01-16 00:00:00', 'Rida Aziz - AMC-16040658', NULL, 95.00, 0.00, 0, 0, 0, NULL, 12257, '2025-01-16', NULL, NULL, 0, NULL, '[{\"ProductID\":\"415\",\"Product\":\"STERIFLUID RL 500ML | PS: 1.00 | Qty 21\",\"Name\":\"STERIFLUID RL 500ML | PS: 1.00 | Qty 21\",\"UnitePrice\":\"70.00\",\"Quantity\":\"1\",\"Total\":\"70\",\"AvailableQuantity\":\"21\",\"taxAmount\":\"0.00\",\"taxPercentage\":null,\"currentAvailableQuantity\":\"21\",\"dose_type\":\"TDS\"},{\"ProductID\":\"15\",\"Product\":\"DRIP SET SMD | PS: 100.00 | Qty 64\",\"Name\":\"DRIP SET SMD | PS: 100.00 | Qty 64\",\"UnitePrice\":\"25.00\",\"Quantity\":\"1\",\"Total\":\"25\",\"AvailableQuantity\":\"64\",\"taxAmount\":\"0.00\",\"taxPercentage\":\"0.00\",\"currentAvailableQuantity\":\"64\",\"dose_type\":\"-\"}]', 1, 'Ward'),
(167, 1, 16, 16, '167', '2025-01-16 00:00:00', 'UMMIA BIBI - AMC-14120625', NULL, 650.24, 0.00, 0, 0, 0, NULL, 12257, '2025-01-16', NULL, NULL, 0, NULL, '[{\"ProductID\":\"467\",\"Product\":\"SERGIFEX 1G INJ | PS: 1.00 | Qty 7\",\"Name\":\"SERGIFEX 1G INJ | PS: 1.00 | Qty 7\",\"UnitePrice\":\"338.30\",\"Quantity\":\"1\",\"Total\":\"338.3\",\"AvailableQuantity\":\"7\",\"taxAmount\":\"0.00\",\"taxPercentage\":null,\"currentAvailableQuantity\":\"7\",\"dose_type\":\"-\"},{\"ProductID\":\"299\",\"Product\":\"Rotacort 100mg inj | PS: 1.00 | Qty 35\",\"Name\":\"Rotacort 100mg inj | PS: 1.00 | Qty 35\",\"UnitePrice\":\"85.00\",\"Quantity\":\"1\",\"Total\":\"85\",\"AvailableQuantity\":\"35\",\"taxAmount\":\"0.00\",\"taxPercentage\":null,\"currentAvailableQuantity\":\"35\",\"dose_type\":\"-\"},{\"ProductID\":\"506\",\"Product\":\"STERILYTE-M 500ML | PS: 1.00 | Qty 15\",\"Name\":\"STERILYTE-M 500ML | PS: 1.00 | Qty 15\",\"UnitePrice\":\"100.00\",\"Quantity\":\"1\",\"Total\":\"100\",\"AvailableQuantity\":\"15\",\"taxAmount\":\"0.00\",\"taxPercentage\":null,\"currentAvailableQuantity\":\"15\",\"dose_type\":\"-\"},{\"ProductID\":\"469\",\"Product\":\"VENTPRO 500MCG\\/2ML | PS: 6.00 | Qty 313\",\"Name\":\"VENTPRO 500MCG\\/2ML | PS: 6.00 | Qty 313\",\"UnitePrice\":\"46.47\",\"Quantity\":\"2\",\"Total\":\"92.94\",\"AvailableQuantity\":\"313\",\"taxAmount\":\"0.00\",\"taxPercentage\":null,\"currentAvailableQuantity\":\"313\",\"dose_type\":\"TDS\"},{\"ProductID\":\"15\",\"Product\":\"DRIP SET SMD | PS: 100.00 | Qty 63\",\"Name\":\"DRIP SET SMD | PS: 100.00 | Qty 63\",\"UnitePrice\":\"25.00\",\"Quantity\":\"1\",\"Total\":\"25\",\"AvailableQuantity\":\"63\",\"taxAmount\":\"0.00\",\"taxPercentage\":\"0.00\",\"currentAvailableQuantity\":\"63\",\"dose_type\":\"TDS\"},{\"ProductID\":\"326\",\"Product\":\"10cc zindagi Siring | PS: 100.00 | Qty 399\",\"Name\":\"10cc zindagi Siring | PS: 100.00 | Qty 399\",\"UnitePrice\":\"9.00\",\"Quantity\":\"1\",\"Total\":\"9\",\"AvailableQuantity\":\"399\",\"taxAmount\":\"0.00\",\"taxPercentage\":null,\"currentAvailableQuantity\":\"399\",\"dose_type\":\"-\"}]', 1, 'Ward'),
(168, 1, 16, 16, '168', '2025-01-16 00:00:00', 'UMMIA BIBI - AMC-14120625', NULL, 134.00, 0.00, 0, 0, 0, NULL, 12257, '2025-01-16', NULL, NULL, 0, NULL, '[{\"ProductID\":\"506\",\"Product\":\"STERILYTE-M 500ML | PS: 1.00 | Qty 14\",\"Name\":\"STERILYTE-M 500ML | PS: 1.00 | Qty 14\",\"UnitePrice\":\"100.00\",\"Quantity\":\"1\",\"Total\":\"100\",\"AvailableQuantity\":\"14\",\"taxAmount\":\"0.00\",\"taxPercentage\":null,\"currentAvailableQuantity\":\"14\",\"dose_type\":\"-\"},{\"ProductID\":\"15\",\"Product\":\"DRIP SET SMD | PS: 100.00 | Qty 62\",\"Name\":\"DRIP SET SMD | PS: 100.00 | Qty 62\",\"UnitePrice\":\"25.00\",\"Quantity\":\"1\",\"Total\":\"25\",\"AvailableQuantity\":\"62\",\"taxAmount\":\"0.00\",\"taxPercentage\":\"0.00\",\"currentAvailableQuantity\":\"62\",\"dose_type\":\"-\"},{\"ProductID\":\"326\",\"Product\":\"10cc zindagi Siring | PS: 100.00 | Qty 398\",\"Name\":\"10cc zindagi Siring | PS: 100.00 | Qty 398\",\"UnitePrice\":\"9.00\",\"Quantity\":\"1\",\"Total\":\"9\",\"AvailableQuantity\":\"398\",\"taxAmount\":\"0.00\",\"taxPercentage\":null,\"currentAvailableQuantity\":\"398\",\"dose_type\":\"BD\"}]', 1, 'Ward'),
(169, 1, 30, 32, '169', '2025-01-17 00:00:00', 'FAIZAN AFSAR - AMC-16111849', NULL, 438.00, 0.00, 0, 0, 0, NULL, 12257, '2025-01-17', NULL, NULL, 0, NULL, '[{\"ProductID\":\"508\",\"Product\":\"CEFXONE 1G INJ | PS: 1.00 | Qty 105\",\"Name\":\"CEFXONE 1G INJ | PS: 1.00 | Qty 105\",\"UnitePrice\":\"382.50\",\"Quantity\":\"1\",\"Total\":\"382.5\",\"AvailableQuantity\":\"105\",\"taxAmount\":\"0.00\",\"taxPercentage\":null,\"currentAvailableQuantity\":\"105\",\"dose_type\":\"OD\"},{\"ProductID\":\"326\",\"Product\":\"10cc zindagi Siring | PS: 100.00 | Qty 397\",\"Name\":\"10cc zindagi Siring | PS: 100.00 | Qty 397\",\"UnitePrice\":\"9.00\",\"Quantity\":\"1\",\"Total\":\"9\",\"AvailableQuantity\":\"397\",\"taxAmount\":\"0.00\",\"taxPercentage\":null,\"currentAvailableQuantity\":\"397\",\"dose_type\":\"-\"},{\"ProductID\":\"331\",\"Product\":\"5cc clinic Syring | PS: 100.00 | Qty 788\",\"Name\":\"5cc clinic Syring | PS: 100.00 | Qty 788\",\"UnitePrice\":\"5.70\",\"Quantity\":\"1\",\"Total\":\"5.7\",\"AvailableQuantity\":\"788\",\"taxAmount\":\"0.00\",\"taxPercentage\":null,\"currentAvailableQuantity\":\"788\",\"dose_type\":\"-\"},{\"ProductID\":\"475\",\"Product\":\"dicloran 75mg\\/3ml inj | PS: 5.00 | Qty 7\",\"Name\":\"dicloran 75mg\\/3ml inj | PS: 5.00 | Qty 7\",\"UnitePrice\":\"40.80\",\"Quantity\":\"1\",\"Total\":\"40.8\",\"AvailableQuantity\":\"7\",\"taxAmount\":\"0.00\",\"taxPercentage\":null,\"currentAvailableQuantity\":\"7\",\"dose_type\":\"-\"}]', 1, 'Ward'),
(170, 1, 16, 16, '170', '2025-01-17 00:00:00', 'UMMIA BIBI - AMC-14120625', NULL, 644.80, 0.00, 0, 0, 0, NULL, 12257, '2025-01-17', NULL, NULL, 0, NULL, '[{\"ProductID\":\"467\",\"Product\":\"SERGIFEX 1G INJ | PS: 1.00 | Qty 6\",\"Name\":\"SERGIFEX 1G INJ | PS: 1.00 | Qty 6\",\"UnitePrice\":\"338.30\",\"Quantity\":\"1\",\"Total\":\"338.3\",\"AvailableQuantity\":\"6\",\"taxAmount\":\"0.00\",\"taxPercentage\":null,\"currentAvailableQuantity\":\"6\",\"dose_type\":\"-\"},{\"ProductID\":\"466\",\"Product\":\"SERGIFEX 500MG INJ | PS: 1.00 | Qty 6\",\"Name\":\"SERGIFEX 500MG INJ | PS: 1.00 | Qty 6\",\"UnitePrice\":\"212.50\",\"Quantity\":\"1\",\"Total\":\"212.5\",\"AvailableQuantity\":\"6\",\"taxAmount\":\"0.00\",\"taxPercentage\":null,\"currentAvailableQuantity\":\"6\",\"dose_type\":\"-\"},{\"ProductID\":\"299\",\"Product\":\"Rotacort 100mg inj | PS: 1.00 | Qty 34\",\"Name\":\"Rotacort 100mg inj | PS: 1.00 | Qty 34\",\"UnitePrice\":\"85.00\",\"Quantity\":\"1\",\"Total\":\"85\",\"AvailableQuantity\":\"34\",\"taxAmount\":\"0.00\",\"taxPercentage\":null,\"currentAvailableQuantity\":\"34\",\"dose_type\":\"-\"},{\"ProductID\":\"326\",\"Product\":\"10cc zindagi Siring | PS: 100.00 | Qty 396\",\"Name\":\"10cc zindagi Siring | PS: 100.00 | Qty 396\",\"UnitePrice\":\"9.00\",\"Quantity\":\"1\",\"Total\":\"9\",\"AvailableQuantity\":\"396\",\"taxAmount\":\"0.00\",\"taxPercentage\":null,\"currentAvailableQuantity\":\"396\",\"dose_type\":\"-\"}]', 1, 'Ward'),
(171, 1, 16, 16, '171', '2025-01-17 00:00:00', 'UMMIA BIBI - AMC-14120625', NULL, 284.66, 0.00, 0, 0, 0, NULL, 12257, '2025-01-17', NULL, NULL, 0, NULL, '[{\"ProductID\":\"375\",\"Product\":\"Fenbro 8 plus Syp | PS: 1.00 | Qty 8\",\"Name\":\"Fenbro 8 plus Syp | PS: 1.00 | Qty 8\",\"UnitePrice\":\"90.00\",\"Quantity\":\"1\",\"Total\":\"90\",\"AvailableQuantity\":\"8\",\"taxAmount\":\"0.00\",\"taxPercentage\":null,\"currentAvailableQuantity\":\"8\",\"dose_type\":\"TDS\"},{\"ProductID\":\"376\",\"Product\":\"Brothyl-D syp | PS: 1.00 | Qty 3\",\"Name\":\"Brothyl-D syp | PS: 1.00 | Qty 3\",\"UnitePrice\":\"118.00\",\"Quantity\":\"1\",\"Total\":\"118\",\"AvailableQuantity\":\"3\",\"taxAmount\":\"0.00\",\"taxPercentage\":null,\"currentAvailableQuantity\":\"3\",\"dose_type\":\"TDS\"},{\"ProductID\":\"544\",\"Product\":\"AVIL | PS: 1.00 | Qty 5\",\"Name\":\"AVIL | PS: 1.00 | Qty 5\",\"UnitePrice\":\"76.66\",\"Quantity\":\"1\",\"Total\":\"76.66\",\"AvailableQuantity\":\"5\",\"taxAmount\":\"0.00\",\"taxPercentage\":null,\"currentAvailableQuantity\":\"5\",\"dose_type\":\"OD\"}]', 1, 'Home'),
(172, 1, 16, 16, '172', '2025-01-17 00:00:00', 'UMMIA BIBI - AMC-14120625', NULL, 82.00, 0.00, 0, 0, 0, NULL, 12257, '2025-01-17', NULL, NULL, 0, NULL, '[{\"ProductID\":\"158\",\"Product\":\"Cannula IV introcan 22 g | PS: 50.00 | Qty 41\",\"Name\":\"Cannula IV introcan 22 g | PS: 50.00 | Qty 41\",\"UnitePrice\":\"82.00\",\"Quantity\":\"1\",\"Total\":\"82\",\"AvailableQuantity\":\"41\",\"taxAmount\":\"0.00\",\"taxPercentage\":\"0.00\",\"currentAvailableQuantity\":\"41\",\"dose_type\":\"-\"}]', 1, 'Ward'),
(173, 1, 11, 11, '173', '2025-01-17 00:00:00', 'Transfer to Amc Pharmacy - AMC-08062156', NULL, 493.06, 0.00, 0, 0, 0, NULL, 12257, '2025-01-17', NULL, NULL, 0, NULL, '[{\"ProductID\":\"28\",\"Product\":\"CALAMOX 1.2Gm Inj | PS: 1.00 | Qty 10\",\"Name\":\"CALAMOX 1.2Gm Inj | PS: 1.00 | Qty 10\",\"UnitePrice\":\"246.53\",\"Quantity\":\"2\",\"Total\":\"493.06\",\"AvailableQuantity\":\"10\",\"taxAmount\":\"0.00\",\"taxPercentage\":\"0.00\",\"currentAvailableQuantity\":\"10\",\"dose_type\":\"-\"}]', 1, 'Ward'),
(174, 1, 38, 41, '174', '2025-01-17 00:00:00', 'Muhammad Jameel - AMC-17102931', NULL, 108.67, 0.00, 0, 0, 0, NULL, 12257, '2025-01-17', NULL, NULL, 0, NULL, '[{\"ProductID\":\"157\",\"Product\":\"Cannula IV introcan 20 g | PS: 50.00 | Qty 39\",\"Name\":\"Cannula IV introcan 20 g | PS: 50.00 | Qty 39\",\"UnitePrice\":\"82.00\",\"Quantity\":\"1\",\"Total\":\"82\",\"AvailableQuantity\":\"39\",\"taxAmount\":\"0.00\",\"taxPercentage\":\"0.00\",\"currentAvailableQuantity\":\"39\",\"dose_type\":\"-\"},{\"ProductID\":\"272\",\"Product\":\"Neo Medical Tape (Surgical Tape) | PS: 12.00 | Qty 209\",\"Name\":\"Neo Medical Tape (Surgical Tape) | PS: 12.00 | Qty 209\",\"UnitePrice\":\"26.67\",\"Quantity\":\"1\",\"Total\":\"26.67\",\"AvailableQuantity\":\"209\",\"taxAmount\":\"0.00\",\"taxPercentage\":null,\"currentAvailableQuantity\":\"209\",\"dose_type\":\"-\"}]', 1, 'Ward'),
(175, 1, 33, 36, '175', '2025-01-17 00:00:00', 'Rida Aziz - AMC-16040658', NULL, 16.60, 0.00, 0, 0, 0, NULL, 12257, '2025-01-17', NULL, NULL, 0, NULL, '[{\"ProductID\":\"326\",\"Product\":\"10cc zindagi Siring | PS: 100.00 | Qty 395\",\"Name\":\"10cc zindagi Siring | PS: 100.00 | Qty 395\",\"UnitePrice\":\"9.00\",\"Quantity\":\"1\",\"Total\":\"9\",\"AvailableQuantity\":\"395\",\"taxAmount\":\"0.00\",\"taxPercentage\":null,\"currentAvailableQuantity\":\"395\",\"dose_type\":\"-\"},{\"ProductID\":\"308\",\"Product\":\"DMX 4mg inj | PS: 25.00 | Qty 239\",\"Name\":\"DMX 4mg inj | PS: 25.00 | Qty 239\",\"UnitePrice\":\"7.60\",\"Quantity\":\"1\",\"Total\":\"7.6\",\"AvailableQuantity\":\"239\",\"taxAmount\":\"0.00\",\"taxPercentage\":null,\"currentAvailableQuantity\":\"239\",\"dose_type\":\"-\"}]', 1, 'Ward'),
(176, 1, 38, 41, '176', '2025-01-17 00:00:00', 'Muhammad Jameel - AMC-17102931', NULL, 9.00, 0.00, 0, 0, 0, NULL, 12257, '2025-01-17', NULL, NULL, 0, NULL, '[{\"ProductID\":\"326\",\"Product\":\"10cc zindagi Siring | PS: 100.00 | Qty 394\",\"Name\":\"10cc zindagi Siring | PS: 100.00 | Qty 394\",\"UnitePrice\":\"9.00\",\"Quantity\":\"1\",\"Total\":\"9\",\"AvailableQuantity\":\"394\",\"taxAmount\":\"0.00\",\"taxPercentage\":null,\"currentAvailableQuantity\":\"394\",\"dose_type\":\"-\"}]', 1, 'Ward'),
(177, 1, 33, 36, '177', '2025-01-17 00:00:00', 'Rida Aziz - AMC-16040658', NULL, 264.62, 0.00, 0, 0, 0, NULL, 12257, '2025-01-17', NULL, NULL, 0, NULL, '[{\"ProductID\":\"426\",\"Product\":\"Calamox 156.25 90ml | PS: 1.00 | Qty 10\",\"Name\":\"Calamox 156.25 90ml | PS: 1.00 | Qty 10\",\"UnitePrice\":\"174.62\",\"Quantity\":\"1\",\"Total\":\"174.62\",\"AvailableQuantity\":\"10\",\"taxAmount\":\"0.00\",\"taxPercentage\":null,\"currentAvailableQuantity\":\"10\",\"dose_type\":\"BD\"},{\"ProductID\":\"375\",\"Product\":\"Fenbro 8 plus Syp | PS: 1.00 | Qty 7\",\"Name\":\"Fenbro 8 plus Syp | PS: 1.00 | Qty 7\",\"UnitePrice\":\"90.00\",\"Quantity\":\"1\",\"Total\":\"90\",\"AvailableQuantity\":\"7\",\"taxAmount\":\"0.00\",\"taxPercentage\":null,\"currentAvailableQuantity\":\"7\",\"dose_type\":\"TDS\"}]', 1, 'Home'),
(178, 1, 41, 44, '178', '2025-01-17 00:00:00', 'KHATOON BIBI - AMC-17120510', NULL, 108.67, 0.00, 0, 0, 0, NULL, 12257, '2025-01-17', NULL, NULL, 0, NULL, '[{\"ProductID\":\"157\",\"Product\":\"Cannula IV introcan 20 g | PS: 50.00 | Qty 38\",\"Name\":\"Cannula IV introcan 20 g | PS: 50.00 | Qty 38\",\"UnitePrice\":\"82.00\",\"Quantity\":\"1\",\"Total\":\"82\",\"AvailableQuantity\":\"38\",\"taxAmount\":\"0.00\",\"taxPercentage\":\"0.00\",\"currentAvailableQuantity\":\"38\",\"dose_type\":\"-\"},{\"ProductID\":\"272\",\"Product\":\"Neo Medical Tape (Surgical Tape) | PS: 12.00 | Qty 208\",\"Name\":\"Neo Medical Tape (Surgical Tape) | PS: 12.00 | Qty 208\",\"UnitePrice\":\"26.67\",\"Quantity\":\"1\",\"Total\":\"26.67\",\"AvailableQuantity\":\"208\",\"taxAmount\":\"0.00\",\"taxPercentage\":null,\"currentAvailableQuantity\":\"208\",\"dose_type\":\"-\"}]', 1, 'Ward'),
(179, 1, 34, 37, '179', '2025-01-17 00:00:00', 'Bilawal Ahmad - AMC-16041806', NULL, 480.50, 0.00, 0, 0, 0, NULL, 12257, '2025-01-17', NULL, NULL, 0, NULL, '[{\"ProductID\":\"475\",\"Product\":\"dicloran 75mg\\/3ml inj | PS: 5.00 | Qty 6\",\"Name\":\"dicloran 75mg\\/3ml inj | PS: 5.00 | Qty 6\",\"UnitePrice\":\"40.80\",\"Quantity\":\"1\",\"Total\":\"40.8\",\"AvailableQuantity\":\"6\",\"taxAmount\":\"0.00\",\"taxPercentage\":null,\"currentAvailableQuantity\":\"6\",\"dose_type\":\"-\"},{\"ProductID\":\"508\",\"Product\":\"CEFXONE 1G INJ | PS: 1.00 | Qty 104\",\"Name\":\"CEFXONE 1G INJ | PS: 1.00 | Qty 104\",\"UnitePrice\":\"382.50\",\"Quantity\":\"1\",\"Total\":\"382.5\",\"AvailableQuantity\":\"104\",\"taxAmount\":\"0.00\",\"taxPercentage\":null,\"currentAvailableQuantity\":\"104\",\"dose_type\":\"-\"},{\"ProductID\":\"307\",\"Product\":\"GVN 50mg inj | PS: 25.00 | Qty 218\",\"Name\":\"GVN 50mg inj | PS: 25.00 | Qty 218\",\"UnitePrice\":\"8.20\",\"Quantity\":\"1\",\"Total\":\"8.2\",\"AvailableQuantity\":\"218\",\"taxAmount\":\"0.00\",\"taxPercentage\":null,\"currentAvailableQuantity\":\"218\",\"dose_type\":\"-\"},{\"ProductID\":\"316\",\"Product\":\"Tenamic 500mg inj | PS: 10.00 | Qty 8\",\"Name\":\"Tenamic 500mg inj | PS: 10.00 | Qty 8\",\"UnitePrice\":\"40.00\",\"Quantity\":\"1\",\"Total\":\"40\",\"AvailableQuantity\":\"8\",\"taxAmount\":\"0.00\",\"taxPercentage\":null,\"currentAvailableQuantity\":\"8\",\"dose_type\":\"-\"},{\"ProductID\":\"326\",\"Product\":\"10cc zindagi Siring | PS: 100.00 | Qty 393\",\"Name\":\"10cc zindagi Siring | PS: 100.00 | Qty 393\",\"UnitePrice\":\"9.00\",\"Quantity\":\"1\",\"Total\":\"9\",\"AvailableQuantity\":\"393\",\"taxAmount\":\"0.00\",\"taxPercentage\":null,\"currentAvailableQuantity\":\"393\",\"dose_type\":\"-\"}]', 1, 'Ward'),
(180, 1, 33, 36, '180', '2025-01-17 00:00:00', 'Rida Aziz - AMC-16040658', NULL, 43.40, 0.00, 0, 0, 0, NULL, 12257, '2025-01-17', NULL, NULL, 0, NULL, '[{\"ProductID\":\"549\",\"Product\":\"XYNOSINE (CHILDEN )15ML | PS: 1.00 | Qty 5\",\"Name\":\"XYNOSINE (CHILDEN )15ML | PS: 1.00 | Qty 5\",\"UnitePrice\":\"43.40\",\"Quantity\":\"1\",\"Total\":\"43.4\",\"AvailableQuantity\":\"5\",\"taxAmount\":\"0.00\",\"taxPercentage\":null,\"currentAvailableQuantity\":\"5\",\"dose_type\":\"TDS\"}]', 1, 'Home');
INSERT INTO `sale` (`SaleID`, `SCID`, `patient_id`, `admission_id`, `InvoiceNo`, `Date`, `Description`, `TNo`, `TotalSale`, `received_amount`, `Discount`, `SalemanID`, `SalemanCommesion`, `CustomerMobile`, `CreatedBy`, `CreatedAt`, `ModifiedBy`, `ModifiedAt`, `SalemanCommesionStatus`, `sale_descriptions`, `bill_details`, `is_sehat_card`, `medicine_type`) VALUES
(181, 1, 30, 32, '181', '2025-01-17 00:00:00', 'FAIZAN AFSAR - AMC-16111849', NULL, 470.62, 0.00, 0, 0, 0, NULL, 12257, '2025-01-17', NULL, NULL, 0, NULL, '[{\"ProductID\":\"441\",\"Product\":\"Xynosine Adult | PS: 1.00 | Qty 20\",\"Name\":\"Xynosine Adult | PS: 1.00 | Qty 20\",\"UnitePrice\":\"59.29\",\"Quantity\":\"1\",\"Total\":\"59.29\",\"AvailableQuantity\":\"20\",\"taxAmount\":\"0.00\",\"taxPercentage\":null,\"currentAvailableQuantity\":\"20\",\"dose_type\":\"TDS\"},{\"ProductID\":\"429\",\"Product\":\"Calamox 625mg Tab | PS: 6.00 | Qty 266\",\"Name\":\"Calamox 625mg Tab | PS: 6.00 | Qty 266\",\"UnitePrice\":\"31.98\",\"Quantity\":\"6\",\"Total\":\"191.88\",\"AvailableQuantity\":\"266\",\"taxAmount\":\"0.00\",\"taxPercentage\":null,\"currentAvailableQuantity\":\"266\",\"dose_type\":\"BD\"},{\"ProductID\":\"507\",\"Product\":\"Salinas Nasal Drop | PS: 1.00 | Qty 3\",\"Name\":\"Salinas Nasal Drop | PS: 1.00 | Qty 3\",\"UnitePrice\":\"65.45\",\"Quantity\":\"1\",\"Total\":\"65.45\",\"AvailableQuantity\":\"3\",\"taxAmount\":\"0.00\",\"taxPercentage\":null,\"currentAvailableQuantity\":\"3\",\"dose_type\":\"-\"},{\"ProductID\":\"378\",\"Product\":\"Airtal 100mg tab | PS: 20.00 | Qty 110\",\"Name\":\"Airtal 100mg tab | PS: 20.00 | Qty 110\",\"UnitePrice\":\"15.40\",\"Quantity\":\"10\",\"Total\":\"154\",\"AvailableQuantity\":\"110\",\"taxAmount\":\"0.00\",\"taxPercentage\":null,\"currentAvailableQuantity\":\"110\",\"dose_type\":\"BD\"}]', 1, 'Home'),
(182, 1, 41, 44, '182', '2025-01-17 00:00:00', 'KHATOON BIBI - AMC-17120510', NULL, 793.00, 0.00, 0, 0, 0, NULL, 12257, '2025-01-17', NULL, NULL, 0, NULL, '[{\"ProductID\":\"467\",\"Product\":\"SERGIFEX 1G INJ | PS: 1.00 | Qty 5\",\"Name\":\"SERGIFEX 1G INJ | PS: 1.00 | Qty 5\",\"UnitePrice\":\"338.30\",\"Quantity\":\"1\",\"Total\":\"338.3\",\"AvailableQuantity\":\"5\",\"taxAmount\":\"0.00\",\"taxPercentage\":null,\"currentAvailableQuantity\":\"5\",\"dose_type\":\"-\"},{\"ProductID\":\"546\",\"Product\":\"STERIMET 100ML INF | PS: 1.00 | Qty 100\",\"Name\":\"STERIMET 100ML INF | PS: 1.00 | Qty 100\",\"UnitePrice\":\"75.00\",\"Quantity\":\"1\",\"Total\":\"75\",\"AvailableQuantity\":\"100\",\"taxAmount\":\"0.00\",\"taxPercentage\":null,\"currentAvailableQuantity\":\"100\",\"dose_type\":\"-\"},{\"ProductID\":\"400\",\"Product\":\"Transamin 500mg Inj | PS: 10.00 | Qty 10\",\"Name\":\"Transamin 500mg Inj | PS: 10.00 | Qty 10\",\"UnitePrice\":\"137.85\",\"Quantity\":\"2\",\"Total\":\"275.7\",\"AvailableQuantity\":\"10\",\"taxAmount\":\"0.00\",\"taxPercentage\":null,\"currentAvailableQuantity\":\"10\",\"dose_type\":\"-\"},{\"ProductID\":\"415\",\"Product\":\"STERIFLUID RL 500ML | PS: 1.00 | Qty 40\",\"Name\":\"STERIFLUID RL 500ML | PS: 1.00 | Qty 40\",\"UnitePrice\":\"70.00\",\"Quantity\":\"1\",\"Total\":\"70\",\"AvailableQuantity\":\"40\",\"taxAmount\":\"0.00\",\"taxPercentage\":null,\"currentAvailableQuantity\":\"40\",\"dose_type\":\"-\"},{\"ProductID\":\"326\",\"Product\":\"10cc zindagi Siring | PS: 100.00 | Qty 392\",\"Name\":\"10cc zindagi Siring | PS: 100.00 | Qty 392\",\"UnitePrice\":\"9.00\",\"Quantity\":\"1\",\"Total\":\"9\",\"AvailableQuantity\":\"392\",\"taxAmount\":\"0.00\",\"taxPercentage\":null,\"currentAvailableQuantity\":\"392\",\"dose_type\":\"-\"},{\"ProductID\":\"15\",\"Product\":\"DRIP SET SMD | PS: 100.00 | Qty 61\",\"Name\":\"DRIP SET SMD | PS: 100.00 | Qty 61\",\"UnitePrice\":\"25.00\",\"Quantity\":\"1\",\"Total\":\"25\",\"AvailableQuantity\":\"61\",\"taxAmount\":\"0.00\",\"taxPercentage\":\"0.00\",\"currentAvailableQuantity\":\"61\",\"dose_type\":\"-\"}]', 1, 'Ward'),
(183, 1, 41, 44, '183', '2025-01-17 00:00:00', 'KHATOON BIBI - AMC-17120510', NULL, 10.60, 0.00, 0, 0, 0, NULL, 12257, '2025-01-17', NULL, NULL, 0, NULL, '[{\"ProductID\":\"307\",\"Product\":\"GVN 50mg inj | PS: 25.00 | Qty 217\",\"Name\":\"GVN 50mg inj | PS: 25.00 | Qty 217\",\"UnitePrice\":\"8.20\",\"Quantity\":\"1\",\"Total\":\"8.2\",\"AvailableQuantity\":\"217\",\"taxAmount\":\"0.00\",\"taxPercentage\":null,\"currentAvailableQuantity\":\"217\",\"dose_type\":\"-\"},{\"ProductID\":\"447\",\"Product\":\"TRAMAFAC 50 MG\\/ML | PS: 5.00 | Qty 123\",\"Name\":\"TRAMAFAC 50 MG\\/ML | PS: 5.00 | Qty 123\",\"UnitePrice\":\"2.40\",\"Quantity\":\"1\",\"Total\":\"2.4\",\"AvailableQuantity\":\"123\",\"taxAmount\":\"0.00\",\"taxPercentage\":null,\"currentAvailableQuantity\":\"123\",\"dose_type\":\"-\"}]', 1, 'Ward'),
(184, 1, 40, 42, '184', '2025-01-17 00:00:00', 'NAZIA BIBI - AMC-17112101', NULL, 1209.30, 0.00, 0, 0, 0, NULL, 12257, '2025-01-17', NULL, NULL, 0, NULL, '[{\"ProductID\":\"467\",\"Product\":\"SERGIFEX 1G INJ | PS: 1.00 | Qty 4\",\"Name\":\"SERGIFEX 1G INJ | PS: 1.00 | Qty 4\",\"UnitePrice\":\"338.30\",\"Quantity\":\"2\",\"Total\":\"676.6\",\"AvailableQuantity\":\"4\",\"taxAmount\":\"0.00\",\"taxPercentage\":null,\"currentAvailableQuantity\":\"4\",\"dose_type\":\"-\"},{\"ProductID\":\"546\",\"Product\":\"STERIMET 100ML INF | PS: 1.00 | Qty 99\",\"Name\":\"STERIMET 100ML INF | PS: 1.00 | Qty 99\",\"UnitePrice\":\"75.00\",\"Quantity\":\"1\",\"Total\":\"75\",\"AvailableQuantity\":\"99\",\"taxAmount\":\"0.00\",\"taxPercentage\":null,\"currentAvailableQuantity\":\"99\",\"dose_type\":\"-\"},{\"ProductID\":\"400\",\"Product\":\"Transamin 500mg Inj | PS: 10.00 | Qty 8\",\"Name\":\"Transamin 500mg Inj | PS: 10.00 | Qty 8\",\"UnitePrice\":\"137.85\",\"Quantity\":\"2\",\"Total\":\"275.7\",\"AvailableQuantity\":\"8\",\"taxAmount\":\"0.00\",\"taxPercentage\":null,\"currentAvailableQuantity\":\"8\",\"dose_type\":\"-\"},{\"ProductID\":\"418\",\"Product\":\"STERIFLUID NS 1000ML | PS: 1.00 | Qty 65\",\"Name\":\"STERIFLUID NS 1000ML | PS: 1.00 | Qty 65\",\"UnitePrice\":\"90.00\",\"Quantity\":\"1\",\"Total\":\"90\",\"AvailableQuantity\":\"65\",\"taxAmount\":\"0.00\",\"taxPercentage\":null,\"currentAvailableQuantity\":\"65\",\"dose_type\":\"-\"},{\"ProductID\":\"422\",\"Product\":\"Sterifluid-5 100ML | PS: 1.00 | Qty 57\",\"Name\":\"Sterifluid-5 100ML | PS: 1.00 | Qty 57\",\"UnitePrice\":\"50.00\",\"Quantity\":\"2\",\"Total\":\"100\",\"AvailableQuantity\":\"57\",\"taxAmount\":\"0.00\",\"taxPercentage\":null,\"currentAvailableQuantity\":\"57\",\"dose_type\":\"-\"},{\"ProductID\":\"15\",\"Product\":\"DRIP SET SMD | PS: 100.00 | Qty 60\",\"Name\":\"DRIP SET SMD | PS: 100.00 | Qty 60\",\"UnitePrice\":\"25.00\",\"Quantity\":\"1\",\"Total\":\"25\",\"AvailableQuantity\":\"60\",\"taxAmount\":\"0.00\",\"taxPercentage\":\"0.00\",\"currentAvailableQuantity\":\"60\",\"dose_type\":\"-\"},{\"ProductID\":\"330\",\"Product\":\"1cc Insulin Silver Sirange | PS: 100.00 | Qty 93\",\"Name\":\"1cc Insulin Silver Sirange | PS: 100.00 | Qty 93\",\"UnitePrice\":\"17.00\",\"Quantity\":\"1\",\"Total\":\"17\",\"AvailableQuantity\":\"93\",\"taxAmount\":\"0.00\",\"taxPercentage\":null,\"currentAvailableQuantity\":\"93\",\"dose_type\":\"-\"}]', 1, 'Ward'),
(185, 1, 37, 40, '185', '2025-01-17 00:00:00', 'Sima - AMC-17102219', NULL, 1167.29, 0.00, 0, 0, 0, NULL, 12257, '2025-01-17', NULL, NULL, 0, NULL, '[{\"ProductID\":\"274\",\"Product\":\"Oxytocin inj\",\"Name\":\"Oxytocin inj\",\"UnitePrice\":\"6.60\",\"Quantity\":\"10\",\"Total\":\"66\",\"AvailableQuantity\":\"232\",\"taxAmount\":\"0.00\",\"taxPercentage\":null,\"currentAvailableQuantity\":\"0\",\"dose_type\":null},{\"ProductID\":\"416\",\"Product\":\"STERIFLUID RL1000ML\",\"Name\":\"STERIFLUID RL1000ML\",\"UnitePrice\":\"90.00\",\"Quantity\":\"1\",\"Total\":\"90\",\"AvailableQuantity\":\"72\",\"taxAmount\":\"0.00\",\"taxPercentage\":null,\"currentAvailableQuantity\":\"0\",\"dose_type\":null},{\"ProductID\":\"157\",\"Product\":\"Cannula IV introcan 20 g\",\"Name\":\"Cannula IV introcan 20 g\",\"UnitePrice\":\"82.00\",\"Quantity\":\"1\",\"Total\":\"82\",\"AvailableQuantity\":\"37\",\"taxAmount\":\"0.00\",\"taxPercentage\":null,\"currentAvailableQuantity\":\"0\",\"dose_type\":null},{\"ProductID\":\"272\",\"Product\":\"Neo Medical Tape (Surgical Tape)\",\"Name\":\"Neo Medical Tape (Surgical Tape)\",\"UnitePrice\":\"26.67\",\"Quantity\":\"1\",\"Total\":\"26.67\",\"AvailableQuantity\":\"207\",\"taxAmount\":\"0.00\",\"taxPercentage\":null,\"currentAvailableQuantity\":\"0\",\"dose_type\":null},{\"ProductID\":\"433\",\"Product\":\"Cord Clamp\",\"Name\":\"Cord Clamp\",\"UnitePrice\":\"18.00\",\"Quantity\":\"1\",\"Total\":\"18\",\"AvailableQuantity\":\"58\",\"taxAmount\":\"0.00\",\"taxPercentage\":null,\"currentAvailableQuantity\":\"0\",\"dose_type\":null},{\"ProductID\":\"436\",\"Product\":\"Liquid parraffin\",\"Name\":\"Liquid parraffin\",\"UnitePrice\":\"38.00\",\"Quantity\":\"1\",\"Total\":\"38\",\"AvailableQuantity\":\"10\",\"taxAmount\":\"0.00\",\"taxPercentage\":null,\"currentAvailableQuantity\":\"0\",\"dose_type\":null},{\"ProductID\":\"273\",\"Product\":\"Dignity Sheet\",\"Name\":\"Dignity Sheet\",\"UnitePrice\":\"41.00\",\"Quantity\":\"1\",\"Total\":\"41\",\"AvailableQuantity\":\"97\",\"taxAmount\":\"0.00\",\"taxPercentage\":null,\"currentAvailableQuantity\":\"0\",\"dose_type\":null},{\"ProductID\":\"279\",\"Product\":\"Hush Pads\",\"Name\":\"Hush Pads\",\"UnitePrice\":\"16.33\",\"Quantity\":\"15\",\"Total\":\"244.95\",\"AvailableQuantity\":\"195\",\"taxAmount\":\"0.00\",\"taxPercentage\":null,\"currentAvailableQuantity\":\"0\",\"dose_type\":null},{\"ProductID\":\"448\",\"Product\":\"MISO 200MCG TAB\",\"Name\":\"MISO 200MCG TAB\",\"UnitePrice\":\"1.40\",\"Quantity\":\"5\",\"Total\":\"7\",\"AvailableQuantity\":\"190\",\"taxAmount\":\"0.00\",\"taxPercentage\":null,\"currentAvailableQuantity\":\"0\",\"dose_type\":null},{\"ProductID\":\"334\",\"Product\":\"Zindagi IV set Blister\",\"Name\":\"Zindagi IV set Blister\",\"UnitePrice\":\"22.00\",\"Quantity\":\"1\",\"Total\":\"22\",\"AvailableQuantity\":\"285\",\"taxAmount\":\"0.00\",\"taxPercentage\":null,\"currentAvailableQuantity\":\"0\",\"dose_type\":null},{\"ProductID\":\"326\",\"Product\":\"10cc zindagi Siring\",\"Name\":\"10cc zindagi Siring\",\"UnitePrice\":\"9.00\",\"Quantity\":\"2\",\"Total\":\"18\",\"AvailableQuantity\":\"391\",\"taxAmount\":\"0.00\",\"taxPercentage\":null,\"currentAvailableQuantity\":\"0\",\"dose_type\":null},{\"ProductID\":\"327\",\"Product\":\"5cc zindagi Siring\",\"Name\":\"5cc zindagi Siring\",\"UnitePrice\":\"12.00\",\"Quantity\":\"2\",\"Total\":\"24\",\"AvailableQuantity\":\"232\",\"taxAmount\":\"0.00\",\"taxPercentage\":null,\"currentAvailableQuantity\":\"0\",\"dose_type\":null},{\"ProductID\":\"19\",\"Product\":\"PYODINE small\",\"Name\":\"PYODINE small\",\"UnitePrice\":\"225.00\",\"Quantity\":\"1\",\"Total\":\"225\",\"AvailableQuantity\":\"20\",\"taxAmount\":\"0.00\",\"taxPercentage\":null,\"currentAvailableQuantity\":\"0\",\"dose_type\":null},{\"ProductID\":\"92\",\"Product\":\"S.GLOVES 7.5 Next\",\"Name\":\"S.GLOVES 7.5 Next\",\"UnitePrice\":\"73.00\",\"Quantity\":\"1\",\"Total\":\"73\",\"AvailableQuantity\":\"46\",\"taxAmount\":\"0.00\",\"taxPercentage\":null,\"currentAvailableQuantity\":\"0\",\"dose_type\":null},{\"ProductID\":\"275\",\"Product\":\"Catgut 1\",\"Name\":\"Catgut 1\",\"UnitePrice\":\"191.67\",\"Quantity\":\"1\",\"Total\":\"191.67\",\"AvailableQuantity\":\"12\",\"taxAmount\":\"0.00\",\"taxPercentage\":null,\"currentAvailableQuantity\":\"0\",\"dose_type\":null}]', 1, 'OT'),
(186, 1, 37, 40, '186', '2025-01-17 00:00:00', 'Sima - AMC-17102219', NULL, 351.00, 0.00, 0, 0, 0, NULL, 12257, '2025-01-17', NULL, NULL, 0, NULL, '[{\"ProductID\":\"429\",\"Product\":\"Calamox 625mg Tab | PS: 6.00 | Qty 260\",\"Name\":\"Calamox 625mg Tab | PS: 6.00 | Qty 260\",\"UnitePrice\":\"31.98\",\"Quantity\":\"10\",\"Total\":\"319.8\",\"AvailableQuantity\":\"260\",\"taxAmount\":\"0.00\",\"taxPercentage\":null,\"currentAvailableQuantity\":\"260\",\"dose_type\":\"-\"},{\"ProductID\":\"403\",\"Product\":\"Riam 400mg Tab | PS: 100.00 | Qty 115\",\"Name\":\"Riam 400mg Tab | PS: 100.00 | Qty 115\",\"UnitePrice\":\"3.12\",\"Quantity\":\"10\",\"Total\":\"31.200000000000003\",\"AvailableQuantity\":\"115\",\"taxAmount\":\"0.00\",\"taxPercentage\":null,\"currentAvailableQuantity\":\"115\",\"dose_type\":\"BD\"}]', 1, 'Home'),
(187, 1, 38, 41, '187', '2025-01-17 00:00:00', 'Muhammad Jameel - AMC-17102931', NULL, 10.60, 0.00, 0, 0, 0, NULL, 12257, '2025-01-17', NULL, NULL, 0, NULL, '[{\"ProductID\":\"307\",\"Product\":\"GVN 50mg inj | PS: 25.00 | Qty 216\",\"Name\":\"GVN 50mg inj | PS: 25.00 | Qty 216\",\"UnitePrice\":\"8.20\",\"Quantity\":\"1\",\"Total\":\"8.2\",\"AvailableQuantity\":\"216\",\"taxAmount\":\"0.00\",\"taxPercentage\":null,\"currentAvailableQuantity\":\"216\",\"dose_type\":\"-\"},{\"ProductID\":\"447\",\"Product\":\"TRAMAFAC 50 MG\\/ML | PS: 5.00 | Qty 122\",\"Name\":\"TRAMAFAC 50 MG\\/ML | PS: 5.00 | Qty 122\",\"UnitePrice\":\"2.40\",\"Quantity\":\"1\",\"Total\":\"2.4\",\"AvailableQuantity\":\"122\",\"taxAmount\":\"0.00\",\"taxPercentage\":null,\"currentAvailableQuantity\":\"122\",\"dose_type\":\"-\"}]', 1, 'Ward'),
(188, 1, 38, 41, '188', '2025-01-17 00:00:00', 'Muhammad Jameel - AMC-17102931', NULL, 894.25, 0.00, 0, 0, 0, NULL, 12257, '2025-01-17', NULL, NULL, 0, NULL, '[{\"ProductID\":\"490\",\"Product\":\"Q-BACT 2G INJ | PS: 1.00 | Qty 10\",\"Name\":\"Q-BACT 2G INJ | PS: 1.00 | Qty 10\",\"UnitePrice\":\"633.25\",\"Quantity\":\"1\",\"Total\":\"633.25\",\"AvailableQuantity\":\"10\",\"taxAmount\":\"0.00\",\"taxPercentage\":null,\"currentAvailableQuantity\":\"10\",\"dose_type\":\"-\"},{\"ProductID\":\"334\",\"Product\":\"Zindagi IV set Blister | PS: 60.00 | Qty 284\",\"Name\":\"Zindagi IV set Blister | PS: 60.00 | Qty 284\",\"UnitePrice\":\"22.00\",\"Quantity\":\"1\",\"Total\":\"22\",\"AvailableQuantity\":\"284\",\"taxAmount\":\"0.00\",\"taxPercentage\":null,\"currentAvailableQuantity\":\"284\",\"dose_type\":\"-\"},{\"ProductID\":\"326\",\"Product\":\"10cc zindagi Siring | PS: 100.00 | Qty 389\",\"Name\":\"10cc zindagi Siring | PS: 100.00 | Qty 389\",\"UnitePrice\":\"9.00\",\"Quantity\":\"1\",\"Total\":\"9\",\"AvailableQuantity\":\"389\",\"taxAmount\":\"0.00\",\"taxPercentage\":null,\"currentAvailableQuantity\":\"389\",\"dose_type\":\"-\"},{\"ProductID\":\"419\",\"Product\":\"STERIFLUID NS 100ML | PS: 1.00 | Qty 121\",\"Name\":\"STERIFLUID NS 100ML | PS: 1.00 | Qty 121\",\"UnitePrice\":\"50.00\",\"Quantity\":\"1\",\"Total\":\"50\",\"AvailableQuantity\":\"121\",\"taxAmount\":\"0.00\",\"taxPercentage\":null,\"currentAvailableQuantity\":\"121\",\"dose_type\":\"-\"},{\"ProductID\":\"418\",\"Product\":\"STERIFLUID NS 1000ML | PS: 1.00 | Qty 64\",\"Name\":\"STERIFLUID NS 1000ML | PS: 1.00 | Qty 64\",\"UnitePrice\":\"90.00\",\"Quantity\":\"5\",\"Total\":\"450\",\"AvailableQuantity\":\"64\",\"taxAmount\":\"0.00\",\"taxPercentage\":null,\"currentAvailableQuantity\":\"64\",\"dose_type\":\"-\"}]', 1, 'Ward'),
(189, 1, 38, 41, '189', '2025-01-17 00:00:00', 'Muhammad Jameel - AMC-17102931', NULL, 2461.60, 0.00, 0, 0, 0, NULL, 12257, '2025-01-17', NULL, NULL, 0, NULL, '[{\"ProductID\":\"101\",\"Product\":\"BUPIVACAINE sp | PS: 5.00 | Qty 16\",\"Name\":\"BUPIVACAINE sp | PS: 5.00 | Qty 16\",\"UnitePrice\":\"65.00\",\"Quantity\":\"1\",\"Total\":\"65\",\"AvailableQuantity\":\"16\",\"taxAmount\":\"0.00\",\"taxPercentage\":\"0.00\",\"currentAvailableQuantity\":\"16\",\"dose_type\":null},{\"ProductID\":\"449\",\"Product\":\"HYZONATE 500MG INJ | PS: 1.00 | Qty 4\",\"Name\":\"HYZONATE 500MG INJ | PS: 1.00 | Qty 4\",\"UnitePrice\":\"460.00\",\"Quantity\":\"1\",\"Total\":\"460\",\"AvailableQuantity\":\"4\",\"taxAmount\":\"0.00\",\"taxPercentage\":null,\"currentAvailableQuantity\":\"4\",\"dose_type\":null},{\"ProductID\":\"308\",\"Product\":\"DMX 4mg inj | PS: 25.00 | Qty 238\",\"Name\":\"DMX 4mg inj | PS: 25.00 | Qty 238\",\"UnitePrice\":\"7.60\",\"Quantity\":\"1\",\"Total\":\"7.6\",\"AvailableQuantity\":\"238\",\"taxAmount\":\"0.00\",\"taxPercentage\":null,\"currentAvailableQuantity\":\"238\",\"dose_type\":null},{\"ProductID\":\"416\",\"Product\":\"STERIFLUID RL1000ML | PS: 1.00 | Qty 71\",\"Name\":\"STERIFLUID RL1000ML | PS: 1.00 | Qty 71\",\"UnitePrice\":\"90.00\",\"Quantity\":\"1\",\"Total\":\"90\",\"AvailableQuantity\":\"71\",\"taxAmount\":\"0.00\",\"taxPercentage\":null,\"currentAvailableQuantity\":\"71\",\"dose_type\":null},{\"ProductID\":\"276\",\"Product\":\"spinal Needle 25G | PS: 1.00 | Qty 25\",\"Name\":\"spinal Needle 25G | PS: 1.00 | Qty 25\",\"UnitePrice\":\"160.00\",\"Quantity\":\"1\",\"Total\":\"160\",\"AvailableQuantity\":\"25\",\"taxAmount\":\"0.00\",\"taxPercentage\":null,\"currentAvailableQuantity\":\"25\",\"dose_type\":null},{\"ProductID\":\"334\",\"Product\":\"Zindagi IV set Blister | PS: 60.00 | Qty 283\",\"Name\":\"Zindagi IV set Blister | PS: 60.00 | Qty 283\",\"UnitePrice\":\"22.00\",\"Quantity\":\"1\",\"Total\":\"22\",\"AvailableQuantity\":\"283\",\"taxAmount\":\"0.00\",\"taxPercentage\":null,\"currentAvailableQuantity\":\"283\",\"dose_type\":null},{\"ProductID\":\"326\",\"Product\":\"10cc zindagi Siring | PS: 100.00 | Qty 388\",\"Name\":\"10cc zindagi Siring | PS: 100.00 | Qty 388\",\"UnitePrice\":\"9.00\",\"Quantity\":\"3\",\"Total\":\"27\",\"AvailableQuantity\":\"388\",\"taxAmount\":\"0.00\",\"taxPercentage\":null,\"currentAvailableQuantity\":\"388\",\"dose_type\":null},{\"ProductID\":\"270\",\"Product\":\"Pakband guaze | PS: 10.00 | Qty 124\",\"Name\":\"Pakband guaze | PS: 10.00 | Qty 124\",\"UnitePrice\":\"41.00\",\"Quantity\":\"3\",\"Total\":\"123\",\"AvailableQuantity\":\"124\",\"taxAmount\":\"0.00\",\"taxPercentage\":null,\"currentAvailableQuantity\":\"124\",\"dose_type\":null},{\"ProductID\":\"555\",\"Product\":\"FOLY TUBE 3WAY | PS: 1.00 | Qty 2\",\"Name\":\"FOLY TUBE 3WAY | PS: 1.00 | Qty 2\",\"UnitePrice\":\"450.00\",\"Quantity\":\"1\",\"Total\":\"450\",\"AvailableQuantity\":\"2\",\"taxAmount\":\"0.00\",\"taxPercentage\":null,\"currentAvailableQuantity\":\"2\",\"dose_type\":null},{\"ProductID\":\"259\",\"Product\":\"URINE Bag Star | PS: 10.00 | Qty 300\",\"Name\":\"URINE Bag Star | PS: 10.00 | Qty 300\",\"UnitePrice\":\"5.00\",\"Quantity\":\"1\",\"Total\":\"5\",\"AvailableQuantity\":\"300\",\"taxAmount\":\"0.00\",\"taxPercentage\":\"0.00\",\"currentAvailableQuantity\":\"300\",\"dose_type\":null},{\"ProductID\":\"257\",\"Product\":\"XYLOCAN GEL | PS: 1.00 | Qty 18\",\"Name\":\"XYLOCAN GEL | PS: 1.00 | Qty 18\",\"UnitePrice\":\"43.00\",\"Quantity\":\"5\",\"Total\":\"215\",\"AvailableQuantity\":\"18\",\"taxAmount\":\"0.00\",\"taxPercentage\":\"0.00\",\"currentAvailableQuantity\":\"18\",\"dose_type\":null},{\"ProductID\":\"92\",\"Product\":\"S.GLOVES 7.5 Next | PS: 1.00 | Qty 45\",\"Name\":\"S.GLOVES 7.5 Next | PS: 1.00 | Qty 45\",\"UnitePrice\":\"73.00\",\"Quantity\":\"5\",\"Total\":\"365\",\"AvailableQuantity\":\"45\",\"taxAmount\":\"0.00\",\"taxPercentage\":\"0.00\",\"currentAvailableQuantity\":\"45\",\"dose_type\":null},{\"ProductID\":\"418\",\"Product\":\"STERIFLUID NS 1000ML | PS: 1.00 | Qty 59\",\"Name\":\"STERIFLUID NS 1000ML | PS: 1.00 | Qty 59\",\"UnitePrice\":\"90.00\",\"Quantity\":\"1\",\"Total\":\"90\",\"AvailableQuantity\":\"59\",\"taxAmount\":\"0.00\",\"taxPercentage\":null,\"currentAvailableQuantity\":\"59\",\"dose_type\":null},{\"ProductID\":\"348\",\"Product\":\"Cefactum 2g inj | PS: 1.00 | Qty 21\",\"Name\":\"Cefactum 2g inj | PS: 1.00 | Qty 21\",\"UnitePrice\":\"382.00\",\"Quantity\":\"1\",\"Total\":\"382\",\"AvailableQuantity\":\"21\",\"taxAmount\":\"0.00\",\"taxPercentage\":null,\"currentAvailableQuantity\":\"21\",\"dose_type\":null}]', 1, 'OT'),
(190, 1, 43, 47, '190', '2025-01-17 00:00:00', 'SHAHID MUHAMMAD ILTAF - AMC-17023443', NULL, 2337.67, 0.00, 0, 0, 0, NULL, 12257, '2025-01-17', NULL, NULL, 0, NULL, '[{\"ProductID\":\"482\",\"Product\":\"BTL+DIALYZER (FX10) | PS: 1.00 | Qty 43\",\"Name\":\"BTL+DIALYZER (FX10) | PS: 1.00 | Qty 43\",\"UnitePrice\":\"1610.00\",\"Quantity\":\"1\",\"Total\":\"1610\",\"AvailableQuantity\":\"43\",\"taxAmount\":\"0.00\",\"taxPercentage\":null,\"currentAvailableQuantity\":\"43\",\"dose_type\":\"-\"},{\"ProductID\":\"483\",\"Product\":\"PART-A & B DIALYSIS (VITA | PS: 1.00 | Qty 43\",\"Name\":\"PART-A & B DIALYSIS (VITA | PS: 1.00 | Qty 43\",\"UnitePrice\":\"460.00\",\"Quantity\":\"1\",\"Total\":\"460\",\"AvailableQuantity\":\"43\",\"taxAmount\":\"0.00\",\"taxPercentage\":null,\"currentAvailableQuantity\":\"43\",\"dose_type\":\"-\"},{\"ProductID\":\"418\",\"Product\":\"STERIFLUID NS 1000ML | PS: 1.00 | Qty 58\",\"Name\":\"STERIFLUID NS 1000ML | PS: 1.00 | Qty 58\",\"UnitePrice\":\"90.00\",\"Quantity\":\"1\",\"Total\":\"90\",\"AvailableQuantity\":\"58\",\"taxAmount\":\"0.00\",\"taxPercentage\":null,\"currentAvailableQuantity\":\"58\",\"dose_type\":\"-\"},{\"ProductID\":\"327\",\"Product\":\"5cc zindagi Siring | PS: 50.00 | Qty 230\",\"Name\":\"5cc zindagi Siring | PS: 50.00 | Qty 230\",\"UnitePrice\":\"12.00\",\"Quantity\":\"1\",\"Total\":\"12\",\"AvailableQuantity\":\"230\",\"taxAmount\":\"0.00\",\"taxPercentage\":null,\"currentAvailableQuantity\":\"230\",\"dose_type\":\"-\"},{\"ProductID\":\"326\",\"Product\":\"10cc zindagi Siring | PS: 100.00 | Qty 385\",\"Name\":\"10cc zindagi Siring | PS: 100.00 | Qty 385\",\"UnitePrice\":\"9.00\",\"Quantity\":\"1\",\"Total\":\"9\",\"AvailableQuantity\":\"385\",\"taxAmount\":\"0.00\",\"taxPercentage\":null,\"currentAvailableQuantity\":\"385\",\"dose_type\":\"-\"},{\"ProductID\":\"272\",\"Product\":\"Neo Medical Tape (Surgical Tape) | PS: 12.00 | Qty 206\",\"Name\":\"Neo Medical Tape (Surgical Tape) | PS: 12.00 | Qty 206\",\"UnitePrice\":\"26.67\",\"Quantity\":\"1\",\"Total\":\"26.67\",\"AvailableQuantity\":\"206\",\"taxAmount\":\"0.00\",\"taxPercentage\":null,\"currentAvailableQuantity\":\"206\",\"dose_type\":\"-\"},{\"ProductID\":\"484\",\"Product\":\"FISTULA NEEDLE (VITA) | PS: 1.00 | Qty 45\",\"Name\":\"FISTULA NEEDLE (VITA) | PS: 1.00 | Qty 45\",\"UnitePrice\":\"130.00\",\"Quantity\":\"1\",\"Total\":\"130\",\"AvailableQuantity\":\"45\",\"taxAmount\":\"0.00\",\"taxPercentage\":null,\"currentAvailableQuantity\":\"45\",\"dose_type\":\"-\"}]', 1, 'Ward'),
(191, 1, 19, 45, '191', '2025-01-17 00:00:00', 'Kainat - AMC-14024659', NULL, 2337.67, 0.00, 0, 0, 0, NULL, 12257, '2025-01-17', NULL, NULL, 0, NULL, '[{\"ProductID\":\"482\",\"Product\":\"BTL+DIALYZER (FX10) | PS: 1.00 | Qty 42\",\"Name\":\"BTL+DIALYZER (FX10) | PS: 1.00 | Qty 42\",\"UnitePrice\":\"1610.00\",\"Quantity\":\"1\",\"Total\":\"1610\",\"AvailableQuantity\":\"42\",\"taxAmount\":\"0.00\",\"taxPercentage\":null,\"currentAvailableQuantity\":\"42\",\"dose_type\":\"-\"},{\"ProductID\":\"483\",\"Product\":\"PART-A & B DIALYSIS (VITA | PS: 1.00 | Qty 42\",\"Name\":\"PART-A & B DIALYSIS (VITA | PS: 1.00 | Qty 42\",\"UnitePrice\":\"460.00\",\"Quantity\":\"1\",\"Total\":\"460\",\"AvailableQuantity\":\"42\",\"taxAmount\":\"0.00\",\"taxPercentage\":null,\"currentAvailableQuantity\":\"42\",\"dose_type\":\"-\"},{\"ProductID\":\"418\",\"Product\":\"STERIFLUID NS 1000ML | PS: 1.00 | Qty 57\",\"Name\":\"STERIFLUID NS 1000ML | PS: 1.00 | Qty 57\",\"UnitePrice\":\"90.00\",\"Quantity\":\"1\",\"Total\":\"90\",\"AvailableQuantity\":\"57\",\"taxAmount\":\"0.00\",\"taxPercentage\":null,\"currentAvailableQuantity\":\"57\",\"dose_type\":\"-\"},{\"ProductID\":\"327\",\"Product\":\"5cc zindagi Siring | PS: 50.00 | Qty 229\",\"Name\":\"5cc zindagi Siring | PS: 50.00 | Qty 229\",\"UnitePrice\":\"12.00\",\"Quantity\":\"1\",\"Total\":\"12\",\"AvailableQuantity\":\"229\",\"taxAmount\":\"0.00\",\"taxPercentage\":null,\"currentAvailableQuantity\":\"229\",\"dose_type\":\"-\"},{\"ProductID\":\"326\",\"Product\":\"10cc zindagi Siring | PS: 100.00 | Qty 384\",\"Name\":\"10cc zindagi Siring | PS: 100.00 | Qty 384\",\"UnitePrice\":\"9.00\",\"Quantity\":\"1\",\"Total\":\"9\",\"AvailableQuantity\":\"384\",\"taxAmount\":\"0.00\",\"taxPercentage\":null,\"currentAvailableQuantity\":\"384\",\"dose_type\":\"-\"},{\"ProductID\":\"272\",\"Product\":\"Neo Medical Tape (Surgical Tape) | PS: 12.00 | Qty 205\",\"Name\":\"Neo Medical Tape (Surgical Tape) | PS: 12.00 | Qty 205\",\"UnitePrice\":\"26.67\",\"Quantity\":\"1\",\"Total\":\"26.67\",\"AvailableQuantity\":\"205\",\"taxAmount\":\"0.00\",\"taxPercentage\":null,\"currentAvailableQuantity\":\"205\",\"dose_type\":\"-\"},{\"ProductID\":\"484\",\"Product\":\"FISTULA NEEDLE (VITA) | PS: 1.00 | Qty 44\",\"Name\":\"FISTULA NEEDLE (VITA) | PS: 1.00 | Qty 44\",\"UnitePrice\":\"130.00\",\"Quantity\":\"1\",\"Total\":\"130\",\"AvailableQuantity\":\"44\",\"taxAmount\":\"0.00\",\"taxPercentage\":null,\"currentAvailableQuantity\":\"44\",\"dose_type\":\"-\"}]', 1, 'Ward'),
(192, 1, 39, 43, '192', '2025-01-17 00:00:00', 'RAZ MUHAMMAD - AMC-17104033', NULL, 2353.37, 0.00, 0, 0, 0, NULL, 12257, '2025-01-17', NULL, NULL, 0, NULL, '[{\"ProductID\":\"482\",\"Product\":\"BTL+DIALYZER (FX10) | PS: 1.00 | Qty 41\",\"Name\":\"BTL+DIALYZER (FX10) | PS: 1.00 | Qty 41\",\"UnitePrice\":\"1610.00\",\"Quantity\":\"1\",\"Total\":\"1610\",\"AvailableQuantity\":\"41\",\"taxAmount\":\"0.00\",\"taxPercentage\":null,\"currentAvailableQuantity\":\"41\",\"dose_type\":\"-\"},{\"ProductID\":\"483\",\"Product\":\"PART-A & B DIALYSIS (VITA | PS: 1.00 | Qty 41\",\"Name\":\"PART-A & B DIALYSIS (VITA | PS: 1.00 | Qty 41\",\"UnitePrice\":\"460.00\",\"Quantity\":\"1\",\"Total\":\"460\",\"AvailableQuantity\":\"41\",\"taxAmount\":\"0.00\",\"taxPercentage\":null,\"currentAvailableQuantity\":\"41\",\"dose_type\":\"-\"},{\"ProductID\":\"418\",\"Product\":\"STERIFLUID NS 1000ML | PS: 1.00 | Qty 56\",\"Name\":\"STERIFLUID NS 1000ML | PS: 1.00 | Qty 56\",\"UnitePrice\":\"90.00\",\"Quantity\":\"1\",\"Total\":\"90\",\"AvailableQuantity\":\"56\",\"taxAmount\":\"0.00\",\"taxPercentage\":null,\"currentAvailableQuantity\":\"56\",\"dose_type\":\"-\"},{\"ProductID\":\"334\",\"Product\":\"Zindagi IV set Blister | PS: 60.00 | Qty 282\",\"Name\":\"Zindagi IV set Blister | PS: 60.00 | Qty 282\",\"UnitePrice\":\"22.00\",\"Quantity\":\"1\",\"Total\":\"22\",\"AvailableQuantity\":\"282\",\"taxAmount\":\"0.00\",\"taxPercentage\":null,\"currentAvailableQuantity\":\"282\",\"dose_type\":\"-\"},{\"ProductID\":\"326\",\"Product\":\"10cc zindagi Siring | PS: 100.00 | Qty 383\",\"Name\":\"10cc zindagi Siring | PS: 100.00 | Qty 383\",\"UnitePrice\":\"9.00\",\"Quantity\":\"1\",\"Total\":\"9\",\"AvailableQuantity\":\"383\",\"taxAmount\":\"0.00\",\"taxPercentage\":null,\"currentAvailableQuantity\":\"383\",\"dose_type\":\"-\"},{\"ProductID\":\"331\",\"Product\":\"5cc clinic Syring | PS: 100.00 | Qty 787\",\"Name\":\"5cc clinic Syring | PS: 100.00 | Qty 787\",\"UnitePrice\":\"5.70\",\"Quantity\":\"1\",\"Total\":\"5.7\",\"AvailableQuantity\":\"787\",\"taxAmount\":\"0.00\",\"taxPercentage\":null,\"currentAvailableQuantity\":\"787\",\"dose_type\":\"-\"},{\"ProductID\":\"272\",\"Product\":\"Neo Medical Tape (Surgical Tape) | PS: 12.00 | Qty 204\",\"Name\":\"Neo Medical Tape (Surgical Tape) | PS: 12.00 | Qty 204\",\"UnitePrice\":\"26.67\",\"Quantity\":\"1\",\"Total\":\"26.67\",\"AvailableQuantity\":\"204\",\"taxAmount\":\"0.00\",\"taxPercentage\":null,\"currentAvailableQuantity\":\"204\",\"dose_type\":\"-\"},{\"ProductID\":\"484\",\"Product\":\"FISTULA NEEDLE (VITA) | PS: 1.00 | Qty 43\",\"Name\":\"FISTULA NEEDLE (VITA) | PS: 1.00 | Qty 43\",\"UnitePrice\":\"130.00\",\"Quantity\":\"1\",\"Total\":\"130\",\"AvailableQuantity\":\"43\",\"taxAmount\":\"0.00\",\"taxPercentage\":null,\"currentAvailableQuantity\":\"43\",\"dose_type\":\"-\"}]', 1, 'Ward'),
(193, 1, 42, 46, '193', '2025-01-17 00:00:00', 'BADAR MUNIR - AMC-17014816', NULL, 2359.67, 0.00, 0, 0, 0, NULL, 12257, '2025-01-17', NULL, NULL, 0, NULL, '[{\"ProductID\":\"482\",\"Product\":\"BTL+DIALYZER (FX10) | PS: 1.00 | Qty 40\",\"Name\":\"BTL+DIALYZER (FX10) | PS: 1.00 | Qty 40\",\"UnitePrice\":\"1610.00\",\"Quantity\":\"1\",\"Total\":\"1610\",\"AvailableQuantity\":\"40\",\"taxAmount\":\"0.00\",\"taxPercentage\":null,\"currentAvailableQuantity\":\"40\",\"dose_type\":\"-\"},{\"ProductID\":\"483\",\"Product\":\"PART-A & B DIALYSIS (VITA | PS: 1.00 | Qty 40\",\"Name\":\"PART-A & B DIALYSIS (VITA | PS: 1.00 | Qty 40\",\"UnitePrice\":\"460.00\",\"Quantity\":\"1\",\"Total\":\"460\",\"AvailableQuantity\":\"40\",\"taxAmount\":\"0.00\",\"taxPercentage\":null,\"currentAvailableQuantity\":\"40\",\"dose_type\":\"-\"},{\"ProductID\":\"418\",\"Product\":\"STERIFLUID NS 1000ML | PS: 1.00 | Qty 55\",\"Name\":\"STERIFLUID NS 1000ML | PS: 1.00 | Qty 55\",\"UnitePrice\":\"90.00\",\"Quantity\":\"1\",\"Total\":\"90\",\"AvailableQuantity\":\"55\",\"taxAmount\":\"0.00\",\"taxPercentage\":null,\"currentAvailableQuantity\":\"55\",\"dose_type\":\"-\"},{\"ProductID\":\"334\",\"Product\":\"Zindagi IV set Blister | PS: 60.00 | Qty 281\",\"Name\":\"Zindagi IV set Blister | PS: 60.00 | Qty 281\",\"UnitePrice\":\"22.00\",\"Quantity\":\"1\",\"Total\":\"22\",\"AvailableQuantity\":\"281\",\"taxAmount\":\"0.00\",\"taxPercentage\":null,\"currentAvailableQuantity\":\"281\",\"dose_type\":\"-\"},{\"ProductID\":\"327\",\"Product\":\"5cc zindagi Siring | PS: 50.00 | Qty 228\",\"Name\":\"5cc zindagi Siring | PS: 50.00 | Qty 228\",\"UnitePrice\":\"12.00\",\"Quantity\":\"1\",\"Total\":\"12\",\"AvailableQuantity\":\"228\",\"taxAmount\":\"0.00\",\"taxPercentage\":null,\"currentAvailableQuantity\":\"228\",\"dose_type\":\"-\"},{\"ProductID\":\"326\",\"Product\":\"10cc zindagi Siring | PS: 100.00 | Qty 382\",\"Name\":\"10cc zindagi Siring | PS: 100.00 | Qty 382\",\"UnitePrice\":\"9.00\",\"Quantity\":\"1\",\"Total\":\"9\",\"AvailableQuantity\":\"382\",\"taxAmount\":\"0.00\",\"taxPercentage\":null,\"currentAvailableQuantity\":\"382\",\"dose_type\":\"-\"},{\"ProductID\":\"272\",\"Product\":\"Neo Medical Tape (Surgical Tape) | PS: 12.00 | Qty 203\",\"Name\":\"Neo Medical Tape (Surgical Tape) | PS: 12.00 | Qty 203\",\"UnitePrice\":\"26.67\",\"Quantity\":\"1\",\"Total\":\"26.67\",\"AvailableQuantity\":\"203\",\"taxAmount\":\"0.00\",\"taxPercentage\":null,\"currentAvailableQuantity\":\"203\",\"dose_type\":\"-\"},{\"ProductID\":\"484\",\"Product\":\"FISTULA NEEDLE (VITA) | PS: 1.00 | Qty 42\",\"Name\":\"FISTULA NEEDLE (VITA) | PS: 1.00 | Qty 42\",\"UnitePrice\":\"130.00\",\"Quantity\":\"1\",\"Total\":\"130\",\"AvailableQuantity\":\"42\",\"taxAmount\":\"0.00\",\"taxPercentage\":null,\"currentAvailableQuantity\":\"42\",\"dose_type\":\"-\"}]', 1, 'Ward'),
(194, 1, 35, 38, '194', '2025-01-17 00:00:00', 'HAJRA - AMC-17093648', NULL, 2328.67, 0.00, 0, 0, 0, NULL, 12257, '2025-01-17', NULL, NULL, 0, NULL, '[{\"ProductID\":\"482\",\"Product\":\"BTL+DIALYZER (FX10) | PS: 1.00 | Qty 39\",\"Name\":\"BTL+DIALYZER (FX10) | PS: 1.00 | Qty 39\",\"UnitePrice\":\"1610.00\",\"Quantity\":\"1\",\"Total\":\"1610\",\"AvailableQuantity\":\"39\",\"taxAmount\":\"0.00\",\"taxPercentage\":null,\"currentAvailableQuantity\":\"39\",\"dose_type\":\"-\"},{\"ProductID\":\"483\",\"Product\":\"PART-A & B DIALYSIS (VITA | PS: 1.00 | Qty 39\",\"Name\":\"PART-A & B DIALYSIS (VITA | PS: 1.00 | Qty 39\",\"UnitePrice\":\"460.00\",\"Quantity\":\"1\",\"Total\":\"460\",\"AvailableQuantity\":\"39\",\"taxAmount\":\"0.00\",\"taxPercentage\":null,\"currentAvailableQuantity\":\"39\",\"dose_type\":\"-\"},{\"ProductID\":\"418\",\"Product\":\"STERIFLUID NS 1000ML | PS: 1.00 | Qty 54\",\"Name\":\"STERIFLUID NS 1000ML | PS: 1.00 | Qty 54\",\"UnitePrice\":\"90.00\",\"Quantity\":\"1\",\"Total\":\"90\",\"AvailableQuantity\":\"54\",\"taxAmount\":\"0.00\",\"taxPercentage\":null,\"currentAvailableQuantity\":\"54\",\"dose_type\":\"-\"},{\"ProductID\":\"327\",\"Product\":\"5cc zindagi Siring | PS: 50.00 | Qty 227\",\"Name\":\"5cc zindagi Siring | PS: 50.00 | Qty 227\",\"UnitePrice\":\"12.00\",\"Quantity\":\"1\",\"Total\":\"12\",\"AvailableQuantity\":\"227\",\"taxAmount\":\"0.00\",\"taxPercentage\":null,\"currentAvailableQuantity\":\"227\",\"dose_type\":\"-\"},{\"ProductID\":\"272\",\"Product\":\"Neo Medical Tape (Surgical Tape) | PS: 12.00 | Qty 202\",\"Name\":\"Neo Medical Tape (Surgical Tape) | PS: 12.00 | Qty 202\",\"UnitePrice\":\"26.67\",\"Quantity\":\"1\",\"Total\":\"26.67\",\"AvailableQuantity\":\"202\",\"taxAmount\":\"0.00\",\"taxPercentage\":null,\"currentAvailableQuantity\":\"202\",\"dose_type\":\"-\"},{\"ProductID\":\"484\",\"Product\":\"FISTULA NEEDLE (VITA) | PS: 1.00 | Qty 41\",\"Name\":\"FISTULA NEEDLE (VITA) | PS: 1.00 | Qty 41\",\"UnitePrice\":\"130.00\",\"Quantity\":\"1\",\"Total\":\"130\",\"AvailableQuantity\":\"41\",\"taxAmount\":\"0.00\",\"taxPercentage\":null,\"currentAvailableQuantity\":\"41\",\"dose_type\":\"-\"}]', 1, 'Ward'),
(195, 1, 41, 44, '195', '2025-01-17 00:00:00', 'KHATOON BIBI - AMC-17120510', NULL, 109.00, 0.00, 0, 0, 0, NULL, 12257, '2025-01-17', NULL, NULL, 0, NULL, '[{\"ProductID\":\"546\",\"Product\":\"STERIMET 100ML INF | PS: 1.00 | Qty 98\",\"Name\":\"STERIMET 100ML INF | PS: 1.00 | Qty 98\",\"UnitePrice\":\"75.00\",\"Quantity\":\"1\",\"Total\":\"75\",\"AvailableQuantity\":\"98\",\"taxAmount\":\"0.00\",\"taxPercentage\":null,\"currentAvailableQuantity\":\"98\",\"dose_type\":\"-\"},{\"ProductID\":\"15\",\"Product\":\"DRIP SET SMD | PS: 100.00 | Qty 59\",\"Name\":\"DRIP SET SMD | PS: 100.00 | Qty 59\",\"UnitePrice\":\"25.00\",\"Quantity\":\"1\",\"Total\":\"25\",\"AvailableQuantity\":\"59\",\"taxAmount\":\"0.00\",\"taxPercentage\":\"0.00\",\"currentAvailableQuantity\":\"59\",\"dose_type\":\"TDS\"},{\"ProductID\":\"326\",\"Product\":\"10cc zindagi Siring | PS: 100.00 | Qty 381\",\"Name\":\"10cc zindagi Siring | PS: 100.00 | Qty 381\",\"UnitePrice\":\"9.00\",\"Quantity\":\"1\",\"Total\":\"9\",\"AvailableQuantity\":\"381\",\"taxAmount\":\"0.00\",\"taxPercentage\":null,\"currentAvailableQuantity\":\"381\",\"dose_type\":\"TDS\"}]', 1, 'Ward'),
(196, 1, 40, 42, '196', '2025-01-17 00:00:00', 'NAZIA BIBI - AMC-17112101', NULL, 148.00, 0.00, 0, 0, 0, NULL, 12257, '2025-01-17', NULL, NULL, 0, NULL, '[{\"ProductID\":\"546\",\"Product\":\"STERIMET 100ML INF | PS: 1.00 | Qty 97\",\"Name\":\"STERIMET 100ML INF | PS: 1.00 | Qty 97\",\"UnitePrice\":\"75.00\",\"Quantity\":\"1\",\"Total\":\"75\",\"AvailableQuantity\":\"97\",\"taxAmount\":\"0.00\",\"taxPercentage\":null,\"currentAvailableQuantity\":\"97\",\"dose_type\":\"TDS\"},{\"ProductID\":\"411\",\"Product\":\"Transolide 500mg Inj | PS: 10.00 | Qty 45\",\"Name\":\"Transolide 500mg Inj | PS: 10.00 | Qty 45\",\"UnitePrice\":\"48.00\",\"Quantity\":\"1\",\"Total\":\"48\",\"AvailableQuantity\":\"45\",\"taxAmount\":\"0.00\",\"taxPercentage\":null,\"currentAvailableQuantity\":\"45\",\"dose_type\":\"TDS\"},{\"ProductID\":\"326\",\"Product\":\"10cc zindagi Siring | PS: 100.00 | Qty 380\",\"Name\":\"10cc zindagi Siring | PS: 100.00 | Qty 380\",\"UnitePrice\":\"9.00\",\"Quantity\":\"1\",\"Total\":\"9\",\"AvailableQuantity\":\"380\",\"taxAmount\":\"0.00\",\"taxPercentage\":null,\"currentAvailableQuantity\":\"380\",\"dose_type\":\"TDS\"},{\"ProductID\":\"15\",\"Product\":\"DRIP SET SMD | PS: 100.00 | Qty 58\",\"Name\":\"DRIP SET SMD | PS: 100.00 | Qty 58\",\"UnitePrice\":\"25.00\",\"Quantity\":\"1\",\"Total\":\"25\",\"AvailableQuantity\":\"58\",\"taxAmount\":\"0.00\",\"taxPercentage\":\"0.00\",\"currentAvailableQuantity\":\"58\",\"dose_type\":\"TDS\"}]', 1, 'Ward'),
(197, 1, 40, 42, '197', '2025-01-17 00:00:00', 'NAZIA BIBI - AMC-17112101', NULL, 9.00, 0.00, 0, 0, 0, NULL, 12257, '2025-01-17', NULL, NULL, 0, NULL, '[{\"ProductID\":\"447\",\"Product\":\"TRAMAFAC 50 MG\\/ML | PS: 5.00 | Qty 121\",\"Name\":\"TRAMAFAC 50 MG\\/ML | PS: 5.00 | Qty 121\",\"UnitePrice\":\"2.40\",\"Quantity\":\"1\",\"Total\":\"2.4\",\"AvailableQuantity\":\"121\",\"taxAmount\":\"0.00\",\"taxPercentage\":null,\"currentAvailableQuantity\":\"121\",\"dose_type\":\"TDS\"},{\"ProductID\":\"307\",\"Product\":\"GVN 50mg inj | PS: 25.00 | Qty 215\",\"Name\":\"GVN 50mg inj | PS: 25.00 | Qty 215\",\"UnitePrice\":\"8.20\",\"Quantity\":\"1\",\"Total\":\"8.2\",\"AvailableQuantity\":\"215\",\"taxAmount\":\"0.00\",\"taxPercentage\":null,\"currentAvailableQuantity\":\"215\",\"dose_type\":\"TDS\"},{\"ProductID\":\"326\",\"Product\":\"10cc zindagi Siring | PS: 100.00 | Qty 379\",\"Name\":\"10cc zindagi Siring | PS: 100.00 | Qty 379\",\"UnitePrice\":\"9.00\",\"Quantity\":\"1\",\"Total\":\"9\",\"AvailableQuantity\":\"379\",\"taxAmount\":\"0.00\",\"taxPercentage\":null,\"currentAvailableQuantity\":\"379\",\"dose_type\":\"TDS\"}]', 1, 'Ward'),
(198, 1, 41, 44, '198', '2025-01-17 00:00:00', 'KHATOON BIBI - AMC-17120510', NULL, 94.60, 0.00, 0, 0, 0, NULL, 12257, '2025-01-17', NULL, NULL, 0, NULL, '[{\"ProductID\":\"422\",\"Product\":\"Sterifluid-5 100ML | PS: 1.00 | Qty 55\",\"Name\":\"Sterifluid-5 100ML | PS: 1.00 | Qty 55\",\"UnitePrice\":\"50.00\",\"Quantity\":\"1\",\"Total\":\"50\",\"AvailableQuantity\":\"55\",\"taxAmount\":\"0.00\",\"taxPercentage\":null,\"currentAvailableQuantity\":\"55\",\"dose_type\":\"TDS\"},{\"ProductID\":\"15\",\"Product\":\"DRIP SET SMD | PS: 100.00 | Qty 57\",\"Name\":\"DRIP SET SMD | PS: 100.00 | Qty 57\",\"UnitePrice\":\"25.00\",\"Quantity\":\"1\",\"Total\":\"25\",\"AvailableQuantity\":\"57\",\"taxAmount\":\"0.00\",\"taxPercentage\":\"0.00\",\"currentAvailableQuantity\":\"57\",\"dose_type\":\"-\"},{\"ProductID\":\"447\",\"Product\":\"TRAMAFAC 50 MG\\/ML | PS: 5.00 | Qty 120\",\"Name\":\"TRAMAFAC 50 MG\\/ML | PS: 5.00 | Qty 120\",\"UnitePrice\":\"2.40\",\"Quantity\":\"1\",\"Total\":\"2.4\",\"AvailableQuantity\":\"120\",\"taxAmount\":\"0.00\",\"taxPercentage\":null,\"currentAvailableQuantity\":\"120\",\"dose_type\":\"TDS\"},{\"ProductID\":\"307\",\"Product\":\"GVN 50mg inj | PS: 25.00 | Qty 214\",\"Name\":\"GVN 50mg inj | PS: 25.00 | Qty 214\",\"UnitePrice\":\"8.20\",\"Quantity\":\"1\",\"Total\":\"8.2\",\"AvailableQuantity\":\"214\",\"taxAmount\":\"0.00\",\"taxPercentage\":null,\"currentAvailableQuantity\":\"214\",\"dose_type\":\"TDS\"},{\"ProductID\":\"326\",\"Product\":\"10cc zindagi Siring | PS: 100.00 | Qty 378\",\"Name\":\"10cc zindagi Siring | PS: 100.00 | Qty 378\",\"UnitePrice\":\"9.00\",\"Quantity\":\"1\",\"Total\":\"9\",\"AvailableQuantity\":\"378\",\"taxAmount\":\"0.00\",\"taxPercentage\":null,\"currentAvailableQuantity\":\"378\",\"dose_type\":\"HS\"}]', 1, 'Ward'),
(199, 1, 41, 44, '199', '2025-01-17 00:00:00', 'KHATOON BIBI - AMC-17120510', NULL, 1806.24, 0.00, 0, 0, 0, NULL, 12257, '2025-01-17', NULL, NULL, 0, NULL, '[{\"ProductID\":\"3\",\"Product\":\"INJ PROFOL | PS: 1.00 | Qty 12\",\"Name\":\"INJ PROFOL | PS: 1.00 | Qty 12\",\"UnitePrice\":\"280.00\",\"Quantity\":\"1\",\"Total\":\"280\",\"AvailableQuantity\":\"12\",\"taxAmount\":\"0.00\",\"taxPercentage\":\"0.00\",\"currentAvailableQuantity\":\"12\",\"dose_type\":null},{\"ProductID\":\"405\",\"Product\":\"Suxathon 100mg inj | PS: 10.00 | Qty 24\",\"Name\":\"Suxathon 100mg inj | PS: 10.00 | Qty 24\",\"UnitePrice\":\"40.00\",\"Quantity\":\"1\",\"Total\":\"40\",\"AvailableQuantity\":\"24\",\"taxAmount\":\"0.00\",\"taxPercentage\":null,\"currentAvailableQuantity\":\"24\",\"dose_type\":null},{\"ProductID\":\"5\",\"Product\":\"GLYCOL-P 0.2mg inj | PS: 10.00 | Qty 25\",\"Name\":\"GLYCOL-P 0.2mg inj | PS: 10.00 | Qty 25\",\"UnitePrice\":\"36.00\",\"Quantity\":\"1\",\"Total\":\"36\",\"AvailableQuantity\":\"25\",\"taxAmount\":\"0.00\",\"taxPercentage\":\"0.00\",\"currentAvailableQuantity\":\"25\",\"dose_type\":null},{\"ProductID\":\"307\",\"Product\":\"GVN 50mg inj | PS: 25.00 | Qty 213\",\"Name\":\"GVN 50mg inj | PS: 25.00 | Qty 213\",\"UnitePrice\":\"8.20\",\"Quantity\":\"1\",\"Total\":\"8.2\",\"AvailableQuantity\":\"213\",\"taxAmount\":\"0.00\",\"taxPercentage\":null,\"currentAvailableQuantity\":\"213\",\"dose_type\":null},{\"ProductID\":\"368\",\"Product\":\"Tradol 100mg inj | PS: 5.00 | Qty 7\",\"Name\":\"Tradol 100mg inj | PS: 5.00 | Qty 7\",\"UnitePrice\":\"33.00\",\"Quantity\":\"1\",\"Total\":\"33\",\"AvailableQuantity\":\"7\",\"taxAmount\":\"0.00\",\"taxPercentage\":null,\"currentAvailableQuantity\":\"7\",\"dose_type\":null},{\"ProductID\":\"300\",\"Product\":\"Rotacart 250mg inj | PS: 1.00 | Qty 43\",\"Name\":\"Rotacart 250mg inj | PS: 1.00 | Qty 43\",\"UnitePrice\":\"140.00\",\"Quantity\":\"1\",\"Total\":\"140\",\"AvailableQuantity\":\"43\",\"taxAmount\":\"0.00\",\"taxPercentage\":null,\"currentAvailableQuantity\":\"43\",\"dose_type\":null},{\"ProductID\":\"546\",\"Product\":\"STERIMET 100ML INF | PS: 1.00 | Qty 96\",\"Name\":\"STERIMET 100ML INF | PS: 1.00 | Qty 96\",\"UnitePrice\":\"75.00\",\"Quantity\":\"1\",\"Total\":\"75\",\"AvailableQuantity\":\"96\",\"taxAmount\":\"0.00\",\"taxPercentage\":null,\"currentAvailableQuantity\":\"96\",\"dose_type\":null},{\"ProductID\":\"416\",\"Product\":\"STERIFLUID RL1000ML | PS: 1.00 | Qty 70\",\"Name\":\"STERIFLUID RL1000ML | PS: 1.00 | Qty 70\",\"UnitePrice\":\"90.00\",\"Quantity\":\"2\",\"Total\":\"180\",\"AvailableQuantity\":\"70\",\"taxAmount\":\"0.00\",\"taxPercentage\":null,\"currentAvailableQuantity\":\"70\",\"dose_type\":null},{\"ProductID\":\"15\",\"Product\":\"DRIP SET SMD | PS: 100.00 | Qty 56\",\"Name\":\"DRIP SET SMD | PS: 100.00 | Qty 56\",\"UnitePrice\":\"25.00\",\"Quantity\":\"1\",\"Total\":\"25\",\"AvailableQuantity\":\"56\",\"taxAmount\":\"0.00\",\"taxPercentage\":\"0.00\",\"currentAvailableQuantity\":\"56\",\"dose_type\":null},{\"ProductID\":\"275\",\"Product\":\"Catgut 1 | PS: 12.00 | Qty 11\",\"Name\":\"Catgut 1 | PS: 12.00 | Qty 11\",\"UnitePrice\":\"191.67\",\"Quantity\":\"1\",\"Total\":\"191.67\",\"AvailableQuantity\":\"11\",\"taxAmount\":\"0.00\",\"taxPercentage\":null,\"currentAvailableQuantity\":\"11\",\"dose_type\":null},{\"ProductID\":\"270\",\"Product\":\"Pakband guaze | PS: 10.00 | Qty 121\",\"Name\":\"Pakband guaze | PS: 10.00 | Qty 121\",\"UnitePrice\":\"41.00\",\"Quantity\":\"1\",\"Total\":\"41\",\"AvailableQuantity\":\"121\",\"taxAmount\":\"0.00\",\"taxPercentage\":null,\"currentAvailableQuantity\":\"121\",\"dose_type\":null},{\"ProductID\":\"92\",\"Product\":\"S.GLOVES 7.5 Next | PS: 1.00 | Qty 40\",\"Name\":\"S.GLOVES 7.5 Next | PS: 1.00 | Qty 40\",\"UnitePrice\":\"73.00\",\"Quantity\":\"2\",\"Total\":\"146\",\"AvailableQuantity\":\"40\",\"taxAmount\":\"0.00\",\"taxPercentage\":\"0.00\",\"currentAvailableQuantity\":\"40\",\"dose_type\":null},{\"ProductID\":\"19\",\"Product\":\"PYODINE small | PS: 1.00 | Qty 19\",\"Name\":\"PYODINE small | PS: 1.00 | Qty 19\",\"UnitePrice\":\"225.00\",\"Quantity\":\"1\",\"Total\":\"225\",\"AvailableQuantity\":\"19\",\"taxAmount\":\"0.00\",\"taxPercentage\":\"0.00\",\"currentAvailableQuantity\":\"19\",\"dose_type\":null},{\"ProductID\":\"157\",\"Product\":\"Cannula IV introcan 20 g | PS: 50.00 | Qty 36\",\"Name\":\"Cannula IV introcan 20 g | PS: 50.00 | Qty 36\",\"UnitePrice\":\"82.00\",\"Quantity\":\"1\",\"Total\":\"82\",\"AvailableQuantity\":\"36\",\"taxAmount\":\"0.00\",\"taxPercentage\":\"0.00\",\"currentAvailableQuantity\":\"36\",\"dose_type\":null},{\"ProductID\":\"272\",\"Product\":\"Neo Medical Tape (Surgical Tape) | PS: 12.00 | Qty 201\",\"Name\":\"Neo Medical Tape (Surgical Tape) | PS: 12.00 | Qty 201\",\"UnitePrice\":\"26.67\",\"Quantity\":\"1\",\"Total\":\"26.67\",\"AvailableQuantity\":\"201\",\"taxAmount\":\"0.00\",\"taxPercentage\":null,\"currentAvailableQuantity\":\"201\",\"dose_type\":null},{\"ProductID\":\"14\",\"Product\":\"CARTILIED QHC | PS: 1.00 | Qty 16\",\"Name\":\"CARTILIED QHC | PS: 1.00 | Qty 16\",\"UnitePrice\":\"175.00\",\"Quantity\":\"1\",\"Total\":\"175\",\"AvailableQuantity\":\"16\",\"taxAmount\":\"0.00\",\"taxPercentage\":\"0.00\",\"currentAvailableQuantity\":\"16\",\"dose_type\":null},{\"ProductID\":\"326\",\"Product\":\"10cc zindagi Siring | PS: 100.00 | Qty 377\",\"Name\":\"10cc zindagi Siring | PS: 100.00 | Qty 377\",\"UnitePrice\":\"9.00\",\"Quantity\":\"1\",\"Total\":\"9\",\"AvailableQuantity\":\"377\",\"taxAmount\":\"0.00\",\"taxPercentage\":null,\"currentAvailableQuantity\":\"377\",\"dose_type\":null},{\"ProductID\":\"331\",\"Product\":\"5cc clinic Syring | PS: 100.00 | Qty 786\",\"Name\":\"5cc clinic Syring | PS: 100.00 | Qty 786\",\"UnitePrice\":\"5.70\",\"Quantity\":\"1\",\"Total\":\"5.7\",\"AvailableQuantity\":\"786\",\"taxAmount\":\"0.00\",\"taxPercentage\":null,\"currentAvailableQuantity\":\"786\",\"dose_type\":null},{\"ProductID\":\"328\",\"Product\":\"20cc zindagi Siring | PS: 100.00 | Qty 91\",\"Name\":\"20cc zindagi Siring | PS: 100.00 | Qty 91\",\"UnitePrice\":\"22.00\",\"Quantity\":\"2\",\"Total\":\"44\",\"AvailableQuantity\":\"91\",\"taxAmount\":\"0.00\",\"taxPercentage\":null,\"currentAvailableQuantity\":\"91\",\"dose_type\":null},{\"ProductID\":\"257\",\"Product\":\"XYLOCAN GEL | PS: 1.00 | Qty 13\",\"Name\":\"XYLOCAN GEL | PS: 1.00 | Qty 13\",\"UnitePrice\":\"43.00\",\"Quantity\":\"1\",\"Total\":\"43\",\"AvailableQuantity\":\"13\",\"taxAmount\":\"0.00\",\"taxPercentage\":\"0.00\",\"currentAvailableQuantity\":\"13\",\"dose_type\":null}]', 1, 'OT'),
(200, 1, 34, 37, '200', '2025-01-18 00:00:00', 'Bilawal Ahmad - AMC-16041806', NULL, 1899.22, 0.00, 0, 0, 0, NULL, 12257, '2025-01-18', NULL, NULL, 0, NULL, '[{\"ProductID\":\"3\",\"Product\":\"INJ PROFOL\",\"Name\":\"INJ PROFOL\",\"UnitePrice\":\"280.00\",\"Quantity\":\"1\",\"Total\":\"280\",\"AvailableQuantity\":\"11\",\"taxAmount\":\"0.00\",\"taxPercentage\":null,\"currentAvailableQuantity\":\"0\",\"dose_type\":null},{\"ProductID\":\"405\",\"Product\":\"Suxathon 100mg inj\",\"Name\":\"Suxathon 100mg inj\",\"UnitePrice\":\"40.00\",\"Quantity\":\"1\",\"Total\":\"40\",\"AvailableQuantity\":\"23\",\"taxAmount\":\"0.00\",\"taxPercentage\":null,\"currentAvailableQuantity\":\"0\",\"dose_type\":null},{\"ProductID\":\"2\",\"Product\":\"Efacurim 50mg\\/mlInj(Atracurium\",\"Name\":\"Efacurim 50mg\\/mlInj(Atracurium\",\"UnitePrice\":\"200.00\",\"Quantity\":\"1\",\"Total\":\"200\",\"AvailableQuantity\":\"11\",\"taxAmount\":\"0.00\",\"taxPercentage\":null,\"currentAvailableQuantity\":\"0\",\"dose_type\":null},{\"ProductID\":\"408\",\"Product\":\"Glycosting Inj\",\"Name\":\"Glycosting Inj\",\"UnitePrice\":\"62.00\",\"Quantity\":\"1\",\"Total\":\"62\",\"AvailableQuantity\":\"19\",\"taxAmount\":\"0.00\",\"taxPercentage\":null,\"currentAvailableQuantity\":\"0\",\"dose_type\":null},{\"ProductID\":\"165\",\"Product\":\"NALFAY\",\"Name\":\"NALFAY\",\"UnitePrice\":\"44.00\",\"Quantity\":\"1\",\"Total\":\"44\",\"AvailableQuantity\":\"17\",\"taxAmount\":\"0.00\",\"taxPercentage\":null,\"currentAvailableQuantity\":\"0\",\"dose_type\":null},{\"ProductID\":\"468\",\"Product\":\"TORAJECT 30MG\\/ML INJ\",\"Name\":\"TORAJECT 30MG\\/ML INJ\",\"UnitePrice\":\"80.22\",\"Quantity\":\"1\",\"Total\":\"80.22\",\"AvailableQuantity\":\"41\",\"taxAmount\":\"0.00\",\"taxPercentage\":null,\"currentAvailableQuantity\":\"0\",\"dose_type\":null},{\"ProductID\":\"449\",\"Product\":\"HYZONATE 500MG INJ\",\"Name\":\"HYZONATE 500MG INJ\",\"UnitePrice\":\"460.00\",\"Quantity\":\"1\",\"Total\":\"460\",\"AvailableQuantity\":\"3\",\"taxAmount\":\"0.00\",\"taxPercentage\":null,\"currentAvailableQuantity\":\"0\",\"dose_type\":null},{\"ProductID\":\"418\",\"Product\":\"STERIFLUID NS 1000ML\",\"Name\":\"STERIFLUID NS 1000ML\",\"UnitePrice\":\"90.00\",\"Quantity\":\"1\",\"Total\":\"90\",\"AvailableQuantity\":\"53\",\"taxAmount\":\"0.00\",\"taxPercentage\":null,\"currentAvailableQuantity\":\"0\",\"dose_type\":null},{\"ProductID\":\"416\",\"Product\":\"STERIFLUID RL1000ML\",\"Name\":\"STERIFLUID RL1000ML\",\"UnitePrice\":\"90.00\",\"Quantity\":\"1\",\"Total\":\"90\",\"AvailableQuantity\":\"68\",\"taxAmount\":\"0.00\",\"taxPercentage\":null,\"currentAvailableQuantity\":\"0\",\"dose_type\":null},{\"ProductID\":\"334\",\"Product\":\"Zindagi IV set Blister\",\"Name\":\"Zindagi IV set Blister\",\"UnitePrice\":\"22.00\",\"Quantity\":\"1\",\"Total\":\"22\",\"AvailableQuantity\":\"280\",\"taxAmount\":\"0.00\",\"taxPercentage\":null,\"currentAvailableQuantity\":\"0\",\"dose_type\":null},{\"ProductID\":\"92\",\"Product\":\"S.GLOVES 7.5 Next\",\"Name\":\"S.GLOVES 7.5 Next\",\"UnitePrice\":\"73.00\",\"Quantity\":\"1\",\"Total\":\"73\",\"AvailableQuantity\":\"38\",\"taxAmount\":\"0.00\",\"taxPercentage\":null,\"currentAvailableQuantity\":\"0\",\"dose_type\":null},{\"ProductID\":\"270\",\"Product\":\"Pakband guaze\",\"Name\":\"Pakband guaze\",\"UnitePrice\":\"41.00\",\"Quantity\":\"2\",\"Total\":\"82\",\"AvailableQuantity\":\"120\",\"taxAmount\":\"0.00\",\"taxPercentage\":null,\"currentAvailableQuantity\":\"0\",\"dose_type\":null},{\"ProductID\":\"263\",\"Product\":\"SUCTION TUBE\",\"Name\":\"SUCTION TUBE\",\"UnitePrice\":\"160.00\",\"Quantity\":\"1\",\"Total\":\"160\",\"AvailableQuantity\":\"11\",\"taxAmount\":\"0.00\",\"taxPercentage\":null,\"currentAvailableQuantity\":\"0\",\"dose_type\":null},{\"ProductID\":\"264\",\"Product\":\"ETT All Sizes\",\"Name\":\"ETT All Sizes\",\"UnitePrice\":\"122.00\",\"Quantity\":\"1\",\"Total\":\"122\",\"AvailableQuantity\":\"61\",\"taxAmount\":\"0.00\",\"taxPercentage\":null,\"currentAvailableQuantity\":\"0\",\"dose_type\":null},{\"ProductID\":\"5\",\"Product\":\"GLYCOL-P 0.2mg inj\",\"Name\":\"GLYCOL-P 0.2mg inj\",\"UnitePrice\":\"36.00\",\"Quantity\":\"1\",\"Total\":\"36\",\"AvailableQuantity\":\"24\",\"taxAmount\":\"0.00\",\"taxPercentage\":null,\"currentAvailableQuantity\":\"0\",\"dose_type\":null},{\"ProductID\":\"326\",\"Product\":\"10cc zindagi Siring\",\"Name\":\"10cc zindagi Siring\",\"UnitePrice\":\"9.00\",\"Quantity\":\"4\",\"Total\":\"36\",\"AvailableQuantity\":\"376\",\"taxAmount\":\"0.00\",\"taxPercentage\":null,\"currentAvailableQuantity\":\"0\",\"dose_type\":null},{\"ProductID\":\"328\",\"Product\":\"20cc zindagi Siring\",\"Name\":\"20cc zindagi Siring\",\"UnitePrice\":\"22.00\",\"Quantity\":\"1\",\"Total\":\"22\",\"AvailableQuantity\":\"89\",\"taxAmount\":\"0.00\",\"taxPercentage\":null,\"currentAvailableQuantity\":\"0\",\"dose_type\":null}]', 1, 'OT');
INSERT INTO `sale` (`SaleID`, `SCID`, `patient_id`, `admission_id`, `InvoiceNo`, `Date`, `Description`, `TNo`, `TotalSale`, `received_amount`, `Discount`, `SalemanID`, `SalemanCommesion`, `CustomerMobile`, `CreatedBy`, `CreatedAt`, `ModifiedBy`, `ModifiedAt`, `SalemanCommesionStatus`, `sale_descriptions`, `bill_details`, `is_sehat_card`, `medicine_type`) VALUES
(201, 1, 34, 37, '201', '2025-01-18 00:00:00', 'Bilawal Ahmad - AMC-16041806', NULL, 97.80, 0.00, 0, 0, 0, NULL, 12257, '2025-01-18', NULL, NULL, 0, NULL, '[{\"ProductID\":\"475\",\"Product\":\"dicloran 75mg\\/3ml inj | PS: 5.00 | Qty 5\",\"Name\":\"dicloran 75mg\\/3ml inj | PS: 5.00 | Qty 5\",\"UnitePrice\":\"40.80\",\"Quantity\":\"1\",\"Total\":\"40.8\",\"AvailableQuantity\":\"5\",\"taxAmount\":\"0.00\",\"taxPercentage\":null,\"currentAvailableQuantity\":\"5\",\"dose_type\":\"-\"},{\"ProductID\":\"411\",\"Product\":\"Transolide 500mg Inj | PS: 10.00 | Qty 44\",\"Name\":\"Transolide 500mg Inj | PS: 10.00 | Qty 44\",\"UnitePrice\":\"48.00\",\"Quantity\":\"1\",\"Total\":\"48\",\"AvailableQuantity\":\"44\",\"taxAmount\":\"0.00\",\"taxPercentage\":null,\"currentAvailableQuantity\":\"44\",\"dose_type\":\"-\"},{\"ProductID\":\"326\",\"Product\":\"10cc zindagi Siring | PS: 100.00 | Qty 372\",\"Name\":\"10cc zindagi Siring | PS: 100.00 | Qty 372\",\"UnitePrice\":\"9.00\",\"Quantity\":\"1\",\"Total\":\"9\",\"AvailableQuantity\":\"372\",\"taxAmount\":\"0.00\",\"taxPercentage\":null,\"currentAvailableQuantity\":\"372\",\"dose_type\":\"OD\"}]', 1, 'Ward'),
(202, 1, 37, 40, '202', '2025-01-18 00:00:00', 'Sima - AMC-17102219', NULL, 295.60, 0.00, 0, 0, 0, NULL, 12257, '2025-01-18', NULL, NULL, 0, NULL, '[{\"ProductID\":\"403\",\"Product\":\"Riam 400mg Tab | PS: 100.00 | Qty 105\",\"Name\":\"Riam 400mg Tab | PS: 100.00 | Qty 105\",\"UnitePrice\":\"3.12\",\"Quantity\":\"5\",\"Total\":\"15.600000000000001\",\"AvailableQuantity\":\"105\",\"taxAmount\":\"0.00\",\"taxPercentage\":null,\"currentAvailableQuantity\":\"105\",\"dose_type\":\"-\"},{\"ProductID\":\"377\",\"Product\":\"Airtal ER 200mg tab | PS: 10.00 | Qty 180\",\"Name\":\"Airtal ER 200mg tab | PS: 10.00 | Qty 180\",\"UnitePrice\":\"28.00\",\"Quantity\":\"10\",\"Total\":\"280\",\"AvailableQuantity\":\"180\",\"taxAmount\":\"0.00\",\"taxPercentage\":null,\"currentAvailableQuantity\":\"180\",\"dose_type\":\"BD\"}]', 1, 'Home'),
(203, 1, 41, 44, '203', '2025-01-18 00:00:00', 'KHATOON BIBI - AMC-17120510', NULL, 388.30, 0.00, 0, 0, 0, NULL, 12257, '2025-01-18', NULL, NULL, 0, NULL, '[{\"ProductID\":\"467\",\"Product\":\"SERGIFEX 1G INJ | PS: 1.00 | Qty 2\",\"Name\":\"SERGIFEX 1G INJ | PS: 1.00 | Qty 2\",\"UnitePrice\":\"338.30\",\"Quantity\":\"1\",\"Total\":\"338.3\",\"AvailableQuantity\":\"2\",\"taxAmount\":\"0.00\",\"taxPercentage\":null,\"currentAvailableQuantity\":\"2\",\"dose_type\":\"-\"},{\"ProductID\":\"422\",\"Product\":\"Sterifluid-5 100ML | PS: 1.00 | Qty 55\",\"Name\":\"Sterifluid-5 100ML | PS: 1.00 | Qty 55\",\"UnitePrice\":\"50.00\",\"Quantity\":\"1\",\"Total\":\"50\",\"AvailableQuantity\":\"55\",\"taxAmount\":\"0.00\",\"taxPercentage\":null,\"currentAvailableQuantity\":\"55\",\"dose_type\":\"-\"}]', 1, 'Ward'),
(204, 1, 38, 41, '204', '2025-01-18 00:00:00', 'Muhammad Jameel - AMC-17102931', NULL, 683.25, 0.00, 0, 0, 0, NULL, 12257, '2025-01-18', NULL, NULL, 0, NULL, '[{\"ProductID\":\"490\",\"Product\":\"Q-BACT 2G INJ | PS: 1.00 | Qty 9\",\"Name\":\"Q-BACT 2G INJ | PS: 1.00 | Qty 9\",\"UnitePrice\":\"633.25\",\"Quantity\":\"1\",\"Total\":\"633.25\",\"AvailableQuantity\":\"9\",\"taxAmount\":\"0.00\",\"taxPercentage\":null,\"currentAvailableQuantity\":\"9\",\"dose_type\":\"-\"},{\"ProductID\":\"422\",\"Product\":\"Sterifluid-5 100ML | PS: 1.00 | Qty 54\",\"Name\":\"Sterifluid-5 100ML | PS: 1.00 | Qty 54\",\"UnitePrice\":\"50.00\",\"Quantity\":\"1\",\"Total\":\"50\",\"AvailableQuantity\":\"54\",\"taxAmount\":\"0.00\",\"taxPercentage\":null,\"currentAvailableQuantity\":\"54\",\"dose_type\":\"-\"}]', 1, 'Ward'),
(205, 1, 34, 37, '205', '2025-01-18 00:00:00', 'Bilawal Ahmad - AMC-16041806', NULL, 46.50, 0.00, 0, 0, 0, NULL, 12257, '2025-01-18', NULL, NULL, 0, NULL, '[{\"ProductID\":\"475\",\"Product\":\"dicloran 75mg\\/3ml inj | PS: 5.00 | Qty 4\",\"Name\":\"dicloran 75mg\\/3ml inj | PS: 5.00 | Qty 4\",\"UnitePrice\":\"40.80\",\"Quantity\":\"1\",\"Total\":\"40.8\",\"AvailableQuantity\":\"4\",\"taxAmount\":\"0.00\",\"taxPercentage\":null,\"currentAvailableQuantity\":\"4\",\"dose_type\":\"-\"},{\"ProductID\":\"331\",\"Product\":\"5cc clinic Syring | PS: 100.00 | Qty 785\",\"Name\":\"5cc clinic Syring | PS: 100.00 | Qty 785\",\"UnitePrice\":\"5.70\",\"Quantity\":\"1\",\"Total\":\"5.7\",\"AvailableQuantity\":\"785\",\"taxAmount\":\"0.00\",\"taxPercentage\":null,\"currentAvailableQuantity\":\"785\",\"dose_type\":\"-\"}]', 1, 'Ward'),
(206, 1, 38, 41, '206', '2025-01-18 00:00:00', 'Muhammad Jameel - AMC-17102931', NULL, 9.00, 0.00, 0, 0, 0, NULL, 12257, '2025-01-18', NULL, NULL, 0, NULL, '[{\"ProductID\":\"326\",\"Product\":\"10cc zindagi Siring | PS: 100.00 | Qty 372\",\"Name\":\"10cc zindagi Siring | PS: 100.00 | Qty 372\",\"UnitePrice\":\"9.00\",\"Quantity\":\"1\",\"Total\":\"9\",\"AvailableQuantity\":\"372\",\"taxAmount\":\"0.00\",\"taxPercentage\":null,\"currentAvailableQuantity\":\"372\",\"dose_type\":\"-\"}]', 1, 'Ward'),
(207, 1, 38, 41, '207', '2025-01-18 00:00:00', 'Muhammad Jameel - AMC-17102931', NULL, 117.67, 0.00, 0, 0, 0, NULL, 12257, '2025-01-18', NULL, NULL, 0, NULL, '[{\"ProductID\":\"326\",\"Product\":\"10cc zindagi Siring | PS: 100.00 | Qty 372\",\"Name\":\"10cc zindagi Siring | PS: 100.00 | Qty 372\",\"UnitePrice\":\"9.00\",\"Quantity\":\"1\",\"Total\":\"9\",\"AvailableQuantity\":\"372\",\"taxAmount\":\"0.00\",\"taxPercentage\":null,\"currentAvailableQuantity\":\"372\",\"dose_type\":\"-\"},{\"ProductID\":\"158\",\"Product\":\"Cannula IV introcan 22 g | PS: 50.00 | Qty 40\",\"Name\":\"Cannula IV introcan 22 g | PS: 50.00 | Qty 40\",\"UnitePrice\":\"82.00\",\"Quantity\":\"1\",\"Total\":\"82\",\"AvailableQuantity\":\"40\",\"taxAmount\":\"0.00\",\"taxPercentage\":\"0.00\",\"currentAvailableQuantity\":\"40\",\"dose_type\":\"-\"},{\"ProductID\":\"272\",\"Product\":\"Neo Medical Tape (Surgical Tape) | PS: 12.00 | Qty 200\",\"Name\":\"Neo Medical Tape (Surgical Tape) | PS: 12.00 | Qty 200\",\"UnitePrice\":\"26.67\",\"Quantity\":\"1\",\"Total\":\"26.67\",\"AvailableQuantity\":\"200\",\"taxAmount\":\"0.00\",\"taxPercentage\":null,\"currentAvailableQuantity\":\"200\",\"dose_type\":\"-\"}]', 1, 'Ward'),
(208, 1, 34, 37, '208', '2025-01-18 00:00:00', 'Bilawal Ahmad - AMC-16041806', NULL, 59.29, 0.00, 0, 0, 0, NULL, 12257, '2025-01-18', NULL, NULL, 0, NULL, '[{\"ProductID\":\"441\",\"Product\":\"Xynosine Adult | PS: 1.00 | Qty 19\",\"Name\":\"Xynosine Adult | PS: 1.00 | Qty 19\",\"UnitePrice\":\"59.29\",\"Quantity\":\"1\",\"Total\":\"59.29\",\"AvailableQuantity\":\"19\",\"taxAmount\":\"0.00\",\"taxPercentage\":null,\"currentAvailableQuantity\":\"19\",\"dose_type\":\"-\"}]', 1, 'Ward'),
(209, 1, 40, 42, '209', '2025-01-18 00:00:00', 'NAZIA BIBI - AMC-17112101', NULL, 726.60, 0.00, 0, 0, 0, NULL, 12257, '2025-01-18', NULL, NULL, 0, NULL, '[{\"ProductID\":\"467\",\"Product\":\"SERGIFEX 1G INJ | PS: 1.00 | Qty 10\",\"Name\":\"SERGIFEX 1G INJ | PS: 1.00 | Qty 10\",\"UnitePrice\":\"338.30\",\"Quantity\":\"2\",\"Total\":\"676.6\",\"AvailableQuantity\":\"10\",\"taxAmount\":\"0.00\",\"taxPercentage\":null,\"currentAvailableQuantity\":\"10\",\"dose_type\":\"OD\"},{\"ProductID\":\"422\",\"Product\":\"Sterifluid-5 100ML | PS: 1.00 | Qty 53\",\"Name\":\"Sterifluid-5 100ML | PS: 1.00 | Qty 53\",\"UnitePrice\":\"50.00\",\"Quantity\":\"1\",\"Total\":\"50\",\"AvailableQuantity\":\"53\",\"taxAmount\":\"0.00\",\"taxPercentage\":null,\"currentAvailableQuantity\":\"53\",\"dose_type\":\"-\"}]', 1, 'Ward'),
(210, 1, 38, 41, '210', '2025-01-18 00:00:00', 'Muhammad Jameel - AMC-17102931', NULL, 1975.00, 0.00, 0, 0, 0, NULL, 12257, '2025-01-18', NULL, NULL, 0, NULL, '[{\"ProductID\":\"560\",\"Product\":\"STERIFLUID %5 500ML | PS: 1.00 | Qty 25\",\"Name\":\"STERIFLUID %5 500ML | PS: 1.00 | Qty 25\",\"UnitePrice\":\"85.00\",\"Quantity\":\"22\",\"Total\":\"1870\",\"AvailableQuantity\":\"25\",\"taxAmount\":\"0.00\",\"taxPercentage\":null,\"currentAvailableQuantity\":\"25\",\"dose_type\":null},{\"ProductID\":\"559\",\"Product\":\"STERIFLUID %5 1000ML | PS: 1.00 | Qty 1\",\"Name\":\"STERIFLUID %5 1000ML | PS: 1.00 | Qty 1\",\"UnitePrice\":\"105.00\",\"Quantity\":\"1\",\"Total\":\"105\",\"AvailableQuantity\":\"1\",\"taxAmount\":\"0.00\",\"taxPercentage\":null,\"currentAvailableQuantity\":\"1\",\"dose_type\":null}]', 1, 'OT'),
(211, 1, 38, 41, '211', '2025-01-18 00:00:00', 'Muhammad Jameel - AMC-17102931', NULL, 1450.00, 0.00, 0, 0, 0, NULL, 12257, '2025-01-18', NULL, NULL, 0, NULL, '[{\"ProductID\":\"558\",\"Product\":\"IRRIGATION SET | PS: 1.00 | Qty 1\",\"Name\":\"IRRIGATION SET | PS: 1.00 | Qty 1\",\"UnitePrice\":\"1000.00\",\"Quantity\":\"1\",\"Total\":\"1000\",\"AvailableQuantity\":\"1\",\"taxAmount\":\"0.00\",\"taxPercentage\":null,\"currentAvailableQuantity\":\"1\",\"dose_type\":null},{\"ProductID\":\"348\",\"Product\":\"Cefactum 2g inj | PS: 1.00 | Qty 20\",\"Name\":\"Cefactum 2g inj | PS: 1.00 | Qty 20\",\"UnitePrice\":\"382.00\",\"Quantity\":\"1\",\"Total\":\"382\",\"AvailableQuantity\":\"20\",\"taxAmount\":\"0.00\",\"taxPercentage\":null,\"currentAvailableQuantity\":\"20\",\"dose_type\":null},{\"ProductID\":\"278\",\"Product\":\"syring 60cc Star | PS: 1.00 | Qty 30\",\"Name\":\"syring 60cc Star | PS: 1.00 | Qty 30\",\"UnitePrice\":\"68.00\",\"Quantity\":\"1\",\"Total\":\"68\",\"AvailableQuantity\":\"30\",\"taxAmount\":\"0.00\",\"taxPercentage\":null,\"currentAvailableQuantity\":\"30\",\"dose_type\":null}]', 1, 'OT'),
(212, 1, 40, 42, '212', '2025-01-18 00:00:00', 'NAZIA BIBI - AMC-17112101', NULL, 85.60, 0.00, 0, 0, 0, NULL, 12257, '2025-01-18', NULL, NULL, 0, NULL, '[{\"ProductID\":\"447\",\"Product\":\"TRAMAFAC 50 MG\\/ML | PS: 5.00 | Qty 120\",\"Name\":\"TRAMAFAC 50 MG\\/ML | PS: 5.00 | Qty 120\",\"UnitePrice\":\"2.40\",\"Quantity\":\"1\",\"Total\":\"2.4\",\"AvailableQuantity\":\"120\",\"taxAmount\":\"0.00\",\"taxPercentage\":null,\"currentAvailableQuantity\":\"120\",\"dose_type\":\"-\"},{\"ProductID\":\"307\",\"Product\":\"GVN 50mg inj | PS: 25.00 | Qty 213\",\"Name\":\"GVN 50mg inj | PS: 25.00 | Qty 213\",\"UnitePrice\":\"8.20\",\"Quantity\":\"1\",\"Total\":\"8.2\",\"AvailableQuantity\":\"213\",\"taxAmount\":\"0.00\",\"taxPercentage\":null,\"currentAvailableQuantity\":\"213\",\"dose_type\":\"-\"},{\"ProductID\":\"419\",\"Product\":\"STERIFLUID NS 100ML | PS: 1.00 | Qty 120\",\"Name\":\"STERIFLUID NS 100ML | PS: 1.00 | Qty 120\",\"UnitePrice\":\"50.00\",\"Quantity\":\"1\",\"Total\":\"50\",\"AvailableQuantity\":\"120\",\"taxAmount\":\"0.00\",\"taxPercentage\":null,\"currentAvailableQuantity\":\"120\",\"dose_type\":\"-\"},{\"ProductID\":\"15\",\"Product\":\"DRIP SET SMD | PS: 100.00 | Qty 55\",\"Name\":\"DRIP SET SMD | PS: 100.00 | Qty 55\",\"UnitePrice\":\"25.00\",\"Quantity\":\"1\",\"Total\":\"25\",\"AvailableQuantity\":\"55\",\"taxAmount\":\"0.00\",\"taxPercentage\":\"0.00\",\"currentAvailableQuantity\":\"55\",\"dose_type\":\"-\"}]', 1, 'Ward'),
(213, 1, 34, 37, '213', '2025-01-18 00:00:00', 'Bilawal Ahmad - AMC-16041806', NULL, 433.05, 0.00, 0, 0, 0, NULL, 12257, '2025-01-18', NULL, NULL, 0, NULL, '[{\"ProductID\":\"427\",\"Product\":\"Calamox 312.50\\/90ml | PS: 1.00 | Qty 10\",\"Name\":\"Calamox 312.50\\/90ml | PS: 1.00 | Qty 10\",\"UnitePrice\":\"283.76\",\"Quantity\":\"1\",\"Total\":\"283.76\",\"AvailableQuantity\":\"10\",\"taxAmount\":\"0.00\",\"taxPercentage\":null,\"currentAvailableQuantity\":\"10\",\"dose_type\":\"BD\"},{\"ProductID\":\"375\",\"Product\":\"Fenbro 8 plus Syp | PS: 1.00 | Qty 6\",\"Name\":\"Fenbro 8 plus Syp | PS: 1.00 | Qty 6\",\"UnitePrice\":\"90.00\",\"Quantity\":\"1\",\"Total\":\"90\",\"AvailableQuantity\":\"6\",\"taxAmount\":\"0.00\",\"taxPercentage\":null,\"currentAvailableQuantity\":\"6\",\"dose_type\":\"TDS\"},{\"ProductID\":\"441\",\"Product\":\"Xynosine Adult | PS: 1.00 | Qty 18\",\"Name\":\"Xynosine Adult | PS: 1.00 | Qty 18\",\"UnitePrice\":\"59.29\",\"Quantity\":\"1\",\"Total\":\"59.29\",\"AvailableQuantity\":\"18\",\"taxAmount\":\"0.00\",\"taxPercentage\":null,\"currentAvailableQuantity\":\"18\",\"dose_type\":\"TDS\"}]', 1, 'Home'),
(214, 1, 30, 32, '214', '2025-01-18 00:00:00', 'FAIZAN AFSAR - AMC-16111849', NULL, 48.20, 0.00, 0, 0, 0, NULL, 12257, '2025-01-18', NULL, NULL, 0, NULL, '[{\"ProductID\":\"307\",\"Product\":\"GVN 50mg inj | PS: 25.00 | Qty 212\",\"Name\":\"GVN 50mg inj | PS: 25.00 | Qty 212\",\"UnitePrice\":\"8.20\",\"Quantity\":\"1\",\"Total\":\"8.2\",\"AvailableQuantity\":\"212\",\"taxAmount\":\"0.00\",\"taxPercentage\":null,\"currentAvailableQuantity\":\"212\",\"dose_type\":\"-\"},{\"ProductID\":\"316\",\"Product\":\"Tenamic 500mg inj | PS: 10.00 | Qty 7\",\"Name\":\"Tenamic 500mg inj | PS: 10.00 | Qty 7\",\"UnitePrice\":\"40.00\",\"Quantity\":\"1\",\"Total\":\"40\",\"AvailableQuantity\":\"7\",\"taxAmount\":\"0.00\",\"taxPercentage\":null,\"currentAvailableQuantity\":\"7\",\"dose_type\":\"-\"}]', 1, 'Ward'),
(215, 1, 41, 44, '215', '2025-01-18 00:00:00', 'KHATOON BIBI - AMC-17120510', NULL, 521.80, 0.00, 0, 0, 0, NULL, 12257, '2025-01-18', NULL, NULL, 0, NULL, '[{\"ProductID\":\"323\",\"Product\":\"Orcid 500mg Tab | PS: 10.00 | Qty 170\",\"Name\":\"Orcid 500mg Tab | PS: 10.00 | Qty 170\",\"UnitePrice\":\"47.50\",\"Quantity\":\"10\",\"Total\":\"475\",\"AvailableQuantity\":\"170\",\"taxAmount\":\"0.00\",\"taxPercentage\":null,\"currentAvailableQuantity\":\"170\",\"dose_type\":\"-\"},{\"ProductID\":\"403\",\"Product\":\"Riam 400mg Tab | PS: 100.00 | Qty 100\",\"Name\":\"Riam 400mg Tab | PS: 100.00 | Qty 100\",\"UnitePrice\":\"3.12\",\"Quantity\":\"15\",\"Total\":\"46.800000000000004\",\"AvailableQuantity\":\"100\",\"taxAmount\":\"0.00\",\"taxPercentage\":null,\"currentAvailableQuantity\":\"100\",\"dose_type\":\"TDS\"}]', 1, 'Home'),
(216, 1, 38, 41, '216', '2025-01-18 00:00:00', 'Muhammad Jameel - AMC-17102931', NULL, 305.50, 0.00, 0, 0, 0, NULL, 12257, '2025-01-18', NULL, NULL, 0, NULL, '[{\"ProductID\":\"332\",\"Product\":\"Fedroxime 400mg | PS: 5.00 | Qty 75\",\"Name\":\"Fedroxime 400mg | PS: 5.00 | Qty 75\",\"UnitePrice\":\"48.00\",\"Quantity\":\"5\",\"Total\":\"240\",\"AvailableQuantity\":\"75\",\"taxAmount\":\"0.00\",\"taxPercentage\":null,\"currentAvailableQuantity\":\"75\",\"dose_type\":\"OD\"},{\"ProductID\":\"379\",\"Product\":\"Artifen 50mg Tab | PS: 100.00 | Qty 540\",\"Name\":\"Artifen 50mg Tab | PS: 100.00 | Qty 540\",\"UnitePrice\":\"6.55\",\"Quantity\":\"10\",\"Total\":\"65.5\",\"AvailableQuantity\":\"540\",\"taxAmount\":\"0.00\",\"taxPercentage\":null,\"currentAvailableQuantity\":\"540\",\"dose_type\":\"BD\"}]', 1, 'Home'),
(217, 1, 40, 42, '217', '2025-01-18 00:00:00', 'NAZIA BIBI - AMC-17112101', NULL, 96.00, 0.00, 0, 0, 0, NULL, 12257, '2025-01-18', NULL, NULL, 0, NULL, '[{\"ProductID\":\"236\",\"Product\":\"Mepore 9x20 | PS: 1.00 | Qty 29\",\"Name\":\"Mepore 9x20 | PS: 1.00 | Qty 29\",\"UnitePrice\":\"55.00\",\"Quantity\":\"1\",\"Total\":\"55\",\"AvailableQuantity\":\"29\",\"taxAmount\":\"0.00\",\"taxPercentage\":\"0.00\",\"currentAvailableQuantity\":\"29\",\"dose_type\":\"-\"},{\"ProductID\":\"270\",\"Product\":\"Pakband guaze | PS: 10.00 | Qty 118\",\"Name\":\"Pakband guaze | PS: 10.00 | Qty 118\",\"UnitePrice\":\"41.00\",\"Quantity\":\"1\",\"Total\":\"41\",\"AvailableQuantity\":\"118\",\"taxAmount\":\"0.00\",\"taxPercentage\":null,\"currentAvailableQuantity\":\"118\",\"dose_type\":\"-\"}]', 1, 'Ward'),
(218, 1, 37, 40, '218', '2025-01-18 00:00:00', 'Sima - AMC-17102219', NULL, 0.00, 0.00, 0, 0, 0, NULL, 12257, '2025-01-18', NULL, NULL, 0, NULL, '[{\"ProductID\":\"546\",\"Product\":\"STERIMET 100ML INF | PS: 1.00 | Qty 95\",\"Name\":\"STERIMET 100ML INF | PS: 1.00 | Qty 95\",\"UnitePrice\":\"75.00\",\"Quantity\":\"1\",\"Total\":\"75\",\"AvailableQuantity\":\"95\",\"taxAmount\":\"0.00\",\"taxPercentage\":null,\"currentAvailableQuantity\":\"95\",\"dose_type\":\"-\"},{\"ProductID\":\"411\",\"Product\":\"Transolide 500mg Inj | PS: 10.00 | Qty 43\",\"Name\":\"Transolide 500mg Inj | PS: 10.00 | Qty 43\",\"UnitePrice\":\"48.00\",\"Quantity\":\"1\",\"Total\":\"48\",\"AvailableQuantity\":\"43\",\"taxAmount\":\"0.00\",\"taxPercentage\":null,\"currentAvailableQuantity\":\"43\",\"dose_type\":\"-\"},{\"ProductID\":\"419\",\"Product\":\"STERIFLUID NS 100ML | PS: 1.00 | Qty 119\",\"Name\":\"STERIFLUID NS 100ML | PS: 1.00 | Qty 119\",\"UnitePrice\":\"50.00\",\"Quantity\":\"1\",\"Total\":\"50\",\"AvailableQuantity\":\"119\",\"taxAmount\":\"0.00\",\"taxPercentage\":null,\"currentAvailableQuantity\":\"119\",\"dose_type\":\"-\"}]', 1, 'Ward'),
(219, 1, 40, 42, '219', '2025-01-18 00:00:00', 'NAZIA BIBI - AMC-17112101', NULL, 221.00, 0.00, 0, 0, 0, NULL, 12257, '2025-01-18', NULL, NULL, 0, NULL, '[{\"ProductID\":\"546\",\"Product\":\"STERIMET 100ML INF | PS: 1.00 | Qty 95\",\"Name\":\"STERIMET 100ML INF | PS: 1.00 | Qty 95\",\"UnitePrice\":\"75.00\",\"Quantity\":\"1\",\"Total\":\"75\",\"AvailableQuantity\":\"95\",\"taxAmount\":\"0.00\",\"taxPercentage\":null,\"currentAvailableQuantity\":\"95\",\"dose_type\":\"-\"},{\"ProductID\":\"411\",\"Product\":\"Transolide 500mg Inj | PS: 10.00 | Qty 43\",\"Name\":\"Transolide 500mg Inj | PS: 10.00 | Qty 43\",\"UnitePrice\":\"48.00\",\"Quantity\":\"2\",\"Total\":\"96\",\"AvailableQuantity\":\"43\",\"taxAmount\":\"0.00\",\"taxPercentage\":null,\"currentAvailableQuantity\":\"43\",\"dose_type\":\"-\"},{\"ProductID\":\"422\",\"Product\":\"Sterifluid-5 100ML | PS: 1.00 | Qty 52\",\"Name\":\"Sterifluid-5 100ML | PS: 1.00 | Qty 52\",\"UnitePrice\":\"50.00\",\"Quantity\":\"1\",\"Total\":\"50\",\"AvailableQuantity\":\"52\",\"taxAmount\":\"0.00\",\"taxPercentage\":null,\"currentAvailableQuantity\":\"52\",\"dose_type\":\"-\"}]', 1, 'Ward'),
(220, 1, 40, 42, '220', '2025-01-18 00:00:00', 'NAZIA BIBI - AMC-17112101', NULL, 25.00, 0.00, 0, 0, 0, NULL, 12257, '2025-01-18', NULL, NULL, 0, NULL, '[{\"ProductID\":\"15\",\"Product\":\"DRIP SET SMD | PS: 100.00 | Qty 54\",\"Name\":\"DRIP SET SMD | PS: 100.00 | Qty 54\",\"UnitePrice\":\"25.00\",\"Quantity\":\"1\",\"Total\":\"25\",\"AvailableQuantity\":\"54\",\"taxAmount\":\"0.00\",\"taxPercentage\":\"0.00\",\"currentAvailableQuantity\":\"54\",\"dose_type\":\"-\"}]', 1, 'Ward'),
(221, 1, 46, 51, '221', '2025-01-18 00:00:00', 'Bilal Ahmad - AMC-18113528', NULL, 2187.00, 0.00, 0, 0, 0, NULL, 12257, '2025-01-18', NULL, NULL, 0, NULL, '[{\"ProductID\":\"561\",\"Product\":\"BTL+DIALYZER (FX6) VITA | PS: 1.00 | Qty 12\",\"Name\":\"BTL+DIALYZER (FX6) VITA | PS: 1.00 | Qty 12\",\"UnitePrice\":\"1610.00\",\"Quantity\":\"1\",\"Total\":\"1610\",\"AvailableQuantity\":\"12\",\"taxAmount\":\"0.00\",\"taxPercentage\":null,\"currentAvailableQuantity\":\"12\",\"dose_type\":null},{\"ProductID\":\"483\",\"Product\":\"PART-A & B DIALYSIS (VITA | PS: 1.00 | Qty 62\",\"Name\":\"PART-A & B DIALYSIS (VITA | PS: 1.00 | Qty 62\",\"UnitePrice\":\"460.00\",\"Quantity\":\"1\",\"Total\":\"460\",\"AvailableQuantity\":\"62\",\"taxAmount\":\"0.00\",\"taxPercentage\":null,\"currentAvailableQuantity\":\"62\",\"dose_type\":null},{\"ProductID\":\"418\",\"Product\":\"STERIFLUID NS 1000ML | PS: 1.00 | Qty 55\",\"Name\":\"STERIFLUID NS 1000ML | PS: 1.00 | Qty 55\",\"UnitePrice\":\"90.00\",\"Quantity\":\"1\",\"Total\":\"90\",\"AvailableQuantity\":\"55\",\"taxAmount\":\"0.00\",\"taxPercentage\":null,\"currentAvailableQuantity\":\"55\",\"dose_type\":null},{\"ProductID\":\"326\",\"Product\":\"10cc zindagi Siring | PS: 100.00 | Qty 370\",\"Name\":\"10cc zindagi Siring | PS: 100.00 | Qty 370\",\"UnitePrice\":\"9.00\",\"Quantity\":\"3\",\"Total\":\"27\",\"AvailableQuantity\":\"370\",\"taxAmount\":\"0.00\",\"taxPercentage\":null,\"currentAvailableQuantity\":\"370\",\"dose_type\":null}]', 1, 'OT'),
(222, 1, 47, 52, '222', '2025-01-18 00:00:00', 'Anwar Farooq - AMC-18114506', NULL, 2187.00, 0.00, 0, 0, 0, NULL, 12257, '2025-01-18', NULL, NULL, 0, NULL, '[{\"ProductID\":\"482\",\"Product\":\"BTL+DIALYZER (FX10) | PS: 1.00 | Qty 38\",\"Name\":\"BTL+DIALYZER (FX10) | PS: 1.00 | Qty 38\",\"UnitePrice\":\"1610.00\",\"Quantity\":\"1\",\"Total\":\"1610\",\"AvailableQuantity\":\"38\",\"taxAmount\":\"0.00\",\"taxPercentage\":null,\"currentAvailableQuantity\":\"38\",\"dose_type\":null},{\"ProductID\":\"483\",\"Product\":\"PART-A & B DIALYSIS (VITA | PS: 1.00 | Qty 61\",\"Name\":\"PART-A & B DIALYSIS (VITA | PS: 1.00 | Qty 61\",\"UnitePrice\":\"460.00\",\"Quantity\":\"1\",\"Total\":\"460\",\"AvailableQuantity\":\"61\",\"taxAmount\":\"0.00\",\"taxPercentage\":null,\"currentAvailableQuantity\":\"61\",\"dose_type\":null},{\"ProductID\":\"418\",\"Product\":\"STERIFLUID NS 1000ML | PS: 1.00 | Qty 54\",\"Name\":\"STERIFLUID NS 1000ML | PS: 1.00 | Qty 54\",\"UnitePrice\":\"90.00\",\"Quantity\":\"1\",\"Total\":\"90\",\"AvailableQuantity\":\"54\",\"taxAmount\":\"0.00\",\"taxPercentage\":null,\"currentAvailableQuantity\":\"54\",\"dose_type\":null},{\"ProductID\":\"326\",\"Product\":\"10cc zindagi Siring | PS: 100.00 | Qty 367\",\"Name\":\"10cc zindagi Siring | PS: 100.00 | Qty 367\",\"UnitePrice\":\"9.00\",\"Quantity\":\"3\",\"Total\":\"27\",\"AvailableQuantity\":\"367\",\"taxAmount\":\"0.00\",\"taxPercentage\":null,\"currentAvailableQuantity\":\"367\",\"dose_type\":null}]', 1, 'OT'),
(223, 1, 40, 42, '223', '2025-01-18 00:00:00', 'NAZIA BIBI - AMC-17112101', NULL, 169.00, 0.00, 0, 0, 0, NULL, 12257, '2025-01-18', NULL, NULL, 0, NULL, '[{\"ProductID\":\"508\",\"Product\":\"CEFXONE 1G INJ | PS: 1.00 | Qty 103\",\"Name\":\"CEFXONE 1G INJ | PS: 1.00 | Qty 103\",\"UnitePrice\":\"382.50\",\"Quantity\":\"0\",\"Total\":\"0\",\"AvailableQuantity\":\"103\",\"taxAmount\":\"0.00\",\"taxPercentage\":null,\"currentAvailableQuantity\":\"103\",\"dose_type\":\"-\"},{\"ProductID\":\"422\",\"Product\":\"Sterifluid-5 100ML | PS: 1.00 | Qty 51\",\"Name\":\"Sterifluid-5 100ML | PS: 1.00 | Qty 51\",\"UnitePrice\":\"50.00\",\"Quantity\":\"1\",\"Total\":\"50\",\"AvailableQuantity\":\"51\",\"taxAmount\":\"0.00\",\"taxPercentage\":null,\"currentAvailableQuantity\":\"51\",\"dose_type\":\"TDS\"},{\"ProductID\":\"173\",\"Product\":\"Sterifluid-DS 500ml | PS: 1.00 | Qty 20\",\"Name\":\"Sterifluid-DS 500ml | PS: 1.00 | Qty 20\",\"UnitePrice\":\"85.00\",\"Quantity\":\"1\",\"Total\":\"85\",\"AvailableQuantity\":\"20\",\"taxAmount\":\"0.00\",\"taxPercentage\":\"0.00\",\"currentAvailableQuantity\":\"20\",\"dose_type\":\"BD\"},{\"ProductID\":\"15\",\"Product\":\"DRIP SET SMD | PS: 100.00 | Qty 53\",\"Name\":\"DRIP SET SMD | PS: 100.00 | Qty 53\",\"UnitePrice\":\"25.00\",\"Quantity\":\"1\",\"Total\":\"25\",\"AvailableQuantity\":\"53\",\"taxAmount\":\"0.00\",\"taxPercentage\":\"0.00\",\"currentAvailableQuantity\":\"53\",\"dose_type\":\"TDS\"},{\"ProductID\":\"326\",\"Product\":\"10cc zindagi Siring | PS: 100.00 | Qty 364\",\"Name\":\"10cc zindagi Siring | PS: 100.00 | Qty 364\",\"UnitePrice\":\"9.00\",\"Quantity\":\"1\",\"Total\":\"9\",\"AvailableQuantity\":\"364\",\"taxAmount\":\"0.00\",\"taxPercentage\":null,\"currentAvailableQuantity\":\"364\",\"dose_type\":\"TDS\"}]', 1, 'Ward'),
(224, 1, 40, 42, '224', '2025-01-18 00:00:00', 'NAZIA BIBI - AMC-17112101', NULL, 205.00, 0.00, 0, 0, 0, NULL, 12257, '2025-01-18', NULL, NULL, 0, NULL, '[{\"ProductID\":\"546\",\"Product\":\"STERIMET 100ML INF | PS: 1.00 | Qty 94\",\"Name\":\"STERIMET 100ML INF | PS: 1.00 | Qty 94\",\"UnitePrice\":\"75.00\",\"Quantity\":\"1\",\"Total\":\"75\",\"AvailableQuantity\":\"94\",\"taxAmount\":\"0.00\",\"taxPercentage\":null,\"currentAvailableQuantity\":\"94\",\"dose_type\":\"-\"},{\"ProductID\":\"411\",\"Product\":\"Transolide 500mg Inj | PS: 10.00 | Qty 41\",\"Name\":\"Transolide 500mg Inj | PS: 10.00 | Qty 41\",\"UnitePrice\":\"48.00\",\"Quantity\":\"2\",\"Total\":\"96\",\"AvailableQuantity\":\"41\",\"taxAmount\":\"0.00\",\"taxPercentage\":null,\"currentAvailableQuantity\":\"41\",\"dose_type\":\"TDS\"},{\"ProductID\":\"15\",\"Product\":\"DRIP SET SMD | PS: 100.00 | Qty 52\",\"Name\":\"DRIP SET SMD | PS: 100.00 | Qty 52\",\"UnitePrice\":\"25.00\",\"Quantity\":\"1\",\"Total\":\"25\",\"AvailableQuantity\":\"52\",\"taxAmount\":\"0.00\",\"taxPercentage\":\"0.00\",\"currentAvailableQuantity\":\"52\",\"dose_type\":\"TDS\"},{\"ProductID\":\"326\",\"Product\":\"10cc zindagi Siring | PS: 100.00 | Qty 363\",\"Name\":\"10cc zindagi Siring | PS: 100.00 | Qty 363\",\"UnitePrice\":\"9.00\",\"Quantity\":\"1\",\"Total\":\"9\",\"AvailableQuantity\":\"363\",\"taxAmount\":\"0.00\",\"taxPercentage\":null,\"currentAvailableQuantity\":\"363\",\"dose_type\":\"BD\"}]', 1, 'Ward'),
(225, 1, 40, 42, '225', '2025-01-19 00:00:00', 'NAZIA BIBI - AMC-17112101', NULL, 760.60, 0.00, 0, 0, 0, NULL, 12257, '2025-01-19', NULL, NULL, 0, NULL, '[{\"ProductID\":\"422\",\"Product\":\"Sterifluid-5 100ML | PS: 1.00 | Qty 50\",\"Name\":\"Sterifluid-5 100ML | PS: 1.00 | Qty 50\",\"UnitePrice\":\"50.00\",\"Quantity\":\"1\",\"Total\":\"50\",\"AvailableQuantity\":\"50\",\"taxAmount\":\"0.00\",\"taxPercentage\":null,\"currentAvailableQuantity\":\"50\",\"dose_type\":\"-\"},{\"ProductID\":\"467\",\"Product\":\"SERGIFEX 1G INJ | PS: 1.00 | Qty 8\",\"Name\":\"SERGIFEX 1G INJ | PS: 1.00 | Qty 8\",\"UnitePrice\":\"338.30\",\"Quantity\":\"2\",\"Total\":\"676.6\",\"AvailableQuantity\":\"8\",\"taxAmount\":\"0.00\",\"taxPercentage\":null,\"currentAvailableQuantity\":\"8\",\"dose_type\":\"-\"},{\"ProductID\":\"15\",\"Product\":\"DRIP SET SMD | PS: 100.00 | Qty 51\",\"Name\":\"DRIP SET SMD | PS: 100.00 | Qty 51\",\"UnitePrice\":\"25.00\",\"Quantity\":\"1\",\"Total\":\"25\",\"AvailableQuantity\":\"51\",\"taxAmount\":\"0.00\",\"taxPercentage\":\"0.00\",\"currentAvailableQuantity\":\"51\",\"dose_type\":\"-\"},{\"ProductID\":\"326\",\"Product\":\"10cc zindagi Siring | PS: 100.00 | Qty 362\",\"Name\":\"10cc zindagi Siring | PS: 100.00 | Qty 362\",\"UnitePrice\":\"9.00\",\"Quantity\":\"1\",\"Total\":\"9\",\"AvailableQuantity\":\"362\",\"taxAmount\":\"0.00\",\"taxPercentage\":null,\"currentAvailableQuantity\":\"362\",\"dose_type\":\"-\"}]', 1, 'Ward'),
(226, 1, 40, 42, '226', '2025-01-19 00:00:00', 'NAZIA BIBI - AMC-17112101', NULL, 4419.67, 0.00, 0, 0, 0, NULL, 12257, '2025-01-19', NULL, NULL, 0, NULL, '[{\"ProductID\":\"3\",\"Product\":\"INJ PROFOL\",\"Name\":\"INJ PROFOL\",\"UnitePrice\":\"280.00\",\"Quantity\":\"1\",\"Total\":\"280\",\"AvailableQuantity\":\"20\",\"taxAmount\":\"0.00\",\"taxPercentage\":\"0.00\",\"currentAvailableQuantity\":\"0\",\"dose_type\":null},{\"ProductID\":\"4\",\"Product\":\"INJ ATROPINE\",\"Name\":\"INJ ATROPINE\",\"UnitePrice\":\"4.50\",\"Quantity\":\"1\",\"Total\":\"4.5\",\"AvailableQuantity\":\"194\",\"taxAmount\":\"0.00\",\"taxPercentage\":\"0.00\",\"currentAvailableQuantity\":\"0\",\"dose_type\":null},{\"ProductID\":\"408\",\"Product\":\"Glycosting Inj\",\"Name\":\"Glycosting Inj\",\"UnitePrice\":\"62.00\",\"Quantity\":\"1\",\"Total\":\"62\",\"AvailableQuantity\":\"18\",\"taxAmount\":\"0.00\",\"taxPercentage\":\"0.00\",\"currentAvailableQuantity\":\"0\",\"dose_type\":null},{\"ProductID\":\"465\",\"Product\":\"NIXVOM 8MG\\/4ML INJ\",\"Name\":\"NIXVOM 8MG\\/4ML INJ\",\"UnitePrice\":\"144.00\",\"Quantity\":\"1\",\"Total\":\"144\",\"AvailableQuantity\":\"49\",\"taxAmount\":\"0.00\",\"taxPercentage\":\"0.00\",\"currentAvailableQuantity\":\"0\",\"dose_type\":null},{\"ProductID\":\"525\",\"Product\":\"HYPOZAM  INJ\",\"Name\":\"HYPOZAM  INJ\",\"UnitePrice\":\"160.00\",\"Quantity\":\"1\",\"Total\":\"160\",\"AvailableQuantity\":\"10\",\"taxAmount\":\"0.00\",\"taxPercentage\":\"0.00\",\"currentAvailableQuantity\":\"0\",\"dose_type\":null},{\"ProductID\":\"411\",\"Product\":\"Transolide 500mg Inj\",\"Name\":\"Transolide 500mg Inj\",\"UnitePrice\":\"48.00\",\"Quantity\":\"2\",\"Total\":\"96\",\"AvailableQuantity\":\"39\",\"taxAmount\":\"0.00\",\"taxPercentage\":\"0.00\",\"currentAvailableQuantity\":\"0\",\"dose_type\":null},{\"ProductID\":\"416\",\"Product\":\"STERIFLUID RL1000ML\",\"Name\":\"STERIFLUID RL1000ML\",\"UnitePrice\":\"90.00\",\"Quantity\":\"1\",\"Total\":\"90\",\"AvailableQuantity\":\"67\",\"taxAmount\":\"0.00\",\"taxPercentage\":\"0.00\",\"currentAvailableQuantity\":\"0\",\"dose_type\":null},{\"ProductID\":\"368\",\"Product\":\"Tradol 100mg inj\",\"Name\":\"Tradol 100mg inj\",\"UnitePrice\":\"33.00\",\"Quantity\":\"1\",\"Total\":\"33\",\"AvailableQuantity\":\"6\",\"taxAmount\":\"0.00\",\"taxPercentage\":\"0.00\",\"currentAvailableQuantity\":\"0\",\"dose_type\":null},{\"ProductID\":\"334\",\"Product\":\"Zindagi IV set Blister\",\"Name\":\"Zindagi IV set Blister\",\"UnitePrice\":\"22.00\",\"Quantity\":\"1\",\"Total\":\"22\",\"AvailableQuantity\":\"279\",\"taxAmount\":\"0.00\",\"taxPercentage\":\"0.00\",\"currentAvailableQuantity\":\"0\",\"dose_type\":null},{\"ProductID\":\"92\",\"Product\":\"S.GLOVES 7.5 Next\",\"Name\":\"S.GLOVES 7.5 Next\",\"UnitePrice\":\"73.00\",\"Quantity\":\"4\",\"Total\":\"292\",\"AvailableQuantity\":\"57\",\"taxAmount\":\"0.00\",\"taxPercentage\":\"0.00\",\"currentAvailableQuantity\":\"0\",\"dose_type\":null},{\"ProductID\":\"270\",\"Product\":\"Pakband guaze\",\"Name\":\"Pakband guaze\",\"UnitePrice\":\"41.00\",\"Quantity\":\"2\",\"Total\":\"82\",\"AvailableQuantity\":\"117\",\"taxAmount\":\"0.00\",\"taxPercentage\":\"0.00\",\"currentAvailableQuantity\":\"0\",\"dose_type\":null},{\"ProductID\":\"263\",\"Product\":\"SUCTION TUBE\",\"Name\":\"SUCTION TUBE\",\"UnitePrice\":\"160.00\",\"Quantity\":\"1\",\"Total\":\"160\",\"AvailableQuantity\":\"10\",\"taxAmount\":\"0.00\",\"taxPercentage\":\"0.00\",\"currentAvailableQuantity\":\"0\",\"dose_type\":null},{\"ProductID\":\"264\",\"Product\":\"ETT All Sizes\",\"Name\":\"ETT All Sizes\",\"UnitePrice\":\"122.00\",\"Quantity\":\"1\",\"Total\":\"122\",\"AvailableQuantity\":\"60\",\"taxAmount\":\"0.00\",\"taxPercentage\":\"0.00\",\"currentAvailableQuantity\":\"0\",\"dose_type\":null},{\"ProductID\":\"5\",\"Product\":\"GLYCOL-P 0.2mg inj\",\"Name\":\"GLYCOL-P 0.2mg inj\",\"UnitePrice\":\"36.00\",\"Quantity\":\"2\",\"Total\":\"72\",\"AvailableQuantity\":\"23\",\"taxAmount\":\"0.00\",\"taxPercentage\":\"0.00\",\"currentAvailableQuantity\":\"0\",\"dose_type\":null},{\"ProductID\":\"327\",\"Product\":\"5cc zindagi Siring\",\"Name\":\"5cc zindagi Siring\",\"UnitePrice\":\"12.00\",\"Quantity\":\"3\",\"Total\":\"36\",\"AvailableQuantity\":\"226\",\"taxAmount\":\"0.00\",\"taxPercentage\":\"0.00\",\"currentAvailableQuantity\":\"0\",\"dose_type\":null},{\"ProductID\":\"326\",\"Product\":\"10cc zindagi Siring\",\"Name\":\"10cc zindagi Siring\",\"UnitePrice\":\"9.00\",\"Quantity\":\"1\",\"Total\":\"9\",\"AvailableQuantity\":\"361\",\"taxAmount\":\"0.00\",\"taxPercentage\":\"0.00\",\"currentAvailableQuantity\":\"0\",\"dose_type\":null},{\"ProductID\":\"328\",\"Product\":\"20cc zindagi Siring\",\"Name\":\"20cc zindagi Siring\",\"UnitePrice\":\"22.00\",\"Quantity\":\"1\",\"Total\":\"22\",\"AvailableQuantity\":\"88\",\"taxAmount\":\"0.00\",\"taxPercentage\":\"0.00\",\"currentAvailableQuantity\":\"0\",\"dose_type\":null},{\"ProductID\":\"265\",\"Product\":\"SILK 1- 0 ks\",\"Name\":\"SILK 1- 0 ks\",\"UnitePrice\":\"75.00\",\"Quantity\":\"1\",\"Total\":\"75\",\"AvailableQuantity\":\"9\",\"taxAmount\":\"0.00\",\"taxPercentage\":\"0.00\",\"currentAvailableQuantity\":\"0\",\"dose_type\":null},{\"ProductID\":\"405\",\"Product\":\"Suxathon 100mg inj\",\"Name\":\"Suxathon 100mg inj\",\"UnitePrice\":\"40.00\",\"Quantity\":\"1\",\"Total\":\"40\",\"AvailableQuantity\":\"22\",\"taxAmount\":\"0.00\",\"taxPercentage\":\"0.00\",\"currentAvailableQuantity\":\"0\",\"dose_type\":null},{\"ProductID\":\"2\",\"Product\":\"Efacurim 50mg\\/mlInj(Atracurium\",\"Name\":\"Efacurim 50mg\\/mlInj(Atracurium\",\"UnitePrice\":\"200.00\",\"Quantity\":\"2\",\"Total\":\"400\",\"AvailableQuantity\":\"15\",\"taxAmount\":\"0.00\",\"taxPercentage\":\"0.00\",\"currentAvailableQuantity\":\"0\",\"dose_type\":null},{\"ProductID\":\"259\",\"Product\":\"URINE Bag Star | PS: 10.00 | Qty 299\",\"Name\":\"URINE Bag Star | PS: 10.00 | Qty 299\",\"UnitePrice\":\"5.00\",\"Quantity\":\"1\",\"Total\":\"5\",\"AvailableQuantity\":\"299\",\"taxAmount\":\"0.00\",\"taxPercentage\":\"0.00\",\"currentAvailableQuantity\":\"299\",\"dose_type\":null},{\"ProductID\":\"401\",\"Product\":\"Foley catheter 16fr\\/CH | PS: 1.00 | Qty 43\",\"Name\":\"Foley catheter 16fr\\/CH | PS: 1.00 | Qty 43\",\"UnitePrice\":\"90.00\",\"Quantity\":\"1\",\"Total\":\"90\",\"AvailableQuantity\":\"43\",\"taxAmount\":\"0.00\",\"taxPercentage\":null,\"currentAvailableQuantity\":\"43\",\"dose_type\":null},{\"ProductID\":\"264\",\"Product\":\"ETT All Sizes | PS: 1.00 | Qty 60\",\"Name\":\"ETT All Sizes | PS: 1.00 | Qty 60\",\"UnitePrice\":\"122.00\",\"Quantity\":\"1\",\"Total\":\"122\",\"AvailableQuantity\":\"60\",\"taxAmount\":\"0.00\",\"taxPercentage\":\"0.00\",\"currentAvailableQuantity\":\"60\",\"dose_type\":null},{\"ProductID\":\"93\",\"Product\":\"BLADE | PS: 20.00 | Qty 31\",\"Name\":\"BLADE | PS: 20.00 | Qty 31\",\"UnitePrice\":\"47.50\",\"Quantity\":\"1\",\"Total\":\"47.5\",\"AvailableQuantity\":\"31\",\"taxAmount\":\"0.00\",\"taxPercentage\":\"0.00\",\"currentAvailableQuantity\":\"31\",\"dose_type\":null},{\"ProductID\":\"157\",\"Product\":\"Cannula IV introcan 20 g | PS: 50.00 | Qty 35\",\"Name\":\"Cannula IV introcan 20 g | PS: 50.00 | Qty 35\",\"UnitePrice\":\"82.00\",\"Quantity\":\"1\",\"Total\":\"82\",\"AvailableQuantity\":\"35\",\"taxAmount\":\"0.00\",\"taxPercentage\":\"0.00\",\"currentAvailableQuantity\":\"35\",\"dose_type\":null},{\"ProductID\":\"19\",\"Product\":\"PYODINE small | PS: 1.00 | Qty 18\",\"Name\":\"PYODINE small | PS: 1.00 | Qty 18\",\"UnitePrice\":\"225.00\",\"Quantity\":\"1\",\"Total\":\"225\",\"AvailableQuantity\":\"18\",\"taxAmount\":\"0.00\",\"taxPercentage\":\"0.00\",\"currentAvailableQuantity\":\"18\",\"dose_type\":null},{\"ProductID\":\"14\",\"Product\":\"CARTILIED QHC | PS: 1.00 | Qty 15\",\"Name\":\"CARTILIED QHC | PS: 1.00 | Qty 15\",\"UnitePrice\":\"175.00\",\"Quantity\":\"1\",\"Total\":\"175\",\"AvailableQuantity\":\"15\",\"taxAmount\":\"0.00\",\"taxPercentage\":\"0.00\",\"currentAvailableQuantity\":\"15\",\"dose_type\":null},{\"ProductID\":\"272\",\"Product\":\"Neo Medical Tape (Surgical Tape) | PS: 12.00 | Qty 199\",\"Name\":\"Neo Medical Tape (Surgical Tape) | PS: 12.00 | Qty 199\",\"UnitePrice\":\"26.67\",\"Quantity\":\"1\",\"Total\":\"26.67\",\"AvailableQuantity\":\"199\",\"taxAmount\":\"0.00\",\"taxPercentage\":null,\"currentAvailableQuantity\":\"199\",\"dose_type\":null},{\"ProductID\":\"271\",\"Product\":\"Pakbannd Laps Sponges | PS: 10.00 | Qty 85\",\"Name\":\"Pakbannd Laps Sponges | PS: 10.00 | Qty 85\",\"UnitePrice\":\"69.00\",\"Quantity\":\"5\",\"Total\":\"345\",\"AvailableQuantity\":\"85\",\"taxAmount\":\"0.00\",\"taxPercentage\":null,\"currentAvailableQuantity\":\"85\",\"dose_type\":null},{\"ProductID\":\"112\",\"Product\":\"VICRYL 1 | PS: 12.00 | Qty 32\",\"Name\":\"VICRYL 1 | PS: 12.00 | Qty 32\",\"UnitePrice\":\"275.00\",\"Quantity\":\"3\",\"Total\":\"825\",\"AvailableQuantity\":\"32\",\"taxAmount\":\"0.00\",\"taxPercentage\":\"0.00\",\"currentAvailableQuantity\":\"32\",\"dose_type\":null},{\"ProductID\":\"98\",\"Product\":\"VICRIL 2\\/0 | PS: 12.00 | Qty 9\",\"Name\":\"VICRIL 2\\/0 | PS: 12.00 | Qty 9\",\"UnitePrice\":\"275.00\",\"Quantity\":\"1\",\"Total\":\"275\",\"AvailableQuantity\":\"9\",\"taxAmount\":\"0.00\",\"taxPercentage\":\"0.00\",\"currentAvailableQuantity\":\"9\",\"dose_type\":null}]', 1, 'OT'),
(227, 1, 40, 42, '227', '2025-01-19 00:00:00', 'NAZIA BIBI - AMC-17112101', NULL, 221.00, 0.00, 0, 0, 0, NULL, 12257, '2025-01-19', NULL, NULL, 0, NULL, '[{\"ProductID\":\"546\",\"Product\":\"STERIMET 100ML INF | PS: 1.00 | Qty 93\",\"Name\":\"STERIMET 100ML INF | PS: 1.00 | Qty 93\",\"UnitePrice\":\"75.00\",\"Quantity\":\"1\",\"Total\":\"75\",\"AvailableQuantity\":\"93\",\"taxAmount\":\"0.00\",\"taxPercentage\":null,\"currentAvailableQuantity\":\"93\",\"dose_type\":\"-\"},{\"ProductID\":\"411\",\"Product\":\"Transolide 500mg Inj | PS: 10.00 | Qty 37\",\"Name\":\"Transolide 500mg Inj | PS: 10.00 | Qty 37\",\"UnitePrice\":\"48.00\",\"Quantity\":\"2\",\"Total\":\"96\",\"AvailableQuantity\":\"37\",\"taxAmount\":\"0.00\",\"taxPercentage\":null,\"currentAvailableQuantity\":\"37\",\"dose_type\":\"-\"},{\"ProductID\":\"422\",\"Product\":\"Sterifluid-5 100ML | PS: 1.00 | Qty 49\",\"Name\":\"Sterifluid-5 100ML | PS: 1.00 | Qty 49\",\"UnitePrice\":\"50.00\",\"Quantity\":\"1\",\"Total\":\"50\",\"AvailableQuantity\":\"49\",\"taxAmount\":\"0.00\",\"taxPercentage\":null,\"currentAvailableQuantity\":\"49\",\"dose_type\":\"-\"}]', 1, 'Ward'),
(228, 1, 40, 42, '228', '2025-01-19 00:00:00', 'NAZIA BIBI - AMC-17112101', NULL, 96.00, 0.00, 0, 0, 0, NULL, 12257, '2025-01-19', NULL, NULL, 0, NULL, '[{\"ProductID\":\"270\",\"Product\":\"Pakband guaze | PS: 10.00 | Qty 115\",\"Name\":\"Pakband guaze | PS: 10.00 | Qty 115\",\"UnitePrice\":\"41.00\",\"Quantity\":\"1\",\"Total\":\"41\",\"AvailableQuantity\":\"115\",\"taxAmount\":\"0.00\",\"taxPercentage\":null,\"currentAvailableQuantity\":\"115\",\"dose_type\":\"-\"},{\"ProductID\":\"236\",\"Product\":\"Mepore 9x20 | PS: 1.00 | Qty 28\",\"Name\":\"Mepore 9x20 | PS: 1.00 | Qty 28\",\"UnitePrice\":\"55.00\",\"Quantity\":\"1\",\"Total\":\"55\",\"AvailableQuantity\":\"28\",\"taxAmount\":\"0.00\",\"taxPercentage\":\"0.00\",\"currentAvailableQuantity\":\"28\",\"dose_type\":\"-\"}]', 1, 'Ward'),
(229, 1, 40, 42, '229', '2025-01-19 00:00:00', 'NAZIA BIBI - AMC-17112101', NULL, 950.80, 0.00, 0, 0, 0, NULL, 12257, '2025-01-19', NULL, NULL, 0, NULL, '[{\"ProductID\":\"403\",\"Product\":\"Riam 400mg Tab | PS: 100.00 | Qty 85\",\"Name\":\"Riam 400mg Tab | PS: 100.00 | Qty 85\",\"UnitePrice\":\"3.12\",\"Quantity\":\"15\",\"Total\":\"46.800000000000004\",\"AvailableQuantity\":\"85\",\"taxAmount\":\"0.00\",\"taxPercentage\":null,\"currentAvailableQuantity\":\"85\",\"dose_type\":\"TDS\"},{\"ProductID\":\"378\",\"Product\":\"Airtal 100mg tab | PS: 20.00 | Qty 100\",\"Name\":\"Airtal 100mg tab | PS: 20.00 | Qty 100\",\"UnitePrice\":\"15.40\",\"Quantity\":\"10\",\"Total\":\"154\",\"AvailableQuantity\":\"100\",\"taxAmount\":\"0.00\",\"taxPercentage\":null,\"currentAvailableQuantity\":\"100\",\"dose_type\":\"-\"},{\"ProductID\":\"539\",\"Product\":\"NEZO TAB 600MG | PS: 12.00 | Qty 60\",\"Name\":\"NEZO TAB 600MG | PS: 12.00 | Qty 60\",\"UnitePrice\":\"62.50\",\"Quantity\":\"12\",\"Total\":\"750\",\"AvailableQuantity\":\"60\",\"taxAmount\":\"0.00\",\"taxPercentage\":null,\"currentAvailableQuantity\":\"60\",\"dose_type\":\"-\"}]', 1, 'Home'),
(230, 1, 29, 54, '230', '2025-01-20 00:00:00', 'HILAL KHAN - AMC-16095046', NULL, 2342.00, 0.00, 0, 0, 0, NULL, 12257, '2025-01-20', NULL, NULL, 0, NULL, '[{\"ProductID\":\"561\",\"Product\":\"BTL+DIALYZER (FX6) VITA | PS: 1.00 | Qty 11\",\"Name\":\"BTL+DIALYZER (FX6) VITA | PS: 1.00 | Qty 11\",\"UnitePrice\":\"1610.00\",\"Quantity\":\"1\",\"Total\":\"1610\",\"AvailableQuantity\":\"11\",\"taxAmount\":\"0.00\",\"taxPercentage\":null,\"currentAvailableQuantity\":\"11\",\"dose_type\":null},{\"ProductID\":\"483\",\"Product\":\"PART-A & B DIALYSIS (VITA | PS: 1.00 | Qty 60\",\"Name\":\"PART-A & B DIALYSIS (VITA | PS: 1.00 | Qty 60\",\"UnitePrice\":\"460.00\",\"Quantity\":\"1\",\"Total\":\"460\",\"AvailableQuantity\":\"60\",\"taxAmount\":\"0.00\",\"taxPercentage\":null,\"currentAvailableQuantity\":\"60\",\"dose_type\":null},{\"ProductID\":\"484\",\"Product\":\"FISTULA NEEDLE (VITA) | PS: 1.00 | Qty 40\",\"Name\":\"FISTULA NEEDLE (VITA) | PS: 1.00 | Qty 40\",\"UnitePrice\":\"130.00\",\"Quantity\":\"1\",\"Total\":\"130\",\"AvailableQuantity\":\"40\",\"taxAmount\":\"0.00\",\"taxPercentage\":null,\"currentAvailableQuantity\":\"40\",\"dose_type\":null},{\"ProductID\":\"15\",\"Product\":\"DRIP SET SMD | PS: 100.00 | Qty 50\",\"Name\":\"DRIP SET SMD | PS: 100.00 | Qty 50\",\"UnitePrice\":\"25.00\",\"Quantity\":\"1\",\"Total\":\"25\",\"AvailableQuantity\":\"50\",\"taxAmount\":\"0.00\",\"taxPercentage\":\"0.00\",\"currentAvailableQuantity\":\"50\",\"dose_type\":null},{\"ProductID\":\"326\",\"Product\":\"10cc zindagi Siring | PS: 100.00 | Qty 360\",\"Name\":\"10cc zindagi Siring | PS: 100.00 | Qty 360\",\"UnitePrice\":\"9.00\",\"Quantity\":\"3\",\"Total\":\"27\",\"AvailableQuantity\":\"360\",\"taxAmount\":\"0.00\",\"taxPercentage\":null,\"currentAvailableQuantity\":\"360\",\"dose_type\":null},{\"ProductID\":\"418\",\"Product\":\"STERIFLUID NS 1000ML | PS: 1.00 | Qty 53\",\"Name\":\"STERIFLUID NS 1000ML | PS: 1.00 | Qty 53\",\"UnitePrice\":\"90.00\",\"Quantity\":\"1\",\"Total\":\"90\",\"AvailableQuantity\":\"53\",\"taxAmount\":\"0.00\",\"taxPercentage\":null,\"currentAvailableQuantity\":\"53\",\"dose_type\":null}]', 1, 'OT'),
(231, 1, 35, 53, '231', '2025-01-20 00:00:00', 'HAJRA - AMC-17093648', NULL, 2213.67, 0.00, 0, 0, 0, NULL, 12257, '2025-01-20', NULL, NULL, 0, NULL, '[{\"ProductID\":\"561\",\"Product\":\"BTL+DIALYZER (FX6) VITA | PS: 1.00 | Qty 10\",\"Name\":\"BTL+DIALYZER (FX6) VITA | PS: 1.00 | Qty 10\",\"UnitePrice\":\"1610.00\",\"Quantity\":\"1\",\"Total\":\"1610\",\"AvailableQuantity\":\"10\",\"taxAmount\":\"0.00\",\"taxPercentage\":null,\"currentAvailableQuantity\":\"10\",\"dose_type\":null},{\"ProductID\":\"483\",\"Product\":\"PART-A & B DIALYSIS (VITA | PS: 1.00 | Qty 59\",\"Name\":\"PART-A & B DIALYSIS (VITA | PS: 1.00 | Qty 59\",\"UnitePrice\":\"460.00\",\"Quantity\":\"1\",\"Total\":\"460\",\"AvailableQuantity\":\"59\",\"taxAmount\":\"0.00\",\"taxPercentage\":null,\"currentAvailableQuantity\":\"59\",\"dose_type\":null},{\"ProductID\":\"484\",\"Product\":\"FISTULA NEEDLE (VITA) | PS: 1.00 | Qty 39\",\"Name\":\"FISTULA NEEDLE (VITA) | PS: 1.00 | Qty 39\",\"UnitePrice\":\"130.00\",\"Quantity\":\"1\",\"Total\":\"130\",\"AvailableQuantity\":\"39\",\"taxAmount\":\"0.00\",\"taxPercentage\":null,\"currentAvailableQuantity\":\"39\",\"dose_type\":null},{\"ProductID\":\"418\",\"Product\":\"STERIFLUID NS 1000ML | PS: 1.00 | Qty 52\",\"Name\":\"STERIFLUID NS 1000ML | PS: 1.00 | Qty 52\",\"UnitePrice\":\"90.00\",\"Quantity\":\"1\",\"Total\":\"90\",\"AvailableQuantity\":\"52\",\"taxAmount\":\"0.00\",\"taxPercentage\":null,\"currentAvailableQuantity\":\"52\",\"dose_type\":null},{\"ProductID\":\"15\",\"Product\":\"DRIP SET SMD | PS: 100.00 | Qty 49\",\"Name\":\"DRIP SET SMD | PS: 100.00 | Qty 49\",\"UnitePrice\":\"25.00\",\"Quantity\":\"1\",\"Total\":\"25\",\"AvailableQuantity\":\"49\",\"taxAmount\":\"0.00\",\"taxPercentage\":\"0.00\",\"currentAvailableQuantity\":\"49\",\"dose_type\":null},{\"ProductID\":\"326\",\"Product\":\"10cc zindagi Siring | PS: 100.00 | Qty 357\",\"Name\":\"10cc zindagi Siring | PS: 100.00 | Qty 357\",\"UnitePrice\":\"9.00\",\"Quantity\":\"3\",\"Total\":\"27\",\"AvailableQuantity\":\"357\",\"taxAmount\":\"0.00\",\"taxPercentage\":null,\"currentAvailableQuantity\":\"357\",\"dose_type\":null},{\"ProductID\":\"272\",\"Product\":\"Neo Medical Tape (Surgical Tape) | PS: 12.00 | Qty 198\",\"Name\":\"Neo Medical Tape (Surgical Tape) | PS: 12.00 | Qty 198\",\"UnitePrice\":\"26.67\",\"Quantity\":\"1\",\"Total\":\"26.67\",\"AvailableQuantity\":\"198\",\"taxAmount\":\"0.00\",\"taxPercentage\":null,\"currentAvailableQuantity\":\"198\",\"dose_type\":null}]', 1, 'OT'),
(232, 1, 55, 59, '232', '2025-01-20 00:00:00', 'Siraj Muhammad - AMC-19022723', NULL, 2007.00, 0.00, 0, 0, 0, NULL, 12257, '2025-01-20', NULL, NULL, 0, NULL, '[{\"ProductID\":\"561\",\"Product\":\"BTL+DIALYZER (FX6) VITA | PS: 1.00 | Qty 9\",\"Name\":\"BTL+DIALYZER (FX6) VITA | PS: 1.00 | Qty 9\",\"UnitePrice\":\"1610.00\",\"Quantity\":\"1\",\"Total\":\"1610\",\"AvailableQuantity\":\"9\",\"taxAmount\":\"0.00\",\"taxPercentage\":null,\"currentAvailableQuantity\":\"9\",\"dose_type\":null},{\"ProductID\":\"483\",\"Product\":\"PART-A & B DIALYSIS (VITA | PS: 1.00 | Qty 58\",\"Name\":\"PART-A & B DIALYSIS (VITA | PS: 1.00 | Qty 58\",\"UnitePrice\":\"460.00\",\"Quantity\":\"1\",\"Total\":\"460\",\"AvailableQuantity\":\"58\",\"taxAmount\":\"0.00\",\"taxPercentage\":null,\"currentAvailableQuantity\":\"58\",\"dose_type\":null},{\"ProductID\":\"418\",\"Product\":\"STERIFLUID NS 1000ML | PS: 1.00 | Qty 51\",\"Name\":\"STERIFLUID NS 1000ML | PS: 1.00 | Qty 51\",\"UnitePrice\":\"90.00\",\"Quantity\":\"1\",\"Total\":\"90\",\"AvailableQuantity\":\"51\",\"taxAmount\":\"0.00\",\"taxPercentage\":null,\"currentAvailableQuantity\":\"51\",\"dose_type\":null},{\"ProductID\":\"15\",\"Product\":\"DRIP SET SMD | PS: 100.00 | Qty 48\",\"Name\":\"DRIP SET SMD | PS: 100.00 | Qty 48\",\"UnitePrice\":\"25.00\",\"Quantity\":\"1\",\"Total\":\"25\",\"AvailableQuantity\":\"48\",\"taxAmount\":\"0.00\",\"taxPercentage\":\"0.00\",\"currentAvailableQuantity\":\"48\",\"dose_type\":null},{\"ProductID\":\"484\",\"Product\":\"FISTULA NEEDLE (VITA) | PS: 1.00 | Qty 38\",\"Name\":\"FISTULA NEEDLE (VITA) | PS: 1.00 | Qty 38\",\"UnitePrice\":\"130.00\",\"Quantity\":\"1\",\"Total\":\"130\",\"AvailableQuantity\":\"38\",\"taxAmount\":\"0.00\",\"taxPercentage\":null,\"currentAvailableQuantity\":\"38\",\"dose_type\":null},{\"ProductID\":\"326\",\"Product\":\"10cc zindagi Siring | PS: 100.00 | Qty 354\",\"Name\":\"10cc zindagi Siring | PS: 100.00 | Qty 354\",\"UnitePrice\":\"9.00\",\"Quantity\":\"3\",\"Total\":\"27\",\"AvailableQuantity\":\"354\",\"taxAmount\":\"0.00\",\"taxPercentage\":null,\"currentAvailableQuantity\":\"354\",\"dose_type\":null}]', 1, 'OT'),
(233, 1, 32, 55, '233', '2025-01-20 00:00:00', 'raweda bibi - AMC-16010050', NULL, 2213.67, 0.00, 0, 0, 0, NULL, 12257, '2025-01-20', NULL, NULL, 0, NULL, '[{\"ProductID\":\"561\",\"Product\":\"BTL+DIALYZER (FX6) VITA | PS: 1.00 | Qty 8\",\"Name\":\"BTL+DIALYZER (FX6) VITA | PS: 1.00 | Qty 8\",\"UnitePrice\":\"1610.00\",\"Quantity\":\"1\",\"Total\":\"1610\",\"AvailableQuantity\":\"8\",\"taxAmount\":\"0.00\",\"taxPercentage\":null,\"currentAvailableQuantity\":\"8\",\"dose_type\":null},{\"ProductID\":\"483\",\"Product\":\"PART-A & B DIALYSIS (VITA | PS: 1.00 | Qty 57\",\"Name\":\"PART-A & B DIALYSIS (VITA | PS: 1.00 | Qty 57\",\"UnitePrice\":\"460.00\",\"Quantity\":\"1\",\"Total\":\"460\",\"AvailableQuantity\":\"57\",\"taxAmount\":\"0.00\",\"taxPercentage\":null,\"currentAvailableQuantity\":\"57\",\"dose_type\":null},{\"ProductID\":\"484\",\"Product\":\"FISTULA NEEDLE (VITA) | PS: 1.00 | Qty 37\",\"Name\":\"FISTULA NEEDLE (VITA) | PS: 1.00 | Qty 37\",\"UnitePrice\":\"130.00\",\"Quantity\":\"1\",\"Total\":\"130\",\"AvailableQuantity\":\"37\",\"taxAmount\":\"0.00\",\"taxPercentage\":null,\"currentAvailableQuantity\":\"37\",\"dose_type\":null},{\"ProductID\":\"15\",\"Product\":\"DRIP SET SMD | PS: 100.00 | Qty 47\",\"Name\":\"DRIP SET SMD | PS: 100.00 | Qty 47\",\"UnitePrice\":\"25.00\",\"Quantity\":\"1\",\"Total\":\"25\",\"AvailableQuantity\":\"47\",\"taxAmount\":\"0.00\",\"taxPercentage\":\"0.00\",\"currentAvailableQuantity\":\"47\",\"dose_type\":null},{\"ProductID\":\"418\",\"Product\":\"STERIFLUID NS 1000ML | PS: 1.00 | Qty 50\",\"Name\":\"STERIFLUID NS 1000ML | PS: 1.00 | Qty 50\",\"UnitePrice\":\"90.00\",\"Quantity\":\"1\",\"Total\":\"90\",\"AvailableQuantity\":\"50\",\"taxAmount\":\"0.00\",\"taxPercentage\":null,\"currentAvailableQuantity\":\"50\",\"dose_type\":null},{\"ProductID\":\"326\",\"Product\":\"10cc zindagi Siring | PS: 100.00 | Qty 351\",\"Name\":\"10cc zindagi Siring | PS: 100.00 | Qty 351\",\"UnitePrice\":\"9.00\",\"Quantity\":\"3\",\"Total\":\"27\",\"AvailableQuantity\":\"351\",\"taxAmount\":\"0.00\",\"taxPercentage\":null,\"currentAvailableQuantity\":\"351\",\"dose_type\":null},{\"ProductID\":\"272\",\"Product\":\"Neo Medical Tape (Surgical Tape) | PS: 12.00 | Qty 197\",\"Name\":\"Neo Medical Tape (Surgical Tape) | PS: 12.00 | Qty 197\",\"UnitePrice\":\"26.67\",\"Quantity\":\"1\",\"Total\":\"26.67\",\"AvailableQuantity\":\"197\",\"taxAmount\":\"0.00\",\"taxPercentage\":null,\"currentAvailableQuantity\":\"197\",\"dose_type\":null}]', 1, 'OT');
INSERT INTO `sale` (`SaleID`, `SCID`, `patient_id`, `admission_id`, `InvoiceNo`, `Date`, `Description`, `TNo`, `TotalSale`, `received_amount`, `Discount`, `SalemanID`, `SalemanCommesion`, `CustomerMobile`, `CreatedBy`, `CreatedAt`, `ModifiedBy`, `ModifiedAt`, `SalemanCommesionStatus`, `sale_descriptions`, `bill_details`, `is_sehat_card`, `medicine_type`) VALUES
(234, 1, 31, 56, '234', '2025-01-20 00:00:00', 'TAJ BIBI - AMC-16112950', NULL, 2213.67, 0.00, 0, 0, 0, NULL, 12257, '2025-01-20', NULL, NULL, 0, NULL, '[{\"ProductID\":\"561\",\"Product\":\"BTL+DIALYZER (FX6) VITA | PS: 1.00 | Qty 7\",\"Name\":\"BTL+DIALYZER (FX6) VITA | PS: 1.00 | Qty 7\",\"UnitePrice\":\"1610.00\",\"Quantity\":\"1\",\"Total\":\"1610\",\"AvailableQuantity\":\"7\",\"taxAmount\":\"0.00\",\"taxPercentage\":null,\"currentAvailableQuantity\":\"7\",\"dose_type\":null},{\"ProductID\":\"483\",\"Product\":\"PART-A & B DIALYSIS (VITA | PS: 1.00 | Qty 56\",\"Name\":\"PART-A & B DIALYSIS (VITA | PS: 1.00 | Qty 56\",\"UnitePrice\":\"460.00\",\"Quantity\":\"1\",\"Total\":\"460\",\"AvailableQuantity\":\"56\",\"taxAmount\":\"0.00\",\"taxPercentage\":null,\"currentAvailableQuantity\":\"56\",\"dose_type\":null},{\"ProductID\":\"484\",\"Product\":\"FISTULA NEEDLE (VITA) | PS: 1.00 | Qty 36\",\"Name\":\"FISTULA NEEDLE (VITA) | PS: 1.00 | Qty 36\",\"UnitePrice\":\"130.00\",\"Quantity\":\"1\",\"Total\":\"130\",\"AvailableQuantity\":\"36\",\"taxAmount\":\"0.00\",\"taxPercentage\":null,\"currentAvailableQuantity\":\"36\",\"dose_type\":null},{\"ProductID\":\"15\",\"Product\":\"DRIP SET SMD | PS: 100.00 | Qty 46\",\"Name\":\"DRIP SET SMD | PS: 100.00 | Qty 46\",\"UnitePrice\":\"25.00\",\"Quantity\":\"1\",\"Total\":\"25\",\"AvailableQuantity\":\"46\",\"taxAmount\":\"0.00\",\"taxPercentage\":\"0.00\",\"currentAvailableQuantity\":\"46\",\"dose_type\":null},{\"ProductID\":\"418\",\"Product\":\"STERIFLUID NS 1000ML | PS: 1.00 | Qty 49\",\"Name\":\"STERIFLUID NS 1000ML | PS: 1.00 | Qty 49\",\"UnitePrice\":\"90.00\",\"Quantity\":\"1\",\"Total\":\"90\",\"AvailableQuantity\":\"49\",\"taxAmount\":\"0.00\",\"taxPercentage\":null,\"currentAvailableQuantity\":\"49\",\"dose_type\":null},{\"ProductID\":\"272\",\"Product\":\"Neo Medical Tape (Surgical Tape) | PS: 12.00 | Qty 196\",\"Name\":\"Neo Medical Tape (Surgical Tape) | PS: 12.00 | Qty 196\",\"UnitePrice\":\"26.67\",\"Quantity\":\"1\",\"Total\":\"26.67\",\"AvailableQuantity\":\"196\",\"taxAmount\":\"0.00\",\"taxPercentage\":null,\"currentAvailableQuantity\":\"196\",\"dose_type\":null},{\"ProductID\":\"326\",\"Product\":\"10cc zindagi Siring | PS: 100.00 | Qty 348\",\"Name\":\"10cc zindagi Siring | PS: 100.00 | Qty 348\",\"UnitePrice\":\"9.00\",\"Quantity\":\"3\",\"Total\":\"27\",\"AvailableQuantity\":\"348\",\"taxAmount\":\"0.00\",\"taxPercentage\":null,\"currentAvailableQuantity\":\"348\",\"dose_type\":null}]', 1, 'OT'),
(235, 1, 52, 57, '235', '2025-01-20 00:00:00', 'Muhammad Ilyas - AMC-19021112', NULL, 2213.67, 0.00, 0, 0, 0, NULL, 12257, '2025-01-20', NULL, NULL, 0, NULL, '[{\"ProductID\":\"483\",\"Product\":\"PART-A & B DIALYSIS (VITA | PS: 1.00 | Qty 55\",\"Name\":\"PART-A & B DIALYSIS (VITA | PS: 1.00 | Qty 55\",\"UnitePrice\":\"460.00\",\"Quantity\":\"1\",\"Total\":\"460\",\"AvailableQuantity\":\"55\",\"taxAmount\":\"0.00\",\"taxPercentage\":null,\"currentAvailableQuantity\":\"55\",\"dose_type\":null},{\"ProductID\":\"484\",\"Product\":\"FISTULA NEEDLE (VITA) | PS: 1.00 | Qty 35\",\"Name\":\"FISTULA NEEDLE (VITA) | PS: 1.00 | Qty 35\",\"UnitePrice\":\"130.00\",\"Quantity\":\"1\",\"Total\":\"130\",\"AvailableQuantity\":\"35\",\"taxAmount\":\"0.00\",\"taxPercentage\":null,\"currentAvailableQuantity\":\"35\",\"dose_type\":null},{\"ProductID\":\"15\",\"Product\":\"DRIP SET SMD | PS: 100.00 | Qty 45\",\"Name\":\"DRIP SET SMD | PS: 100.00 | Qty 45\",\"UnitePrice\":\"25.00\",\"Quantity\":\"1\",\"Total\":\"25\",\"AvailableQuantity\":\"45\",\"taxAmount\":\"0.00\",\"taxPercentage\":\"0.00\",\"currentAvailableQuantity\":\"45\",\"dose_type\":null},{\"ProductID\":\"418\",\"Product\":\"STERIFLUID NS 1000ML | PS: 1.00 | Qty 48\",\"Name\":\"STERIFLUID NS 1000ML | PS: 1.00 | Qty 48\",\"UnitePrice\":\"90.00\",\"Quantity\":\"1\",\"Total\":\"90\",\"AvailableQuantity\":\"48\",\"taxAmount\":\"0.00\",\"taxPercentage\":null,\"currentAvailableQuantity\":\"48\",\"dose_type\":null},{\"ProductID\":\"272\",\"Product\":\"Neo Medical Tape (Surgical Tape) | PS: 12.00 | Qty 195\",\"Name\":\"Neo Medical Tape (Surgical Tape) | PS: 12.00 | Qty 195\",\"UnitePrice\":\"26.67\",\"Quantity\":\"1\",\"Total\":\"26.67\",\"AvailableQuantity\":\"195\",\"taxAmount\":\"0.00\",\"taxPercentage\":null,\"currentAvailableQuantity\":\"195\",\"dose_type\":null},{\"ProductID\":\"326\",\"Product\":\"10cc zindagi Siring | PS: 100.00 | Qty 345\",\"Name\":\"10cc zindagi Siring | PS: 100.00 | Qty 345\",\"UnitePrice\":\"9.00\",\"Quantity\":\"3\",\"Total\":\"27\",\"AvailableQuantity\":\"345\",\"taxAmount\":\"0.00\",\"taxPercentage\":null,\"currentAvailableQuantity\":\"345\",\"dose_type\":null},{\"ProductID\":\"561\",\"Product\":\"BTL+DIALYZER (FX6) VITA | PS: 1.00 | Qty 6\",\"Name\":\"BTL+DIALYZER (FX6) VITA | PS: 1.00 | Qty 6\",\"UnitePrice\":\"1610.00\",\"Quantity\":\"1\",\"Total\":\"1610\",\"AvailableQuantity\":\"6\",\"taxAmount\":\"0.00\",\"taxPercentage\":null,\"currentAvailableQuantity\":\"6\",\"dose_type\":null}]', 1, 'OT'),
(236, 1, 58, 58, '236', '2025-01-20 00:00:00', 'Gul zamin khan - AMC-19052700', NULL, 2368.67, 0.00, 0, 0, 0, NULL, 12257, '2025-01-20', NULL, NULL, 0, NULL, '[{\"ProductID\":\"561\",\"Product\":\"BTL+DIALYZER (FX6) VITA | PS: 1.00 | Qty 5\",\"Name\":\"BTL+DIALYZER (FX6) VITA | PS: 1.00 | Qty 5\",\"UnitePrice\":\"1610.00\",\"Quantity\":\"1\",\"Total\":\"1610\",\"AvailableQuantity\":\"5\",\"taxAmount\":\"0.00\",\"taxPercentage\":null,\"currentAvailableQuantity\":\"5\",\"dose_type\":null},{\"ProductID\":\"483\",\"Product\":\"PART-A & B DIALYSIS (VITA | PS: 1.00 | Qty 54\",\"Name\":\"PART-A & B DIALYSIS (VITA | PS: 1.00 | Qty 54\",\"UnitePrice\":\"460.00\",\"Quantity\":\"1\",\"Total\":\"460\",\"AvailableQuantity\":\"54\",\"taxAmount\":\"0.00\",\"taxPercentage\":null,\"currentAvailableQuantity\":\"54\",\"dose_type\":null},{\"ProductID\":\"484\",\"Product\":\"FISTULA NEEDLE (VITA) | PS: 1.00 | Qty 34\",\"Name\":\"FISTULA NEEDLE (VITA) | PS: 1.00 | Qty 34\",\"UnitePrice\":\"130.00\",\"Quantity\":\"1\",\"Total\":\"130\",\"AvailableQuantity\":\"34\",\"taxAmount\":\"0.00\",\"taxPercentage\":null,\"currentAvailableQuantity\":\"34\",\"dose_type\":null},{\"ProductID\":\"15\",\"Product\":\"DRIP SET SMD | PS: 100.00 | Qty 44\",\"Name\":\"DRIP SET SMD | PS: 100.00 | Qty 44\",\"UnitePrice\":\"25.00\",\"Quantity\":\"1\",\"Total\":\"25\",\"AvailableQuantity\":\"44\",\"taxAmount\":\"0.00\",\"taxPercentage\":\"0.00\",\"currentAvailableQuantity\":\"44\",\"dose_type\":null},{\"ProductID\":\"418\",\"Product\":\"STERIFLUID NS 1000ML | PS: 1.00 | Qty 47\",\"Name\":\"STERIFLUID NS 1000ML | PS: 1.00 | Qty 47\",\"UnitePrice\":\"90.00\",\"Quantity\":\"1\",\"Total\":\"90\",\"AvailableQuantity\":\"47\",\"taxAmount\":\"0.00\",\"taxPercentage\":null,\"currentAvailableQuantity\":\"47\",\"dose_type\":null},{\"ProductID\":\"326\",\"Product\":\"10cc zindagi Siring | PS: 100.00 | Qty 342\",\"Name\":\"10cc zindagi Siring | PS: 100.00 | Qty 342\",\"UnitePrice\":\"9.00\",\"Quantity\":\"3\",\"Total\":\"27\",\"AvailableQuantity\":\"342\",\"taxAmount\":\"0.00\",\"taxPercentage\":null,\"currentAvailableQuantity\":\"342\",\"dose_type\":null},{\"ProductID\":\"272\",\"Product\":\"Neo Medical Tape (Surgical Tape) | PS: 12.00 | Qty 194\",\"Name\":\"Neo Medical Tape (Surgical Tape) | PS: 12.00 | Qty 194\",\"UnitePrice\":\"26.67\",\"Quantity\":\"1\",\"Total\":\"26.67\",\"AvailableQuantity\":\"194\",\"taxAmount\":\"0.00\",\"taxPercentage\":null,\"currentAvailableQuantity\":\"194\",\"dose_type\":null}]', 1, 'OT'),
(237, 1, 59, 61, '237', '2025-01-21 00:00:00', 'Shah Faisal - AMC-19092745', NULL, 2212.00, 0.00, 0, 0, 0, NULL, 12257, '2025-01-21', NULL, NULL, 0, NULL, '[{\"ProductID\":\"561\",\"Product\":\"BTL+DIALYZER (FX6) VITA | PS: 1.00 | Qty 4\",\"Name\":\"BTL+DIALYZER (FX6) VITA | PS: 1.00 | Qty 4\",\"UnitePrice\":\"1610.00\",\"Quantity\":\"1\",\"Total\":\"1610\",\"AvailableQuantity\":\"4\",\"taxAmount\":\"0.00\",\"taxPercentage\":null,\"currentAvailableQuantity\":\"4\",\"dose_type\":null},{\"ProductID\":\"483\",\"Product\":\"PART-A & B DIALYSIS (VITA | PS: 1.00 | Qty 53\",\"Name\":\"PART-A & B DIALYSIS (VITA | PS: 1.00 | Qty 53\",\"UnitePrice\":\"460.00\",\"Quantity\":\"1\",\"Total\":\"460\",\"AvailableQuantity\":\"53\",\"taxAmount\":\"0.00\",\"taxPercentage\":null,\"currentAvailableQuantity\":\"53\",\"dose_type\":null},{\"ProductID\":\"484\",\"Product\":\"FISTULA NEEDLE (VITA) | PS: 1.00 | Qty 39\",\"Name\":\"FISTULA NEEDLE (VITA) | PS: 1.00 | Qty 39\",\"UnitePrice\":\"130.00\",\"Quantity\":\"1\",\"Total\":\"130\",\"AvailableQuantity\":\"39\",\"taxAmount\":\"0.00\",\"taxPercentage\":null,\"currentAvailableQuantity\":\"39\",\"dose_type\":null},{\"ProductID\":\"326\",\"Product\":\"10cc zindagi Siring | PS: 100.00 | Qty 339\",\"Name\":\"10cc zindagi Siring | PS: 100.00 | Qty 339\",\"UnitePrice\":\"9.00\",\"Quantity\":\"3\",\"Total\":\"27\",\"AvailableQuantity\":\"339\",\"taxAmount\":\"0.00\",\"taxPercentage\":null,\"currentAvailableQuantity\":\"339\",\"dose_type\":null},{\"ProductID\":\"418\",\"Product\":\"STERIFLUID NS 1000ML | PS: 1.00 | Qty 46\",\"Name\":\"STERIFLUID NS 1000ML | PS: 1.00 | Qty 46\",\"UnitePrice\":\"90.00\",\"Quantity\":\"1\",\"Total\":\"90\",\"AvailableQuantity\":\"46\",\"taxAmount\":\"0.00\",\"taxPercentage\":null,\"currentAvailableQuantity\":\"46\",\"dose_type\":null},{\"ProductID\":\"15\",\"Product\":\"DRIP SET SMD | PS: 100.00 | Qty 50\",\"Name\":\"DRIP SET SMD | PS: 100.00 | Qty 50\",\"UnitePrice\":\"25.00\",\"Quantity\":\"1\",\"Total\":\"25\",\"AvailableQuantity\":\"50\",\"taxAmount\":\"0.00\",\"taxPercentage\":\"0.00\",\"currentAvailableQuantity\":\"50\",\"dose_type\":null}]', 1, 'OT'),
(238, 1, 19, 62, '238', '2025-01-21 00:00:00', 'Kainat - AMC-14024659', NULL, 2212.00, 0.00, 0, 0, 0, NULL, 12257, '2025-01-21', NULL, NULL, 0, NULL, '[{\"ProductID\":\"561\",\"Product\":\"BTL+DIALYZER (FX6) VITA | PS: 1.00 | Qty 3\",\"Name\":\"BTL+DIALYZER (FX6) VITA | PS: 1.00 | Qty 3\",\"UnitePrice\":\"1610.00\",\"Quantity\":\"1\",\"Total\":\"1610\",\"AvailableQuantity\":\"3\",\"taxAmount\":\"0.00\",\"taxPercentage\":null,\"currentAvailableQuantity\":\"3\",\"dose_type\":null},{\"ProductID\":\"484\",\"Product\":\"FISTULA NEEDLE (VITA) | PS: 1.00 | Qty 38\",\"Name\":\"FISTULA NEEDLE (VITA) | PS: 1.00 | Qty 38\",\"UnitePrice\":\"130.00\",\"Quantity\":\"1\",\"Total\":\"130\",\"AvailableQuantity\":\"38\",\"taxAmount\":\"0.00\",\"taxPercentage\":null,\"currentAvailableQuantity\":\"38\",\"dose_type\":null},{\"ProductID\":\"483\",\"Product\":\"PART-A & B DIALYSIS (VITA | PS: 1.00 | Qty 52\",\"Name\":\"PART-A & B DIALYSIS (VITA | PS: 1.00 | Qty 52\",\"UnitePrice\":\"460.00\",\"Quantity\":\"1\",\"Total\":\"460\",\"AvailableQuantity\":\"52\",\"taxAmount\":\"0.00\",\"taxPercentage\":null,\"currentAvailableQuantity\":\"52\",\"dose_type\":null},{\"ProductID\":\"418\",\"Product\":\"STERIFLUID NS 1000ML | PS: 1.00 | Qty 45\",\"Name\":\"STERIFLUID NS 1000ML | PS: 1.00 | Qty 45\",\"UnitePrice\":\"90.00\",\"Quantity\":\"1\",\"Total\":\"90\",\"AvailableQuantity\":\"45\",\"taxAmount\":\"0.00\",\"taxPercentage\":null,\"currentAvailableQuantity\":\"45\",\"dose_type\":null},{\"ProductID\":\"15\",\"Product\":\"DRIP SET SMD | PS: 100.00 | Qty 49\",\"Name\":\"DRIP SET SMD | PS: 100.00 | Qty 49\",\"UnitePrice\":\"25.00\",\"Quantity\":\"1\",\"Total\":\"25\",\"AvailableQuantity\":\"49\",\"taxAmount\":\"0.00\",\"taxPercentage\":\"0.00\",\"currentAvailableQuantity\":\"49\",\"dose_type\":null},{\"ProductID\":\"326\",\"Product\":\"10cc zindagi Siring | PS: 100.00 | Qty 336\",\"Name\":\"10cc zindagi Siring | PS: 100.00 | Qty 336\",\"UnitePrice\":\"9.00\",\"Quantity\":\"3\",\"Total\":\"27\",\"AvailableQuantity\":\"336\",\"taxAmount\":\"0.00\",\"taxPercentage\":null,\"currentAvailableQuantity\":\"336\",\"dose_type\":null}]', 1, 'OT'),
(239, 1, 53, 67, '239', '2025-01-21 00:00:00', 'Shezan - AMC-19021437', NULL, 2212.00, 0.00, 0, 0, 0, NULL, 12257, '2025-01-21', NULL, NULL, 0, NULL, '[{\"ProductID\":\"561\",\"Product\":\"BTL+DIALYZER (FX6) VITA | PS: 1.00 | Qty 2\",\"Name\":\"BTL+DIALYZER (FX6) VITA | PS: 1.00 | Qty 2\",\"UnitePrice\":\"1610.00\",\"Quantity\":\"1\",\"Total\":\"1610\",\"AvailableQuantity\":\"2\",\"taxAmount\":\"0.00\",\"taxPercentage\":null,\"currentAvailableQuantity\":\"2\",\"dose_type\":null},{\"ProductID\":\"483\",\"Product\":\"PART-A & B DIALYSIS (VITA | PS: 1.00 | Qty 51\",\"Name\":\"PART-A & B DIALYSIS (VITA | PS: 1.00 | Qty 51\",\"UnitePrice\":\"460.00\",\"Quantity\":\"1\",\"Total\":\"460\",\"AvailableQuantity\":\"51\",\"taxAmount\":\"0.00\",\"taxPercentage\":null,\"currentAvailableQuantity\":\"51\",\"dose_type\":null},{\"ProductID\":\"484\",\"Product\":\"FISTULA NEEDLE (VITA) | PS: 1.00 | Qty 37\",\"Name\":\"FISTULA NEEDLE (VITA) | PS: 1.00 | Qty 37\",\"UnitePrice\":\"130.00\",\"Quantity\":\"1\",\"Total\":\"130\",\"AvailableQuantity\":\"37\",\"taxAmount\":\"0.00\",\"taxPercentage\":null,\"currentAvailableQuantity\":\"37\",\"dose_type\":null},{\"ProductID\":\"15\",\"Product\":\"DRIP SET SMD | PS: 100.00 | Qty 48\",\"Name\":\"DRIP SET SMD | PS: 100.00 | Qty 48\",\"UnitePrice\":\"25.00\",\"Quantity\":\"1\",\"Total\":\"25\",\"AvailableQuantity\":\"48\",\"taxAmount\":\"0.00\",\"taxPercentage\":\"0.00\",\"currentAvailableQuantity\":\"48\",\"dose_type\":null},{\"ProductID\":\"418\",\"Product\":\"STERIFLUID NS 1000ML | PS: 1.00 | Qty 44\",\"Name\":\"STERIFLUID NS 1000ML | PS: 1.00 | Qty 44\",\"UnitePrice\":\"90.00\",\"Quantity\":\"1\",\"Total\":\"90\",\"AvailableQuantity\":\"44\",\"taxAmount\":\"0.00\",\"taxPercentage\":null,\"currentAvailableQuantity\":\"44\",\"dose_type\":null},{\"ProductID\":\"326\",\"Product\":\"10cc zindagi Siring | PS: 100.00 | Qty 333\",\"Name\":\"10cc zindagi Siring | PS: 100.00 | Qty 333\",\"UnitePrice\":\"9.00\",\"Quantity\":\"3\",\"Total\":\"27\",\"AvailableQuantity\":\"333\",\"taxAmount\":\"0.00\",\"taxPercentage\":null,\"currentAvailableQuantity\":\"333\",\"dose_type\":null}]', 1, 'OT'),
(240, 1, 36, 68, '240', '2025-01-21 00:00:00', 'Zainab Bibi - AMC-17094335', NULL, 2212.00, 0.00, 0, 0, 0, NULL, 12257, '2025-01-21', NULL, NULL, 0, NULL, '[{\"ProductID\":\"561\",\"Product\":\"BTL+DIALYZER (FX6) VITA | PS: 1.00 | Qty 1\",\"Name\":\"BTL+DIALYZER (FX6) VITA | PS: 1.00 | Qty 1\",\"UnitePrice\":\"1610.00\",\"Quantity\":\"1\",\"Total\":\"1610\",\"AvailableQuantity\":\"1\",\"taxAmount\":\"0.00\",\"taxPercentage\":null,\"currentAvailableQuantity\":\"1\",\"dose_type\":null},{\"ProductID\":\"484\",\"Product\":\"FISTULA NEEDLE (VITA) | PS: 1.00 | Qty 36\",\"Name\":\"FISTULA NEEDLE (VITA) | PS: 1.00 | Qty 36\",\"UnitePrice\":\"130.00\",\"Quantity\":\"1\",\"Total\":\"130\",\"AvailableQuantity\":\"36\",\"taxAmount\":\"0.00\",\"taxPercentage\":null,\"currentAvailableQuantity\":\"36\",\"dose_type\":null},{\"ProductID\":\"483\",\"Product\":\"PART-A & B DIALYSIS (VITA | PS: 1.00 | Qty 50\",\"Name\":\"PART-A & B DIALYSIS (VITA | PS: 1.00 | Qty 50\",\"UnitePrice\":\"460.00\",\"Quantity\":\"1\",\"Total\":\"460\",\"AvailableQuantity\":\"50\",\"taxAmount\":\"0.00\",\"taxPercentage\":null,\"currentAvailableQuantity\":\"50\",\"dose_type\":null},{\"ProductID\":\"15\",\"Product\":\"DRIP SET SMD | PS: 100.00 | Qty 47\",\"Name\":\"DRIP SET SMD | PS: 100.00 | Qty 47\",\"UnitePrice\":\"25.00\",\"Quantity\":\"1\",\"Total\":\"25\",\"AvailableQuantity\":\"47\",\"taxAmount\":\"0.00\",\"taxPercentage\":\"0.00\",\"currentAvailableQuantity\":\"47\",\"dose_type\":null},{\"ProductID\":\"418\",\"Product\":\"STERIFLUID NS 1000ML | PS: 1.00 | Qty 43\",\"Name\":\"STERIFLUID NS 1000ML | PS: 1.00 | Qty 43\",\"UnitePrice\":\"90.00\",\"Quantity\":\"1\",\"Total\":\"90\",\"AvailableQuantity\":\"43\",\"taxAmount\":\"0.00\",\"taxPercentage\":null,\"currentAvailableQuantity\":\"43\",\"dose_type\":null},{\"ProductID\":\"326\",\"Product\":\"10cc zindagi Siring | PS: 100.00 | Qty 330\",\"Name\":\"10cc zindagi Siring | PS: 100.00 | Qty 330\",\"UnitePrice\":\"9.00\",\"Quantity\":\"3\",\"Total\":\"27\",\"AvailableQuantity\":\"330\",\"taxAmount\":\"0.00\",\"taxPercentage\":null,\"currentAvailableQuantity\":\"330\",\"dose_type\":null}]', 1, 'OT'),
(241, 1, 61, 69, '241', '2025-01-21 00:00:00', 'Iqbal Begum - AMC-19104719', NULL, 2212.00, 0.00, 0, 0, 0, NULL, 12257, '2025-01-21', NULL, NULL, 0, NULL, '[{\"ProductID\":\"482\",\"Product\":\"BTL+DIALYZER (FX10) | PS: 1.00 | Qty 37\",\"Name\":\"BTL+DIALYZER (FX10) | PS: 1.00 | Qty 37\",\"UnitePrice\":\"1610.00\",\"Quantity\":\"1\",\"Total\":\"1610\",\"AvailableQuantity\":\"37\",\"taxAmount\":\"0.00\",\"taxPercentage\":null,\"currentAvailableQuantity\":\"37\",\"dose_type\":null},{\"ProductID\":\"483\",\"Product\":\"PART-A & B DIALYSIS (VITA | PS: 1.00 | Qty 49\",\"Name\":\"PART-A & B DIALYSIS (VITA | PS: 1.00 | Qty 49\",\"UnitePrice\":\"460.00\",\"Quantity\":\"1\",\"Total\":\"460\",\"AvailableQuantity\":\"49\",\"taxAmount\":\"0.00\",\"taxPercentage\":null,\"currentAvailableQuantity\":\"49\",\"dose_type\":null},{\"ProductID\":\"484\",\"Product\":\"FISTULA NEEDLE (VITA) | PS: 1.00 | Qty 35\",\"Name\":\"FISTULA NEEDLE (VITA) | PS: 1.00 | Qty 35\",\"UnitePrice\":\"130.00\",\"Quantity\":\"1\",\"Total\":\"130\",\"AvailableQuantity\":\"35\",\"taxAmount\":\"0.00\",\"taxPercentage\":null,\"currentAvailableQuantity\":\"35\",\"dose_type\":null},{\"ProductID\":\"418\",\"Product\":\"STERIFLUID NS 1000ML | PS: 1.00 | Qty 42\",\"Name\":\"STERIFLUID NS 1000ML | PS: 1.00 | Qty 42\",\"UnitePrice\":\"90.00\",\"Quantity\":\"1\",\"Total\":\"90\",\"AvailableQuantity\":\"42\",\"taxAmount\":\"0.00\",\"taxPercentage\":null,\"currentAvailableQuantity\":\"42\",\"dose_type\":null},{\"ProductID\":\"15\",\"Product\":\"DRIP SET SMD | PS: 100.00 | Qty 46\",\"Name\":\"DRIP SET SMD | PS: 100.00 | Qty 46\",\"UnitePrice\":\"25.00\",\"Quantity\":\"1\",\"Total\":\"25\",\"AvailableQuantity\":\"46\",\"taxAmount\":\"0.00\",\"taxPercentage\":\"0.00\",\"currentAvailableQuantity\":\"46\",\"dose_type\":null},{\"ProductID\":\"326\",\"Product\":\"10cc zindagi Siring | PS: 100.00 | Qty 327\",\"Name\":\"10cc zindagi Siring | PS: 100.00 | Qty 327\",\"UnitePrice\":\"9.00\",\"Quantity\":\"3\",\"Total\":\"27\",\"AvailableQuantity\":\"327\",\"taxAmount\":\"0.00\",\"taxPercentage\":null,\"currentAvailableQuantity\":\"327\",\"dose_type\":null}]', 1, 'OT'),
(242, 1, 43, 65, '242', '2025-01-21 00:00:00', 'SHAHID MUHAMMAD ILTAF - AMC-17023443', NULL, 2212.00, 0.00, 0, 0, 0, NULL, 12257, '2025-01-21', NULL, NULL, 0, NULL, '[{\"ProductID\":\"482\",\"Product\":\"BTL+DIALYZER (FX10) | PS: 1.00 | Qty 36\",\"Name\":\"BTL+DIALYZER (FX10) | PS: 1.00 | Qty 36\",\"UnitePrice\":\"1610.00\",\"Quantity\":\"1\",\"Total\":\"1610\",\"AvailableQuantity\":\"36\",\"taxAmount\":\"0.00\",\"taxPercentage\":null,\"currentAvailableQuantity\":\"36\",\"dose_type\":null},{\"ProductID\":\"484\",\"Product\":\"FISTULA NEEDLE (VITA) | PS: 1.00 | Qty 34\",\"Name\":\"FISTULA NEEDLE (VITA) | PS: 1.00 | Qty 34\",\"UnitePrice\":\"130.00\",\"Quantity\":\"1\",\"Total\":\"130\",\"AvailableQuantity\":\"34\",\"taxAmount\":\"0.00\",\"taxPercentage\":null,\"currentAvailableQuantity\":\"34\",\"dose_type\":null},{\"ProductID\":\"483\",\"Product\":\"PART-A & B DIALYSIS (VITA | PS: 1.00 | Qty 48\",\"Name\":\"PART-A & B DIALYSIS (VITA | PS: 1.00 | Qty 48\",\"UnitePrice\":\"460.00\",\"Quantity\":\"1\",\"Total\":\"460\",\"AvailableQuantity\":\"48\",\"taxAmount\":\"0.00\",\"taxPercentage\":null,\"currentAvailableQuantity\":\"48\",\"dose_type\":null},{\"ProductID\":\"15\",\"Product\":\"DRIP SET SMD | PS: 100.00 | Qty 45\",\"Name\":\"DRIP SET SMD | PS: 100.00 | Qty 45\",\"UnitePrice\":\"25.00\",\"Quantity\":\"1\",\"Total\":\"25\",\"AvailableQuantity\":\"45\",\"taxAmount\":\"0.00\",\"taxPercentage\":\"0.00\",\"currentAvailableQuantity\":\"45\",\"dose_type\":null},{\"ProductID\":\"418\",\"Product\":\"STERIFLUID NS 1000ML | PS: 1.00 | Qty 41\",\"Name\":\"STERIFLUID NS 1000ML | PS: 1.00 | Qty 41\",\"UnitePrice\":\"90.00\",\"Quantity\":\"1\",\"Total\":\"90\",\"AvailableQuantity\":\"41\",\"taxAmount\":\"0.00\",\"taxPercentage\":null,\"currentAvailableQuantity\":\"41\",\"dose_type\":null},{\"ProductID\":\"326\",\"Product\":\"10cc zindagi Siring | PS: 100.00 | Qty 324\",\"Name\":\"10cc zindagi Siring | PS: 100.00 | Qty 324\",\"UnitePrice\":\"9.00\",\"Quantity\":\"3\",\"Total\":\"27\",\"AvailableQuantity\":\"324\",\"taxAmount\":\"0.00\",\"taxPercentage\":null,\"currentAvailableQuantity\":\"324\",\"dose_type\":null}]', 1, 'OT'),
(243, 1, 39, 63, '243', '2025-01-21 00:00:00', 'RAZ MUHAMMAD - AMC-17104033', NULL, 2342.00, 0.00, 0, 0, 0, NULL, 12257, '2025-01-21', NULL, NULL, 0, NULL, '[{\"ProductID\":\"482\",\"Product\":\"BTL+DIALYZER (FX10) | PS: 1.00 | Qty 35\",\"Name\":\"BTL+DIALYZER (FX10) | PS: 1.00 | Qty 35\",\"UnitePrice\":\"1610.00\",\"Quantity\":\"1\",\"Total\":\"1610\",\"AvailableQuantity\":\"35\",\"taxAmount\":\"0.00\",\"taxPercentage\":null,\"currentAvailableQuantity\":\"35\",\"dose_type\":null},{\"ProductID\":\"484\",\"Product\":\"FISTULA NEEDLE (VITA) | PS: 1.00 | Qty 33\",\"Name\":\"FISTULA NEEDLE (VITA) | PS: 1.00 | Qty 33\",\"UnitePrice\":\"130.00\",\"Quantity\":\"1\",\"Total\":\"130\",\"AvailableQuantity\":\"33\",\"taxAmount\":\"0.00\",\"taxPercentage\":null,\"currentAvailableQuantity\":\"33\",\"dose_type\":null},{\"ProductID\":\"483\",\"Product\":\"PART-A & B DIALYSIS (VITA | PS: 1.00 | Qty 47\",\"Name\":\"PART-A & B DIALYSIS (VITA | PS: 1.00 | Qty 47\",\"UnitePrice\":\"460.00\",\"Quantity\":\"1\",\"Total\":\"460\",\"AvailableQuantity\":\"47\",\"taxAmount\":\"0.00\",\"taxPercentage\":null,\"currentAvailableQuantity\":\"47\",\"dose_type\":null},{\"ProductID\":\"15\",\"Product\":\"DRIP SET SMD | PS: 100.00 | Qty 44\",\"Name\":\"DRIP SET SMD | PS: 100.00 | Qty 44\",\"UnitePrice\":\"25.00\",\"Quantity\":\"1\",\"Total\":\"25\",\"AvailableQuantity\":\"44\",\"taxAmount\":\"0.00\",\"taxPercentage\":\"0.00\",\"currentAvailableQuantity\":\"44\",\"dose_type\":null},{\"ProductID\":\"418\",\"Product\":\"STERIFLUID NS 1000ML | PS: 1.00 | Qty 40\",\"Name\":\"STERIFLUID NS 1000ML | PS: 1.00 | Qty 40\",\"UnitePrice\":\"90.00\",\"Quantity\":\"1\",\"Total\":\"90\",\"AvailableQuantity\":\"40\",\"taxAmount\":\"0.00\",\"taxPercentage\":null,\"currentAvailableQuantity\":\"40\",\"dose_type\":null},{\"ProductID\":\"326\",\"Product\":\"10cc zindagi Siring | PS: 100.00 | Qty 321\",\"Name\":\"10cc zindagi Siring | PS: 100.00 | Qty 321\",\"UnitePrice\":\"9.00\",\"Quantity\":\"3\",\"Total\":\"27\",\"AvailableQuantity\":\"321\",\"taxAmount\":\"0.00\",\"taxPercentage\":null,\"currentAvailableQuantity\":\"321\",\"dose_type\":null}]', 1, 'OT'),
(244, 1, 42, 64, '244', '2025-01-21 00:00:00', 'BADAR MUNIR - AMC-17014816', NULL, 2342.00, 0.00, 0, 0, 0, NULL, 12257, '2025-01-21', NULL, NULL, 0, NULL, '[{\"ProductID\":\"482\",\"Product\":\"BTL+DIALYZER (FX10) | PS: 1.00 | Qty 34\",\"Name\":\"BTL+DIALYZER (FX10) | PS: 1.00 | Qty 34\",\"UnitePrice\":\"1610.00\",\"Quantity\":\"1\",\"Total\":\"1610\",\"AvailableQuantity\":\"34\",\"taxAmount\":\"0.00\",\"taxPercentage\":null,\"currentAvailableQuantity\":\"34\",\"dose_type\":null},{\"ProductID\":\"483\",\"Product\":\"PART-A & B DIALYSIS (VITA | PS: 1.00 | Qty 46\",\"Name\":\"PART-A & B DIALYSIS (VITA | PS: 1.00 | Qty 46\",\"UnitePrice\":\"460.00\",\"Quantity\":\"1\",\"Total\":\"460\",\"AvailableQuantity\":\"46\",\"taxAmount\":\"0.00\",\"taxPercentage\":null,\"currentAvailableQuantity\":\"46\",\"dose_type\":null},{\"ProductID\":\"484\",\"Product\":\"FISTULA NEEDLE (VITA) | PS: 1.00 | Qty 32\",\"Name\":\"FISTULA NEEDLE (VITA) | PS: 1.00 | Qty 32\",\"UnitePrice\":\"130.00\",\"Quantity\":\"1\",\"Total\":\"130\",\"AvailableQuantity\":\"32\",\"taxAmount\":\"0.00\",\"taxPercentage\":null,\"currentAvailableQuantity\":\"32\",\"dose_type\":null},{\"ProductID\":\"15\",\"Product\":\"DRIP SET SMD | PS: 100.00 | Qty 43\",\"Name\":\"DRIP SET SMD | PS: 100.00 | Qty 43\",\"UnitePrice\":\"25.00\",\"Quantity\":\"1\",\"Total\":\"25\",\"AvailableQuantity\":\"43\",\"taxAmount\":\"0.00\",\"taxPercentage\":\"0.00\",\"currentAvailableQuantity\":\"43\",\"dose_type\":null},{\"ProductID\":\"418\",\"Product\":\"STERIFLUID NS 1000ML | PS: 1.00 | Qty 39\",\"Name\":\"STERIFLUID NS 1000ML | PS: 1.00 | Qty 39\",\"UnitePrice\":\"90.00\",\"Quantity\":\"1\",\"Total\":\"90\",\"AvailableQuantity\":\"39\",\"taxAmount\":\"0.00\",\"taxPercentage\":null,\"currentAvailableQuantity\":\"39\",\"dose_type\":null},{\"ProductID\":\"326\",\"Product\":\"10cc zindagi Siring | PS: 100.00 | Qty 318\",\"Name\":\"10cc zindagi Siring | PS: 100.00 | Qty 318\",\"UnitePrice\":\"9.00\",\"Quantity\":\"3\",\"Total\":\"27\",\"AvailableQuantity\":\"318\",\"taxAmount\":\"0.00\",\"taxPercentage\":null,\"currentAvailableQuantity\":\"318\",\"dose_type\":null}]', 1, 'OT'),
(245, 1, 63, 66, '245', '2025-01-21 00:00:00', 'ANWAR FAROOQ - AMC-21113300', NULL, 2212.00, 0.00, 0, 0, 0, NULL, 12257, '2025-01-21', NULL, NULL, 0, NULL, '[{\"ProductID\":\"482\",\"Product\":\"BTL+DIALYZER (FX10) | PS: 1.00 | Qty 33\",\"Name\":\"BTL+DIALYZER (FX10) | PS: 1.00 | Qty 33\",\"UnitePrice\":\"1610.00\",\"Quantity\":\"1\",\"Total\":\"1610\",\"AvailableQuantity\":\"33\",\"taxAmount\":\"0.00\",\"taxPercentage\":null,\"currentAvailableQuantity\":\"33\",\"dose_type\":null},{\"ProductID\":\"484\",\"Product\":\"FISTULA NEEDLE (VITA) | PS: 1.00 | Qty 31\",\"Name\":\"FISTULA NEEDLE (VITA) | PS: 1.00 | Qty 31\",\"UnitePrice\":\"130.00\",\"Quantity\":\"1\",\"Total\":\"130\",\"AvailableQuantity\":\"31\",\"taxAmount\":\"0.00\",\"taxPercentage\":null,\"currentAvailableQuantity\":\"31\",\"dose_type\":null},{\"ProductID\":\"483\",\"Product\":\"PART-A & B DIALYSIS (VITA | PS: 1.00 | Qty 45\",\"Name\":\"PART-A & B DIALYSIS (VITA | PS: 1.00 | Qty 45\",\"UnitePrice\":\"460.00\",\"Quantity\":\"1\",\"Total\":\"460\",\"AvailableQuantity\":\"45\",\"taxAmount\":\"0.00\",\"taxPercentage\":null,\"currentAvailableQuantity\":\"45\",\"dose_type\":null},{\"ProductID\":\"15\",\"Product\":\"DRIP SET SMD | PS: 100.00 | Qty 42\",\"Name\":\"DRIP SET SMD | PS: 100.00 | Qty 42\",\"UnitePrice\":\"25.00\",\"Quantity\":\"1\",\"Total\":\"25\",\"AvailableQuantity\":\"42\",\"taxAmount\":\"0.00\",\"taxPercentage\":\"0.00\",\"currentAvailableQuantity\":\"42\",\"dose_type\":null},{\"ProductID\":\"418\",\"Product\":\"STERIFLUID NS 1000ML | PS: 1.00 | Qty 38\",\"Name\":\"STERIFLUID NS 1000ML | PS: 1.00 | Qty 38\",\"UnitePrice\":\"90.00\",\"Quantity\":\"1\",\"Total\":\"90\",\"AvailableQuantity\":\"38\",\"taxAmount\":\"0.00\",\"taxPercentage\":null,\"currentAvailableQuantity\":\"38\",\"dose_type\":null},{\"ProductID\":\"326\",\"Product\":\"10cc zindagi Siring | PS: 100.00 | Qty 315\",\"Name\":\"10cc zindagi Siring | PS: 100.00 | Qty 315\",\"UnitePrice\":\"9.00\",\"Quantity\":\"3\",\"Total\":\"27\",\"AvailableQuantity\":\"315\",\"taxAmount\":\"0.00\",\"taxPercentage\":null,\"currentAvailableQuantity\":\"315\",\"dose_type\":null}]', 1, 'OT'),
(246, 1, 65, 70, '246', '2025-01-21 00:00:00', 'ihsan ullah - AMC-21031425', NULL, 232.67, 0.00, 0, 0, 0, NULL, 12257, '2025-01-21', NULL, NULL, 0, NULL, '[{\"ProductID\":\"157\",\"Product\":\"Cannula IV introcan 20 g | PS: 50.00 | Qty 34\",\"Name\":\"Cannula IV introcan 20 g | PS: 50.00 | Qty 34\",\"UnitePrice\":\"82.00\",\"Quantity\":\"1\",\"Total\":\"82\",\"AvailableQuantity\":\"34\",\"taxAmount\":\"0.00\",\"taxPercentage\":\"0.00\",\"currentAvailableQuantity\":\"34\",\"dose_type\":\"-\"},{\"ProductID\":\"326\",\"Product\":\"10cc zindagi Siring | PS: 100.00 | Qty 312\",\"Name\":\"10cc zindagi Siring | PS: 100.00 | Qty 312\",\"UnitePrice\":\"9.00\",\"Quantity\":\"1\",\"Total\":\"9\",\"AvailableQuantity\":\"312\",\"taxAmount\":\"0.00\",\"taxPercentage\":null,\"currentAvailableQuantity\":\"312\",\"dose_type\":\"-\"},{\"ProductID\":\"416\",\"Product\":\"STERIFLUID RL1000ML | PS: 1.00 | Qty 66\",\"Name\":\"STERIFLUID RL1000ML | PS: 1.00 | Qty 66\",\"UnitePrice\":\"90.00\",\"Quantity\":\"1\",\"Total\":\"90\",\"AvailableQuantity\":\"66\",\"taxAmount\":\"0.00\",\"taxPercentage\":null,\"currentAvailableQuantity\":\"66\",\"dose_type\":\"-\"},{\"ProductID\":\"15\",\"Product\":\"DRIP SET SMD | PS: 100.00 | Qty 41\",\"Name\":\"DRIP SET SMD | PS: 100.00 | Qty 41\",\"UnitePrice\":\"25.00\",\"Quantity\":\"1\",\"Total\":\"25\",\"AvailableQuantity\":\"41\",\"taxAmount\":\"0.00\",\"taxPercentage\":\"0.00\",\"currentAvailableQuantity\":\"41\",\"dose_type\":\"-\"},{\"ProductID\":\"272\",\"Product\":\"Neo Medical Tape (Surgical Tape) | PS: 12.00 | Qty 193\",\"Name\":\"Neo Medical Tape (Surgical Tape) | PS: 12.00 | Qty 193\",\"UnitePrice\":\"26.67\",\"Quantity\":\"1\",\"Total\":\"26.67\",\"AvailableQuantity\":\"193\",\"taxAmount\":\"0.00\",\"taxPercentage\":null,\"currentAvailableQuantity\":\"193\",\"dose_type\":\"-\"}]', 1, 'Ward'),
(247, 1, 66, 71, '247', '2025-01-21 00:00:00', 'RABIA AMEEN - AMC-21032130', NULL, 691.50, 0.00, 0, 0, 0, NULL, 12257, '2025-01-21', NULL, NULL, 0, NULL, '[{\"ProductID\":\"572\",\"Product\":\"Lidoject 2% inj. | PS: 50.00 | Qty 2\",\"Name\":\"Lidoject 2% inj. | PS: 50.00 | Qty 2\",\"UnitePrice\":\"18.00\",\"Quantity\":\"1\",\"Total\":\"18\",\"AvailableQuantity\":\"2\",\"taxAmount\":\"0.00\",\"taxPercentage\":null,\"currentAvailableQuantity\":\"2\",\"dose_type\":null},{\"ProductID\":\"270\",\"Product\":\"Pakband guaze | PS: 10.00 | Qty 114\",\"Name\":\"Pakband guaze | PS: 10.00 | Qty 114\",\"UnitePrice\":\"41.00\",\"Quantity\":\"1\",\"Total\":\"41\",\"AvailableQuantity\":\"114\",\"taxAmount\":\"0.00\",\"taxPercentage\":null,\"currentAvailableQuantity\":\"114\",\"dose_type\":null},{\"ProductID\":\"93\",\"Product\":\"BLADE | PS: 20.00 | Qty 30\",\"Name\":\"BLADE | PS: 20.00 | Qty 30\",\"UnitePrice\":\"47.50\",\"Quantity\":\"1\",\"Total\":\"47.5\",\"AvailableQuantity\":\"30\",\"taxAmount\":\"0.00\",\"taxPercentage\":\"0.00\",\"currentAvailableQuantity\":\"30\",\"dose_type\":null},{\"ProductID\":\"327\",\"Product\":\"5cc zindagi Siring | PS: 50.00 | Qty 223\",\"Name\":\"5cc zindagi Siring | PS: 50.00 | Qty 223\",\"UnitePrice\":\"12.00\",\"Quantity\":\"1\",\"Total\":\"12\",\"AvailableQuantity\":\"223\",\"taxAmount\":\"0.00\",\"taxPercentage\":null,\"currentAvailableQuantity\":\"223\",\"dose_type\":null},{\"ProductID\":\"98\",\"Product\":\"VICRIL 2\\/0 | PS: 12.00 | Qty 44\",\"Name\":\"VICRIL 2\\/0 | PS: 12.00 | Qty 44\",\"UnitePrice\":\"275.00\",\"Quantity\":\"1\",\"Total\":\"275\",\"AvailableQuantity\":\"44\",\"taxAmount\":\"0.00\",\"taxPercentage\":\"0.00\",\"currentAvailableQuantity\":\"44\",\"dose_type\":null},{\"ProductID\":\"19\",\"Product\":\"PYODINE small | PS: 1.00 | Qty 17\",\"Name\":\"PYODINE small | PS: 1.00 | Qty 17\",\"UnitePrice\":\"225.00\",\"Quantity\":\"1\",\"Total\":\"225\",\"AvailableQuantity\":\"17\",\"taxAmount\":\"0.00\",\"taxPercentage\":\"0.00\",\"currentAvailableQuantity\":\"17\",\"dose_type\":null},{\"ProductID\":\"92\",\"Product\":\"S.GLOVES 7.5 Next | PS: 1.00 | Qty 203\",\"Name\":\"S.GLOVES 7.5 Next | PS: 1.00 | Qty 203\",\"UnitePrice\":\"73.00\",\"Quantity\":\"1\",\"Total\":\"73\",\"AvailableQuantity\":\"203\",\"taxAmount\":\"0.00\",\"taxPercentage\":\"0.00\",\"currentAvailableQuantity\":\"203\",\"dose_type\":null}]', 1, 'OT'),
(248, 1, 66, 71, '248', '2025-01-21 00:00:00', 'RABIA AMEEN - AMC-21032130', NULL, 308.32, 0.00, 0, 0, 0, NULL, 12257, '2025-01-21', NULL, NULL, 0, NULL, '[{\"ProductID\":\"425\",\"Product\":\"calamox 1gm tab | PS: 6.00 | Qty 290\",\"Name\":\"calamox 1gm tab | PS: 6.00 | Qty 290\",\"UnitePrice\":\"40.47\",\"Quantity\":\"6\",\"Total\":\"242.82\",\"AvailableQuantity\":\"290\",\"taxAmount\":\"0.00\",\"taxPercentage\":null,\"currentAvailableQuantity\":\"290\",\"dose_type\":\"BD\"},{\"ProductID\":\"379\",\"Product\":\"Artifen 50mg Tab | PS: 100.00 | Qty 530\",\"Name\":\"Artifen 50mg Tab | PS: 100.00 | Qty 530\",\"UnitePrice\":\"6.55\",\"Quantity\":\"10\",\"Total\":\"65.5\",\"AvailableQuantity\":\"530\",\"taxAmount\":\"0.00\",\"taxPercentage\":null,\"currentAvailableQuantity\":\"530\",\"dose_type\":\"BD\"}]', 1, 'Home'),
(249, 1, 65, 70, '249', '2025-01-21 00:00:00', 'ihsan ullah - AMC-21031425', NULL, 151.67, 0.00, 0, 0, 0, NULL, 12257, '2025-01-21', NULL, NULL, 0, NULL, '[{\"ProductID\":\"15\",\"Product\":\"DRIP SET SMD | PS: 100.00 | Qty 40\",\"Name\":\"DRIP SET SMD | PS: 100.00 | Qty 40\",\"UnitePrice\":\"25.00\",\"Quantity\":\"1\",\"Total\":\"25\",\"AvailableQuantity\":\"40\",\"taxAmount\":\"0.00\",\"taxPercentage\":\"0.00\",\"currentAvailableQuantity\":\"40\",\"dose_type\":\"-\"},{\"ProductID\":\"545\",\"Product\":\"STERICETAMOL | PS: 1.00 | Qty 100\",\"Name\":\"STERICETAMOL | PS: 1.00 | Qty 100\",\"UnitePrice\":\"100.00\",\"Quantity\":\"1\",\"Total\":\"100\",\"AvailableQuantity\":\"100\",\"taxAmount\":\"0.00\",\"taxPercentage\":null,\"currentAvailableQuantity\":\"100\",\"dose_type\":\"-\"},{\"ProductID\":\"272\",\"Product\":\"Neo Medical Tape (Surgical Tape) | PS: 12.00 | Qty 192\",\"Name\":\"Neo Medical Tape (Surgical Tape) | PS: 12.00 | Qty 192\",\"UnitePrice\":\"26.67\",\"Quantity\":\"1\",\"Total\":\"26.67\",\"AvailableQuantity\":\"192\",\"taxAmount\":\"0.00\",\"taxPercentage\":null,\"currentAvailableQuantity\":\"192\",\"dose_type\":\"-\"}]', 1, 'Ward'),
(250, 1, 65, 70, '250', '2025-01-21 00:00:00', 'ihsan ullah - AMC-21031425', NULL, 1878.34, 0.00, 0, 0, 0, NULL, 12257, '2025-01-21', NULL, NULL, 0, NULL, '[{\"ProductID\":\"101\",\"Product\":\"BUPIVACAINE sp | PS: 5.00 | Qty 15\",\"Name\":\"BUPIVACAINE sp | PS: 5.00 | Qty 15\",\"UnitePrice\":\"65.00\",\"Quantity\":\"2\",\"Total\":\"130\",\"AvailableQuantity\":\"15\",\"taxAmount\":\"0.00\",\"taxPercentage\":\"0.00\",\"currentAvailableQuantity\":\"15\",\"dose_type\":null},{\"ProductID\":\"311\",\"Product\":\"ODS 8mg inj | PS: 5.00 | Qty 15\",\"Name\":\"ODS 8mg inj | PS: 5.00 | Qty 15\",\"UnitePrice\":\"70.00\",\"Quantity\":\"1\",\"Total\":\"70\",\"AvailableQuantity\":\"15\",\"taxAmount\":\"0.00\",\"taxPercentage\":null,\"currentAvailableQuantity\":\"15\",\"dose_type\":null},{\"ProductID\":\"308\",\"Product\":\"DMX 4mg inj | PS: 25.00 | Qty 237\",\"Name\":\"DMX 4mg inj | PS: 25.00 | Qty 237\",\"UnitePrice\":\"7.60\",\"Quantity\":\"1\",\"Total\":\"7.6\",\"AvailableQuantity\":\"237\",\"taxAmount\":\"0.00\",\"taxPercentage\":null,\"currentAvailableQuantity\":\"237\",\"dose_type\":null},{\"ProductID\":\"416\",\"Product\":\"STERIFLUID RL1000ML | PS: 1.00 | Qty 65\",\"Name\":\"STERIFLUID RL1000ML | PS: 1.00 | Qty 65\",\"UnitePrice\":\"90.00\",\"Quantity\":\"2\",\"Total\":\"180\",\"AvailableQuantity\":\"65\",\"taxAmount\":\"0.00\",\"taxPercentage\":null,\"currentAvailableQuantity\":\"65\",\"dose_type\":null},{\"ProductID\":\"418\",\"Product\":\"STERIFLUID NS 1000ML | PS: 1.00 | Qty 37\",\"Name\":\"STERIFLUID NS 1000ML | PS: 1.00 | Qty 37\",\"UnitePrice\":\"90.00\",\"Quantity\":\"2\",\"Total\":\"180\",\"AvailableQuantity\":\"37\",\"taxAmount\":\"0.00\",\"taxPercentage\":null,\"currentAvailableQuantity\":\"37\",\"dose_type\":null},{\"ProductID\":\"276\",\"Product\":\"spinal Needle 25G | PS: 1.00 | Qty 39\",\"Name\":\"spinal Needle 25G | PS: 1.00 | Qty 39\",\"UnitePrice\":\"160.00\",\"Quantity\":\"2\",\"Total\":\"320\",\"AvailableQuantity\":\"39\",\"taxAmount\":\"0.00\",\"taxPercentage\":null,\"currentAvailableQuantity\":\"39\",\"dose_type\":null},{\"ProductID\":\"338\",\"Product\":\"PROLINE 2-0 RB | PS: 12.00 | Qty 10\",\"Name\":\"PROLINE 2-0 RB | PS: 12.00 | Qty 10\",\"UnitePrice\":\"291.67\",\"Quantity\":\"1\",\"Total\":\"291.67\",\"AvailableQuantity\":\"10\",\"taxAmount\":\"0.00\",\"taxPercentage\":null,\"currentAvailableQuantity\":\"10\",\"dose_type\":null},{\"ProductID\":\"92\",\"Product\":\"S.GLOVES 7.5 Next | PS: 1.00 | Qty 202\",\"Name\":\"S.GLOVES 7.5 Next | PS: 1.00 | Qty 202\",\"UnitePrice\":\"73.00\",\"Quantity\":\"3\",\"Total\":\"219\",\"AvailableQuantity\":\"202\",\"taxAmount\":\"0.00\",\"taxPercentage\":\"0.00\",\"currentAvailableQuantity\":\"202\",\"dose_type\":null},{\"ProductID\":\"93\",\"Product\":\"BLADE | PS: 20.00 | Qty 29\",\"Name\":\"BLADE | PS: 20.00 | Qty 29\",\"UnitePrice\":\"47.50\",\"Quantity\":\"2\",\"Total\":\"95\",\"AvailableQuantity\":\"29\",\"taxAmount\":\"0.00\",\"taxPercentage\":\"0.00\",\"currentAvailableQuantity\":\"29\",\"dose_type\":null},{\"ProductID\":\"14\",\"Product\":\"CARTILIED QHC | PS: 1.00 | Qty 14\",\"Name\":\"CARTILIED QHC | PS: 1.00 | Qty 14\",\"UnitePrice\":\"175.00\",\"Quantity\":\"1\",\"Total\":\"175\",\"AvailableQuantity\":\"14\",\"taxAmount\":\"0.00\",\"taxPercentage\":\"0.00\",\"currentAvailableQuantity\":\"14\",\"dose_type\":null},{\"ProductID\":\"447\",\"Product\":\"TRAMAFAC 50 MG\\/ML | PS: 5.00 | Qty 119\",\"Name\":\"TRAMAFAC 50 MG\\/ML | PS: 5.00 | Qty 119\",\"UnitePrice\":\"2.40\",\"Quantity\":\"1\",\"Total\":\"2.4\",\"AvailableQuantity\":\"119\",\"taxAmount\":\"0.00\",\"taxPercentage\":null,\"currentAvailableQuantity\":\"119\",\"dose_type\":null},{\"ProductID\":\"334\",\"Product\":\"Zindagi IV set Blister | PS: 60.00 | Qty 278\",\"Name\":\"Zindagi IV set Blister | PS: 60.00 | Qty 278\",\"UnitePrice\":\"22.00\",\"Quantity\":\"2\",\"Total\":\"44\",\"AvailableQuantity\":\"278\",\"taxAmount\":\"0.00\",\"taxPercentage\":null,\"currentAvailableQuantity\":\"278\",\"dose_type\":null},{\"ProductID\":\"326\",\"Product\":\"10cc zindagi Siring | PS: 100.00 | Qty 311\",\"Name\":\"10cc zindagi Siring | PS: 100.00 | Qty 311\",\"UnitePrice\":\"9.00\",\"Quantity\":\"3\",\"Total\":\"27\",\"AvailableQuantity\":\"311\",\"taxAmount\":\"0.00\",\"taxPercentage\":null,\"currentAvailableQuantity\":\"311\",\"dose_type\":null},{\"ProductID\":\"270\",\"Product\":\"Pakband guaze | PS: 10.00 | Qty 113\",\"Name\":\"Pakband guaze | PS: 10.00 | Qty 113\",\"UnitePrice\":\"41.00\",\"Quantity\":\"1\",\"Total\":\"41\",\"AvailableQuantity\":\"113\",\"taxAmount\":\"0.00\",\"taxPercentage\":null,\"currentAvailableQuantity\":\"113\",\"dose_type\":null},{\"ProductID\":\"271\",\"Product\":\"Pakbannd Laps Sponges | PS: 10.00 | Qty 80\",\"Name\":\"Pakbannd Laps Sponges | PS: 10.00 | Qty 80\",\"UnitePrice\":\"69.00\",\"Quantity\":\"1\",\"Total\":\"69\",\"AvailableQuantity\":\"80\",\"taxAmount\":\"0.00\",\"taxPercentage\":null,\"currentAvailableQuantity\":\"80\",\"dose_type\":null},{\"ProductID\":\"272\",\"Product\":\"Neo Medical Tape (Surgical Tape) | PS: 12.00 | Qty 191\",\"Name\":\"Neo Medical Tape (Surgical Tape) | PS: 12.00 | Qty 191\",\"UnitePrice\":\"26.67\",\"Quantity\":\"1\",\"Total\":\"26.67\",\"AvailableQuantity\":\"191\",\"taxAmount\":\"0.00\",\"taxPercentage\":null,\"currentAvailableQuantity\":\"191\",\"dose_type\":null}]', 1, 'OT'),
(251, 1, 65, 70, '251', '2025-01-21 00:00:00', 'ihsan ullah - AMC-21031425', NULL, 385.73, 0.00, 0, 0, 0, NULL, 12257, '2025-01-21', NULL, NULL, 0, NULL, '[{\"ProductID\":\"28\",\"Product\":\"CALAMOX 1.2Gm Inj | PS: 1.00 | Qty 38\",\"Name\":\"CALAMOX 1.2Gm Inj | PS: 1.00 | Qty 38\",\"UnitePrice\":\"246.53\",\"Quantity\":\"1\",\"Total\":\"246.53\",\"AvailableQuantity\":\"38\",\"taxAmount\":\"0.00\",\"taxPercentage\":\"0.00\",\"currentAvailableQuantity\":\"38\",\"dose_type\":\"TDS\"},{\"ProductID\":\"367\",\"Product\":\"Toraject 30mg inj | PS: 5.00 | Qty 12\",\"Name\":\"Toraject 30mg inj | PS: 5.00 | Qty 12\",\"UnitePrice\":\"80.20\",\"Quantity\":\"1\",\"Total\":\"80.2\",\"AvailableQuantity\":\"12\",\"taxAmount\":\"0.00\",\"taxPercentage\":null,\"currentAvailableQuantity\":\"12\",\"dose_type\":\"TDS\"},{\"ProductID\":\"422\",\"Product\":\"Sterifluid-5 100ML | PS: 1.00 | Qty 48\",\"Name\":\"Sterifluid-5 100ML | PS: 1.00 | Qty 48\",\"UnitePrice\":\"50.00\",\"Quantity\":\"1\",\"Total\":\"50\",\"AvailableQuantity\":\"48\",\"taxAmount\":\"0.00\",\"taxPercentage\":null,\"currentAvailableQuantity\":\"48\",\"dose_type\":\"-\"},{\"ProductID\":\"326\",\"Product\":\"10cc zindagi Siring | PS: 100.00 | Qty 308\",\"Name\":\"10cc zindagi Siring | PS: 100.00 | Qty 308\",\"UnitePrice\":\"9.00\",\"Quantity\":\"1\",\"Total\":\"9\",\"AvailableQuantity\":\"308\",\"taxAmount\":\"0.00\",\"taxPercentage\":null,\"currentAvailableQuantity\":\"308\",\"dose_type\":\"-\"}]', 1, 'Ward');

-- --------------------------------------------------------

--
-- Table structure for table `saleman_details`
--

DROP TABLE IF EXISTS `saleman_details`;
CREATE TABLE IF NOT EXISTS `saleman_details` (
  `SMDID` int NOT NULL AUTO_INCREMENT,
  `SMID` int DEFAULT NULL,
  `ProductID` int DEFAULT NULL,
  `DamageID` int DEFAULT NULL,
  `Quantity` int DEFAULT NULL,
  `SMReturn` int DEFAULT NULL,
  `Remaining` int DEFAULT NULL,
  `Sold` int DEFAULT NULL,
  `Status` int DEFAULT '1',
  `PDate` date DEFAULT NULL,
  PRIMARY KEY (`SMDID`)
) ENGINE=InnoDB DEFAULT CHARSET=latin1;

-- --------------------------------------------------------

--
-- Table structure for table `sale_details`
--

DROP TABLE IF EXISTS `sale_details`;
CREATE TABLE IF NOT EXISTS `sale_details` (
  `SDID` int NOT NULL AUTO_INCREMENT,
  `ProductID` int DEFAULT NULL,
  `SaleID` int DEFAULT NULL,
  `Quantity` int DEFAULT NULL,
  `UnitePrice` decimal(10,2) DEFAULT NULL,
  `taxPercentage` decimal(10,2) DEFAULT NULL,
  `taxAmount` decimal(10,2) DEFAULT NULL,
  `PurchasePrice` decimal(10,2) DEFAULT NULL,
  `ReturnQuantity` int DEFAULT '0',
  `GDID` int DEFAULT '0',
  `patient_id` bigint DEFAULT NULL,
  `admission_id` bigint DEFAULT NULL,
  `return_by` int DEFAULT NULL,
  `dose_type` varchar(255) DEFAULT NULL,
  PRIMARY KEY (`SDID`),
  KEY `ProductID` (`ProductID`),
  KEY `SaleID` (`SaleID`),
  KEY `GDID` (`GDID`)
) ENGINE=InnoDB AUTO_INCREMENT=1211 DEFAULT CHARSET=utf8mb3;

--
-- Dumping data for table `sale_details`
--

INSERT INTO `sale_details` (`SDID`, `ProductID`, `SaleID`, `Quantity`, `UnitePrice`, `taxPercentage`, `taxAmount`, `PurchasePrice`, `ReturnQuantity`, `GDID`, `patient_id`, `admission_id`, `return_by`, `dose_type`) VALUES
(1, 3, 1, 1, 280.00, 0.00, 0.00, 280.00, 0, 45, 9, 9, NULL, NULL),
(2, 405, 1, 1, 40.00, NULL, 0.00, 38.00, 0, 93, 9, 9, NULL, NULL),
(3, 2, 1, 2, 200.00, 0.00, 0.00, 200.00, 1, 46, 9, 9, 2, NULL),
(4, 409, 1, 1, 35.00, NULL, 0.00, 35.00, 0, 95, 9, 9, NULL, NULL),
(5, 5, 1, 1, 36.00, 0.00, 0.00, 36.00, 1, 56, 9, 9, 2, NULL),
(6, 165, 1, 1, 44.00, 0.00, 0.00, 53.00, 1, 101, 9, 9, 2, NULL),
(7, 368, 1, 1, 33.00, NULL, 0.00, 33.00, 0, 133, 9, 9, NULL, NULL),
(8, 367, 1, 1, 80.20, NULL, 0.00, 80.20, 0, 132, 9, 9, NULL, NULL),
(9, 4, 1, 1, 4.50, 0.00, 0.00, 4.50, 0, 54, 9, 9, NULL, NULL),
(10, 300, 1, 1, 140.00, NULL, 0.00, 140.00, 1, 10, 9, 9, 2, NULL),
(11, 416, 1, 1, 90.00, NULL, 0.00, 90.00, 1, 105, 9, 9, 2, NULL),
(12, 418, 1, 1, 90.00, NULL, 0.00, 90.00, 0, 107, 9, 9, NULL, NULL),
(13, 15, 1, 2, 25.00, 0.00, 0.00, 25.00, 1, 44, 9, 9, 2, NULL),
(14, 116, 1, 1, 291.67, 0.00, 0.00, 291.67, 1, 84, 9, 9, 2, NULL),
(15, 270, 1, 2, 41.00, NULL, 0.00, 41.00, 1, 41, 9, 9, 2, NULL),
(16, 271, 1, 3, 69.00, NULL, 0.00, 69.00, 2, 42, 9, 9, 2, NULL),
(17, 93, 1, 2, 47.50, 0.00, 0.00, 47.50, 0, 43, 9, 9, NULL, NULL),
(18, 92, 1, 3, 73.00, 0.00, 0.00, 73.00, 1, 75, 9, 9, 2, NULL),
(19, 263, 1, 1, 160.00, 0.00, 0.00, 160.00, 0, 51, 9, 9, NULL, NULL),
(20, 19, 1, 1, 225.00, 0.00, 0.00, 225.00, 0, 57, 9, 9, NULL, NULL),
(21, 156, 1, 1, 82.00, 0.00, 0.00, 82.00, 1, 79, 9, 9, 2, NULL),
(22, 272, 1, 1, 26.67, NULL, 0.00, 26.67, 0, 48, 9, 9, NULL, NULL),
(23, 14, 1, 1, 175.00, 0.00, 0.00, 175.00, 0, 97, 9, 9, NULL, NULL),
(24, 326, 1, 3, 9.00, NULL, 0.00, 9.00, 1, 36, 9, 9, 2, NULL),
(25, 331, 1, 5, 5.70, NULL, 0.00, 5.70, 2, 59, 9, 9, 2, NULL),
(26, 328, 1, 1, 22.00, NULL, 0.00, 22.00, 0, 39, 9, 9, NULL, NULL),
(27, 307, 1, 1, 8.20, NULL, 0.00, 8.20, 0, 17, 9, 9, NULL, NULL),
(28, 308, 1, 1, 7.60, NULL, 0.00, 7.60, 0, 18, 9, 9, NULL, NULL),
(29, 112, 2, 3, 275.00, 0.00, 0.00, 275.00, 3, 83, 9, 9, 2, NULL),
(30, 98, 2, 2, 275.00, 0.00, 0.00, 275.00, 2, 82, 9, 9, 2, NULL),
(31, 415, 3, 1, 70.00, NULL, 0.00, 70.00, 1, 104, 9, 9, 2, NULL),
(32, 312, 3, 1, 115.00, NULL, 0.00, 115.00, 0, 22, 9, 9, NULL, NULL),
(33, 301, 3, 1, 160.00, NULL, 0.00, 160.00, 0, 12, 9, 9, NULL, NULL),
(34, 15, 3, 1, 25.00, 0.00, 0.00, 25.00, 0, 44, 9, 9, NULL, NULL),
(35, 326, 3, 1, 9.00, NULL, 0.00, 9.00, 0, 36, 9, 9, NULL, NULL),
(36, 306, 4, 1, 95.00, NULL, 0.00, 95.00, 1, 16, 9, 9, 2, NULL),
(37, 264, 4, 2, 122.00, 0.00, 0.00, 122.00, 1, 186, 9, 9, 2, NULL),
(38, 3, 5, 1, 280.00, 0.00, 0.00, 280.00, 0, 45, 8, 8, NULL, NULL),
(39, 405, 5, 1, 40.00, NULL, 0.00, 38.00, 0, 93, 8, 8, NULL, NULL),
(40, 2, 5, 2, 200.00, 0.00, 0.00, 200.00, 1, 46, 8, 8, 2, NULL),
(41, 409, 5, 1, 35.00, NULL, 0.00, 35.00, 0, 95, 8, 8, NULL, NULL),
(42, 5, 5, 1, 36.00, 0.00, 0.00, 36.00, 0, 56, 8, 8, NULL, NULL),
(43, 307, 5, 1, 8.20, NULL, 0.00, 8.20, 1, 17, 8, 8, 2, NULL),
(44, 165, 5, 1, 44.00, 0.00, 0.00, 53.00, 1, 101, 8, 8, 2, NULL),
(45, 368, 5, 1, 33.00, NULL, 0.00, 33.00, 0, 133, 8, 8, NULL, NULL),
(46, 367, 5, 1, 80.20, NULL, 0.00, 80.20, 1, 132, 8, 8, 2, NULL),
(47, 4, 5, 1, 4.50, 0.00, 0.00, 4.50, 0, 54, 8, 8, NULL, NULL),
(48, 290, 5, 1, 7.50, NULL, 0.00, 7.50, 1, 55, 8, 8, 2, NULL),
(49, 300, 5, 1, 140.00, NULL, 0.00, 140.00, 1, 10, 8, 8, 2, NULL),
(50, 308, 5, 1, 7.60, NULL, 0.00, 7.60, 0, 18, 8, 8, NULL, NULL),
(51, 416, 5, 2, 90.00, NULL, 0.00, 90.00, 1, 105, 8, 8, 2, NULL),
(52, 418, 5, 1, 90.00, NULL, 0.00, 90.00, 0, 107, 8, 8, NULL, NULL),
(53, 15, 5, 2, 25.00, 0.00, 0.00, 25.00, 1, 44, 8, 8, 2, NULL),
(54, 112, 5, 2, 275.00, 0.00, 0.00, 275.00, 0, 83, 8, 8, NULL, NULL),
(55, 98, 5, 1, 275.00, 0.00, 0.00, 275.00, 1, 82, 8, 8, 2, NULL),
(56, 338, 5, 1, 291.67, NULL, 0.00, 291.67, 0, 86, 8, 8, NULL, NULL),
(57, 270, 5, 2, 41.00, NULL, 0.00, 41.00, 0, 41, 8, 8, NULL, NULL),
(58, 271, 5, 3, 69.00, NULL, 0.00, 69.00, 0, 42, 8, 8, NULL, NULL),
(59, 93, 5, 2, 47.50, 0.00, 0.00, 47.50, 1, 43, 8, 8, 2, NULL),
(60, 404, 5, 3, 130.00, NULL, 0.00, 130.00, 0, 168, 8, 8, NULL, NULL),
(61, 263, 5, 1, 160.00, 0.00, 0.00, 160.00, 0, 51, 8, 8, NULL, NULL),
(62, 19, 5, 1, 225.00, 0.00, 0.00, 225.00, 0, 57, 8, 8, NULL, NULL),
(63, 156, 5, 1, 82.00, 0.00, 0.00, 82.00, 1, 79, 8, 8, 2, NULL),
(64, 272, 5, 1, 26.67, NULL, 0.00, 26.67, 0, 48, 8, 8, NULL, NULL),
(65, 264, 5, 1, 122.00, 0.00, 0.00, 122.00, 0, 186, 8, 8, NULL, NULL),
(66, 402, 5, 1, 190.00, NULL, 0.00, 190.00, 0, 166, 8, 8, NULL, NULL),
(67, 326, 5, 3, 9.00, NULL, 0.00, 9.00, 1, 36, 8, 8, 2, NULL),
(68, 327, 5, 5, 12.00, NULL, 0.00, 12.00, 1, 38, 8, 8, 2, NULL),
(69, 328, 5, 1, 22.00, NULL, 0.00, 22.00, 0, 39, 8, 8, NULL, NULL),
(70, 435, 6, 2, 62.00, NULL, 0.00, 62.00, 1, 194, 9, 9, 2, NULL),
(71, 434, 6, 4, 180.00, NULL, 0.00, 180.00, 2, 193, 9, 9, 2, NULL),
(72, 421, 7, 1, 148.75, NULL, 0.00, 148.75, 0, 176, 6, 6, NULL, NULL),
(73, 302, 7, 1, 225.00, NULL, 0.00, 225.00, 0, 11, 6, 6, NULL, NULL),
(74, 311, 7, 1, 70.00, NULL, 0.00, 70.00, 0, 21, 6, 6, NULL, NULL),
(75, 326, 7, 1, 9.00, NULL, 0.00, 9.00, 0, 36, 6, 6, NULL, NULL),
(76, 270, 8, 2, 41.00, NULL, 0.00, 41.00, 2, 41, 7, 7, 12257, NULL),
(77, 271, 8, 2, 69.00, NULL, 0.00, 69.00, 2, 42, 7, 7, 12257, NULL),
(78, 274, 8, 10, 6.60, NULL, 0.00, 6.60, 10, 52, 7, 7, 12257, NULL),
(79, 416, 8, 1, 90.00, NULL, 0.00, 90.00, 1, 105, 7, 7, 12257, NULL),
(80, 158, 8, 1, 82.00, 0.00, 0.00, 82.00, 0, 77, 7, 7, NULL, NULL),
(81, 272, 8, 1, 26.67, NULL, 0.00, 26.67, 0, 48, 7, 7, NULL, NULL),
(82, 112, 8, 1, 275.00, 0.00, 0.00, 275.00, 1, 83, 7, 7, 12257, NULL),
(83, 401, 8, 1, 90.00, NULL, 0.00, 85.00, 1, 96, 7, 7, 12257, NULL),
(84, 410, 8, 3, 75.00, NULL, 0.00, 75.00, 3, 98, 7, 7, 12257, NULL),
(85, 433, 8, 2, 18.00, NULL, 0.00, 18.00, 2, 188, 7, 7, 12257, NULL),
(86, 436, 8, 2, 38.00, NULL, 0.00, 38.00, 1, 189, 7, 7, 12257, NULL),
(87, 273, 8, 1, 41.00, NULL, 0.00, 41.00, 1, 50, 7, 7, 12257, NULL),
(88, 279, 8, 15, 16.33, NULL, 0.00, 16.33, 15, 62, 7, 7, 12257, NULL),
(89, 239, 8, 5, 16.44, 0.00, 0.00, 16.44, 5, 191, 7, 7, 12257, NULL),
(90, 15, 8, 1, 25.00, 0.00, 0.00, 25.00, 1, 44, 7, 7, 12257, NULL),
(91, 326, 8, 2, 9.00, NULL, 0.00, 9.00, 2, 36, 7, 7, 12257, NULL),
(92, 327, 8, 3, 12.00, NULL, 0.00, 12.00, 3, 38, 7, 7, 12257, NULL),
(93, 257, 8, 1, 43.00, 0.00, 0.00, 43.00, 1, 74, 7, 7, 12257, NULL),
(94, 411, 8, 2, 48.00, NULL, 0.00, 48.00, 2, 100, 7, 7, 12257, NULL),
(95, 275, 8, 1, 191.67, NULL, 0.00, 191.67, 1, 80, 7, 7, 12257, NULL),
(96, 19, 8, 1, 225.00, 0.00, 0.00, 225.00, 1, 57, 7, 7, 12257, NULL),
(97, 263, 8, 1, 160.00, 0.00, 0.00, 160.00, 1, 51, 7, 7, 12257, NULL),
(98, 421, 8, 1, 148.75, NULL, 0.00, 148.75, 1, 176, 7, 7, 12257, NULL),
(99, 348, 9, 1, 382.00, NULL, 0.00, 382.00, 0, 114, 8, 8, NULL, NULL),
(100, 297, 10, 1, 147.00, NULL, 0.00, 147.00, 0, 7, 8, 8, NULL, NULL),
(101, 326, 10, 1, 9.00, NULL, 0.00, 9.00, 0, 36, 8, 8, NULL, NULL),
(102, 365, 10, 1, 140.00, NULL, 0.00, 140.00, 0, 130, 8, 8, NULL, NULL),
(103, 444, 11, 1, 90.00, NULL, 0.00, 90.00, 0, 195, 8, 8, NULL, NULL),
(104, 365, 12, 1, 140.00, NULL, 0.00, 140.00, 0, 130, 6, 6, NULL, NULL),
(105, 423, 12, 1, 62.27, NULL, 0.00, 62.27, 1, 177, 6, 6, 12257, NULL),
(106, 422, 13, 1, 50.00, NULL, 0.00, 50.00, 0, 196, 6, 6, NULL, NULL),
(107, 307, 14, 1, 8.20, NULL, 0.00, 8.20, 0, 17, 6, 6, NULL, NULL),
(108, 445, 15, 1, 55.00, NULL, 0.00, 55.00, 1, 198, 7, 7, 12257, NULL),
(109, 114, 15, 1, 18.00, 0.00, 0.00, 18.00, 1, 197, 7, 7, 12257, NULL),
(110, 446, 15, 1, 1019.15, NULL, 0.00, 1019.15, 0, 199, 7, 7, NULL, NULL),
(111, 397, 16, 1, 56.67, NULL, 0.00, 56.67, 0, 162, 7, 7, NULL, NULL),
(112, 326, 16, 1, 9.00, NULL, 0.00, 9.00, 0, 36, 7, 7, NULL, NULL),
(113, 348, 17, 1, 382.00, NULL, 0.00, 382.00, 0, 114, 8, 8, NULL, NULL),
(114, 365, 18, 1, 140.00, NULL, 0.00, 140.00, 0, 130, 8, 8, NULL, NULL),
(115, 311, 18, 1, 70.00, NULL, 0.00, 70.00, 0, 21, 8, 8, NULL, NULL),
(116, 297, 18, 1, 147.00, NULL, 0.00, 147.00, 0, 7, 8, 8, NULL, NULL),
(117, 326, 19, 1, 9.00, NULL, 0.00, 9.00, 0, 36, 8, 8, NULL, NULL),
(118, 422, 20, 1, 50.00, NULL, 0.00, 50.00, 0, 196, 8, 8, NULL, NULL),
(119, 15, 20, 1, 25.00, 0.00, 0.00, 25.00, 0, 44, 8, 8, NULL, NULL),
(120, 302, 21, 2, 225.00, NULL, 0.00, 225.00, 0, 11, 6, 6, NULL, NULL),
(121, 422, 21, 2, 50.00, NULL, 0.00, 50.00, 0, 196, 6, 6, NULL, NULL),
(122, 157, 22, 1, 82.00, 0.00, 0.00, 82.00, 0, 78, 8, 8, NULL, NULL),
(123, 375, 23, 1, 90.00, NULL, 0.00, 90.00, 0, 143, 9, 9, NULL, NULL),
(124, 421, 24, 1, 148.75, NULL, 0.00, 148.75, 0, 176, 10, 10, NULL, NULL),
(125, 257, 24, 1, 43.00, 0.00, 0.00, 43.00, 0, 74, 10, 10, NULL, NULL),
(126, 414, 24, 1, 90.00, NULL, 0.00, 90.00, 0, 103, 10, 10, NULL, NULL),
(127, 157, 24, 1, 82.00, 0.00, 0.00, 82.00, 0, 78, 10, 10, NULL, NULL),
(128, 272, 24, 1, 26.00, NULL, 0.00, 26.67, 0, 48, 10, 10, NULL, NULL),
(129, 326, 24, 1, 9.00, NULL, 0.00, 9.00, 0, 36, 10, 10, NULL, NULL),
(130, 326, 25, 1, 9.00, NULL, 0.00, 9.00, 0, 36, 10, 10, NULL, NULL),
(131, 308, 25, 1, 7.60, NULL, 0.00, 7.60, 0, 18, 10, 10, NULL, NULL),
(132, 101, 26, 1, 65.00, 0.00, 0.00, 65.00, 0, 47, 10, 10, NULL, NULL),
(133, 311, 26, 1, 70.00, NULL, 0.00, 70.00, 0, 21, 10, 10, NULL, NULL),
(134, 308, 26, 1, 7.60, NULL, 0.00, 7.60, 0, 18, 10, 10, NULL, NULL),
(135, 276, 26, 1, 160.00, NULL, 0.00, 160.00, 0, 58, 10, 10, NULL, NULL),
(136, 92, 26, 3, 73.00, 0.00, 0.00, 73.00, 0, 75, 10, 10, NULL, NULL),
(137, 14, 26, 1, 175.00, 0.00, 0.00, 175.00, 0, 97, 10, 10, NULL, NULL),
(138, 93, 26, 1, 47.50, 0.00, 0.00, 47.50, 0, 43, 10, 10, NULL, NULL),
(139, 272, 26, 1, 26.67, NULL, 0.00, 26.67, 0, 48, 10, 10, NULL, NULL),
(140, 19, 26, 1, 225.00, 0.00, 0.00, 225.00, 0, 57, 10, 10, NULL, NULL),
(141, 326, 26, 2, 9.00, NULL, 0.00, 9.00, 0, 36, 10, 10, NULL, NULL),
(142, 270, 26, 2, 41.00, NULL, 0.00, 41.00, 0, 41, 10, 10, NULL, NULL),
(143, 271, 26, 1, 69.00, NULL, 0.00, 69.00, 0, 42, 10, 10, NULL, NULL),
(144, 435, 26, 1, 62.00, NULL, 0.00, 62.00, 0, 194, 10, 10, NULL, NULL),
(145, 302, 27, 1, 225.00, NULL, 0.00, 225.00, 0, 11, 10, 10, NULL, NULL),
(146, 367, 27, 1, 80.20, NULL, 0.00, 80.20, 0, 132, 10, 10, NULL, NULL),
(147, 15, 27, 1, 25.00, 0.00, 0.00, 25.00, 0, 44, 10, 10, NULL, NULL),
(148, 326, 27, 1, 9.00, NULL, 0.00, 9.00, 0, 36, 10, 10, NULL, NULL),
(149, 311, 27, 1, 70.00, NULL, 0.00, 70.00, 0, 21, 10, 10, NULL, NULL),
(150, 414, 27, 1, 90.00, NULL, 0.00, 90.00, 0, 103, 10, 10, NULL, NULL),
(151, 306, 27, 1, 95.00, NULL, 0.00, 95.00, 0, 16, 10, 10, NULL, NULL),
(152, 307, 28, 25, 8.20, NULL, 0.00, 8.20, 0, 17, 11, 11, NULL, NULL),
(153, 367, 29, 1, 80.20, NULL, 0.00, 80.20, 0, 132, 10, 10, NULL, NULL),
(154, 311, 29, 1, 70.00, NULL, 0.00, 70.00, 0, 21, 10, 10, NULL, NULL),
(155, 326, 29, 1, 9.00, NULL, 0.00, 9.00, 0, 36, 10, 10, NULL, NULL),
(156, 306, 29, 1, 95.00, NULL, 0.00, 95.00, 0, 16, 10, 10, NULL, NULL),
(157, 15, 29, 1, 25.00, 0.00, 0.00, 25.00, 0, 44, 10, 10, NULL, NULL),
(158, 368, 30, 1, 33.00, NULL, 0.00, 33.00, 0, 133, 10, 10, NULL, NULL),
(159, 307, 30, 1, 8.20, NULL, 0.00, 8.20, 0, 17, 10, 10, NULL, NULL),
(160, 422, 30, 1, 50.00, NULL, 0.00, 50.00, 0, 196, 10, 10, NULL, NULL),
(161, 415, 31, 1, 70.00, NULL, 0.00, 70.00, 0, 104, 10, 10, NULL, 'OD'),
(162, 365, 31, 1, 140.00, NULL, 0.00, 140.00, 0, 130, 10, 10, NULL, 'OD'),
(163, 302, 31, 1, 225.00, NULL, 0.00, 225.00, 0, 11, 10, 10, NULL, 'OD'),
(164, 157, 32, 1, 82.00, 0.00, 0.00, 82.00, 1, 78, 12, 12, 12257, '-'),
(165, 272, 32, 1, 26.67, NULL, 0.00, 26.67, 0, 48, 12, 12, NULL, '-'),
(166, 458, 33, 1, 155.55, NULL, 0.00, 155.55, 0, 228, 10, 10, NULL, 'BD'),
(167, 457, 33, 1, 382.50, NULL, 0.00, 382.50, 0, 227, 10, 10, NULL, 'TDS'),
(168, 397, 34, 1, 56.67, NULL, 0.00, 56.67, 0, 162, 13, 13, NULL, 'OD'),
(169, 415, 34, 1, 70.00, NULL, 0.00, 70.00, 0, 104, 13, 13, NULL, '-'),
(170, 15, 34, 1, 25.00, 0.00, 0.00, 25.00, 0, 44, 13, 13, NULL, '-'),
(171, 326, 34, 1, 9.00, NULL, 0.00, 9.00, 0, 36, 13, 13, NULL, '-'),
(172, 158, 34, 1, 82.00, 0.00, 0.00, 82.00, 0, 77, 13, 13, NULL, '-'),
(173, 272, 34, 1, 26.67, NULL, 0.00, 26.67, 0, 48, 13, 13, NULL, '-'),
(174, 397, 35, 1, 56.67, NULL, 0.00, 56.67, 0, 162, 13, 13, NULL, '-'),
(175, 3, 36, 1, 280.00, NULL, 0.00, 280.00, 0, 45, 12, 12, NULL, NULL),
(176, 405, 36, 1, 40.00, NULL, 0.00, 38.00, 0, 93, 12, 12, NULL, NULL),
(177, 2, 36, 2, 200.00, NULL, 0.00, 200.00, 0, 46, 12, 12, NULL, NULL),
(178, 4, 36, 1, 4.50, NULL, 0.00, 4.50, 0, 54, 12, 12, NULL, NULL),
(179, 300, 36, 1, 140.00, NULL, 0.00, 140.00, 0, 10, 12, 12, NULL, NULL),
(180, 416, 36, 2, 90.00, NULL, 0.00, 90.00, 1, 105, 12, 12, 12257, NULL),
(181, 112, 36, 2, 275.00, NULL, 0.00, 275.00, 2, 83, 12, 12, 12257, NULL),
(182, 98, 36, 1, 275.00, NULL, 0.00, 275.00, 0, 82, 12, 12, NULL, NULL),
(183, 116, 36, 1, 291.67, NULL, 0.00, 291.67, 1, 84, 12, 12, 12257, NULL),
(184, 270, 36, 4, 41.00, NULL, 0.00, 41.00, 1, 41, 12, 12, 12257, NULL),
(185, 271, 36, 4, 69.00, NULL, 0.00, 69.00, 0, 42, 12, 12, NULL, NULL),
(186, 92, 36, 4, 73.00, NULL, 0.00, 73.00, 0, 75, 12, 12, NULL, NULL),
(187, 19, 36, 1, 225.00, NULL, 0.00, 225.00, 0, 57, 12, 12, NULL, NULL),
(188, 272, 36, 1, 26.67, NULL, 0.00, 26.67, 0, 48, 12, 12, NULL, NULL),
(189, 264, 36, 1, 122.00, NULL, 0.00, 122.00, 0, 186, 12, 12, NULL, NULL),
(190, 326, 36, 5, 9.00, NULL, 0.00, 9.00, 2, 36, 12, 12, 12257, NULL),
(191, 327, 36, 5, 12.00, NULL, 0.00, 12.00, 2, 38, 12, 12, 12257, NULL),
(192, 328, 36, 2, 22.00, NULL, 0.00, 22.00, 1, 39, 12, 12, 12257, NULL),
(193, 409, 36, 2, 35.00, NULL, 0.00, 35.00, 0, 95, 12, 12, NULL, NULL),
(194, 5, 36, 1, 36.00, NULL, 0.00, 36.00, 0, 56, 12, 12, NULL, NULL),
(195, 165, 36, 1, 44.00, NULL, 0.00, 53.00, 1, 101, 12, 12, 12257, NULL),
(196, 418, 36, 1, 90.00, NULL, 0.00, 90.00, 1, 107, 12, 12, 12257, NULL),
(197, 434, 36, 2, 180.00, NULL, 0.00, 180.00, 2, 193, 12, 12, 12257, NULL),
(198, 462, 36, 1, 170.00, NULL, 0.00, 170.00, 1, 256, 12, 12, 12257, NULL),
(199, 307, 36, 1, 8.20, NULL, 0.00, 8.20, 1, 17, 12, 12, 12257, NULL),
(200, 368, 36, 1, 33.00, NULL, 0.00, 33.00, 1, 133, 12, 12, 12257, NULL),
(201, 290, 36, 1, 7.50, NULL, 0.00, 7.50, 1, 55, 12, 12, 12257, NULL),
(202, 308, 36, 1, 7.60, NULL, 0.00, 7.60, 0, 18, 12, 12, NULL, NULL),
(203, 15, 36, 2, 25.00, NULL, 0.00, 25.00, 1, 44, 12, 12, 12257, NULL),
(204, 93, 36, 1, 47.50, NULL, 0.00, 47.50, 0, 43, 12, 12, NULL, NULL),
(205, 263, 36, 1, 160.00, NULL, 0.00, 160.00, 1, 51, 12, 12, 12257, NULL),
(206, 158, 36, 1, 82.00, NULL, 0.00, 82.00, 0, 77, 12, 12, NULL, NULL),
(207, 14, 36, 1, 175.00, NULL, 0.00, 175.00, 1, 97, 12, 12, 12257, NULL),
(208, 367, 36, 1, 80.20, NULL, 0.00, 80.20, 0, 132, 12, 12, NULL, NULL),
(209, 461, 36, 2, 75.00, NULL, 0.00, 75.00, 1, 257, 12, 12, 12257, NULL),
(210, 348, 37, 1, 382.00, NULL, 0.00, 382.00, 0, 114, 12, 12, NULL, '-'),
(211, 367, 37, 1, 80.20, NULL, 0.00, 80.20, 0, 132, 12, 12, NULL, '-'),
(212, 416, 37, 1, 90.00, NULL, 0.00, 90.00, 0, 105, 12, 12, NULL, '-'),
(213, 326, 37, 1, 9.00, NULL, 0.00, 9.00, 0, 36, 12, 12, NULL, '-'),
(214, 334, 37, 1, 22.00, NULL, 0.00, 22.00, 0, 37, 12, 12, NULL, '-'),
(215, 397, 38, 1, 56.67, NULL, 0.00, 56.67, 0, 162, 13, 13, NULL, NULL),
(216, 316, 39, 2, 40.00, NULL, 0.00, 40.00, 0, 26, 13, 13, NULL, NULL),
(217, 415, 39, 1, 70.00, NULL, 0.00, 70.00, 0, 104, 13, 13, NULL, NULL),
(218, 273, 39, 1, 41.00, NULL, 0.00, 41.00, 0, 50, 13, 13, NULL, NULL),
(219, 308, 40, 1, 7.60, NULL, 0.00, 7.60, 0, 18, 13, 13, NULL, 'HS'),
(220, 274, 41, 10, 6.60, NULL, 0.00, 6.60, 0, 52, 13, 13, NULL, NULL),
(221, 416, 41, 1, 90.00, NULL, 0.00, 90.00, 0, 105, 13, 13, NULL, NULL),
(222, 157, 41, 1, 82.00, NULL, 0.00, 82.00, 0, 78, 13, 13, NULL, NULL),
(223, 272, 41, 1, 26.67, NULL, 0.00, 26.67, 0, 48, 13, 13, NULL, NULL),
(224, 271, 41, 2, 69.00, NULL, 0.00, 69.00, 0, 42, 13, 13, NULL, NULL),
(225, 270, 41, 2, 41.00, NULL, 0.00, 41.00, 1, 41, 13, 13, 12257, NULL),
(226, 433, 41, 2, 18.00, NULL, 0.00, 18.00, 1, 188, 13, 13, 12257, NULL),
(227, 436, 41, 1, 38.00, NULL, 0.00, 38.00, 0, 189, 13, 13, NULL, NULL),
(228, 273, 41, 1, 41.00, NULL, 0.00, 41.00, 0, 50, 13, 13, NULL, NULL),
(229, 279, 41, 15, 16.33, NULL, 0.00, 16.33, 0, 62, 13, 13, NULL, NULL),
(230, 448, 41, 5, 1.40, NULL, 0.00, 1.40, 0, 211, 13, 13, NULL, NULL),
(231, 334, 41, 1, 22.00, NULL, 0.00, 22.00, 0, 37, 13, 13, NULL, NULL),
(232, 326, 41, 2, 9.00, NULL, 0.00, 9.00, 0, 36, 13, 13, NULL, NULL),
(233, 327, 41, 3, 12.00, NULL, 0.00, 12.00, 1, 38, 13, 13, 12257, NULL),
(234, 257, 41, 1, 43.00, NULL, 0.00, 43.00, 1, 74, 13, 13, 12257, NULL),
(235, 411, 41, 2, 48.00, NULL, 0.00, 48.00, 0, 100, 13, 13, NULL, NULL),
(236, 439, 41, 1, 5.53, NULL, 0.00, 5.53, 0, 192, 13, 13, NULL, NULL),
(237, 19, 41, 1, 225.00, NULL, 0.00, 225.00, 0, 57, 13, 13, NULL, NULL),
(238, 263, 41, 1, 160.00, NULL, 0.00, 160.00, 1, 51, 13, 13, 12257, NULL),
(239, 445, 41, 1, 55.00, NULL, 0.00, 55.00, 1, 198, 13, 13, 12257, NULL),
(240, 421, 41, 1, 148.75, NULL, 0.00, 148.75, 0, 176, 13, 13, NULL, NULL),
(241, 112, 41, 1, 275.00, NULL, 0.00, 275.00, 0, 83, 13, 13, NULL, NULL),
(242, 92, 41, 3, 73.00, NULL, 0.00, 73.00, 2, 75, 13, 13, 12257, NULL),
(243, 401, 41, 1, 90.00, NULL, 0.00, 85.00, 1, 96, 13, 13, 12257, NULL),
(244, 275, 41, 1, 191.67, NULL, 0.00, 191.67, 1, 80, 13, 13, 12257, NULL),
(245, 348, 42, 1, 382.00, NULL, 0.00, 382.00, 0, 114, 12, 12, NULL, 'BD'),
(246, 422, 42, 1, 50.00, NULL, 0.00, 50.00, 0, 196, 12, 12, NULL, 'BD'),
(247, 15, 42, 1, 25.00, 0.00, 0.00, 25.00, 0, 44, 12, 12, NULL, 'BD'),
(248, 326, 42, 1, 9.00, NULL, 0.00, 9.00, 0, 36, 12, 12, NULL, 'BD'),
(249, 367, 42, 1, 80.20, NULL, 0.00, 80.20, 0, 132, 12, 12, NULL, 'BD'),
(250, 476, 43, 1, 125.31, NULL, 0.00, 125.31, 0, 262, 13, 13, NULL, 'OD'),
(251, 429, 44, 10, 31.98, NULL, 0.00, 31.98, 0, 184, 13, 13, NULL, 'BD'),
(252, 403, 44, 15, 3.12, NULL, 0.00, 3.12, 0, 167, 13, 13, NULL, 'TDS'),
(253, 377, 44, 15, 28.00, NULL, 0.00, 28.00, 0, 144, 13, 13, NULL, 'TDS'),
(254, 379, 45, 10, 6.55, NULL, 0.00, 6.55, 0, 146, 12, 12, NULL, 'BD'),
(255, 310, 46, 1, 280.00, NULL, 0.00, 280.00, 0, 20, 14, 14, NULL, '-'),
(256, 422, 46, 1, 50.00, NULL, 0.00, 50.00, 0, 196, 14, 14, NULL, '-'),
(257, 326, 46, 1, 9.00, NULL, 0.00, 9.00, 0, 36, 14, 14, NULL, '-'),
(258, 15, 46, 1, 25.00, 0.00, 0.00, 25.00, 0, 44, 14, 14, NULL, '-'),
(259, 330, 46, 1, 17.00, NULL, 0.00, 17.00, 0, 40, 14, 14, NULL, '-'),
(260, 158, 46, 1, 82.00, 0.00, 0.00, 82.00, 0, 77, 14, 14, NULL, '-'),
(261, 272, 46, 1, 26.67, NULL, 0.00, 26.67, 0, 48, 14, 14, NULL, '-'),
(262, 19, 46, 1, 225.00, 0.00, 0.00, 225.00, 0, 57, 14, 14, NULL, '-'),
(263, 288, 46, 2, 9.50, NULL, 0.00, 9.50, 0, 72, 14, 14, NULL, '-'),
(264, 270, 46, 1, 41.00, NULL, 0.00, 41.00, 1, 41, 14, 14, 12257, '-'),
(265, 419, 47, 1, 50.00, NULL, 0.00, 50.00, 0, 108, 14, 14, NULL, '-'),
(266, 288, 48, 2, 9.50, NULL, 0.00, 9.50, 0, 72, 14, 14, NULL, '-'),
(267, 480, 49, 10, 37.32, NULL, 0.00, 37.32, 0, 274, 14, 14, NULL, '-'),
(268, 481, 49, 10, 1.25, NULL, 0.00, 1.25, 0, 275, 14, 14, NULL, '-'),
(269, 479, 49, 1, 765.00, NULL, 0.00, 765.00, 0, 273, 14, 14, NULL, '-'),
(270, 330, 50, 1, 17.00, NULL, 0.00, 17.00, 0, 40, 14, 14, NULL, 'BD'),
(271, 310, 51, 1, 280.00, NULL, 0.00, 280.00, 0, 20, 14, 14, NULL, 'OD'),
(272, 419, 51, 1, 50.00, NULL, 0.00, 50.00, 0, 108, 14, 14, NULL, 'OD'),
(273, 15, 51, 1, 25.00, 0.00, 0.00, 25.00, 0, 44, 14, 14, NULL, 'OD'),
(274, 326, 51, 1, 9.00, NULL, 0.00, 9.00, 0, 36, 14, 14, NULL, 'OD'),
(275, 277, 52, 1, 8.50, NULL, 0.00, 8.50, 0, 60, 14, 14, NULL, 'OD'),
(276, 326, 53, 1, 9.00, NULL, 0.00, 9.00, 0, 36, 14, 14, NULL, 'OD'),
(277, 439, 53, 1, 5.53, NULL, 0.00, 5.53, 0, 192, 14, 14, NULL, 'OD'),
(278, 418, 53, 1, 90.00, NULL, 0.00, 90.00, 1, 107, 14, 14, 12257, '-'),
(279, 461, 53, 1, 75.00, NULL, 0.00, 75.00, 0, 257, 14, 14, NULL, '-'),
(280, 270, 53, 2, 41.00, NULL, 0.00, 41.00, 0, 41, 14, 14, NULL, '-'),
(281, 19, 53, 1, 225.00, 0.00, 0.00, 225.00, 0, 57, 14, 14, NULL, '-'),
(282, 92, 53, 1, 73.00, 0.00, 0.00, 73.00, 0, 75, 14, 14, NULL, '-'),
(283, 93, 53, 1, 47.50, 0.00, 0.00, 47.50, 0, 43, 14, 14, NULL, '-'),
(284, 28, 54, 1, 246.53, 0.00, 0.00, 246.53, 0, 179, 14, 14, NULL, 'BD'),
(285, 419, 54, 1, 50.00, NULL, 0.00, 50.00, 0, 108, 14, 14, NULL, '-'),
(286, 326, 54, 1, 9.00, NULL, 0.00, 9.00, 0, 36, 14, 14, NULL, '-'),
(287, 334, 54, 1, 22.00, NULL, 0.00, 22.00, 0, 37, 14, 14, NULL, '-'),
(288, 377, 54, 10, 28.00, NULL, 0.00, 28.00, 0, 144, 14, 14, NULL, 'BD'),
(289, 341, 54, 14, 18.43, NULL, 0.00, 18.43, 0, 140, 14, 14, NULL, 'OD'),
(290, 327, 55, 1, 12.00, NULL, 0.00, 12.00, 0, 38, 14, 14, NULL, '-'),
(291, 326, 55, 1, 9.00, NULL, 0.00, 9.00, 0, 36, 14, 14, NULL, '-'),
(292, 486, 55, 10, 20.64, NULL, 0.00, 20.64, 0, 276, 14, 14, NULL, 'BD'),
(293, 28, 56, 1, 246.53, 0.00, 0.00, 246.53, 0, 179, 14, 14, NULL, 'BD'),
(294, 326, 56, 1, 9.00, NULL, 0.00, 9.00, 0, 36, 14, 14, NULL, 'BD'),
(295, 15, 56, 1, 25.00, 0.00, 0.00, 25.00, 0, 44, 14, 14, NULL, '-'),
(296, 422, 56, 1, 50.00, NULL, 0.00, 50.00, 0, 196, 14, 14, NULL, '-'),
(297, 159, 57, 1, 197.00, 0.00, 0.00, 197.00, 0, 73, 15, 15, NULL, '-'),
(298, 487, 58, 1, 100.00, NULL, 0.00, 100.00, 0, 277, 15, 15, NULL, 'TDS'),
(299, 317, 58, 1, 110.00, NULL, 0.00, 110.00, 0, 27, 15, 15, NULL, 'OD'),
(300, 304, 58, 2, 55.00, NULL, 0.00, 55.00, 0, 14, 15, 15, NULL, 'TDS'),
(301, 299, 58, 1, 85.00, NULL, 0.00, 85.00, 0, 9, 15, 15, NULL, 'BD'),
(302, 488, 58, 1, 369.32, NULL, 0.00, 369.32, 0, 278, 15, 15, NULL, 'BD'),
(303, 419, 58, 1, 50.00, NULL, 0.00, 50.00, 0, 108, 15, 15, NULL, '-'),
(304, 183, 58, 1, 94.60, 0.00, 0.00, 94.60, 0, 279, 15, 15, NULL, 'TDS'),
(305, 326, 58, 1, 9.00, NULL, 0.00, 9.00, 0, 36, 15, 15, NULL, '-'),
(306, 334, 58, 1, 22.00, NULL, 0.00, 22.00, 0, 37, 15, 15, NULL, '-'),
(307, 288, 59, 2, 9.50, NULL, 0.00, 9.50, 0, 72, 14, 14, NULL, '-'),
(308, 270, 59, 1, 41.00, NULL, 0.00, 41.00, 0, 41, 14, 14, NULL, '-'),
(309, 435, 59, 1, 62.00, NULL, 0.00, 62.00, 0, 280, 14, 14, NULL, '-'),
(310, 28, 60, 1, 246.53, 0.00, 0.00, 246.53, 0, 179, 14, 14, NULL, '-'),
(311, 326, 60, 1, 9.00, NULL, 0.00, 9.00, 0, 36, 14, 14, NULL, '-'),
(312, 15, 60, 1, 25.00, 0.00, 0.00, 25.00, 0, 44, 14, 14, NULL, '-'),
(313, 419, 60, 1, 50.00, NULL, 0.00, 50.00, 0, 108, 14, 14, NULL, '-'),
(314, 330, 61, 1, 17.00, NULL, 0.00, 17.00, 0, 40, 14, 14, NULL, '-'),
(315, 304, 62, 2, 55.00, NULL, 0.00, 55.00, 0, 14, 15, 15, NULL, 'OD'),
(316, 317, 62, 1, 110.00, NULL, 0.00, 110.00, 0, 27, 15, 15, NULL, 'OD'),
(317, 326, 62, 1, 9.00, NULL, 0.00, 9.00, 0, 36, 15, 15, NULL, 'OD'),
(318, 28, 63, 1, 246.53, 0.00, 0.00, 246.53, 0, 179, 14, 14, NULL, 'OD'),
(319, 419, 63, 1, 50.00, NULL, 0.00, 50.00, 0, 108, 14, 14, NULL, 'OD'),
(320, 304, 64, 1, 55.00, NULL, 0.00, 55.00, 0, 14, 15, 15, NULL, '-'),
(321, 331, 64, 1, 5.70, NULL, 0.00, 5.70, 0, 59, 15, 15, NULL, '-'),
(322, 304, 65, 1, 55.00, NULL, 0.00, 55.00, 0, 14, 15, 15, NULL, 'OD'),
(323, 270, 66, 1, 41.00, NULL, 0.00, 41.00, 0, 41, 14, 14, NULL, '-'),
(324, 288, 66, 2, 9.50, NULL, 0.00, 9.50, 0, 72, 14, 14, NULL, '-'),
(325, 28, 67, 1, 246.53, 0.00, 0.00, 246.53, 0, 179, 14, 14, NULL, '-'),
(326, 326, 67, 1, 9.00, NULL, 0.00, 9.00, 0, 36, 14, 14, NULL, '-'),
(327, 15, 68, 1, 25.00, 0.00, 0.00, 25.00, 0, 44, 14, 14, NULL, '-'),
(328, 422, 68, 1, 50.00, NULL, 0.00, 50.00, 0, 196, 14, 14, NULL, '-'),
(329, 330, 68, 1, 17.00, NULL, 0.00, 17.00, 0, 40, 14, 14, NULL, '-'),
(330, 299, 69, 1, 85.00, NULL, 0.00, 85.00, 0, 9, 15, 15, NULL, 'TDS'),
(331, 304, 69, 2, 55.00, NULL, 0.00, 55.00, 0, 14, 15, 15, NULL, '-'),
(332, 419, 69, 1, 50.00, NULL, 0.00, 50.00, 0, 108, 15, 15, NULL, '-'),
(333, 15, 69, 1, 25.00, 0.00, 0.00, 25.00, 0, 44, 15, 15, NULL, '-'),
(334, 159, 70, 1, 197.00, 0.00, 0.00, 197.00, 0, 73, 15, 15, NULL, 'TDS'),
(335, 272, 70, 1, 26.67, NULL, 0.00, 26.67, 0, 48, 15, 15, NULL, '-'),
(336, 326, 71, 1, 9.00, NULL, 0.00, 9.00, 0, 36, 15, 15, NULL, 'TDS'),
(337, 304, 71, 2, 55.00, NULL, 0.00, 55.00, 0, 14, 15, 15, NULL, 'TDS'),
(338, 28, 72, 1, 246.53, 0.00, 0.00, 246.53, 0, 179, 14, 14, NULL, '-'),
(339, 419, 72, 1, 50.00, NULL, 0.00, 50.00, 0, 108, 14, 14, NULL, '-'),
(340, 326, 72, 1, 9.00, NULL, 0.00, 9.00, 0, 36, 14, 14, NULL, '-'),
(341, 15, 72, 1, 25.00, 0.00, 0.00, 25.00, 0, 44, 14, 14, NULL, '-'),
(342, 317, 73, 1, 110.00, NULL, 0.00, 110.00, 0, 27, 15, 15, NULL, '-'),
(343, 299, 73, 1, 85.00, NULL, 0.00, 85.00, 0, 9, 15, 15, NULL, '-'),
(344, 488, 73, 2, 369.32, NULL, 0.00, 369.32, 0, 284, 15, 15, NULL, '-'),
(345, 492, 74, 3, 131.07, NULL, 0.00, 131.07, 0, 285, 15, 15, NULL, '-'),
(346, 493, 74, 3, 94.60, NULL, 0.00, 94.61, 0, 286, 15, 15, NULL, '-'),
(347, 494, 74, 1, 127.57, NULL, 0.00, 127.57, 0, 287, 15, 15, NULL, '-'),
(348, 495, 74, 1, 107.27, NULL, 0.00, 107.27, 0, 288, 15, 15, NULL, '-'),
(349, 480, 74, 3, 37.32, NULL, 0.00, 37.32, 0, 289, 15, 15, NULL, '-'),
(350, 498, 74, 3, 2.20, NULL, 0.00, 2.20, 0, 290, 15, 15, NULL, '-'),
(351, 467, 75, 1, 338.30, NULL, 0.00, 338.30, 0, 267, 16, 16, NULL, '-'),
(352, 299, 75, 1, 85.00, NULL, 0.00, 85.00, 0, 9, 16, 16, NULL, '-'),
(353, 312, 75, 1, 115.00, NULL, 0.00, 115.00, 0, 22, 16, 16, NULL, '-'),
(354, 469, 75, 1, 46.47, NULL, 0.00, 46.47, 0, 269, 16, 16, NULL, '-'),
(355, 183, 75, 1, 94.60, 0.00, 0.00, 94.60, 0, 279, 16, 16, NULL, '-'),
(356, 376, 75, 1, 118.00, NULL, 0.00, 118.00, 0, 171, 16, 16, NULL, '-'),
(357, 158, 75, 1, 82.00, 0.00, 0.00, 82.00, 0, 77, 16, 16, NULL, '-'),
(358, 15, 75, 1, 25.00, 0.00, 0.00, 25.00, 0, 44, 16, 16, NULL, '-'),
(359, 272, 75, 1, 26.67, NULL, 0.00, 26.67, 0, 48, 16, 16, NULL, '-'),
(360, 326, 75, 2, 9.00, NULL, 0.00, 9.00, 0, 36, 16, 16, NULL, '-'),
(361, 466, 76, 1, 212.50, NULL, 0.00, 212.50, 1, 266, 16, 16, 12257, '-'),
(362, 506, 76, 1, 100.00, NULL, 0.00, 100.00, 0, 291, 16, 16, NULL, '-'),
(363, 505, 76, 1, 161.50, NULL, 0.00, 161.50, 0, 292, 16, 16, NULL, '-'),
(364, 507, 77, 1, 65.45, NULL, 0.00, 65.45, 0, 294, 15, 15, NULL, '-'),
(365, 304, 78, 2, 55.00, NULL, 0.00, 55.00, 0, 14, 15, 15, NULL, '-'),
(366, 282, 79, 1, 135.00, NULL, 0.00, 135.00, 0, 68, 16, 16, NULL, '-'),
(367, 156, 80, 1, 82.00, 0.00, 0.00, 82.00, 0, 79, 17, 17, NULL, '-'),
(368, 272, 80, 1, 26.67, NULL, 0.00, 26.67, 0, 48, 17, 17, NULL, '-'),
(369, 421, 80, 1, 148.75, NULL, 0.00, 148.75, 0, 176, 17, 17, NULL, '-'),
(370, 288, 81, 6, 9.50, NULL, 0.00, 9.50, 0, 72, 14, 14, NULL, '-'),
(371, 270, 82, 1, 41.00, NULL, 0.00, 41.00, 0, 41, 14, 14, NULL, '-'),
(372, 272, 83, 1, 26.67, NULL, 0.00, 26.67, 0, 48, 14, 14, NULL, '-'),
(373, 398, 84, 1, 243.55, NULL, 0.00, 243.55, 0, 163, 17, 17, NULL, '-'),
(374, 468, 84, 1, 80.22, NULL, 0.00, 80.22, 0, 268, 17, 17, NULL, '-'),
(375, 306, 84, 1, 95.00, NULL, 0.00, 95.00, 0, 16, 17, 17, NULL, '-'),
(376, 307, 84, 1, 8.20, NULL, 0.00, 8.20, 0, 17, 17, 17, NULL, '-'),
(377, 334, 84, 1, 22.00, NULL, 0.00, 22.00, 0, 37, 17, 17, NULL, '-'),
(378, 326, 84, 1, 9.00, NULL, 0.00, 9.00, 0, 36, 17, 17, NULL, '-'),
(379, 422, 84, 1, 50.00, NULL, 0.00, 50.00, 0, 196, 17, 17, NULL, '-'),
(380, 416, 85, 1, 90.00, NULL, 0.00, 90.00, 0, 105, 18, 18, NULL, '-'),
(381, 157, 85, 1, 82.00, 0.00, 0.00, 82.00, 0, 78, 18, 18, NULL, '-'),
(382, 302, 85, 1, 225.00, NULL, 0.00, 225.00, 0, 11, 18, 18, NULL, '-'),
(383, 272, 85, 1, 26.67, NULL, 0.00, 26.67, 0, 48, 18, 18, NULL, '-'),
(384, 469, 86, 1, 46.47, NULL, 0.00, 46.47, 0, 269, 15, 15, NULL, '-'),
(385, 493, 86, 1, 94.60, NULL, 0.00, 94.61, 0, 293, 15, 15, NULL, '-'),
(386, 3, 87, 1, 280.00, 0.00, 0.00, 280.00, 0, 45, 17, 17, NULL, NULL),
(387, 405, 87, 1, 40.00, NULL, 0.00, 38.00, 0, 93, 17, 17, NULL, NULL),
(388, 2, 87, 1, 200.00, 0.00, 0.00, 200.00, 0, 46, 17, 17, NULL, NULL),
(389, 409, 87, 1, 35.00, NULL, 0.00, 35.00, 0, 95, 17, 17, NULL, NULL),
(390, 5, 87, 1, 36.00, 0.00, 0.00, 36.00, 0, 56, 17, 17, NULL, NULL),
(391, 307, 87, 1, 8.20, NULL, 0.00, 8.20, 0, 17, 17, 17, NULL, NULL),
(392, 165, 87, 1, 44.00, 0.00, 0.00, 53.00, 0, 101, 17, 17, NULL, NULL),
(393, 4, 87, 1, 4.50, 0.00, 0.00, 4.50, 0, 54, 17, 17, NULL, NULL),
(394, 308, 87, 1, 7.60, NULL, 0.00, 7.60, 0, 18, 17, 17, NULL, NULL),
(395, 306, 87, 1, 95.00, NULL, 0.00, 95.00, 0, 16, 17, 17, NULL, NULL),
(396, 418, 87, 1, 90.00, NULL, 0.00, 90.00, 0, 107, 17, 17, NULL, NULL),
(397, 15, 87, 1, 25.00, 0.00, 0.00, 25.00, 0, 44, 17, 17, NULL, NULL),
(398, 270, 87, 2, 41.00, NULL, 0.00, 41.00, 0, 41, 17, 17, NULL, NULL),
(399, 271, 87, 1, 69.00, NULL, 0.00, 69.00, 0, 42, 17, 17, NULL, NULL),
(400, 93, 87, 1, 47.50, 0.00, 0.00, 47.50, 0, 43, 17, 17, NULL, NULL),
(401, 92, 87, 3, 73.00, 0.00, 0.00, 73.00, 0, 75, 17, 17, NULL, NULL),
(402, 158, 87, 1, 82.00, 0.00, 0.00, 82.00, 0, 77, 17, 17, NULL, NULL),
(403, 272, 87, 2, 26.67, NULL, 0.00, 26.67, 0, 48, 17, 17, NULL, NULL),
(404, 264, 87, 1, 122.00, 0.00, 0.00, 125.00, 0, 218, 17, 17, NULL, NULL),
(405, 14, 87, 1, 175.00, 0.00, 0.00, 175.00, 0, 97, 17, 17, NULL, NULL),
(406, 326, 87, 2, 9.00, NULL, 0.00, 9.00, 0, 36, 17, 17, NULL, NULL),
(407, 331, 87, 2, 5.70, NULL, 0.00, 5.70, 0, 59, 17, 17, NULL, NULL),
(408, 328, 87, 1, 22.00, NULL, 0.00, 22.00, 0, 39, 17, 17, NULL, NULL),
(409, 257, 87, 2, 43.00, 0.00, 0.00, 43.00, 0, 74, 17, 17, NULL, NULL),
(410, 422, 88, 1, 50.00, NULL, 0.00, 60.00, 0, 204, 14, 14, NULL, '-'),
(411, 15, 88, 1, 25.00, 0.00, 0.00, 25.00, 0, 44, 14, 14, NULL, '-'),
(412, 326, 88, 1, 9.00, NULL, 0.00, 9.00, 0, 36, 14, 14, NULL, '-'),
(413, 330, 88, 1, 17.00, NULL, 0.00, 17.00, 0, 40, 14, 14, NULL, '-'),
(414, 28, 88, 1, 246.53, 0.00, 0.00, 246.53, 0, 179, 14, 14, NULL, '-'),
(415, 299, 89, 1, 85.00, NULL, 0.00, 85.00, 0, 9, 15, 15, NULL, '-'),
(416, 304, 90, 2, 55.00, NULL, 0.00, 55.00, 0, 14, 15, 15, NULL, '-'),
(417, 330, 91, 1, 17.00, NULL, 0.00, 17.00, 0, 40, 14, 14, NULL, 'TDS'),
(418, 452, 92, 1, 5.50, NULL, 0.00, 5.50, 0, 222, 20, 20, NULL, 'TDS'),
(419, 308, 92, 1, 7.60, NULL, 0.00, 7.60, 0, 18, 20, 20, NULL, '-'),
(420, 506, 93, 1, 100.00, NULL, 0.00, 100.00, 0, 291, 16, 16, NULL, '-'),
(421, 15, 93, 1, 25.00, 0.00, 0.00, 25.00, 0, 44, 16, 16, NULL, '-'),
(422, 299, 93, 1, 85.00, NULL, 0.00, 85.00, 0, 9, 16, 16, NULL, '-'),
(423, 469, 93, 1, 46.47, NULL, 0.00, 46.47, 0, 269, 16, 16, NULL, '-'),
(424, 326, 93, 1, 9.00, NULL, 0.00, 9.00, 0, 36, 16, 16, NULL, '-'),
(425, 274, 94, 8, 6.60, NULL, 0.00, 6.60, 0, 52, 20, 20, NULL, NULL),
(426, 416, 94, 1, 90.00, NULL, 0.00, 100.00, 0, 206, 20, 20, NULL, NULL),
(427, 157, 94, 1, 82.00, NULL, 0.00, 82.00, 0, 78, 20, 20, NULL, NULL),
(428, 272, 94, 1, 26.67, NULL, 0.00, 26.67, 0, 48, 20, 20, NULL, NULL),
(429, 433, 94, 1, 18.00, NULL, 0.00, 18.00, 0, 188, 20, 20, NULL, NULL),
(430, 436, 94, 1, 38.00, NULL, 0.00, 38.00, 0, 189, 20, 20, NULL, NULL),
(431, 273, 94, 1, 41.00, NULL, 0.00, 41.00, 0, 50, 20, 20, NULL, NULL),
(432, 279, 94, 15, 16.33, NULL, 0.00, 16.33, 0, 62, 20, 20, NULL, NULL),
(433, 448, 94, 5, 1.40, NULL, 0.00, 1.40, 0, 211, 20, 20, NULL, NULL),
(434, 334, 94, 1, 22.00, NULL, 0.00, 22.00, 0, 37, 20, 20, NULL, NULL),
(435, 326, 94, 2, 9.00, NULL, 0.00, 9.00, 0, 36, 20, 20, NULL, NULL),
(436, 421, 94, 1, 148.75, NULL, 0.00, 154.00, 0, 212, 20, 20, NULL, NULL),
(437, 112, 94, 1, 275.00, NULL, 0.00, 275.00, 0, 83, 20, 20, NULL, NULL),
(438, 92, 94, 1, 73.00, NULL, 0.00, 73.00, 0, 75, 20, 20, NULL, NULL),
(439, 444, 95, 1, 90.00, NULL, 0.00, 90.00, 0, 195, 16, 16, NULL, '-'),
(440, 15, 95, 1, 25.00, 0.00, 0.00, 25.00, 0, 44, 16, 16, NULL, '-'),
(441, 469, 95, 1, 46.47, NULL, 0.00, 46.47, 0, 269, 16, 16, NULL, '-'),
(442, 326, 95, 1, 9.00, NULL, 0.00, 9.00, 0, 36, 16, 16, NULL, '-'),
(443, 304, 96, 2, 55.00, NULL, 0.00, 55.00, 0, 14, 15, 15, NULL, 'TDS'),
(444, 506, 97, 2, 100.00, NULL, 0.00, 100.00, 0, 291, 16, 16, NULL, '-'),
(445, 15, 97, 2, 25.00, 0.00, 0.00, 25.00, 0, 44, 16, 16, NULL, '-'),
(446, 311, 97, 1, 70.00, NULL, 0.00, 70.00, 0, 21, 16, 16, NULL, '-'),
(447, 469, 97, 1, 46.47, NULL, 0.00, 46.47, 0, 269, 16, 16, NULL, '-'),
(448, 326, 97, 1, 9.00, NULL, 0.00, 9.00, 0, 36, 16, 16, NULL, '-'),
(449, 467, 97, 1, 338.30, NULL, 0.00, 338.30, 0, 267, 16, 16, NULL, '-'),
(450, 466, 97, 1, 212.50, NULL, 0.00, 212.50, 0, 266, 16, 16, NULL, '-'),
(451, 493, 97, 1, 94.60, NULL, 0.00, 94.61, 0, 293, 16, 16, NULL, '-'),
(452, 299, 97, 1, 85.00, NULL, 0.00, 85.00, 0, 9, 16, 16, NULL, '-'),
(453, 312, 97, 1, 115.00, NULL, 0.00, 115.00, 0, 22, 16, 16, NULL, '-'),
(454, 28, 98, 1, 246.53, 0.00, 0.00, 246.53, 0, 179, 14, 14, NULL, '-'),
(455, 326, 98, 1, 9.00, NULL, 0.00, 9.00, 0, 36, 14, 14, NULL, '-'),
(456, 330, 98, 1, 17.00, NULL, 0.00, 17.00, 0, 40, 14, 14, NULL, '-'),
(457, 422, 98, 1, 50.00, NULL, 0.00, 60.00, 0, 204, 14, 14, NULL, '-'),
(458, 15, 98, 1, 25.00, 0.00, 0.00, 25.00, 0, 44, 14, 14, NULL, '-'),
(459, 468, 99, 1, 80.22, NULL, 0.00, 80.22, 0, 268, 20, 20, NULL, '-'),
(460, 326, 99, 1, 9.00, NULL, 0.00, 9.00, 0, 36, 20, 20, NULL, '-'),
(461, 454, 99, 1, 7.50, NULL, 0.00, 7.50, 0, 224, 20, 20, NULL, '-'),
(462, 304, 100, 2, 55.00, NULL, 0.00, 55.00, 0, 14, 15, 15, NULL, '-'),
(463, 299, 100, 1, 85.00, NULL, 0.00, 85.00, 0, 9, 15, 15, NULL, '-'),
(464, 326, 100, 1, 9.00, NULL, 0.00, 9.00, 0, 36, 15, 15, NULL, '-'),
(465, 317, 100, 1, 110.00, NULL, 0.00, 110.00, 0, 27, 15, 15, NULL, '-'),
(466, 312, 101, 1, 115.00, NULL, 0.00, 115.00, 0, 22, 17, 17, NULL, '-'),
(467, 468, 101, 1, 80.22, NULL, 0.00, 80.22, 0, 268, 17, 17, NULL, '-'),
(468, 307, 101, 1, 8.20, NULL, 0.00, 8.20, 0, 17, 17, 17, NULL, '-'),
(469, 15, 101, 1, 25.00, 0.00, 0.00, 25.00, 0, 44, 17, 17, NULL, '-'),
(470, 326, 101, 1, 9.00, NULL, 0.00, 9.00, 0, 36, 17, 17, NULL, '-'),
(471, 158, 102, 1, 82.00, 0.00, 0.00, 82.00, 0, 77, 17, 17, NULL, '-'),
(472, 340, 103, 5, 13.64, NULL, 0.00, 13.64, 0, 139, 14, 14, NULL, 'OD'),
(473, 429, 103, 12, 31.98, NULL, 0.00, 31.98, 0, 184, 14, 14, NULL, 'BD'),
(474, 379, 103, 10, 6.55, NULL, 0.00, 6.55, 0, 146, 14, 14, NULL, 'BD'),
(475, 345, 103, 5, 28.56, NULL, 0.00, 28.56, 0, 111, 14, 14, NULL, 'OD'),
(476, 510, 103, 5, 22.83, NULL, 0.00, 22.83, 0, 304, 14, 14, NULL, 'OD'),
(477, 429, 104, 12, 31.98, NULL, 0.00, 31.98, 0, 184, 20, 20, NULL, 'BD'),
(478, 403, 104, 15, 3.12, NULL, 0.00, 3.12, 0, 167, 20, 20, NULL, 'TDS'),
(479, 377, 104, 15, 28.00, NULL, 0.00, 28.00, 0, 144, 20, 20, NULL, 'TDS'),
(480, 501, 105, 1, 70.00, NULL, 0.00, 70.00, 0, 309, 14, 14, NULL, '-'),
(481, 288, 105, 1, 9.50, NULL, 0.00, 9.50, 0, 72, 14, 14, NULL, '-'),
(482, 270, 105, 1, 41.00, NULL, 0.00, 41.00, 0, 41, 14, 14, NULL, '-'),
(483, 157, 106, 1, 82.00, 0.00, 0.00, 82.00, 0, 78, 22, 22, NULL, '-'),
(484, 272, 106, 1, 26.67, NULL, 0.00, 26.67, 0, 48, 22, 22, NULL, '-'),
(485, 15, 106, 1, 25.00, 0.00, 0.00, 25.00, 0, 44, 22, 22, NULL, '-'),
(486, 326, 106, 1, 9.00, NULL, 0.00, 9.00, 0, 36, 22, 22, NULL, '-'),
(487, 416, 106, 1, 90.00, NULL, 0.00, 100.00, 0, 206, 22, 22, NULL, '-'),
(488, 496, 107, 2, 38.00, NULL, 0.00, 38.00, 0, 315, 14, 14, NULL, '-'),
(489, 498, 107, 2, 2.20, NULL, 0.00, 2.20, 0, 314, 14, 14, NULL, '-'),
(490, 482, 108, 1, 1610.00, NULL, 0.00, 1550.00, 0, 301, 25, 25, NULL, '-'),
(491, 483, 108, 1, 460.00, NULL, 0.00, 550.00, 0, 300, 25, 25, NULL, '-'),
(492, 484, 108, 1, 130.00, NULL, 0.00, 100.00, 0, 302, 25, 25, NULL, '-'),
(493, 418, 108, 1, 90.00, NULL, 0.00, 90.00, 0, 107, 25, 25, NULL, '-'),
(494, 326, 108, 3, 9.00, NULL, 0.00, 9.00, 0, 36, 25, 25, NULL, '-'),
(495, 272, 108, 1, 26.67, NULL, 0.00, 26.67, 0, 48, 25, 25, NULL, '-'),
(496, 15, 108, 1, 25.00, 0.00, 0.00, 25.00, 0, 44, 25, 25, NULL, '-'),
(497, 527, 109, 10, 9.88, NULL, 0.00, 9.88, 0, 324, 17, 17, NULL, 'BD'),
(498, 403, 109, 10, 3.12, NULL, 0.00, 3.12, 0, 167, 17, 17, NULL, 'BD'),
(499, 398, 109, 1, 243.55, NULL, 0.00, 243.55, 0, 163, 17, 17, NULL, 'BD'),
(500, 323, 109, 10, 47.50, NULL, 0.00, 47.50, 0, 33, 17, 17, NULL, 'BD'),
(501, 457, 109, 1, 382.50, NULL, 0.00, 382.50, 0, 227, 17, 17, NULL, 'BD'),
(502, 157, 110, 1, 82.00, 0.00, 0.00, 82.00, 0, 78, 22, 22, NULL, '-'),
(503, 469, 111, 1, 46.47, NULL, 0.00, 46.47, 0, 269, 16, 16, NULL, '-'),
(504, 203, 112, 1, 59.50, 0.00, 0.00, 59.50, 0, 170, 17, 17, NULL, '-'),
(505, 506, 113, 1, 100.00, NULL, 0.00, 100.00, 0, 291, 16, 16, NULL, '-'),
(506, 15, 113, 1, 25.00, 0.00, 0.00, 25.00, 0, 44, 16, 16, NULL, '-'),
(507, 421, 114, 1, 148.75, NULL, 0.00, 154.00, 0, 212, 22, 22, NULL, '-'),
(508, 288, 114, 2, 9.50, NULL, 0.00, 9.50, 0, 72, 22, 22, NULL, '-'),
(509, 257, 114, 1, 43.00, 0.00, 0.00, 43.00, 0, 74, 22, 22, NULL, '-'),
(510, 421, 115, 1, 148.75, NULL, 0.00, 154.00, 0, 212, 22, 22, NULL, '-'),
(511, 288, 115, 2, 9.50, NULL, 0.00, 9.50, 0, 72, 22, 22, NULL, '-'),
(512, 257, 115, 1, 43.00, 0.00, 0.00, 43.00, 0, 74, 22, 22, NULL, '-'),
(513, 482, 116, 1, 1610.00, NULL, 0.00, 1550.00, 0, 301, 24, 24, NULL, NULL),
(514, 483, 116, 1, 460.00, NULL, 0.00, 550.00, 0, 300, 24, 24, NULL, NULL),
(515, 418, 116, 1, 90.00, NULL, 0.00, 90.00, 0, 107, 24, 24, NULL, NULL),
(516, 326, 116, 3, 9.00, NULL, 0.00, 9.00, 0, 36, 24, 24, NULL, NULL),
(517, 272, 116, 1, 26.67, NULL, 0.00, 26.67, 0, 48, 24, 24, NULL, NULL),
(518, 334, 116, 1, 22.00, NULL, 0.00, 22.00, 0, 37, 24, 24, NULL, NULL),
(519, 482, 117, 1, 1610.00, NULL, 0.00, 1550.00, 0, 301, 23, 23, NULL, NULL),
(520, 483, 117, 1, 460.00, NULL, 0.00, 550.00, 0, 300, 23, 23, NULL, NULL),
(521, 326, 117, 3, 9.00, NULL, 0.00, 9.00, 0, 36, 23, 23, NULL, NULL),
(522, 418, 117, 1, 90.00, NULL, 0.00, 90.00, 0, 325, 23, 23, NULL, NULL),
(523, 334, 117, 1, 22.00, NULL, 0.00, 22.00, 0, 37, 23, 23, NULL, NULL),
(524, 272, 117, 1, 26.67, NULL, 0.00, 26.67, 0, 48, 23, 23, NULL, NULL),
(525, 157, 118, 1, 82.00, 0.00, 0.00, 82.00, 0, 78, 26, 26, NULL, '-'),
(526, 272, 118, 1, 26.67, NULL, 0.00, 26.67, 0, 48, 26, 26, NULL, '-'),
(527, 326, 118, 1, 9.00, NULL, 0.00, 9.00, 0, 36, 26, 26, NULL, '-'),
(528, 416, 118, 1, 90.00, NULL, 0.00, 100.00, 0, 206, 26, 26, NULL, '-'),
(529, 334, 118, 1, 22.00, NULL, 0.00, 22.00, 1, 37, 26, 26, 12257, '-'),
(530, 475, 119, 1, 40.80, NULL, 0.00, 40.80, 0, 270, 21, 21, NULL, '-'),
(531, 327, 119, 1, 12.00, NULL, 0.00, 12.00, 0, 38, 21, 21, NULL, '-'),
(532, 3, 120, 1, 280.00, 0.00, 0.00, 280.00, 0, 45, 21, 21, NULL, NULL),
(533, 524, 120, 2, 140.00, NULL, 0.00, 140.00, 0, 305, 21, 21, NULL, NULL),
(534, 418, 120, 1, 90.00, NULL, 0.00, 90.00, 0, 325, 21, 21, NULL, NULL),
(535, 416, 120, 1, 90.00, NULL, 0.00, 100.00, 0, 206, 21, 21, NULL, NULL),
(536, 326, 120, 4, 9.00, NULL, 0.00, 9.00, 0, 36, 21, 21, NULL, NULL),
(537, 92, 120, 2, 73.00, 0.00, 0.00, 73.00, 0, 75, 21, 21, NULL, NULL),
(538, 270, 120, 1, 41.00, NULL, 0.00, 41.00, 0, 41, 21, 21, NULL, NULL),
(539, 334, 120, 1, 22.00, NULL, 0.00, 22.00, 0, 37, 21, 21, NULL, NULL),
(540, 157, 120, 1, 82.00, 0.00, 0.00, 82.00, 0, 78, 21, 21, NULL, NULL),
(541, 272, 120, 1, 26.67, NULL, 0.00, 26.67, 0, 48, 21, 21, NULL, NULL),
(542, 276, 120, 1, 160.00, NULL, 0.00, 160.00, 0, 58, 21, 21, NULL, NULL),
(543, 328, 120, 1, 22.00, NULL, 0.00, 22.00, 0, 39, 21, 21, NULL, NULL),
(544, 439, 120, 4, 5.53, NULL, 0.00, 5.53, 0, 192, 21, 21, NULL, NULL),
(545, 157, 121, 1, 82.00, 0.00, 0.00, 82.00, 0, 78, 28, 27, NULL, '-'),
(546, 272, 121, 1, 26.67, NULL, 0.00, 26.67, 0, 48, 28, 27, NULL, '-'),
(547, 326, 121, 1, 9.00, NULL, 0.00, 9.00, 1, 36, 28, 27, 12257, '-'),
(548, 101, 122, 1, 65.00, 0.00, 0.00, 65.00, 0, 47, 22, 22, NULL, NULL),
(549, 311, 122, 1, 70.00, NULL, 0.00, 70.00, 0, 21, 22, 22, NULL, NULL),
(550, 416, 122, 1, 90.00, NULL, 0.00, 100.00, 0, 206, 22, 22, NULL, NULL),
(551, 276, 122, 1, 160.00, NULL, 0.00, 160.00, 0, 58, 22, 22, NULL, NULL),
(552, 501, 122, 1, 70.00, NULL, 0.00, 70.00, 0, 309, 22, 22, NULL, NULL),
(553, 92, 122, 2, 73.00, 0.00, 0.00, 73.00, 0, 75, 22, 22, NULL, NULL),
(554, 93, 122, 1, 47.50, 0.00, 0.00, 47.50, 0, 43, 22, 22, NULL, NULL),
(555, 263, 122, 1, 160.00, 0.00, 0.00, 160.00, 0, 51, 22, 22, NULL, NULL),
(556, 19, 122, 1, 225.00, 0.00, 0.00, 225.00, 0, 57, 22, 22, NULL, NULL),
(557, 15, 122, 1, 25.00, 0.00, 0.00, 25.00, 0, 44, 22, 22, NULL, NULL),
(558, 326, 122, 1, 9.00, NULL, 0.00, 9.00, 0, 36, 22, 22, NULL, NULL),
(559, 327, 122, 1, 12.00, NULL, 0.00, 12.00, 0, 38, 22, 22, NULL, NULL),
(560, 270, 122, 1, 41.00, NULL, 0.00, 41.00, 0, 41, 22, 22, NULL, NULL),
(561, 271, 122, 1, 69.00, NULL, 0.00, 69.00, 0, 42, 22, 22, NULL, NULL),
(562, 257, 122, 1, 43.00, 0.00, 0.00, 43.00, 0, 74, 22, 22, NULL, NULL),
(563, 98, 122, 1, 275.00, 0.00, 0.00, 275.00, 0, 82, 22, 22, NULL, NULL),
(564, 416, 123, 1, 90.00, NULL, 0.00, 100.00, 1, 206, 28, 27, 12257, '-'),
(565, 326, 123, 1, 9.00, NULL, 0.00, 9.00, 0, 36, 28, 27, NULL, '-'),
(566, 334, 123, 1, 22.00, NULL, 0.00, 22.00, 0, 37, 28, 27, NULL, '-'),
(567, 302, 123, 1, 225.00, NULL, 0.00, 225.00, 0, 11, 28, 27, NULL, '-'),
(568, 458, 124, 1, 155.55, NULL, 0.00, 155.55, 0, 326, 22, 22, NULL, '-'),
(569, 367, 124, 1, 80.20, NULL, 0.00, 80.20, 0, 132, 22, 22, NULL, '-'),
(570, 312, 124, 1, 115.00, NULL, 0.00, 115.00, 0, 22, 22, 22, NULL, '-'),
(571, 311, 124, 1, 70.00, NULL, 0.00, 70.00, 0, 21, 22, 22, NULL, '-'),
(572, 326, 124, 1, 9.00, NULL, 0.00, 9.00, 0, 36, 22, 22, NULL, '-'),
(573, 465, 125, 1, 144.00, NULL, 0.00, 144.00, 0, 264, 26, 26, NULL, NULL),
(574, 508, 125, 1, 382.50, NULL, 0.00, 226.03, 0, 299, 26, 26, NULL, NULL),
(575, 414, 125, 1, 90.00, NULL, 0.00, 90.00, 0, 103, 26, 26, NULL, NULL),
(576, 468, 125, 1, 80.22, NULL, 0.00, 80.22, 0, 268, 26, 26, NULL, NULL),
(577, 334, 125, 1, 22.00, NULL, 0.00, 22.00, 0, 37, 26, 26, NULL, NULL),
(578, 306, 125, 1, 95.00, NULL, 0.00, 95.00, 0, 16, 26, 26, NULL, NULL),
(579, 312, 125, 1, 115.00, NULL, 0.00, 115.00, 1, 22, 26, 26, 12257, NULL),
(580, 3, 126, 1, 280.00, NULL, 0.00, 280.00, 0, 45, 28, 27, NULL, NULL),
(581, 405, 126, 1, 40.00, NULL, 0.00, 38.00, 0, 93, 28, 27, NULL, NULL),
(582, 4, 126, 1, 4.50, NULL, 0.00, 4.50, 1, 54, 28, 27, 12257, NULL),
(583, 409, 126, 1, 35.00, NULL, 0.00, 35.00, 0, 95, 28, 27, NULL, NULL),
(584, 290, 126, 1, 7.50, NULL, 0.00, 7.50, 1, 55, 28, 27, 12257, NULL),
(585, 307, 126, 1, 8.20, NULL, 0.00, 8.20, 0, 17, 28, 27, NULL, NULL),
(586, 165, 126, 1, 44.00, NULL, 0.00, 53.00, 0, 101, 28, 27, NULL, NULL),
(587, 367, 126, 1, 80.20, NULL, 0.00, 80.20, 1, 132, 28, 27, 12257, NULL),
(588, 300, 126, 1, 140.00, NULL, 0.00, 140.00, 0, 10, 28, 27, NULL, NULL),
(589, 308, 126, 1, 7.60, NULL, 0.00, 7.60, 0, 18, 28, 27, NULL, NULL),
(590, 411, 126, 2, 48.00, NULL, 0.00, 48.00, 0, 100, 28, 27, NULL, NULL),
(591, 418, 126, 2, 90.00, NULL, 0.00, 90.00, 2, 325, 28, 27, 12257, NULL),
(592, 447, 126, 1, 2.40, NULL, 0.00, 3.80, 0, 210, 28, 27, NULL, NULL),
(593, 334, 126, 2, 22.00, NULL, 0.00, 22.00, 2, 37, 28, 27, 12257, NULL),
(594, 112, 126, 1, 275.00, NULL, 0.00, 275.00, 1, 83, 28, 27, 12257, NULL),
(595, 98, 126, 1, 275.00, NULL, 0.00, 275.00, 0, 82, 28, 27, NULL, NULL),
(596, 338, 126, 1, 291.67, NULL, 0.00, 291.67, 0, 86, 28, 27, NULL, NULL),
(597, 92, 126, 4, 73.00, NULL, 0.00, 73.00, 0, 75, 28, 27, NULL, NULL),
(598, 270, 126, 2, 41.00, NULL, 0.00, 41.00, 0, 41, 28, 27, NULL, NULL),
(599, 271, 126, 3, 69.00, NULL, 0.00, 69.00, 2, 42, 28, 27, 12257, NULL),
(600, 263, 126, 1, 160.00, NULL, 0.00, 160.00, 1, 51, 28, 27, 12257, NULL),
(601, 236, 126, 1, 55.00, NULL, 0.00, 55.00, 0, 65, 28, 27, NULL, NULL),
(602, 272, 126, 1, 26.67, NULL, 0.00, 26.67, 0, 48, 28, 27, NULL, NULL),
(603, 14, 126, 1, 175.00, NULL, 0.00, 175.00, 0, 97, 28, 27, NULL, NULL),
(604, 19, 126, 1, 225.00, NULL, 0.00, 225.00, 0, 57, 28, 27, NULL, NULL),
(605, 157, 126, 1, 82.00, NULL, 0.00, 82.00, 0, 78, 28, 27, NULL, NULL),
(606, 93, 126, 1, 47.50, NULL, 0.00, 47.50, 0, 43, 28, 27, NULL, NULL),
(607, 264, 126, 1, 122.00, NULL, 0.00, 125.00, 0, 218, 28, 27, NULL, NULL),
(608, 327, 126, 5, 12.00, NULL, 0.00, 12.00, 3, 38, 28, 27, 12257, NULL),
(609, 326, 126, 5, 9.00, NULL, 0.00, 9.00, 0, 36, 28, 27, NULL, NULL),
(610, 2, 126, 2, 200.00, NULL, 0.00, 200.00, 0, 46, 28, 27, NULL, NULL),
(611, 416, 126, 1, 90.00, NULL, 0.00, 100.00, 0, 206, 28, 27, NULL, NULL),
(612, 328, 126, 2, 22.00, NULL, 0.00, 22.00, 0, 39, 28, 27, NULL, NULL),
(613, 276, 126, 1, 160.00, NULL, 0.00, 160.00, 0, 58, 28, 27, NULL, NULL),
(614, 101, 126, 1, 65.00, 0.00, 0.00, 65.00, 0, 47, 28, 27, NULL, NULL),
(615, 312, 127, 1, 115.00, NULL, 0.00, 115.00, 1, 22, 28, 27, 12257, '-'),
(616, 334, 127, 1, 22.00, NULL, 0.00, 22.00, 1, 37, 28, 27, 12257, '-'),
(617, 326, 127, 1, 9.00, NULL, 0.00, 9.00, 0, 36, 28, 27, NULL, '-'),
(618, 465, 127, 1, 144.00, NULL, 0.00, 144.00, 1, 264, 28, 27, 12257, '-'),
(619, 341, 127, 7, 18.43, NULL, 0.00, 18.43, 0, 140, 28, 27, NULL, '-'),
(620, 413, 127, 1, 70.00, NULL, 0.00, 70.00, 0, 102, 28, 27, NULL, '-'),
(621, 28, 127, 1, 246.53, 0.00, 0.00, 246.53, 1, 179, 28, 27, 12257, '-'),
(622, 458, 127, 1, 155.55, NULL, 0.00, 155.55, 1, 326, 28, 27, 12257, '-'),
(623, 468, 127, 1, 80.22, NULL, 0.00, 80.22, 0, 268, 28, 27, NULL, '-'),
(624, 469, 128, 1, 46.47, NULL, 0.00, 46.47, 0, 269, 16, 16, NULL, '-'),
(625, 444, 129, 1, 90.00, NULL, 0.00, 90.00, 0, 329, 28, 27, NULL, '-'),
(626, 466, 130, 1, 212.50, NULL, 0.00, 212.50, 0, 266, 16, 16, NULL, '-'),
(627, 300, 130, 2, 140.00, NULL, 0.00, 140.00, 2, 10, 16, 16, 12257, '-'),
(628, 417, 130, 1, 70.00, NULL, 0.00, 70.00, 0, 106, 16, 16, NULL, '-'),
(629, 469, 130, 2, 46.47, NULL, 0.00, 46.47, 0, 269, 16, 16, NULL, '-'),
(630, 183, 130, 1, 94.60, 0.00, 0.00, 94.60, 0, 279, 16, 16, NULL, '-'),
(631, 334, 130, 1, 22.00, NULL, 0.00, 22.00, 0, 37, 16, 16, NULL, '-'),
(632, 326, 130, 1, 9.00, NULL, 0.00, 9.00, 0, 36, 16, 16, NULL, '-'),
(633, 299, 131, 1, 85.00, NULL, 0.00, 85.00, 0, 9, 16, 16, NULL, '-'),
(634, 367, 132, 1, 80.20, NULL, 0.00, 80.20, 0, 132, 28, 27, NULL, '-'),
(635, 28, 132, 1, 246.53, 0.00, 0.00, 246.53, 0, 179, 28, 27, NULL, '-'),
(636, 15, 132, 1, 25.00, 0.00, 0.00, 25.00, 0, 44, 28, 27, NULL, 'TDS'),
(637, 326, 132, 1, 9.00, NULL, 0.00, 9.00, 0, 36, 28, 27, NULL, '-'),
(638, 422, 132, 1, 50.00, NULL, 0.00, 60.00, 1, 204, 28, 27, 12257, '-'),
(639, 419, 133, 1, 50.00, NULL, 0.00, 50.00, 0, 108, 16, 16, NULL, '-'),
(640, 302, 134, 1, 225.00, NULL, 0.00, 225.00, 1, 11, 22, 22, 12257, 'TDS'),
(641, 326, 134, 1, 9.00, NULL, 0.00, 9.00, 0, 36, 22, 22, NULL, '-'),
(642, 508, 135, 1, 382.50, NULL, 0.00, 226.03, 0, 299, 22, 22, NULL, 'TDS'),
(643, 413, 136, 1, 70.00, NULL, 0.00, 70.00, 0, 102, 28, 27, NULL, '-'),
(644, 15, 137, 1, 25.00, 0.00, 0.00, 25.00, 0, 44, 26, 26, NULL, 'BD'),
(645, 15, 138, 1, 25.00, 0.00, 0.00, 25.00, 0, 44, 22, 22, NULL, 'TDS'),
(646, 101, 139, 1, 65.00, 0.00, 0.00, 65.00, 0, 47, 26, 26, NULL, NULL),
(647, 311, 139, 1, 70.00, NULL, 0.00, 70.00, 0, 21, 26, 26, NULL, NULL),
(648, 418, 139, 1, 90.00, NULL, 0.00, 90.00, 0, 325, 26, 26, NULL, NULL),
(649, 276, 139, 1, 160.00, NULL, 0.00, 160.00, 0, 58, 26, 26, NULL, NULL),
(650, 92, 139, 3, 73.00, 0.00, 0.00, 73.00, 0, 75, 26, 26, NULL, NULL),
(651, 402, 139, 1, 190.00, NULL, 0.00, 190.00, 0, 166, 26, 26, NULL, NULL),
(652, 272, 139, 1, 26.67, NULL, 0.00, 26.67, 0, 48, 26, 26, NULL, NULL),
(653, 19, 139, 1, 225.00, 0.00, 0.00, 225.00, 0, 57, 26, 26, NULL, NULL),
(654, 326, 139, 3, 9.00, NULL, 0.00, 9.00, 0, 36, 26, 26, NULL, NULL),
(655, 331, 139, 2, 5.70, NULL, 0.00, 5.70, 0, 59, 26, 26, NULL, NULL),
(656, 270, 139, 1, 41.00, NULL, 0.00, 41.00, 0, 41, 26, 26, NULL, NULL),
(657, 271, 139, 1, 69.00, NULL, 0.00, 69.00, 0, 42, 26, 26, NULL, NULL),
(658, 501, 139, 1, 70.00, NULL, 0.00, 70.00, 0, 309, 26, 26, NULL, NULL),
(659, 257, 139, 1, 43.00, 0.00, 0.00, 43.00, 0, 74, 26, 26, NULL, NULL),
(660, 508, 140, 1, 382.50, NULL, 0.00, 226.03, 0, 299, 22, 22, NULL, '-'),
(661, 326, 140, 1, 9.00, NULL, 0.00, 9.00, 0, 36, 22, 22, NULL, '-'),
(662, 413, 141, 1, 70.00, NULL, 0.00, 70.00, 0, 102, 26, 26, NULL, '-'),
(663, 468, 141, 1, 80.22, NULL, 0.00, 80.22, 0, 268, 26, 26, NULL, '-'),
(664, 311, 141, 1, 70.00, NULL, 0.00, 70.00, 0, 21, 26, 26, NULL, '-'),
(665, 508, 141, 1, 382.50, NULL, 0.00, 226.03, 0, 299, 26, 26, NULL, '-'),
(666, 15, 141, 1, 25.00, 0.00, 0.00, 25.00, 0, 44, 26, 26, NULL, '-'),
(667, 326, 141, 1, 9.00, NULL, 0.00, 9.00, 0, 36, 26, 26, NULL, '-'),
(668, 28, 142, 1, 246.53, 0.00, 0.00, 246.53, 0, 179, 28, 27, NULL, '-'),
(669, 468, 142, 1, 80.22, NULL, 0.00, 80.22, 0, 268, 28, 27, NULL, '-'),
(670, 312, 142, 1, 115.00, NULL, 0.00, 115.00, 0, 22, 28, 27, NULL, '-'),
(671, 306, 142, 1, 95.00, NULL, 0.00, 95.00, 0, 16, 28, 27, NULL, '-'),
(672, 422, 142, 1, 50.00, NULL, 0.00, 60.00, 0, 204, 28, 27, NULL, '-'),
(673, 326, 142, 1, 9.00, NULL, 0.00, 9.00, 0, 36, 28, 27, NULL, '-'),
(674, 299, 143, 1, 85.00, NULL, 0.00, 85.00, 0, 9, 16, 16, NULL, '-'),
(675, 493, 143, 1, 94.60, NULL, 0.00, 94.61, 0, 293, 16, 16, NULL, '-'),
(676, 326, 143, 1, 9.00, NULL, 0.00, 9.00, 0, 36, 16, 16, NULL, '-'),
(677, 466, 143, 1, 212.50, NULL, 0.00, 212.50, 0, 266, 16, 16, NULL, '-'),
(678, 467, 143, 1, 338.30, NULL, 0.00, 338.30, 0, 267, 16, 16, NULL, '-'),
(679, 312, 144, 1, 115.00, NULL, 0.00, 115.00, 0, 22, 22, 22, NULL, '-'),
(680, 306, 144, 1, 95.00, NULL, 0.00, 95.00, 0, 16, 22, 22, NULL, '-'),
(681, 312, 145, 1, 115.00, NULL, 0.00, 115.00, 0, 22, 26, 26, NULL, '-'),
(682, 454, 146, 1, 7.50, NULL, 0.00, 7.50, 0, 224, 22, 22, NULL, '-'),
(683, 468, 146, 1, 80.22, NULL, 0.00, 80.22, 0, 268, 22, 22, NULL, '-'),
(684, 475, 147, 1, 40.80, NULL, 0.00, 40.80, 0, 270, 21, 21, NULL, '-'),
(685, 331, 147, 1, 5.70, NULL, 0.00, 5.70, 0, 59, 21, 21, NULL, '-'),
(686, 482, 148, 1, 1610.00, NULL, 0.00, 1550.00, 0, 301, 29, 30, NULL, NULL),
(687, 483, 148, 1, 460.00, NULL, 0.00, 550.00, 0, 300, 29, 30, NULL, NULL),
(688, 418, 148, 1, 90.00, NULL, 0.00, 90.00, 0, 325, 29, 30, NULL, NULL),
(689, 15, 148, 1, 25.00, 0.00, 0.00, 25.00, 0, 44, 29, 30, NULL, NULL),
(690, 326, 148, 3, 9.00, NULL, 0.00, 9.00, 0, 36, 29, 30, NULL, NULL),
(691, 272, 148, 1, 26.67, NULL, 0.00, 26.67, 0, 48, 29, 30, NULL, NULL),
(692, 484, 148, 1, 130.00, NULL, 0.00, 100.00, 0, 302, 29, 30, NULL, NULL),
(693, 379, 149, 10, 6.55, NULL, 0.00, 6.55, 0, 146, 21, 21, NULL, 'BD'),
(694, 530, 149, 10, 26.39, NULL, 0.00, 26.39, 0, 330, 21, 21, NULL, 'BD'),
(695, 323, 150, 10, 47.50, NULL, 0.00, 47.50, 0, 33, 26, 26, NULL, 'BD'),
(696, 379, 150, 10, 6.55, NULL, 0.00, 6.55, 0, 146, 26, 26, NULL, 'BD'),
(697, 458, 150, 1, 155.55, NULL, 0.00, 155.55, 0, 332, 26, 26, NULL, '-'),
(698, 403, 150, 10, 3.12, NULL, 0.00, 3.12, 0, 167, 26, 26, NULL, 'BD'),
(699, 323, 151, 10, 47.50, NULL, 0.00, 47.50, 10, 33, 26, 26, 12257, 'BD'),
(700, 379, 151, 10, 6.55, NULL, 0.00, 6.55, 10, 146, 26, 26, 12257, 'BD'),
(701, 403, 151, 10, 3.12, NULL, 0.00, 3.12, 10, 331, 26, 26, 12257, 'BD'),
(702, 323, 152, 10, 47.50, NULL, 0.00, 47.50, 0, 33, 22, 22, NULL, 'BD'),
(703, 403, 152, 15, 3.12, NULL, 0.00, 3.12, 0, 331, 22, 22, NULL, 'TDS'),
(704, 457, 152, 1, 382.50, NULL, 0.00, 382.50, 0, 227, 22, 22, NULL, 'TDS'),
(705, 379, 152, 10, 6.55, NULL, 0.00, 6.55, 0, 146, 22, 22, NULL, 'BD'),
(706, 398, 153, 1, 243.55, NULL, 0.00, 243.55, 0, 163, 22, 22, NULL, '-'),
(707, 425, 154, 10, 40.47, NULL, 0.00, 40.47, 0, 181, 28, 27, NULL, 'BD'),
(708, 379, 154, 10, 6.55, NULL, 0.00, 6.55, 0, 146, 28, 27, NULL, '-'),
(709, 458, 154, 1, 155.55, NULL, 0.00, 155.55, 0, 334, 28, 27, NULL, '-'),
(710, 469, 155, 1, 46.47, NULL, 0.00, 46.47, 0, 269, 16, 16, NULL, '-'),
(711, 156, 156, 1, 82.00, 0.00, 0.00, 82.00, 0, 79, 30, 32, NULL, '-'),
(712, 326, 156, 1, 9.00, NULL, 0.00, 9.00, 0, 36, 30, 32, NULL, '-'),
(713, 272, 156, 1, 26.67, NULL, 0.00, 26.67, 0, 48, 30, 32, NULL, '-');
INSERT INTO `sale_details` (`SDID`, `ProductID`, `SaleID`, `Quantity`, `UnitePrice`, `taxPercentage`, `taxAmount`, `PurchasePrice`, `ReturnQuantity`, `GDID`, `patient_id`, `admission_id`, `return_by`, `dose_type`) VALUES
(714, 482, 157, 1, 1610.00, NULL, 0.00, 1550.00, 0, 301, 32, 35, NULL, NULL),
(715, 483, 157, 1, 460.00, NULL, 0.00, 550.00, 0, 300, 32, 35, NULL, NULL),
(716, 484, 157, 1, 130.00, NULL, 0.00, 100.00, 0, 302, 32, 35, NULL, NULL),
(717, 15, 157, 1, 25.00, 0.00, 0.00, 25.00, 0, 44, 32, 35, NULL, NULL),
(718, 326, 157, 3, 9.00, NULL, 0.00, 9.00, 0, 36, 32, 35, NULL, NULL),
(719, 418, 157, 1, 90.00, NULL, 0.00, 90.00, 0, 325, 32, 35, NULL, NULL),
(720, 272, 157, 1, 26.67, NULL, 0.00, 26.67, 0, 48, 32, 35, NULL, NULL),
(721, 3, 158, 1, 280.00, 0.00, 0.00, 280.00, 0, 45, 30, 32, NULL, NULL),
(722, 405, 158, 1, 40.00, NULL, 0.00, 38.00, 0, 93, 30, 32, NULL, NULL),
(723, 2, 158, 1, 200.00, 0.00, 0.00, 200.00, 0, 46, 30, 32, NULL, NULL),
(724, 4, 158, 1, 4.50, 0.00, 0.00, 4.50, 0, 54, 30, 32, NULL, NULL),
(725, 409, 158, 1, 35.00, NULL, 0.00, 35.00, 0, 95, 30, 32, NULL, NULL),
(726, 165, 158, 1, 44.00, 0.00, 0.00, 53.00, 0, 101, 30, 32, NULL, NULL),
(727, 308, 158, 1, 7.60, NULL, 0.00, 7.60, 0, 18, 30, 32, NULL, NULL),
(728, 415, 158, 2, 70.00, NULL, 0.00, 70.00, 0, 104, 30, 32, NULL, NULL),
(729, 334, 158, 1, 22.00, NULL, 0.00, 22.00, 0, 37, 30, 32, NULL, NULL),
(730, 92, 158, 2, 73.00, 0.00, 0.00, 75.00, 0, 99, 30, 32, NULL, NULL),
(731, 270, 158, 2, 41.00, NULL, 0.00, 41.00, 0, 41, 30, 32, NULL, NULL),
(732, 445, 158, 1, 55.00, NULL, 0.00, 55.00, 0, 198, 30, 32, NULL, NULL),
(733, 264, 158, 1, 122.00, 0.00, 0.00, 125.00, 0, 218, 30, 32, NULL, NULL),
(734, 5, 158, 1, 36.00, 0.00, 0.00, 36.00, 0, 56, 30, 32, NULL, NULL),
(735, 331, 158, 3, 5.70, NULL, 0.00, 5.70, 0, 59, 30, 32, NULL, NULL),
(736, 326, 158, 5, 9.00, NULL, 0.00, 9.00, 0, 36, 30, 32, NULL, NULL),
(737, 265, 158, 1, 75.00, 0.00, 0.00, 75.00, 0, 88, 30, 32, NULL, NULL),
(738, 440, 158, 1, 188.09, NULL, 0.00, 195.00, 0, 213, 30, 32, NULL, NULL),
(739, 413, 159, 1, 70.00, NULL, 0.00, 70.00, 1, 102, 33, 36, 12257, '-'),
(740, 15, 159, 1, 25.00, 0.00, 0.00, 25.00, 0, 44, 33, 36, NULL, '-'),
(741, 466, 160, 1, 212.50, NULL, 0.00, 212.50, 0, 266, 34, 37, NULL, '-'),
(742, 272, 160, 1, 26.67, NULL, 0.00, 26.67, 0, 48, 34, 37, NULL, '-'),
(743, 326, 160, 1, 9.00, NULL, 0.00, 9.00, 0, 36, 34, 37, NULL, '-'),
(744, 334, 160, 1, 22.00, NULL, 0.00, 22.00, 0, 37, 34, 37, NULL, '-'),
(745, 158, 160, 1, 82.00, 0.00, 0.00, 82.00, 0, 77, 34, 37, NULL, '-'),
(746, 158, 161, 1, 82.00, 0.00, 0.00, 82.00, 0, 77, 34, 37, NULL, '-'),
(747, 3, 162, 1, 280.00, NULL, 0.00, 280.00, 0, 45, 33, 36, NULL, NULL),
(748, 405, 162, 1, 40.00, NULL, 0.00, 38.00, 1, 93, 33, 36, 12257, NULL),
(749, 2, 162, 2, 200.00, NULL, 0.00, 200.00, 1, 46, 33, 36, 12257, NULL),
(750, 4, 162, 1, 4.50, NULL, 0.00, 4.50, 0, 54, 33, 36, NULL, NULL),
(751, 408, 162, 1, 62.00, NULL, 0.00, 62.00, 0, 94, 33, 36, NULL, NULL),
(752, 290, 162, 6, 7.50, NULL, 0.00, 7.50, 2, 55, 33, 36, 12257, NULL),
(753, 465, 162, 1, 144.00, NULL, 0.00, 144.00, 1, 264, 33, 36, 12257, NULL),
(754, 525, 162, 1, 160.00, NULL, 0.00, 160.00, 1, 321, 33, 36, 12257, NULL),
(755, 165, 162, 1, 44.00, NULL, 0.00, 53.00, 1, 101, 33, 36, 12257, NULL),
(756, 468, 162, 1, 80.22, NULL, 0.00, 80.22, 0, 268, 33, 36, NULL, NULL),
(757, 449, 162, 1, 460.00, NULL, 0.00, 460.00, 0, 214, 33, 36, NULL, NULL),
(758, 308, 162, 1, 7.60, NULL, 0.00, 7.60, 0, 18, 33, 36, NULL, NULL),
(759, 411, 162, 2, 48.00, NULL, 0.00, 48.00, 2, 100, 33, 36, 12257, NULL),
(760, 418, 162, 1, 90.00, NULL, 0.00, 90.00, 1, 325, 33, 36, 12257, NULL),
(761, 416, 162, 2, 90.00, NULL, 0.00, 100.00, 0, 206, 33, 36, NULL, NULL),
(762, 447, 162, 1, 2.40, NULL, 0.00, 3.80, 0, 210, 33, 36, NULL, NULL),
(763, 334, 162, 2, 22.00, NULL, 0.00, 22.00, 1, 37, 33, 36, 12257, NULL),
(764, 92, 162, 4, 73.00, NULL, 0.00, 75.00, 2, 99, 33, 36, 12257, NULL),
(765, 270, 162, 4, 41.00, NULL, 0.00, 41.00, 2, 41, 33, 36, 12257, NULL),
(766, 263, 162, 1, 160.00, NULL, 0.00, 160.00, 0, 51, 33, 36, NULL, NULL),
(767, 264, 162, 1, 122.00, NULL, 0.00, 125.00, 0, 218, 33, 36, NULL, NULL),
(768, 5, 162, 2, 36.00, NULL, 0.00, 36.00, 1, 56, 33, 36, 12257, NULL),
(769, 327, 162, 5, 12.00, NULL, 0.00, 12.00, 2, 38, 33, 36, 12257, NULL),
(770, 326, 162, 5, 9.00, NULL, 0.00, 9.00, 2, 36, 33, 36, 12257, NULL),
(771, 328, 162, 2, 22.00, NULL, 0.00, 22.00, 0, 39, 33, 36, NULL, NULL),
(772, 265, 162, 2, 75.00, NULL, 0.00, 75.00, 0, 88, 33, 36, NULL, NULL),
(773, 469, 163, 1, 46.47, NULL, 0.00, 46.47, 0, 269, 33, 36, NULL, NULL),
(774, 183, 163, 1, 94.60, 0.00, 0.00, 94.60, 0, 279, 33, 36, NULL, NULL),
(775, 441, 164, 1, 59.29, NULL, 0.00, 59.29, 0, 351, 33, 36, NULL, NULL),
(776, 509, 164, 1, 9.71, NULL, 0.00, 9.71, 0, 303, 33, 36, NULL, NULL),
(777, 475, 165, 1, 40.80, NULL, 0.00, 40.80, 0, 270, 33, 36, NULL, '-'),
(778, 411, 165, 1, 48.00, NULL, 0.00, 48.00, 0, 100, 33, 36, NULL, '-'),
(779, 326, 165, 1, 9.00, NULL, 0.00, 9.00, 0, 36, 33, 36, NULL, '-'),
(780, 327, 165, 1, 12.00, NULL, 0.00, 12.00, 0, 38, 33, 36, NULL, '-'),
(781, 508, 165, 1, 382.50, NULL, 0.00, 226.03, 0, 299, 33, 36, NULL, '-'),
(782, 415, 166, 1, 70.00, NULL, 0.00, 70.00, 0, 104, 33, 36, NULL, 'TDS'),
(783, 15, 166, 1, 25.00, 0.00, 0.00, 25.00, 0, 44, 33, 36, NULL, '-'),
(784, 467, 167, 1, 338.30, NULL, 0.00, 338.30, 0, 267, 16, 16, NULL, '-'),
(785, 299, 167, 1, 85.00, NULL, 0.00, 85.00, 0, 9, 16, 16, NULL, '-'),
(786, 506, 167, 1, 100.00, NULL, 0.00, 100.00, 0, 291, 16, 16, NULL, '-'),
(787, 469, 167, 2, 46.47, NULL, 0.00, 46.47, 0, 269, 16, 16, NULL, 'TDS'),
(788, 15, 167, 1, 25.00, 0.00, 0.00, 25.00, 0, 44, 16, 16, NULL, 'TDS'),
(789, 326, 167, 1, 9.00, NULL, 0.00, 9.00, 0, 36, 16, 16, NULL, '-'),
(790, 506, 168, 1, 100.00, NULL, 0.00, 100.00, 0, 291, 16, 16, NULL, '-'),
(791, 15, 168, 1, 25.00, 0.00, 0.00, 25.00, 0, 44, 16, 16, NULL, '-'),
(792, 326, 168, 1, 9.00, NULL, 0.00, 9.00, 0, 36, 16, 16, NULL, 'BD'),
(793, 508, 169, 1, 382.50, NULL, 0.00, 226.03, 0, 299, 30, 32, NULL, 'OD'),
(794, 326, 169, 1, 9.00, NULL, 0.00, 9.00, 0, 36, 30, 32, NULL, '-'),
(795, 331, 169, 1, 5.70, NULL, 0.00, 5.70, 0, 59, 30, 32, NULL, '-'),
(796, 475, 169, 1, 40.80, NULL, 0.00, 40.80, 0, 270, 30, 32, NULL, '-'),
(797, 467, 170, 1, 338.30, NULL, 0.00, 338.30, 0, 267, 16, 16, NULL, '-'),
(798, 466, 170, 1, 212.50, NULL, 0.00, 212.50, 0, 266, 16, 16, NULL, '-'),
(799, 299, 170, 1, 85.00, NULL, 0.00, 85.00, 0, 9, 16, 16, NULL, '-'),
(800, 326, 170, 1, 9.00, NULL, 0.00, 9.00, 0, 36, 16, 16, NULL, '-'),
(801, 375, 171, 1, 90.00, NULL, 0.00, 90.00, 0, 143, 16, 16, NULL, 'TDS'),
(802, 376, 171, 1, 118.00, NULL, 0.00, 118.00, 0, 171, 16, 16, NULL, 'TDS'),
(803, 544, 171, 1, 76.66, NULL, 0.00, 76.66, 0, 352, 16, 16, NULL, 'OD'),
(804, 158, 172, 1, 82.00, 0.00, 0.00, 82.00, 0, 77, 16, 16, NULL, '-'),
(805, 28, 173, 2, 246.53, 0.00, 0.00, 246.53, 0, 179, 11, 11, NULL, '-'),
(806, 157, 174, 1, 82.00, 0.00, 0.00, 82.00, 0, 78, 38, 41, NULL, '-'),
(807, 272, 174, 1, 26.67, NULL, 0.00, 26.67, 0, 48, 38, 41, NULL, '-'),
(808, 326, 175, 1, 9.00, NULL, 0.00, 9.00, 0, 36, 33, 36, NULL, '-'),
(809, 308, 175, 1, 7.60, NULL, 0.00, 7.60, 0, 18, 33, 36, NULL, '-'),
(810, 326, 176, 1, 9.00, NULL, 0.00, 9.00, 0, 36, 38, 41, NULL, '-'),
(811, 426, 177, 1, 174.62, NULL, 0.00, 174.62, 0, 180, 33, 36, NULL, 'BD'),
(812, 375, 177, 1, 90.00, NULL, 0.00, 90.00, 0, 143, 33, 36, NULL, 'TDS'),
(813, 157, 178, 1, 82.00, 0.00, 0.00, 82.00, 0, 78, 41, 44, NULL, '-'),
(814, 272, 178, 1, 26.67, NULL, 0.00, 26.67, 0, 48, 41, 44, NULL, '-'),
(815, 475, 179, 1, 40.80, NULL, 0.00, 40.80, 0, 270, 34, 37, NULL, '-'),
(816, 508, 179, 1, 382.50, NULL, 0.00, 226.03, 0, 299, 34, 37, NULL, '-'),
(817, 307, 179, 1, 8.20, NULL, 0.00, 8.20, 0, 17, 34, 37, NULL, '-'),
(818, 316, 179, 1, 40.00, NULL, 0.00, 40.00, 0, 26, 34, 37, NULL, '-'),
(819, 326, 179, 1, 9.00, NULL, 0.00, 9.00, 0, 36, 34, 37, NULL, '-'),
(820, 549, 180, 1, 43.40, NULL, 0.00, 43.40, 0, 370, 33, 36, NULL, 'TDS'),
(821, 441, 181, 1, 59.29, NULL, 0.00, 60.77, 0, 368, 30, 32, NULL, 'TDS'),
(822, 429, 181, 6, 31.98, NULL, 0.00, 31.98, 0, 184, 30, 32, NULL, 'BD'),
(823, 507, 181, 1, 65.45, NULL, 0.00, 65.45, 0, 294, 30, 32, NULL, '-'),
(824, 378, 181, 10, 15.40, NULL, 0.00, 15.40, 0, 145, 30, 32, NULL, 'BD'),
(825, 467, 182, 1, 338.30, NULL, 0.00, 338.30, 0, 267, 41, 44, NULL, '-'),
(826, 546, 182, 1, 75.00, NULL, 0.00, 75.00, 0, 354, 41, 44, NULL, '-'),
(827, 400, 182, 2, 137.85, NULL, 0.00, 137.85, 0, 164, 41, 44, NULL, '-'),
(828, 415, 182, 1, 70.00, NULL, 0.00, 75.00, 0, 205, 41, 44, NULL, '-'),
(829, 326, 182, 1, 9.00, NULL, 0.00, 9.00, 0, 36, 41, 44, NULL, '-'),
(830, 15, 182, 1, 25.00, 0.00, 0.00, 25.00, 0, 44, 41, 44, NULL, '-'),
(831, 307, 183, 1, 8.20, NULL, 0.00, 8.20, 0, 17, 41, 44, NULL, '-'),
(832, 447, 183, 1, 2.40, NULL, 0.00, 3.80, 0, 210, 41, 44, NULL, '-'),
(833, 467, 184, 2, 338.30, NULL, 0.00, 338.30, 0, 267, 40, 42, NULL, '-'),
(834, 546, 184, 1, 75.00, NULL, 0.00, 75.00, 0, 354, 40, 42, NULL, '-'),
(835, 400, 184, 2, 137.85, NULL, 0.00, 137.85, 0, 164, 40, 42, NULL, '-'),
(836, 418, 184, 1, 90.00, NULL, 0.00, 90.00, 0, 325, 40, 42, NULL, '-'),
(837, 422, 184, 2, 50.00, NULL, 0.00, 60.00, 1, 204, 40, 42, 12257, '-'),
(838, 15, 184, 1, 25.00, 0.00, 0.00, 25.00, 0, 44, 40, 42, NULL, '-'),
(839, 330, 184, 1, 17.00, NULL, 0.00, 17.00, 0, 40, 40, 42, NULL, '-'),
(840, 274, 185, 10, 6.60, NULL, 0.00, 6.60, 0, 52, 37, 40, NULL, NULL),
(841, 416, 185, 1, 90.00, NULL, 0.00, 100.00, 0, 206, 37, 40, NULL, NULL),
(842, 157, 185, 1, 82.00, NULL, 0.00, 82.00, 0, 78, 37, 40, NULL, NULL),
(843, 272, 185, 1, 26.67, NULL, 0.00, 26.67, 0, 48, 37, 40, NULL, NULL),
(844, 433, 185, 1, 18.00, NULL, 0.00, 18.00, 0, 188, 37, 40, NULL, NULL),
(845, 436, 185, 1, 38.00, NULL, 0.00, 62.00, 0, 219, 37, 40, NULL, NULL),
(846, 273, 185, 1, 41.00, NULL, 0.00, 41.00, 0, 50, 37, 40, NULL, NULL),
(847, 279, 185, 15, 16.33, NULL, 0.00, 16.33, 0, 62, 37, 40, NULL, NULL),
(848, 448, 185, 5, 1.40, NULL, 0.00, 1.40, 0, 211, 37, 40, NULL, NULL),
(849, 334, 185, 1, 22.00, NULL, 0.00, 22.00, 0, 37, 37, 40, NULL, NULL),
(850, 326, 185, 2, 9.00, NULL, 0.00, 9.00, 0, 36, 37, 40, NULL, NULL),
(851, 327, 185, 2, 12.00, NULL, 0.00, 12.00, 0, 38, 37, 40, NULL, NULL),
(852, 19, 185, 1, 225.00, NULL, 0.00, 225.00, 0, 57, 37, 40, NULL, NULL),
(853, 92, 185, 1, 73.00, NULL, 0.00, 75.00, 0, 99, 37, 40, NULL, NULL),
(854, 275, 185, 1, 191.67, NULL, 0.00, 191.67, 0, 80, 37, 40, NULL, NULL),
(855, 429, 186, 10, 31.98, NULL, 0.00, 31.98, 0, 184, 37, 40, NULL, '-'),
(856, 403, 186, 10, 3.12, NULL, 0.00, 3.12, 0, 331, 37, 40, NULL, 'BD'),
(857, 307, 187, 1, 8.20, NULL, 0.00, 8.20, 0, 17, 38, 41, NULL, '-'),
(858, 447, 187, 1, 2.40, NULL, 0.00, 3.80, 0, 210, 38, 41, NULL, '-'),
(859, 490, 188, 1, 633.25, NULL, 0.00, 633.25, 0, 282, 38, 41, NULL, '-'),
(860, 334, 188, 1, 22.00, NULL, 0.00, 22.00, 0, 37, 38, 41, NULL, '-'),
(861, 326, 188, 1, 9.00, NULL, 0.00, 9.00, 0, 36, 38, 41, NULL, '-'),
(862, 419, 188, 1, 50.00, NULL, 0.00, 50.00, 0, 108, 38, 41, NULL, '-'),
(863, 418, 188, 4, 90.00, NULL, 0.00, 90.00, 3, 325, 38, 41, 12257, '-'),
(864, 418, 188, 1, 90.00, NULL, 0.00, 90.00, 0, 355, 38, 41, NULL, '-'),
(865, 101, 189, 1, 65.00, 0.00, 0.00, 65.00, 0, 47, 38, 41, NULL, NULL),
(866, 449, 189, 1, 460.00, NULL, 0.00, 460.00, 0, 214, 38, 41, NULL, NULL),
(867, 308, 189, 1, 7.60, NULL, 0.00, 7.60, 0, 18, 38, 41, NULL, NULL),
(868, 416, 189, 1, 90.00, NULL, 0.00, 100.00, 0, 206, 38, 41, NULL, NULL),
(869, 276, 189, 1, 160.00, NULL, 0.00, 160.00, 0, 58, 38, 41, NULL, NULL),
(870, 334, 189, 1, 22.00, NULL, 0.00, 22.00, 0, 37, 38, 41, NULL, NULL),
(871, 326, 189, 3, 9.00, NULL, 0.00, 9.00, 0, 36, 38, 41, NULL, NULL),
(872, 270, 189, 3, 41.00, NULL, 0.00, 41.00, 0, 41, 38, 41, NULL, NULL),
(873, 555, 189, 1, 450.00, NULL, 0.00, 450.00, 0, 360, 38, 41, NULL, NULL),
(874, 259, 189, 1, 5.00, 0.00, 0.00, 5.00, 0, 67, 38, 41, NULL, NULL),
(875, 257, 189, 5, 43.00, 0.00, 0.00, 43.00, 0, 74, 38, 41, NULL, NULL),
(876, 92, 189, 5, 73.00, 0.00, 0.00, 75.00, 0, 99, 38, 41, NULL, NULL),
(877, 418, 189, 1, 90.00, NULL, 0.00, 90.00, 0, 355, 38, 41, NULL, NULL),
(878, 348, 189, 1, 382.00, NULL, 0.00, 382.00, 0, 114, 38, 41, NULL, NULL),
(879, 482, 190, 1, 1610.00, NULL, 0.00, 1550.00, 0, 301, 43, 47, NULL, '-'),
(880, 483, 190, 1, 460.00, NULL, 0.00, 550.00, 0, 300, 43, 47, NULL, '-'),
(881, 418, 190, 1, 90.00, NULL, 0.00, 90.00, 0, 355, 43, 47, NULL, '-'),
(882, 327, 190, 1, 12.00, NULL, 0.00, 12.00, 0, 38, 43, 47, NULL, '-'),
(883, 326, 190, 1, 9.00, NULL, 0.00, 9.00, 0, 36, 43, 47, NULL, '-'),
(884, 272, 190, 1, 26.67, NULL, 0.00, 26.67, 0, 48, 43, 47, NULL, '-'),
(885, 484, 190, 1, 130.00, NULL, 0.00, 100.00, 0, 302, 43, 47, NULL, '-'),
(886, 482, 191, 1, 1610.00, NULL, 0.00, 1550.00, 0, 301, 19, 45, NULL, '-'),
(887, 483, 191, 1, 460.00, NULL, 0.00, 550.00, 0, 300, 19, 45, NULL, '-'),
(888, 418, 191, 1, 90.00, NULL, 0.00, 90.00, 0, 355, 19, 45, NULL, '-'),
(889, 327, 191, 1, 12.00, NULL, 0.00, 12.00, 0, 38, 19, 45, NULL, '-'),
(890, 326, 191, 1, 9.00, NULL, 0.00, 9.00, 0, 36, 19, 45, NULL, '-'),
(891, 272, 191, 1, 26.67, NULL, 0.00, 26.67, 0, 48, 19, 45, NULL, '-'),
(892, 484, 191, 1, 130.00, NULL, 0.00, 100.00, 0, 302, 19, 45, NULL, '-'),
(893, 482, 192, 1, 1610.00, NULL, 0.00, 1550.00, 0, 301, 39, 43, NULL, '-'),
(894, 483, 192, 1, 460.00, NULL, 0.00, 550.00, 0, 300, 39, 43, NULL, '-'),
(895, 418, 192, 1, 90.00, NULL, 0.00, 90.00, 0, 355, 39, 43, NULL, '-'),
(896, 334, 192, 1, 22.00, NULL, 0.00, 22.00, 0, 37, 39, 43, NULL, '-'),
(897, 326, 192, 1, 9.00, NULL, 0.00, 9.00, 0, 36, 39, 43, NULL, '-'),
(898, 331, 192, 1, 5.70, NULL, 0.00, 5.70, 0, 59, 39, 43, NULL, '-'),
(899, 272, 192, 1, 26.67, NULL, 0.00, 26.67, 0, 48, 39, 43, NULL, '-'),
(900, 484, 192, 1, 130.00, NULL, 0.00, 100.00, 0, 302, 39, 43, NULL, '-'),
(901, 482, 193, 1, 1610.00, NULL, 0.00, 1550.00, 0, 301, 42, 46, NULL, '-'),
(902, 483, 193, 1, 460.00, NULL, 0.00, 550.00, 0, 300, 42, 46, NULL, '-'),
(903, 418, 193, 1, 90.00, NULL, 0.00, 90.00, 0, 355, 42, 46, NULL, '-'),
(904, 334, 193, 1, 22.00, NULL, 0.00, 22.00, 0, 37, 42, 46, NULL, '-'),
(905, 327, 193, 1, 12.00, NULL, 0.00, 12.00, 0, 38, 42, 46, NULL, '-'),
(906, 326, 193, 1, 9.00, NULL, 0.00, 9.00, 0, 36, 42, 46, NULL, '-'),
(907, 272, 193, 1, 26.67, NULL, 0.00, 26.67, 0, 48, 42, 46, NULL, '-'),
(908, 484, 193, 1, 130.00, NULL, 0.00, 100.00, 0, 302, 42, 46, NULL, '-'),
(909, 482, 194, 1, 1610.00, NULL, 0.00, 1550.00, 0, 301, 35, 38, NULL, '-'),
(910, 483, 194, 1, 460.00, NULL, 0.00, 550.00, 0, 300, 35, 38, NULL, '-'),
(911, 418, 194, 1, 90.00, NULL, 0.00, 90.00, 0, 355, 35, 38, NULL, '-'),
(912, 327, 194, 1, 12.00, NULL, 0.00, 12.00, 0, 38, 35, 38, NULL, '-'),
(913, 272, 194, 1, 26.67, NULL, 0.00, 26.67, 0, 48, 35, 38, NULL, '-'),
(914, 484, 194, 1, 130.00, NULL, 0.00, 100.00, 0, 302, 35, 38, NULL, '-'),
(915, 546, 195, 1, 75.00, NULL, 0.00, 75.00, 0, 354, 41, 44, NULL, '-'),
(916, 15, 195, 1, 25.00, 0.00, 0.00, 25.00, 0, 44, 41, 44, NULL, 'TDS'),
(917, 326, 195, 1, 9.00, NULL, 0.00, 9.00, 0, 36, 41, 44, NULL, 'TDS'),
(918, 546, 196, 1, 75.00, NULL, 0.00, 75.00, 0, 354, 40, 42, NULL, 'TDS'),
(919, 411, 196, 1, 48.00, NULL, 0.00, 48.00, 0, 100, 40, 42, NULL, 'TDS'),
(920, 326, 196, 1, 9.00, NULL, 0.00, 9.00, 1, 36, 40, 42, 12257, 'TDS'),
(921, 15, 196, 1, 25.00, 0.00, 0.00, 25.00, 0, 44, 40, 42, NULL, 'TDS'),
(922, 447, 197, 1, 2.40, NULL, 0.00, 3.80, 1, 210, 40, 42, 12257, 'TDS'),
(923, 307, 197, 1, 8.20, NULL, 0.00, 8.20, 1, 17, 40, 42, 12257, 'TDS'),
(924, 326, 197, 1, 9.00, NULL, 0.00, 9.00, 0, 36, 40, 42, NULL, 'TDS'),
(925, 422, 198, 1, 50.00, NULL, 0.00, 60.00, 0, 204, 41, 44, NULL, 'TDS'),
(926, 15, 198, 1, 25.00, 0.00, 0.00, 25.00, 0, 44, 41, 44, NULL, '-'),
(927, 447, 198, 1, 2.40, NULL, 0.00, 3.80, 0, 210, 41, 44, NULL, 'TDS'),
(928, 307, 198, 1, 8.20, NULL, 0.00, 8.20, 0, 17, 41, 44, NULL, 'TDS'),
(929, 326, 198, 1, 9.00, NULL, 0.00, 9.00, 0, 36, 41, 44, NULL, 'HS'),
(930, 3, 199, 1, 280.00, 0.00, 0.00, 280.00, 0, 45, 41, 44, NULL, NULL),
(931, 405, 199, 1, 40.00, NULL, 0.00, 38.00, 0, 93, 41, 44, NULL, NULL),
(932, 5, 199, 1, 36.00, 0.00, 0.00, 36.00, 0, 56, 41, 44, NULL, NULL),
(933, 307, 199, 1, 8.20, NULL, 0.00, 8.20, 0, 17, 41, 44, NULL, NULL),
(934, 368, 199, 1, 33.00, NULL, 0.00, 33.00, 0, 133, 41, 44, NULL, NULL),
(935, 300, 199, 1, 140.00, NULL, 0.00, 140.00, 0, 10, 41, 44, NULL, NULL),
(936, 546, 199, 1, 75.00, NULL, 0.00, 75.00, 0, 354, 41, 44, NULL, NULL),
(937, 416, 199, 2, 90.00, NULL, 0.00, 100.00, 0, 206, 41, 44, NULL, NULL),
(938, 15, 199, 1, 25.00, 0.00, 0.00, 25.00, 0, 44, 41, 44, NULL, NULL),
(939, 275, 199, 1, 191.67, NULL, 0.00, 191.67, 0, 80, 41, 44, NULL, NULL),
(940, 270, 199, 1, 41.00, NULL, 0.00, 41.00, 0, 41, 41, 44, NULL, NULL),
(941, 92, 199, 2, 73.00, 0.00, 0.00, 75.00, 0, 216, 41, 44, NULL, NULL),
(942, 19, 199, 1, 225.00, 0.00, 0.00, 225.00, 0, 57, 41, 44, NULL, NULL),
(943, 157, 199, 1, 82.00, 0.00, 0.00, 82.00, 0, 78, 41, 44, NULL, NULL),
(944, 272, 199, 1, 26.67, NULL, 0.00, 26.67, 0, 48, 41, 44, NULL, NULL),
(945, 14, 199, 1, 175.00, 0.00, 0.00, 175.00, 0, 97, 41, 44, NULL, NULL),
(946, 326, 199, 1, 9.00, NULL, 0.00, 9.00, 0, 36, 41, 44, NULL, NULL),
(947, 331, 199, 1, 5.70, NULL, 0.00, 5.70, 0, 59, 41, 44, NULL, NULL),
(948, 328, 199, 2, 22.00, NULL, 0.00, 22.00, 0, 39, 41, 44, NULL, NULL),
(949, 257, 199, 1, 43.00, 0.00, 0.00, 43.00, 0, 74, 41, 44, NULL, NULL),
(950, 3, 200, 1, 280.00, NULL, 0.00, 280.00, 0, 45, 34, 37, NULL, NULL),
(951, 405, 200, 1, 40.00, NULL, 0.00, 38.00, 0, 93, 34, 37, NULL, NULL),
(952, 2, 200, 1, 200.00, NULL, 0.00, 200.00, 0, 46, 34, 37, NULL, NULL),
(953, 408, 200, 1, 62.00, NULL, 0.00, 62.00, 0, 94, 34, 37, NULL, NULL),
(954, 165, 200, 1, 44.00, NULL, 0.00, 53.00, 0, 101, 34, 37, NULL, NULL),
(955, 468, 200, 1, 80.22, NULL, 0.00, 80.22, 0, 268, 34, 37, NULL, NULL),
(956, 449, 200, 1, 460.00, NULL, 0.00, 460.00, 0, 214, 34, 37, NULL, NULL),
(957, 418, 200, 1, 90.00, NULL, 0.00, 90.00, 0, 355, 34, 37, NULL, NULL),
(958, 416, 200, 1, 90.00, NULL, 0.00, 100.00, 0, 206, 34, 37, NULL, NULL),
(959, 334, 200, 1, 22.00, NULL, 0.00, 22.00, 0, 37, 34, 37, NULL, NULL),
(960, 92, 200, 1, 73.00, NULL, 0.00, 75.00, 0, 216, 34, 37, NULL, NULL),
(961, 270, 200, 2, 41.00, NULL, 0.00, 41.00, 0, 41, 34, 37, NULL, NULL),
(962, 263, 200, 1, 160.00, NULL, 0.00, 160.00, 0, 51, 34, 37, NULL, NULL),
(963, 264, 200, 1, 122.00, NULL, 0.00, 125.00, 0, 218, 34, 37, NULL, NULL),
(964, 5, 200, 1, 36.00, NULL, 0.00, 36.00, 0, 56, 34, 37, NULL, NULL),
(965, 326, 200, 4, 9.00, NULL, 0.00, 9.00, 0, 36, 34, 37, NULL, NULL),
(966, 328, 200, 1, 22.00, NULL, 0.00, 22.00, 0, 39, 34, 37, NULL, NULL),
(967, 475, 201, 1, 40.80, NULL, 0.00, 40.80, 0, 350, 34, 37, NULL, '-'),
(968, 411, 201, 1, 48.00, NULL, 0.00, 48.00, 0, 100, 34, 37, NULL, '-'),
(969, 326, 201, 1, 9.00, NULL, 0.00, 9.00, 0, 36, 34, 37, NULL, 'OD'),
(970, 403, 202, 5, 3.12, NULL, 0.00, 3.12, 0, 331, 37, 40, NULL, '-'),
(971, 377, 202, 10, 28.00, NULL, 0.00, 28.00, 0, 144, 37, 40, NULL, 'BD'),
(972, 467, 203, 1, 338.30, NULL, 0.00, 338.30, 0, 267, 41, 44, NULL, '-'),
(973, 422, 203, 1, 50.00, NULL, 0.00, 60.00, 0, 204, 41, 44, NULL, '-'),
(974, 490, 204, 1, 633.25, NULL, 0.00, 633.25, 0, 282, 38, 41, NULL, '-'),
(975, 422, 204, 1, 50.00, NULL, 0.00, 60.00, 0, 204, 38, 41, NULL, '-'),
(976, 475, 205, 1, 40.80, NULL, 0.00, 40.80, 0, 350, 34, 37, NULL, '-'),
(977, 331, 205, 1, 5.70, NULL, 0.00, 5.70, 0, 59, 34, 37, NULL, '-'),
(978, 326, 206, 1, 9.00, NULL, 0.00, 9.00, 0, 36, 38, 41, NULL, '-'),
(979, 326, 207, 1, 9.00, NULL, 0.00, 9.00, 0, 36, 38, 41, NULL, '-'),
(980, 158, 207, 1, 82.00, 0.00, 0.00, 82.00, 0, 77, 38, 41, NULL, '-'),
(981, 272, 207, 1, 26.67, NULL, 0.00, 26.67, 0, 48, 38, 41, NULL, '-'),
(982, 441, 208, 1, 59.29, NULL, 0.00, 60.77, 0, 368, 34, 37, NULL, '-'),
(983, 467, 209, 1, 338.30, NULL, 0.00, 338.30, 0, 267, 40, 42, NULL, 'OD'),
(984, 467, 209, 1, 338.30, NULL, 0.00, 0.00, 0, 374, 40, 42, NULL, 'OD'),
(985, 422, 209, 1, 50.00, NULL, 0.00, 60.00, 0, 204, 40, 42, NULL, '-'),
(986, 560, 210, 5, 85.00, NULL, 0.00, 85.00, 0, 373, 38, 41, NULL, NULL),
(987, 560, 210, 17, 85.00, NULL, 0.00, 0.00, 0, 376, 38, 41, NULL, NULL),
(988, 559, 210, 1, 105.00, NULL, 0.00, 105.00, 0, 372, 38, 41, NULL, NULL),
(989, 558, 211, 1, 1000.00, NULL, 0.00, 1000.00, 0, 363, 38, 41, NULL, NULL),
(990, 348, 211, 1, 382.00, NULL, 0.00, 382.00, 0, 114, 38, 41, NULL, NULL),
(991, 278, 211, 1, 68.00, NULL, 0.00, 68.00, 0, 61, 38, 41, NULL, NULL),
(992, 447, 212, 1, 2.40, NULL, 0.00, 3.80, 0, 210, 40, 42, NULL, '-'),
(993, 307, 212, 1, 8.20, NULL, 0.00, 8.20, 0, 17, 40, 42, NULL, '-'),
(994, 419, 212, 1, 50.00, NULL, 0.00, 60.00, 0, 200, 40, 42, NULL, '-'),
(995, 15, 212, 1, 25.00, 0.00, 0.00, 25.00, 0, 44, 40, 42, NULL, '-'),
(996, 427, 213, 1, 283.76, NULL, 0.00, 283.76, 0, 182, 34, 37, NULL, 'BD'),
(997, 375, 213, 1, 90.00, NULL, 0.00, 90.00, 0, 143, 34, 37, NULL, 'TDS'),
(998, 441, 213, 1, 59.29, NULL, 0.00, 60.77, 0, 368, 34, 37, NULL, 'TDS'),
(999, 307, 214, 1, 8.20, NULL, 0.00, 8.20, 0, 17, 30, 32, NULL, '-'),
(1000, 316, 214, 1, 40.00, NULL, 0.00, 40.00, 0, 26, 30, 32, NULL, '-'),
(1001, 323, 215, 10, 47.50, NULL, 0.00, 47.50, 0, 33, 41, 44, NULL, '-'),
(1002, 403, 215, 15, 3.12, NULL, 0.00, 3.12, 0, 331, 41, 44, NULL, 'TDS'),
(1003, 332, 216, 5, 48.00, NULL, 0.00, 48.00, 0, 1, 38, 41, NULL, 'OD'),
(1004, 379, 216, 10, 6.55, NULL, 0.00, 6.55, 0, 146, 38, 41, NULL, 'BD'),
(1005, 236, 217, 1, 55.00, 0.00, 0.00, 55.00, 0, 65, 40, 42, NULL, '-'),
(1006, 270, 217, 1, 41.00, NULL, 0.00, 41.00, 0, 41, 40, 42, NULL, '-'),
(1007, 546, 218, 1, 75.00, NULL, 0.00, 75.00, 1, 354, 37, 40, 12257, '-'),
(1008, 411, 218, 1, 48.00, NULL, 0.00, 48.00, 1, 100, 37, 40, 12257, '-'),
(1009, 419, 218, 1, 50.00, NULL, 0.00, 60.00, 1, 200, 37, 40, 12257, '-'),
(1010, 546, 219, 1, 75.00, NULL, 0.00, 75.00, 0, 354, 40, 42, NULL, '-'),
(1011, 411, 219, 2, 48.00, NULL, 0.00, 48.00, 0, 100, 40, 42, NULL, '-'),
(1012, 422, 219, 1, 50.00, NULL, 0.00, 60.00, 0, 204, 40, 42, NULL, '-'),
(1013, 15, 220, 1, 25.00, 0.00, 0.00, 25.00, 0, 44, 40, 42, NULL, '-'),
(1014, 561, 221, 1, 1610.00, NULL, 0.00, 1650.00, 0, 378, 46, 51, NULL, NULL),
(1015, 483, 221, 1, 460.00, NULL, 0.00, 550.00, 0, 300, 46, 51, NULL, NULL),
(1016, 418, 221, 1, 90.00, NULL, 0.00, 90.00, 0, 325, 46, 51, NULL, NULL),
(1017, 326, 221, 3, 9.00, NULL, 0.00, 9.00, 0, 36, 46, 51, NULL, NULL),
(1018, 482, 222, 1, 1610.00, NULL, 0.00, 1550.00, 0, 301, 47, 52, NULL, NULL),
(1019, 483, 222, 1, 460.00, NULL, 0.00, 550.00, 0, 300, 47, 52, NULL, NULL),
(1020, 418, 222, 1, 90.00, NULL, 0.00, 90.00, 0, 325, 47, 52, NULL, NULL),
(1021, 326, 222, 3, 9.00, NULL, 0.00, 9.00, 0, 36, 47, 52, NULL, NULL),
(1022, 422, 223, 1, 50.00, NULL, 0.00, 60.00, 0, 204, 40, 42, NULL, 'TDS'),
(1023, 173, 223, 1, 85.00, 0.00, 0.00, 85.00, 0, 203, 40, 42, NULL, 'BD'),
(1024, 15, 223, 1, 25.00, 0.00, 0.00, 25.00, 0, 44, 40, 42, NULL, 'TDS'),
(1025, 326, 223, 1, 9.00, NULL, 0.00, 9.00, 0, 36, 40, 42, NULL, 'TDS'),
(1026, 546, 224, 1, 75.00, NULL, 0.00, 75.00, 0, 354, 40, 42, NULL, '-'),
(1027, 411, 224, 2, 48.00, NULL, 0.00, 48.00, 0, 100, 40, 42, NULL, 'TDS'),
(1028, 15, 224, 1, 25.00, 0.00, 0.00, 25.00, 0, 44, 40, 42, NULL, 'TDS'),
(1029, 326, 224, 1, 9.00, NULL, 0.00, 9.00, 0, 36, 40, 42, NULL, 'BD'),
(1030, 422, 225, 1, 50.00, NULL, 0.00, 60.00, 0, 204, 40, 42, NULL, '-'),
(1031, 467, 225, 2, 338.30, NULL, 0.00, 0.00, 0, 374, 40, 42, NULL, '-'),
(1032, 15, 225, 1, 25.00, 0.00, 0.00, 25.00, 0, 44, 40, 42, NULL, '-'),
(1033, 326, 225, 1, 9.00, NULL, 0.00, 9.00, 0, 36, 40, 42, NULL, '-'),
(1034, 3, 226, 1, 280.00, 0.00, 0.00, 280.00, 0, 45, 40, 42, NULL, NULL),
(1035, 4, 226, 1, 4.50, 0.00, 0.00, 4.50, 0, 54, 40, 42, NULL, NULL),
(1036, 408, 226, 1, 62.00, 0.00, 0.00, 62.00, 0, 94, 40, 42, NULL, NULL),
(1037, 465, 226, 1, 144.00, 0.00, 0.00, 144.00, 0, 264, 40, 42, NULL, NULL),
(1038, 525, 226, 1, 160.00, 0.00, 0.00, 160.00, 0, 321, 40, 42, NULL, NULL),
(1039, 411, 226, 2, 48.00, 0.00, 0.00, 48.00, 0, 100, 40, 42, NULL, NULL),
(1040, 416, 226, 1, 90.00, 0.00, 0.00, 100.00, 0, 206, 40, 42, NULL, NULL),
(1041, 368, 226, 1, 33.00, 0.00, 0.00, 33.00, 0, 133, 40, 42, NULL, NULL),
(1042, 334, 226, 1, 22.00, 0.00, 0.00, 22.00, 0, 37, 40, 42, NULL, NULL),
(1043, 92, 226, 4, 73.00, 0.00, 0.00, 75.00, 0, 216, 40, 42, NULL, NULL),
(1044, 270, 226, 2, 41.00, 0.00, 0.00, 41.00, 0, 41, 40, 42, NULL, NULL),
(1045, 263, 226, 1, 160.00, 0.00, 0.00, 160.00, 0, 51, 40, 42, NULL, NULL),
(1046, 264, 226, 1, 122.00, 0.00, 0.00, 125.00, 0, 218, 40, 42, NULL, NULL),
(1047, 5, 226, 2, 36.00, 0.00, 0.00, 36.00, 0, 56, 40, 42, NULL, NULL),
(1048, 327, 226, 3, 12.00, 0.00, 0.00, 12.00, 0, 38, 40, 42, NULL, NULL),
(1049, 326, 226, 1, 9.00, 0.00, 0.00, 9.00, 0, 36, 40, 42, NULL, NULL),
(1050, 328, 226, 1, 22.00, 0.00, 0.00, 22.00, 0, 39, 40, 42, NULL, NULL),
(1051, 265, 226, 1, 75.00, 0.00, 0.00, 75.00, 0, 88, 40, 42, NULL, NULL),
(1052, 405, 226, 1, 40.00, 0.00, 0.00, 38.00, 0, 93, 40, 42, NULL, NULL),
(1053, 2, 226, 2, 200.00, 0.00, 0.00, 200.00, 0, 46, 40, 42, NULL, NULL),
(1054, 259, 226, 1, 5.00, 0.00, 0.00, 5.00, 0, 67, 40, 42, NULL, NULL),
(1055, 401, 226, 1, 90.00, NULL, 0.00, 85.00, 0, 96, 40, 42, NULL, NULL),
(1056, 264, 226, 1, 122.00, 0.00, 0.00, 125.00, 0, 218, 40, 42, NULL, NULL),
(1057, 93, 226, 1, 47.50, 0.00, 0.00, 47.50, 0, 43, 40, 42, NULL, NULL),
(1058, 157, 226, 1, 82.00, 0.00, 0.00, 82.00, 0, 78, 40, 42, NULL, NULL),
(1059, 19, 226, 1, 225.00, 0.00, 0.00, 225.00, 0, 57, 40, 42, NULL, NULL),
(1060, 14, 226, 1, 175.00, 0.00, 0.00, 175.00, 0, 97, 40, 42, NULL, NULL),
(1061, 272, 226, 1, 26.67, NULL, 0.00, 26.67, 0, 48, 40, 42, NULL, NULL),
(1062, 271, 226, 5, 69.00, NULL, 0.00, 69.00, 0, 42, 40, 42, NULL, NULL),
(1063, 112, 226, 3, 275.00, 0.00, 0.00, 275.00, 0, 83, 40, 42, NULL, NULL),
(1064, 98, 226, 1, 275.00, 0.00, 0.00, 275.00, 0, 82, 40, 42, NULL, NULL),
(1065, 546, 227, 1, 75.00, NULL, 0.00, 75.00, 0, 354, 40, 42, NULL, '-'),
(1066, 411, 227, 2, 48.00, NULL, 0.00, 48.00, 0, 100, 40, 42, NULL, '-'),
(1067, 422, 227, 1, 50.00, NULL, 0.00, 60.00, 0, 204, 40, 42, NULL, '-'),
(1068, 270, 228, 1, 41.00, NULL, 0.00, 41.00, 0, 41, 40, 42, NULL, '-'),
(1069, 236, 228, 1, 55.00, 0.00, 0.00, 55.00, 0, 65, 40, 42, NULL, '-'),
(1070, 403, 229, 15, 3.12, NULL, 0.00, 3.12, 0, 331, 40, 42, NULL, 'TDS'),
(1071, 378, 229, 10, 15.40, NULL, 0.00, 15.40, 0, 145, 40, 42, NULL, '-'),
(1072, 539, 229, 12, 62.50, NULL, 0.00, 62.50, 0, 345, 40, 42, NULL, '-'),
(1073, 561, 230, 1, 1610.00, NULL, 0.00, 1650.00, 0, 378, 29, 54, NULL, NULL),
(1074, 483, 230, 1, 460.00, NULL, 0.00, 550.00, 0, 300, 29, 54, NULL, NULL),
(1075, 484, 230, 1, 130.00, NULL, 0.00, 100.00, 0, 302, 29, 54, NULL, NULL),
(1076, 15, 230, 1, 25.00, 0.00, 0.00, 25.00, 0, 44, 29, 54, NULL, NULL),
(1077, 326, 230, 3, 9.00, NULL, 0.00, 9.00, 0, 36, 29, 54, NULL, NULL),
(1078, 418, 230, 1, 90.00, NULL, 0.00, 90.00, 0, 325, 29, 54, NULL, NULL),
(1079, 561, 231, 1, 1610.00, NULL, 0.00, 1650.00, 0, 378, 35, 53, NULL, NULL),
(1080, 483, 231, 1, 460.00, NULL, 0.00, 550.00, 0, 300, 35, 53, NULL, NULL),
(1081, 484, 231, 1, 130.00, NULL, 0.00, 100.00, 1, 302, 35, 53, 12257, NULL),
(1082, 418, 231, 1, 90.00, NULL, 0.00, 90.00, 0, 355, 35, 53, NULL, NULL),
(1083, 15, 231, 1, 25.00, 0.00, 0.00, 25.00, 1, 44, 35, 53, 12257, NULL),
(1084, 326, 231, 3, 9.00, NULL, 0.00, 9.00, 0, 36, 35, 53, NULL, NULL),
(1085, 272, 231, 1, 26.67, NULL, 0.00, 26.67, 0, 48, 35, 53, NULL, NULL),
(1086, 561, 232, 1, 1610.00, NULL, 0.00, 1650.00, 0, 378, 55, 59, NULL, NULL),
(1087, 483, 232, 1, 460.00, NULL, 0.00, 550.00, 0, 300, 55, 59, NULL, NULL),
(1088, 418, 232, 1, 90.00, NULL, 0.00, 90.00, 0, 355, 55, 59, NULL, NULL),
(1089, 15, 232, 1, 25.00, 0.00, 0.00, 25.00, 3, 44, 55, 59, 12257, NULL),
(1090, 484, 232, 1, 130.00, NULL, 0.00, 100.00, 2, 302, 55, 59, 12257, NULL),
(1091, 326, 232, 3, 9.00, NULL, 0.00, 9.00, 0, 36, 55, 59, NULL, NULL),
(1092, 561, 233, 1, 1610.00, NULL, 0.00, 1650.00, 0, 378, 32, 55, NULL, NULL),
(1093, 483, 233, 1, 460.00, NULL, 0.00, 550.00, 0, 300, 32, 55, NULL, NULL),
(1094, 484, 233, 1, 130.00, NULL, 0.00, 100.00, 1, 302, 32, 55, 12257, NULL),
(1095, 15, 233, 1, 25.00, 0.00, 0.00, 25.00, 1, 44, 32, 55, 12257, NULL),
(1096, 418, 233, 1, 90.00, NULL, 0.00, 90.00, 0, 355, 32, 55, NULL, NULL),
(1097, 326, 233, 3, 9.00, NULL, 0.00, 9.00, 0, 36, 32, 55, NULL, NULL),
(1098, 272, 233, 1, 26.67, NULL, 0.00, 26.67, 0, 48, 32, 55, NULL, NULL),
(1099, 561, 234, 1, 1610.00, NULL, 0.00, 1650.00, 0, 378, 31, 56, NULL, NULL),
(1100, 483, 234, 1, 460.00, NULL, 0.00, 550.00, 0, 300, 31, 56, NULL, NULL),
(1101, 484, 234, 1, 130.00, NULL, 0.00, 100.00, 1, 302, 31, 56, 12257, NULL),
(1102, 15, 234, 1, 25.00, 0.00, 0.00, 25.00, 1, 44, 31, 56, 12257, NULL),
(1103, 418, 234, 1, 90.00, NULL, 0.00, 90.00, 0, 355, 31, 56, NULL, NULL),
(1104, 272, 234, 1, 26.67, NULL, 0.00, 26.67, 0, 48, 31, 56, NULL, NULL),
(1105, 326, 234, 3, 9.00, NULL, 0.00, 9.00, 0, 36, 31, 56, NULL, NULL),
(1106, 483, 235, 1, 460.00, NULL, 0.00, 550.00, 0, 300, 52, 57, NULL, NULL),
(1107, 484, 235, 1, 130.00, NULL, 0.00, 100.00, 1, 302, 52, 57, 12257, NULL),
(1108, 15, 235, 1, 25.00, 0.00, 0.00, 25.00, 1, 44, 52, 57, 12257, NULL),
(1109, 418, 235, 1, 90.00, NULL, 0.00, 90.00, 0, 355, 52, 57, NULL, NULL),
(1110, 272, 235, 1, 26.67, NULL, 0.00, 26.67, 0, 48, 52, 57, NULL, NULL),
(1111, 326, 235, 3, 9.00, NULL, 0.00, 9.00, 0, 36, 52, 57, NULL, NULL),
(1112, 561, 235, 1, 1610.00, NULL, 0.00, 1650.00, 0, 378, 52, 57, NULL, NULL),
(1113, 561, 236, 1, 1610.00, NULL, 0.00, 1650.00, 0, 378, 58, 58, NULL, NULL),
(1114, 483, 236, 1, 460.00, NULL, 0.00, 550.00, 0, 300, 58, 58, NULL, NULL),
(1115, 484, 236, 1, 130.00, NULL, 0.00, 100.00, 0, 302, 58, 58, NULL, NULL),
(1116, 15, 236, 1, 25.00, 0.00, 0.00, 25.00, 0, 44, 58, 58, NULL, NULL),
(1117, 418, 236, 1, 90.00, NULL, 0.00, 90.00, 0, 355, 58, 58, NULL, NULL),
(1118, 326, 236, 3, 9.00, NULL, 0.00, 9.00, 0, 36, 58, 58, NULL, NULL),
(1119, 272, 236, 1, 26.67, NULL, 0.00, 26.67, 0, 48, 58, 58, NULL, NULL),
(1120, 561, 237, 1, 1610.00, NULL, 0.00, 1650.00, 0, 378, 59, 61, NULL, NULL),
(1121, 483, 237, 1, 460.00, NULL, 0.00, 550.00, 0, 300, 59, 61, NULL, NULL),
(1122, 484, 237, 1, 130.00, NULL, 0.00, 100.00, 1, 302, 59, 61, 12257, NULL),
(1123, 326, 237, 3, 9.00, NULL, 0.00, 9.00, 0, 36, 59, 61, NULL, NULL),
(1124, 418, 237, 1, 90.00, NULL, 0.00, 90.00, 0, 355, 59, 61, NULL, NULL),
(1125, 15, 237, 1, 25.00, 0.00, 0.00, 25.00, 0, 44, 59, 61, NULL, NULL),
(1126, 561, 238, 1, 1610.00, NULL, 0.00, 1650.00, 0, 378, 19, 62, NULL, NULL),
(1127, 484, 238, 1, 130.00, NULL, 0.00, 100.00, 1, 302, 19, 62, 12257, NULL),
(1128, 483, 238, 1, 460.00, NULL, 0.00, 550.00, 0, 300, 19, 62, NULL, NULL),
(1129, 418, 238, 1, 90.00, NULL, 0.00, 90.00, 0, 355, 19, 62, NULL, NULL),
(1130, 15, 238, 1, 25.00, 0.00, 0.00, 25.00, 0, 44, 19, 62, NULL, NULL),
(1131, 326, 238, 3, 9.00, NULL, 0.00, 9.00, 0, 36, 19, 62, NULL, NULL),
(1132, 561, 239, 1, 1610.00, NULL, 0.00, 1650.00, 0, 378, 53, 67, NULL, NULL),
(1133, 483, 239, 1, 460.00, NULL, 0.00, 550.00, 0, 300, 53, 67, NULL, NULL),
(1134, 484, 239, 1, 130.00, NULL, 0.00, 100.00, 1, 302, 53, 67, 12257, NULL),
(1135, 15, 239, 1, 25.00, 0.00, 0.00, 25.00, 0, 44, 53, 67, NULL, NULL),
(1136, 418, 239, 1, 90.00, NULL, 0.00, 90.00, 0, 355, 53, 67, NULL, NULL),
(1137, 326, 239, 3, 9.00, NULL, 0.00, 9.00, 0, 36, 53, 67, NULL, NULL),
(1138, 561, 240, 1, 1610.00, NULL, 0.00, 1650.00, 0, 378, 36, 68, NULL, NULL),
(1139, 484, 240, 1, 130.00, NULL, 0.00, 100.00, 1, 302, 36, 68, 12257, NULL),
(1140, 483, 240, 1, 460.00, NULL, 0.00, 550.00, 0, 300, 36, 68, NULL, NULL),
(1141, 15, 240, 1, 25.00, 0.00, 0.00, 25.00, 0, 44, 36, 68, NULL, NULL),
(1142, 418, 240, 1, 90.00, NULL, 0.00, 90.00, 0, 355, 36, 68, NULL, NULL),
(1143, 326, 240, 3, 9.00, NULL, 0.00, 9.00, 0, 36, 36, 68, NULL, NULL),
(1144, 482, 241, 1, 1610.00, NULL, 0.00, 1550.00, 0, 301, 61, 69, NULL, NULL),
(1145, 483, 241, 1, 460.00, NULL, 0.00, 550.00, 0, 300, 61, 69, NULL, NULL),
(1146, 484, 241, 1, 130.00, NULL, 0.00, 100.00, 1, 302, 61, 69, 12257, NULL),
(1147, 418, 241, 1, 90.00, NULL, 0.00, 90.00, 0, 355, 61, 69, NULL, NULL),
(1148, 15, 241, 1, 25.00, 0.00, 0.00, 25.00, 0, 44, 61, 69, NULL, NULL),
(1149, 326, 241, 3, 9.00, NULL, 0.00, 9.00, 0, 36, 61, 69, NULL, NULL),
(1150, 482, 242, 1, 1610.00, NULL, 0.00, 1550.00, 0, 301, 43, 65, NULL, NULL),
(1151, 484, 242, 1, 130.00, NULL, 0.00, 100.00, 1, 302, 43, 65, 12257, NULL),
(1152, 483, 242, 1, 460.00, NULL, 0.00, 550.00, 0, 300, 43, 65, NULL, NULL),
(1153, 15, 242, 1, 25.00, 0.00, 0.00, 25.00, 0, 44, 43, 65, NULL, NULL),
(1154, 418, 242, 1, 90.00, NULL, 0.00, 90.00, 0, 355, 43, 65, NULL, NULL),
(1155, 326, 242, 3, 9.00, NULL, 0.00, 9.00, 0, 36, 43, 65, NULL, NULL),
(1156, 482, 243, 1, 1610.00, NULL, 0.00, 1550.00, 0, 301, 39, 63, NULL, NULL),
(1157, 484, 243, 1, 130.00, NULL, 0.00, 100.00, 0, 302, 39, 63, NULL, NULL),
(1158, 483, 243, 1, 460.00, NULL, 0.00, 550.00, 0, 300, 39, 63, NULL, NULL),
(1159, 15, 243, 1, 25.00, 0.00, 0.00, 25.00, 0, 44, 39, 63, NULL, NULL),
(1160, 418, 243, 1, 90.00, NULL, 0.00, 90.00, 0, 355, 39, 63, NULL, NULL),
(1161, 326, 243, 3, 9.00, NULL, 0.00, 9.00, 0, 36, 39, 63, NULL, NULL),
(1162, 482, 244, 1, 1610.00, NULL, 0.00, 1550.00, 0, 301, 42, 64, NULL, NULL),
(1163, 483, 244, 1, 460.00, NULL, 0.00, 550.00, 0, 300, 42, 64, NULL, NULL),
(1164, 484, 244, 1, 130.00, NULL, 0.00, 100.00, 0, 302, 42, 64, NULL, NULL),
(1165, 15, 244, 1, 25.00, 0.00, 0.00, 25.00, 0, 44, 42, 64, NULL, NULL),
(1166, 418, 244, 1, 90.00, NULL, 0.00, 90.00, 0, 355, 42, 64, NULL, NULL),
(1167, 326, 244, 3, 9.00, NULL, 0.00, 9.00, 0, 36, 42, 64, NULL, NULL),
(1168, 482, 245, 1, 1610.00, NULL, 0.00, 1550.00, 0, 301, 63, 66, NULL, NULL),
(1169, 484, 245, 1, 130.00, NULL, 0.00, 100.00, 1, 302, 63, 66, 12257, NULL),
(1170, 483, 245, 1, 460.00, NULL, 0.00, 550.00, 0, 300, 63, 66, NULL, NULL),
(1171, 15, 245, 1, 25.00, 0.00, 0.00, 25.00, 0, 44, 63, 66, NULL, NULL),
(1172, 418, 245, 1, 90.00, NULL, 0.00, 90.00, 0, 355, 63, 66, NULL, NULL),
(1173, 326, 245, 3, 9.00, NULL, 0.00, 9.00, 0, 36, 63, 66, NULL, NULL),
(1174, 157, 246, 1, 82.00, 0.00, 0.00, 82.00, 0, 78, 65, 70, NULL, '-'),
(1175, 326, 246, 1, 9.00, NULL, 0.00, 9.00, 0, 36, 65, 70, NULL, '-'),
(1176, 416, 246, 1, 90.00, NULL, 0.00, 100.00, 0, 206, 65, 70, NULL, '-'),
(1177, 15, 246, 1, 25.00, 0.00, 0.00, 25.00, 0, 44, 65, 70, NULL, '-'),
(1178, 272, 246, 1, 26.67, NULL, 0.00, 26.67, 0, 48, 65, 70, NULL, '-'),
(1179, 572, 247, 1, 18.00, NULL, 0.00, 0.36, 0, 408, 66, 71, NULL, NULL),
(1180, 270, 247, 1, 41.00, NULL, 0.00, 41.00, 0, 41, 66, 71, NULL, NULL),
(1181, 93, 247, 1, 47.50, 0.00, 0.00, 47.50, 0, 43, 66, 71, NULL, NULL),
(1182, 327, 247, 1, 12.00, NULL, 0.00, 12.00, 0, 38, 66, 71, NULL, NULL),
(1183, 98, 247, 1, 275.00, 0.00, 0.00, 275.00, 0, 82, 66, 71, NULL, NULL),
(1184, 19, 247, 1, 225.00, 0.00, 0.00, 225.00, 0, 57, 66, 71, NULL, NULL),
(1185, 92, 247, 1, 73.00, 0.00, 0.00, 75.00, 0, 216, 66, 71, NULL, NULL),
(1186, 425, 248, 6, 40.47, NULL, 0.00, 40.47, 0, 181, 66, 71, NULL, 'BD'),
(1187, 379, 248, 10, 6.55, NULL, 0.00, 6.55, 0, 146, 66, 71, NULL, 'BD'),
(1188, 15, 249, 1, 25.00, 0.00, 0.00, 25.00, 0, 44, 65, 70, NULL, '-'),
(1189, 545, 249, 1, 100.00, NULL, 0.00, 100.00, 0, 353, 65, 70, NULL, '-'),
(1190, 272, 249, 1, 26.67, NULL, 0.00, 26.67, 0, 48, 65, 70, NULL, '-'),
(1191, 101, 250, 2, 65.00, 0.00, 0.00, 65.00, 0, 47, 65, 70, NULL, NULL),
(1192, 311, 250, 1, 70.00, NULL, 0.00, 70.00, 0, 21, 65, 70, NULL, NULL),
(1193, 308, 250, 1, 7.60, NULL, 0.00, 7.60, 0, 18, 65, 70, NULL, NULL),
(1194, 416, 250, 2, 90.00, NULL, 0.00, 100.00, 0, 206, 65, 70, NULL, NULL),
(1195, 418, 250, 2, 90.00, NULL, 0.00, 90.00, 0, 355, 65, 70, NULL, NULL),
(1196, 276, 250, 2, 160.00, NULL, 0.00, 160.00, 0, 58, 65, 70, NULL, NULL),
(1197, 338, 250, 1, 291.67, NULL, 0.00, 291.67, 0, 86, 65, 70, NULL, NULL),
(1198, 92, 250, 3, 73.00, 0.00, 0.00, 75.00, 0, 216, 65, 70, NULL, NULL),
(1199, 93, 250, 2, 47.50, 0.00, 0.00, 47.50, 0, 43, 65, 70, NULL, NULL),
(1200, 14, 250, 1, 175.00, 0.00, 0.00, 175.00, 0, 97, 65, 70, NULL, NULL),
(1201, 447, 250, 1, 2.40, NULL, 0.00, 3.80, 0, 210, 65, 70, NULL, NULL),
(1202, 334, 250, 2, 22.00, NULL, 0.00, 22.00, 0, 37, 65, 70, NULL, NULL),
(1203, 326, 250, 3, 9.00, NULL, 0.00, 9.00, 0, 36, 65, 70, NULL, NULL),
(1204, 270, 250, 1, 41.00, NULL, 0.00, 41.00, 0, 41, 65, 70, NULL, NULL),
(1205, 271, 250, 1, 69.00, NULL, 0.00, 69.00, 0, 42, 65, 70, NULL, NULL),
(1206, 272, 250, 1, 26.67, NULL, 0.00, 26.67, 0, 48, 65, 70, NULL, NULL),
(1207, 28, 251, 1, 246.53, 0.00, 0.00, 246.53, 0, 179, 65, 70, NULL, 'TDS'),
(1208, 367, 251, 1, 80.20, NULL, 0.00, 80.20, 0, 132, 65, 70, NULL, 'TDS'),
(1209, 422, 251, 1, 50.00, NULL, 0.00, 60.00, 0, 204, 65, 70, NULL, '-'),
(1210, 326, 251, 1, 9.00, NULL, 0.00, 9.00, 0, 36, 65, 70, NULL, '-');

-- --------------------------------------------------------

--
-- Table structure for table `sections`
--

DROP TABLE IF EXISTS `sections`;
CREATE TABLE IF NOT EXISTS `sections` (
  `id` int NOT NULL AUTO_INCREMENT,
  `parent_id` int DEFAULT NULL,
  `company_id` int DEFAULT NULL,
  `title` varchar(255) DEFAULT NULL,
  `description` text,
  `user_id` int DEFAULT NULL,
  `created_at` timestamp NULL DEFAULT CURRENT_TIMESTAMP,
  `updated_at` datetime DEFAULT NULL,
  `deleted_at` datetime DEFAULT NULL,
  PRIMARY KEY (`id`) USING BTREE
) ENGINE=InnoDB AUTO_INCREMENT=2 DEFAULT CHARSET=utf8mb3 ROW_FORMAT=DYNAMIC;

--
-- Dumping data for table `sections`
--

INSERT INTO `sections` (`id`, `parent_id`, `company_id`, `title`, `description`, `user_id`, `created_at`, `updated_at`, `deleted_at`) VALUES
(1, 0, 1, 'Developers Unit', '', 2, '2022-05-28 16:08:29', '2022-05-28 13:08:29', '0000-00-00 00:00:00');

-- --------------------------------------------------------

--
-- Table structure for table `service_type`
--

DROP TABLE IF EXISTS `service_type`;
CREATE TABLE IF NOT EXISTS `service_type` (
  `id` bigint NOT NULL AUTO_INCREMENT,
  `name` varchar(255) CHARACTER SET utf8mb4 COLLATE utf8mb4_general_ci NOT NULL,
  `price` decimal(10,2) NOT NULL,
  `is_active` int NOT NULL DEFAULT '1',
  PRIMARY KEY (`id`)
) ENGINE=InnoDB AUTO_INCREMENT=3 DEFAULT CHARSET=utf8mb4 COLLATE=utf8mb4_general_ci;

--
-- Dumping data for table `service_type`
--

INSERT INTO `service_type` (`id`, `name`, `price`, `is_active`) VALUES
(1, 'Ambulances', 300.00, 1),
(2, 'Oxegens', 300.00, 1);

-- --------------------------------------------------------

--
-- Table structure for table `sessions`
--

DROP TABLE IF EXISTS `sessions`;
CREATE TABLE IF NOT EXISTS `sessions` (
  `id` varchar(255) CHARACTER SET utf8mb4 COLLATE utf8mb4_general_ci NOT NULL,
  `user_id` bigint UNSIGNED DEFAULT NULL,
  `ip_address` varchar(45) CHARACTER SET utf8mb4 COLLATE utf8mb4_general_ci DEFAULT NULL,
  `user_agent` text CHARACTER SET utf8mb4 COLLATE utf8mb4_general_ci,
  `payload` text CHARACTER SET utf8mb4 COLLATE utf8mb4_general_ci NOT NULL,
  `last_activity` int NOT NULL,
  PRIMARY KEY (`id`)
) ENGINE=InnoDB DEFAULT CHARSET=utf8mb4 COLLATE=utf8mb4_general_ci;

--
-- Dumping data for table `sessions`
--

INSERT INTO `sessions` (`id`, `user_id`, `ip_address`, `user_agent`, `payload`, `last_activity`) VALUES
('1PMh8rhyZNkgBu03BjKIVeJrt4KvXff5nMtKgSXG', 2, '172.16.103.161', 'Mozilla/5.0 (Windows NT 10.0; Win64; x64; rv:122.0) Gecko/20100101 Firefox/122.0', 'YTo1OntzOjY6Il90b2tlbiI7czo0MDoiS0o2V3U4V2N1S210amRyT3BpZDZZalkzN3hiaHlhcmM5QXJXbmh4UyI7czozOiJ1cmwiO2E6MDp7fXM6OToiX3ByZXZpb3VzIjthOjE6e3M6MzoidXJsIjtzOjIzOiJodHRwOi8vc2VhLmtwaXRiLm9ubGluZSI7fXM6NjoiX2ZsYXNoIjthOjI6e3M6Mzoib2xkIjthOjA6e31zOjM6Im5ldyI7YTowOnt9fXM6NTA6ImxvZ2luX3dlYl81OWJhMzZhZGRjMmIyZjk0MDE1ODBmMDE0YzdmNThlYTRlMzA5ODlkIjtpOjI7fQ==', 1707289525),
('CzK2iKtWpPNoM4WcDh27BwACtVGZSPnikoflZkNU', 2, '172.16.103.161', 'Mozilla/5.0 (Linux; Android 10; K) AppleWebKit/537.36 (KHTML, like Gecko) Chrome/121.0.0.0 Mobile Safari/537.36', 'YTo1OntzOjY6Il90b2tlbiI7czo0MDoiSGNqUXlzcUV3QVVpZlI5Ym96ZjRyNktETDlaNzcxTFR5ZVVlcDNjZSI7czozOiJ1cmwiO2E6MDp7fXM6OToiX3ByZXZpb3VzIjthOjE6e3M6MzoidXJsIjtzOjMyOiJodHRwOi8vc2VhLmtwaXRiLm9ubGluZS9zZXR0aW5ncyI7fXM6NjoiX2ZsYXNoIjthOjI6e3M6Mzoib2xkIjthOjA6e31zOjM6Im5ldyI7YTowOnt9fXM6NTA6ImxvZ2luX3dlYl81OWJhMzZhZGRjMmIyZjk0MDE1ODBmMDE0YzdmNThlYTRlMzA5ODlkIjtpOjI7fQ==', 1707291510);

-- --------------------------------------------------------

--
-- Table structure for table `sub_category`
--

DROP TABLE IF EXISTS `sub_category`;
CREATE TABLE IF NOT EXISTS `sub_category` (
  `id` int NOT NULL AUTO_INCREMENT,
  `main_category_id` int NOT NULL,
  `name` varchar(255) CHARACTER SET utf8mb4 COLLATE utf8mb4_general_ci DEFAULT NULL,
  `is_active` int NOT NULL DEFAULT '1',
  PRIMARY KEY (`id`)
) ENGINE=InnoDB AUTO_INCREMENT=166 DEFAULT CHARSET=utf8mb4 COLLATE=utf8mb4_general_ci;

--
-- Dumping data for table `sub_category`
--

INSERT INTO `sub_category` (`id`, `main_category_id`, `name`, `is_active`) VALUES
(2, 1, 'Absorbable Gelatin Sponge', 1),
(3, 1, 'Anti-ameobal/anti-diarrheal', 1),
(4, 1, 'Antioxidant', 1),
(5, 1, 'Cerelac', 1),
(6, 1, 'Condom', 1),
(7, 1, 'Diaper', 1),
(8, 1, 'Dopamine antagonist', 1),
(9, 1, 'FEEDER', 1),
(10, 1, 'Inhaler Device', 1),
(11, 1, 'Milk Powder', 1),
(12, 1, 'NEEPLE', 1),
(13, 1, 'NSAID/DECONGESTANT', 1),
(14, 1, 'NSAID+ANTI ALLERGIC', 1),
(15, 1, 'NSAIDS + ANTI-BIOTIC', 1),
(16, 1, 'Nsaids+PPI', 1),
(17, 1, 'SOOTHER', 1),
(18, 1, 'T.CUP', 1),
(19, 1, 'TEETHER', 1),
(20, 1, 'Tissue', 1),
(21, 1, 'TOOTH WHITENING', 1),
(22, 1, 'Towel', 1),
(23, 1, 'Water', 1),
(24, 1, 'WIPES', 1),
(25, 2, 'Adrenergic Agonist', 1),
(26, 2, 'Alpha Antagonist', 1),
(27, 2, 'Anesthetic', 1),
(28, 2, 'Ant acid', 1),
(29, 2, 'Anti Allergic', 1),
(30, 2, 'Anti anginal', 1),
(31, 2, 'Anti Asthmatic', 1),
(32, 2, 'Anti Bacterial', 1),
(33, 2, 'Anti Biotic', 1),
(34, 2, 'Anti Biotic+Localanisthetic', 1),
(35, 2, 'Anti biotic+Steriod', 1),
(36, 2, 'Anti Cholinergic', 1),
(37, 2, 'Anti Convulsant', 1),
(38, 2, 'Anti Diabetic', 1),
(39, 2, 'Anti diarrheal', 1),
(40, 2, 'Anti emetic', 1),
(41, 2, 'Anti histaminic', 1),
(42, 2, 'Anti hypertensive', 1),
(43, 2, 'ANTI INFLAMATORY', 1),
(44, 2, 'ANTI IRON', 1),
(45, 2, 'Anti Malarial', 1),
(46, 2, 'Anti Muscarinics', 1),
(47, 2, 'Anti Septic', 1),
(48, 2, 'Anti Tussive', 1),
(49, 2, 'Anti Vasodilator/Hypotensive', 1),
(50, 2, 'Anti Viral', 1),
(51, 2, 'Anti-Ameobal/ anti-diarrheal', 1),
(52, 2, 'Antiarrhythmic', 1),
(53, 2, 'Anticoagulant', 1),
(54, 2, 'Anti-Coagulant', 1),
(55, 2, 'Anti-Depression', 1),
(56, 2, 'anti-epileptic', 1),
(57, 2, 'Antifibrinolytic', 1),
(58, 2, 'anti-inflammatory', 1),
(59, 2, 'Antioxidant', 1),
(60, 2, 'anti-oxidant', 1),
(61, 2, 'Anti-psychotic', 1),
(62, 2, 'Antisetic', 1),
(63, 2, 'Anti-Spasmodic', 1),
(64, 2, 'Anti-Vertigo', 1),
(65, 2, 'Appetizer', 1),
(66, 2, 'Beta 1 Receptor Agonist', 1),
(67, 2, 'Beta Adrenergic', 1),
(68, 2, 'Beta Blockers', 1),
(69, 2, 'Beta-1 Blocker', 1),
(70, 2, 'Blood thinner', 1),
(71, 2, 'Bronchodialator', 1),
(72, 2, 'Carbohydrate', 1),
(73, 2, 'Catgut', 1),
(74, 2, 'Catheter', 1),
(75, 2, 'Cholinergic Agonist', 1),
(76, 2, 'COAGULATION FACTOR', 1),
(77, 2, 'contraceptive', 1),
(78, 2, 'Cream', 1),
(79, 2, 'Digestive', 1),
(80, 2, 'Diuretic', 1),
(81, 2, 'Dopamine Antagonist', 1),
(82, 2, 'Foley Catheter', 1),
(83, 2, 'Foly Catheter', 1),
(84, 2, 'FOR CONSTIPATION', 1),
(85, 2, 'For Cough', 1),
(86, 2, 'For Uric Acid', 1),
(87, 2, 'Gonadotrophin', 1),
(88, 2, 'Harmone', 1),
(89, 2, 'Hormone', 1),
(90, 2, 'Hypnotics/Sedative', 1),
(91, 2, 'INHALER', 1),
(92, 2, 'Insulin', 1),
(93, 2, 'Laxative', 1),
(94, 2, 'Leno Gauze', 1),
(95, 2, 'LIPID REGULATING AGENT', 1),
(96, 2, 'Local anesthetic', 1),
(97, 2, 'Methylated Spirit', 1),
(98, 2, 'Mouth wash', 1),
(99, 2, 'Mucolytic Agent', 1),
(100, 2, 'Muscarinic Agent', 1),
(101, 2, 'Nasal decongestion', 1),
(102, 2, 'NeuroMuscular Blocker', 1),
(103, 2, 'Non-steroidal anti-inflammatory drugs (NSAIDs)', 1),
(104, 2, 'NSAID + ANTI-BIOTIC', 1),
(105, 2, 'Nsaids/Decongestant', 1),
(106, 2, 'NSAIDS+Anti pyretic', 1),
(107, 2, 'NSAIDS+PPI', 1),
(108, 2, 'Pain Killer', 1),
(109, 2, 'PPI', 1),
(110, 2, 'prolen', 1),
(111, 2, 'Propolol', 1),
(112, 2, 'Prostaglandin', 1),
(113, 2, 'Steriod', 1),
(114, 2, 'steroid+antibiotic', 1),
(115, 2, 'Supplement', 1),
(116, 2, 'Tonic', 1),
(117, 2, 'Vaccine', 1),
(118, 2, 'vasodialater', 1),
(119, 2, 'Vit- K', 1),
(120, 2, 'Vitamins', 1),
(121, 2, 'xanthine oxidase inhibitor', 1),
(122, 3, 'Absorbable Gelatin Sponge', 1),
(123, 3, 'Adhesive', 1),
(124, 3, 'Anti septic', 1),
(125, 3, 'Bag', 1),
(126, 3, 'bandage', 1),
(127, 3, 'Belt', 1),
(128, 3, 'Blade', 1),
(129, 3, 'Cannula', 1),
(130, 3, 'Cap', 1),
(131, 3, 'Catgut', 1),
(132, 3, 'Cathater', 1),
(133, 3, 'Chamber', 1),
(134, 3, 'condom', 1),
(135, 3, 'Cotton', 1),
(136, 3, 'Cotton Gauze swab', 1),
(137, 3, 'Disposable', 1),
(138, 3, 'Disposable ecg electrodes', 1),
(139, 3, 'Dressing Roll', 1),
(140, 3, 'Drip Set', 1),
(141, 3, 'FEEDER', 1),
(142, 3, 'Gauze', 1),
(143, 3, 'General Surgical', 1),
(144, 3, 'Gloves', 1),
(145, 3, 'IV', 1),
(146, 3, 'Leno Gauze', 1),
(147, 3, 'Male Cap.', 1),
(148, 3, 'Mask', 1),
(149, 3, 'Needle', 1),
(150, 3, 'padded sheet', 1),
(151, 3, 'pallester', 1),
(152, 3, 'prolen', 1),
(153, 3, 'Sponge', 1),
(154, 3, 'Stapler', 1),
(155, 3, 'Strips', 1),
(156, 3, 'Surgical Suture', 1),
(157, 3, 'Sutures', 1),
(158, 3, 'Syringe', 1),
(159, 3, 'tape', 1),
(160, 3, 'Towel', 1),
(161, 3, 'towels', 1),
(162, 3, 'Tube', 1),
(163, 3, 'Urine Drainage Bag', 1),
(164, 3, 'Vein set', 1),
(165, 3, 'Wound Dressing', 1);

-- --------------------------------------------------------

--
-- Table structure for table `sup_cus_details`
--

DROP TABLE IF EXISTS `sup_cus_details`;
CREATE TABLE IF NOT EXISTS `sup_cus_details` (
  `SCID` int NOT NULL AUTO_INCREMENT,
  `market_id` int NOT NULL DEFAULT '0',
  `Name` varchar(255) DEFAULT NULL,
  `ContactNo` varchar(255) DEFAULT NULL,
  `Address` text,
  `BusinessAddress` text,
  `Email` varchar(255) DEFAULT NULL,
  `Type` int DEFAULT NULL COMMENT 'Here I use this table for supplier and for customer too, so 1 for supplier and 2 for customer',
  `CreatedBy` int DEFAULT NULL,
  `CreatedAt` date DEFAULT NULL,
  `ModifiedBy` int DEFAULT NULL,
  `ModifiedAt` date DEFAULT NULL,
  `OpeningBalance` int DEFAULT '0',
  `SalemanCommesion` int DEFAULT '0',
  `IsActive` int DEFAULT '1',
  PRIMARY KEY (`SCID`),
  KEY `market_id` (`market_id`),
  KEY `IsActive` (`IsActive`)
) ENGINE=InnoDB AUTO_INCREMENT=230 DEFAULT CHARSET=latin1;

--
-- Dumping data for table `sup_cus_details`
--

INSERT INTO `sup_cus_details` (`SCID`, `market_id`, `Name`, `ContactNo`, `Address`, `BusinessAddress`, `Email`, `Type`, `CreatedBy`, `CreatedAt`, `ModifiedBy`, `ModifiedAt`, `OpeningBalance`, `SalemanCommesion`, `IsActive`) VALUES
(1, 6, 'Sehat Card Sale', 'TEST', 'swabi', 'TESTss', 'bussnis@gmail.com', 2, 1, '2015-09-12', 25, '2017-02-09', NULL, 0, 1),
(215, 2, 'KMC', '4353', 'asdf', 'asdf', 'asdf@gmail.com', 1, NULL, NULL, NULL, NULL, 0, 0, 1),
(217, 2, 'Asif Surgical', '03169377160', 'near DHQ hospital road swabi', 'near DHQ hospital road swani', 'asif@gmail.com', 1, NULL, NULL, NULL, NULL, 0, 0, 1),
(218, 2, 'Amin Pharma', '03334939364', 'Amin Pharma', 'Amin Pharma', 'aminpharma@gmail.com', 1, NULL, NULL, NULL, NULL, 0, 0, 1),
(219, 2, 'Bonus Items', '2342342', 'Bonus Items', 'Bonus Items', 'BonusItems@gmail.com', 1, NULL, NULL, NULL, NULL, 0, 0, 1),
(220, 2, 'AMC Pharmacy', '243545234', 'AMC Pharmacy', 'AMC Pharmacy', 'AMCphamacy@gmail.com', 1, NULL, NULL, NULL, NULL, 0, 0, 1),
(221, 2, 'MADINA ENTERPRISES (SAWBI)', '03335729888', 'MADINA ENTERPRISES (SAWBI)', 'MADINA ENTERPRISES (SAWBI)', 'SADSADSA@GMAIL.COM', 1, NULL, NULL, NULL, NULL, 0, 0, 1),
(222, 2, 'Raza and company', '0319-1723400', NULL, '-', '-', 1, NULL, NULL, NULL, NULL, 0, 0, 1),
(223, 0, 'PRIEMIER SALES', '56356835', '35835', NULL, '535', NULL, NULL, NULL, NULL, NULL, NULL, 0, 1),
(224, 2, 'Premier Sales Pvt limited', '-', 'swabi', NULL, 'premiersales@gmail.com', 1, NULL, NULL, NULL, NULL, 0, 0, 1),
(225, 0, 'HAROON ENTERPISES', '51545', '45841', NULL, NULL, NULL, NULL, NULL, NULL, NULL, NULL, 0, 1),
(226, 0, 'HASSAN SURGICAL', '77777', '45841', NULL, NULL, NULL, NULL, NULL, NULL, NULL, NULL, 0, 1),
(227, 0, 'HASSAN SURGICAL', '65152', '83687368', '8368', 'GDGSD@FGFH', NULL, NULL, NULL, NULL, NULL, NULL, 0, 1),
(228, 11, 'biomed services', '03235548997', 'pash', NULL, 'biomedservices@outlook.com', 1, NULL, NULL, NULL, NULL, NULL, 0, 1),
(229, 2, 'Brother Corporation - Mardan', '0317 1117360', 'Tauheed Colony Charsada Road Mardan', 'Tauheed Colony Charsada Road Mardan', NULL, 1, NULL, NULL, NULL, NULL, 0, 0, 1);

-- --------------------------------------------------------

--
-- Table structure for table `tehsils`
--

DROP TABLE IF EXISTS `tehsils`;
CREATE TABLE IF NOT EXISTS `tehsils` (
  `id` int NOT NULL AUTO_INCREMENT,
  `district_id` int DEFAULT NULL,
  `title` varchar(100) CHARACTER SET utf8mb4 COLLATE utf8mb4_0900_ai_ci DEFAULT NULL,
  `short_title` varchar(6) NOT NULL,
  `created_at` timestamp NOT NULL DEFAULT CURRENT_TIMESTAMP,
  `updated_at` datetime DEFAULT NULL,
  `deleted_at` datetime DEFAULT NULL,
  PRIMARY KEY (`id`) USING BTREE,
  KEY `district_id` (`district_id`) USING BTREE
) ENGINE=InnoDB AUTO_INCREMENT=722 DEFAULT CHARSET=latin1 ROW_FORMAT=DYNAMIC;

--
-- Dumping data for table `tehsils`
--

INSERT INTO `tehsils` (`id`, `district_id`, `title`, `short_title`, `created_at`, `updated_at`, `deleted_at`) VALUES
(1, 313, 'Bagh', 'bag62', '2018-10-17 16:29:41', '0000-00-00 00:00:00', NULL),
(2, 313, 'Dheerkot', 'dhe66', '2018-10-17 16:29:41', '0000-00-00 00:00:00', NULL),
(3, 310, 'Barnala', 'bar43', '2018-10-17 16:29:41', '0000-00-00 00:00:00', NULL),
(4, 310, 'Bhimber', 'bhi16', '2018-10-17 16:29:41', '0000-00-00 00:00:00', NULL),
(5, 310, 'Samahni', 'sam53', '2018-10-17 16:29:41', '0000-00-00 00:00:00', NULL),
(6, 314, 'Haveli', 'hav17', '2018-10-17 16:29:41', '0000-00-00 00:00:00', NULL),
(7, 311, 'Kotli', 'kot27', '2018-10-17 16:29:41', '0000-00-00 00:00:00', NULL),
(8, 311, 'Nakial', 'nak85', '2018-10-17 16:29:41', '0000-00-00 00:00:00', NULL),
(9, 311, 'Sehnsa', 'seh42', '2018-10-17 16:29:41', '0000-00-00 00:00:00', NULL),
(10, 309, 'Dudyal', 'dud55', '2018-10-17 16:29:41', '0000-00-00 00:00:00', NULL),
(11, 309, 'Mirpur', 'mir47', '2018-10-17 16:29:41', '0000-00-00 00:00:00', NULL),
(12, 306, 'Muzaffarabad', 'muz73', '2018-10-17 16:29:41', '0000-00-00 00:00:00', NULL),
(13, 308, 'Athumqam', 'ath24', '2018-10-17 16:29:41', '0000-00-00 00:00:00', NULL),
(14, 312, 'Abbaspur', 'abb26', '2018-10-17 16:29:41', '0000-00-00 00:00:00', NULL),
(15, 312, 'Hajeera', 'haj36', '2018-10-17 16:29:41', '0000-00-00 00:00:00', NULL),
(16, 312, 'Rawalakot', 'raw74', '2018-10-17 16:29:41', '0000-00-00 00:00:00', NULL),
(17, 315, 'Pallandari', 'pal63', '2018-10-17 16:29:41', '0000-00-00 00:00:00', NULL),
(18, 199, 'Awaran', 'awa91', '2018-10-17 16:29:41', '0000-00-00 00:00:00', NULL),
(19, 199, 'Gishkore Sub', 'gis66', '2018-10-17 16:29:41', '0000-00-00 00:00:00', NULL),
(20, 199, 'Jhal Jhao', 'jha57', '2018-10-17 16:29:41', '0000-00-00 00:00:00', NULL),
(21, 199, 'Jhal Jhao Sub', 'jha86', '2018-10-17 16:29:41', '0000-00-00 00:00:00', NULL),
(22, 199, 'Mashkai', 'mas61', '2018-10-17 16:29:41', '0000-00-00 00:00:00', NULL),
(23, 200, 'Barkhan', 'bar47', '2018-10-17 16:29:41', '0000-00-00 00:00:00', NULL),
(24, 201, 'Chagai Sub', 'cha54', '2018-10-17 16:29:41', '0000-00-00 00:00:00', NULL),
(25, 201, 'Dalbadin', 'dal25', '2018-10-17 16:29:41', '0000-00-00 00:00:00', NULL),
(26, 201, 'Naukandi', 'nau66', '2018-10-17 16:29:41', '0000-00-00 00:00:00', NULL),
(27, 201, 'Taftan', 'taf56', '2018-10-17 16:29:41', '0000-00-00 00:00:00', NULL),
(28, 202, 'Bekerh', 'bek81', '2018-10-17 16:29:41', '0000-00-00 00:00:00', NULL),
(29, 202, 'Dera Bughti', 'der38', '2018-10-17 16:29:41', '0000-00-00 00:00:00', NULL),
(30, 202, 'Loti Sub', 'lot47', '2018-10-17 16:29:41', '0000-00-00 00:00:00', NULL),
(31, 202, 'Malum', 'mal19', '2018-10-17 16:29:41', '0000-00-00 00:00:00', NULL),
(32, 202, 'Phelawagh', 'phe56', '2018-10-17 16:29:41', '0000-00-00 00:00:00', NULL),
(33, 202, 'Pir Koh', 'pir23', '2018-10-17 16:29:41', '0000-00-00 00:00:00', NULL),
(34, 202, 'Sangsilla', 'san48', '2018-10-17 16:29:41', '0000-00-00 00:00:00', NULL),
(35, 202, 'Sui', 'sui71', '2018-10-17 16:29:41', '0000-00-00 00:00:00', NULL),
(36, 203, 'Gwadar', 'gwa10', '2018-10-17 16:29:41', '0000-00-00 00:00:00', NULL),
(37, 203, 'Jiwani', 'jiw36', '2018-10-17 16:29:41', '0000-00-00 00:00:00', NULL),
(38, 203, 'Ormara', 'orm49', '2018-10-17 16:29:41', '0000-00-00 00:00:00', NULL),
(39, 203, 'Pasni', 'pas38', '2018-10-17 16:29:41', '0000-00-00 00:00:00', NULL),
(40, 203, 'Sunstar Sub', 'sun45', '2018-10-17 16:29:41', '0000-00-00 00:00:00', NULL),
(41, 204, 'Harnai', 'har98', '2018-10-17 16:29:41', '0000-00-00 00:00:00', NULL),
(42, 204, 'Khost', 'kho93', '2018-10-17 16:29:41', '0000-00-00 00:00:00', NULL),
(43, 204, 'Shahrig', 'sha19', '2018-10-17 16:29:41', '0000-00-00 00:00:00', NULL),
(44, 205, 'Ghandakha', 'gha69', '2018-10-17 16:29:41', '0000-00-00 00:00:00', NULL),
(45, 205, 'Jhat Pat', 'jha89', '2018-10-17 16:29:41', '0000-00-00 00:00:00', NULL),
(46, 205, 'Sohbatpur', 'soh36', '2018-10-17 16:29:41', '0000-00-00 00:00:00', NULL),
(47, 356, 'Usta Muhammad', 'ust12', '2018-10-17 16:29:41', '0000-00-00 00:00:00', NULL),
(48, 206, 'Gandawa', 'gan53', '2018-10-17 16:29:41', '0000-00-00 00:00:00', NULL),
(49, 206, 'Jhal Magsi', 'jha31', '2018-10-17 16:29:41', '0000-00-00 00:00:00', NULL),
(50, 206, 'Mirpur Sub', 'mir93', '2018-10-17 16:29:41', '0000-00-00 00:00:00', NULL),
(51, 216, 'Bhag', 'bha75', '2018-10-17 16:29:41', '0000-00-00 00:00:00', NULL),
(52, 207, 'Balanari Sub', 'bal95', '2018-10-17 16:29:41', '0000-00-00 00:00:00', NULL),
(53, 207, 'Dhadar', 'dha50', '2018-10-17 16:29:41', '0000-00-00 00:00:00', NULL),
(54, 207, 'Khattan Sub', 'khatt', '2018-10-17 16:29:41', '0000-00-00 00:00:00', NULL),
(55, 207, 'Mach Sub', 'mac77', '2018-10-17 16:29:41', '0000-00-00 00:00:00', NULL),
(56, 207, 'Sanni Sub', 'san89', '2018-10-17 16:29:41', '0000-00-00 00:00:00', NULL),
(57, 208, 'Gazg', 'gaz13', '2018-10-17 16:29:41', '0000-00-00 00:00:00', NULL),
(58, 208, 'Johan', 'joh98', '2018-10-17 16:29:41', '0000-00-00 00:00:00', NULL),
(59, 208, 'Kalat', 'kal52', '2018-10-17 16:29:41', '0000-00-00 00:00:00', NULL),
(60, 208, 'Mango Char', 'man67', '2018-10-17 16:29:41', '0000-00-00 00:00:00', NULL),
(61, 208, 'Surab', 'sur78', '2018-10-17 16:29:41', '0000-00-00 00:00:00', NULL),
(62, 209, 'Balnigor', 'bal88', '2018-10-17 16:29:41', '0000-00-00 00:00:00', NULL),
(63, 209, 'Buleda', 'bul810', '2018-10-17 16:29:41', '0000-00-00 00:00:00', NULL),
(64, 209, 'Dasht', 'das74', '2018-10-17 16:29:41', '0000-00-00 00:00:00', NULL),
(65, 209, 'Hoshab', 'hos47', '2018-10-17 16:29:41', '0000-00-00 00:00:00', NULL),
(66, 209, 'Kech', 'kec14', '2018-10-17 16:29:41', '0000-00-00 00:00:00', NULL),
(67, 209, 'Mand', 'man30', '2018-10-17 16:29:41', '0000-00-00 00:00:00', NULL),
(68, 209, 'Tump', 'tum51', '2018-10-17 16:29:41', '0000-00-00 00:00:00', NULL),
(69, 209, 'Zamuran', 'zam36', '2018-10-17 16:29:41', '0000-00-00 00:00:00', NULL),
(70, 210, 'Kharan', 'kha90', '2018-10-17 16:29:41', '0000-00-00 00:00:00', NULL),
(71, 211, 'Aranji Sub', 'ara22', '2018-10-17 16:29:41', '0000-00-00 00:00:00', NULL),
(72, 211, 'Karkah Sub', 'kar10', '2018-10-17 16:29:41', '0000-00-00 00:00:00', NULL),
(73, 211, 'Khuzdar', 'khu85', '2018-10-17 16:29:41', '0000-00-00 00:00:00', NULL),
(74, 211, 'Moola Sub', 'moo96', '2018-10-17 16:29:41', '0000-00-00 00:00:00', NULL),
(75, 211, 'Nal Sub', 'nal25', '2018-10-17 16:29:41', '0000-00-00 00:00:00', NULL),
(76, 211, 'Ornach Sub', 'orn37', '2018-10-17 16:29:41', '0000-00-00 00:00:00', NULL),
(77, 211, 'Saroona Sub', 'sar87', '2018-10-17 16:29:41', '0000-00-00 00:00:00', NULL),
(78, 211, 'Wadh Sub', 'wad30', '2018-10-17 16:29:41', '0000-00-00 00:00:00', NULL),
(79, 211, 'Zehri', 'zeh25', '2018-10-17 16:29:41', '0000-00-00 00:00:00', NULL),
(80, 212, 'Chaman', 'cha34', '2018-10-17 16:29:41', '0000-00-00 00:00:00', NULL),
(81, 212, 'Dobandi Sub-', 'dob95', '2018-10-17 16:29:41', '0000-00-00 00:00:00', NULL),
(82, 212, 'Gulistan', 'gul75', '2018-10-17 16:29:41', '0000-00-00 00:00:00', NULL),
(83, 212, 'Killa Abdullah', 'kil88', '2018-10-17 16:29:41', '0000-00-00 00:00:00', NULL),
(84, 213, 'Badini', 'bad16', '2018-10-17 16:29:41', '0000-00-00 00:00:00', NULL),
(85, 213, 'Kan Mehtarzai', 'kan15', '2018-10-17 16:29:41', '0000-00-00 00:00:00', NULL),
(86, 213, 'Killa Saifullah', 'kil26', '2018-10-17 16:29:41', '0000-00-00 00:00:00', NULL),
(87, 213, 'Loi Band', 'loi85', '2018-10-17 16:29:41', '0000-00-00 00:00:00', NULL),
(88, 213, 'Muslim Bagh', 'mus47', '2018-10-17 16:29:41', '0000-00-00 00:00:00', NULL),
(89, 213, 'Shinkai', 'shi79', '2018-10-17 16:29:41', '0000-00-00 00:00:00', NULL),
(90, 214, 'Girsani Sub', 'gir53', '2018-10-17 16:29:41', '0000-00-00 00:00:00', NULL),
(91, 214, 'Kahan', 'kah31', '2018-10-17 16:29:41', '0000-00-00 00:00:00', NULL),
(92, 214, 'Kohlu', 'koh97', '2018-10-17 16:29:41', '0000-00-00 00:00:00', NULL),
(93, 214, 'Mawand', 'maw88', '2018-10-17 16:29:41', '0000-00-00 00:00:00', NULL),
(94, 215, 'Bela', 'bel53', '2018-10-17 16:29:41', '0000-00-00 00:00:00', NULL),
(95, 215, 'Durji', 'dur99', '2018-10-17 16:29:41', '0000-00-00 00:00:00', NULL),
(96, 215, 'Gaddani', 'gad36', '2018-10-17 16:29:41', '0000-00-00 00:00:00', NULL),
(97, 215, 'Hub', 'hub84', '2018-10-17 16:29:41', '0000-00-00 00:00:00', NULL),
(98, 215, 'Kanraj', 'kan13', '2018-10-17 16:29:41', '0000-00-00 00:00:00', NULL),
(99, 215, 'Lakhra', 'lak11', '2018-10-17 16:29:41', '0000-00-00 00:00:00', NULL),
(100, 215, 'Liari', 'lia17', '2018-10-17 16:29:41', '0000-00-00 00:00:00', NULL),
(101, 215, 'Sonmiani', 'son51', '2018-10-17 16:29:41', '0000-00-00 00:00:00', NULL),
(102, 215, 'Uthal', 'uth50', '2018-10-17 16:29:41', '0000-00-00 00:00:00', NULL),
(103, 217, 'Duki', 'duk70', '2018-10-17 16:29:41', '0000-00-00 00:00:00', NULL),
(104, 217, 'Loralai', 'lor34', '2018-10-17 16:29:41', '0000-00-00 00:00:00', NULL),
(105, 217, 'Mekhtar', 'mek62', '2018-10-17 16:29:41', '0000-00-00 00:00:00', NULL),
(106, 218, 'Dasht', 'das910', '2018-10-17 16:29:41', '0000-00-00 00:00:00', NULL),
(107, 218, 'Khad Kocha Sub-', 'kha58', '2018-10-17 16:29:41', '0000-00-00 00:00:00', NULL),
(108, 218, 'Kirdgap Sub-', 'kir61', '2018-10-17 16:29:41', '0000-00-00 00:00:00', NULL),
(109, 218, 'Mastung', 'mas34', '2018-10-17 16:29:41', '0000-00-00 00:00:00', NULL),
(110, 219, 'Drug Sub', 'dru86', '2018-10-17 16:29:41', '0000-00-00 00:00:00', NULL),
(111, 219, 'Kingri', 'kin28', '2018-10-17 16:29:41', '0000-00-00 00:00:00', NULL),
(112, 219, 'Musa Khel', 'mus83', '2018-10-17 16:29:41', '0000-00-00 00:00:00', NULL),
(113, 220, 'Baba Kot', 'bab31', '2018-10-17 16:29:41', '0000-00-00 00:00:00', NULL),
(114, 220, 'Chattar', 'cha410', '2018-10-17 16:29:41', '0000-00-00 00:00:00', NULL),
(115, 220, 'Dera Murad Jamali', 'der30', '2018-10-17 16:29:41', '0000-00-00 00:00:00', NULL),
(116, 220, 'Tamboo', 'tam36', '2018-10-17 16:29:41', '0000-00-00 00:00:00', NULL),
(117, 221, 'Dak ', 'dak89', '2018-10-17 16:29:41', '0000-00-00 00:00:00', NULL),
(118, 221, 'Nushki ', 'nus38', '2018-10-17 16:29:41', '0000-00-00 00:00:00', NULL),
(119, 222, 'Gichk', 'gic23', '2018-10-17 16:29:41', '0000-00-00 00:00:00', NULL),
(120, 222, 'Gowargo', 'gow28', '2018-10-17 16:29:41', '0000-00-00 00:00:00', NULL),
(121, 222, 'Panjgur', 'pan40', '2018-10-17 16:29:41', '0000-00-00 00:00:00', NULL),
(122, 222, 'Parome', 'par94', '2018-10-17 16:29:41', '0000-00-00 00:00:00', NULL),
(123, 223, 'Barshore', 'bar48', '2018-10-17 16:29:41', '0000-00-00 00:00:00', NULL),
(124, 223, 'Huramzai', 'hur60', '2018-10-17 16:29:41', '0000-00-00 00:00:00', NULL),
(125, 223, 'Karezat', 'kar57', '2018-10-17 16:29:41', '0000-00-00 00:00:00', NULL),
(126, 223, 'Pishin', 'pis63', '2018-10-17 16:29:41', '0000-00-00 00:00:00', NULL),
(127, 223, 'Saranan', 'sar56', '2018-10-17 16:29:41', '0000-00-00 00:00:00', NULL),
(128, 224, 'Panj Pai Sub', 'pan63', '2018-10-17 16:29:41', '0000-00-00 00:00:00', NULL),
(129, 224, 'Quetta City', 'que48', '2018-10-17 16:29:41', '0000-00-00 00:00:00', NULL),
(130, 224, 'Quetta Saddar', 'que51', '2018-10-17 16:29:41', '0000-00-00 00:00:00', NULL),
(131, 225, 'Sheerani', 'she910', '2018-10-17 16:29:41', '0000-00-00 00:00:00', NULL),
(132, 226, 'Kut Mandai', 'kut93', '2018-10-17 16:29:41', '0000-00-00 00:00:00', NULL),
(133, 216, 'Lehri', 'leh38', '2018-10-17 16:29:41', '0000-00-00 00:00:00', NULL),
(134, 226, 'Sangan', 'san13', '2018-10-17 16:29:41', '0000-00-00 00:00:00', NULL),
(135, 226, 'Sibi', 'sib50', '2018-10-17 16:29:41', '0000-00-00 00:00:00', NULL),
(136, 228, 'Besima', 'bes90', '2018-10-17 16:29:41', '0000-00-00 00:00:00', NULL),
(137, 228, 'Mashkhel', 'mas98', '2018-10-17 16:29:41', '0000-00-00 00:00:00', NULL),
(138, 228, 'Nag', 'nag62', '2018-10-17 16:29:41', '0000-00-00 00:00:00', NULL),
(139, 228, 'Shahdo Garhi Sub', 'sha16', '2018-10-17 16:29:41', '0000-00-00 00:00:00', NULL),
(140, 228, 'Washuk', 'was95', '2018-10-17 16:29:41', '0000-00-00 00:00:00', NULL),
(141, 229, 'Ashwat Sub-', 'ash26', '2018-10-17 16:29:41', '0000-00-00 00:00:00', NULL),
(142, 229, 'Kashatoo Sub-', 'kas46', '2018-10-17 16:29:41', '0000-00-00 00:00:00', NULL),
(143, 229, 'Qamar Din Karez', 'qam51', '2018-10-17 16:29:41', '0000-00-00 00:00:00', NULL),
(144, 229, 'Sambaza Sub', 'sam18', '2018-10-17 16:29:41', '0000-00-00 00:00:00', NULL),
(145, 229, 'Zhob', 'zho34', '2018-10-17 16:29:41', '0000-00-00 00:00:00', NULL),
(146, 230, 'Sinjawi Sub', 'sin19', '2018-10-17 16:29:41', '0000-00-00 00:00:00', NULL),
(147, 230, 'Ziarat Sub Division', 'zia93', '2018-10-17 16:29:41', '0000-00-00 00:00:00', NULL),
(148, 138, 'Bar Chamarkand', 'bar81', '2018-10-17 16:29:41', '0000-00-00 00:00:00', NULL),
(149, 138, 'Barang', 'bar62', '2018-10-17 16:29:41', '0000-00-00 00:00:00', NULL),
(150, 138, 'Khar', 'kha87', '2018-10-17 16:29:41', '0000-00-00 00:00:00', NULL),
(151, 138, 'Mamund', 'mam48', '2018-10-17 16:29:41', '0000-00-00 00:00:00', NULL),
(152, 138, 'Nawagai', 'naw78', '2018-10-17 16:29:41', '0000-00-00 00:00:00', NULL),
(153, 138, 'Salarzai', 'sal45', '2018-10-17 16:29:41', '0000-00-00 00:00:00', NULL),
(154, 138, 'Utman Khel', 'utm90', '2018-10-17 16:29:41', '0000-00-00 00:00:00', NULL),
(155, 140, 'Bara', 'bar16', '2018-10-17 16:29:41', '0000-00-00 00:00:00', NULL),
(156, 140, 'Jamrud', 'jam12', '2018-10-17 16:29:41', '0000-00-00 00:00:00', NULL),
(157, 140, 'Landi Kotal', 'lan13', '2018-10-17 16:29:41', '0000-00-00 00:00:00', NULL),
(158, 140, 'Central Kurram', 'cen26', '2018-10-17 16:29:41', '0000-00-00 00:00:00', NULL),
(159, 140, 'Lower Kurram', 'low90', '2018-10-17 16:29:41', '0000-00-00 00:00:00', NULL),
(160, 140, 'Upper Kurram', 'upp75', '2018-10-17 16:29:41', '0000-00-00 00:00:00', NULL),
(161, 142, 'Ambar Utman Khel', 'amb24', '2018-10-17 16:29:41', '0000-00-00 00:00:00', NULL),
(162, 142, 'Halimzai', 'hal88', '2018-10-17 16:29:41', '0000-00-00 00:00:00', NULL),
(163, 142, 'Pindiali', 'pin31', '2018-10-17 16:29:41', '0000-00-00 00:00:00', NULL),
(164, 142, 'Prang Ghar', 'pra92', '2018-10-17 16:29:41', '0000-00-00 00:00:00', NULL),
(165, 142, 'Safi', 'saf66', '2018-10-17 16:29:41', '0000-00-00 00:00:00', NULL),
(166, 142, 'Upper Momand', 'upp55', '2018-10-17 16:29:41', '0000-00-00 00:00:00', NULL),
(167, 142, 'Yaka Ghund', 'yak76', '2018-10-17 16:29:41', '0000-00-00 00:00:00', NULL),
(168, 143, 'Data Khel', 'dat16', '2018-10-17 16:29:41', '0000-00-00 00:00:00', NULL),
(169, 143, 'Dossali', 'dos53', '2018-10-17 16:29:41', '0000-00-00 00:00:00', NULL),
(170, 143, 'Garyum', 'gar15', '2018-10-17 16:29:41', '0000-00-00 00:00:00', NULL),
(171, 143, 'Ghulam Khan', 'ghu15', '2018-10-17 16:29:41', '0000-00-00 00:00:00', NULL),
(172, 143, 'Mir Ali', 'mir32', '2018-10-17 16:29:41', '0000-00-00 00:00:00', NULL),
(173, 143, 'Miran Shah', 'mir14', '2018-10-17 16:29:41', '0000-00-00 00:00:00', NULL),
(174, 143, 'Razmak', 'raz76', '2018-10-17 16:29:41', '0000-00-00 00:00:00', NULL),
(175, 143, 'Shewa', 'she37', '2018-10-17 16:29:41', '0000-00-00 00:00:00', NULL),
(176, 143, 'Spinwam', 'spi58', '2018-10-17 16:29:41', '0000-00-00 00:00:00', NULL),
(177, 144, 'Central Orakzai', 'cen77', '2018-10-17 16:29:41', '0000-00-00 00:00:00', NULL),
(178, 144, 'Ismailzai', 'ism14', '2018-10-17 16:29:41', '0000-00-00 00:00:00', NULL),
(179, 144, 'Lower Orakzai', 'low36', '2018-10-17 16:29:41', '0000-00-00 00:00:00', NULL),
(180, 144, 'Upper Orakzai', 'upp40', '2018-10-17 16:29:41', '0000-00-00 00:00:00', NULL),
(181, 145, 'Birmal', 'bir91', '2018-10-17 16:29:41', '0000-00-00 00:00:00', NULL),
(182, 145, 'Ladha', 'lad33', '2018-10-17 16:29:41', '0000-00-00 00:00:00', NULL),
(183, 145, 'Makin', 'mak94', '2018-10-17 16:29:41', '0000-00-00 00:00:00', NULL),
(184, 145, 'Saraogha', 'sar72', '2018-10-17 16:29:41', '0000-00-00 00:00:00', NULL),
(185, 145, 'Serwekai', 'ser78', '2018-10-17 16:29:41', '0000-00-00 00:00:00', NULL),
(186, 145, 'Tiarza', 'tia74', '2018-10-17 16:29:41', '0000-00-00 00:00:00', NULL),
(187, 145, 'Toi Khulla', 'toi36', '2018-10-17 16:29:41', '0000-00-00 00:00:00', NULL),
(188, 357, 'Wana', 'wan56', '2018-10-17 16:29:41', '0000-00-00 00:00:00', NULL),
(189, 326, 'Islamabad', 'isl75', '2018-10-17 16:29:41', '0000-00-00 00:00:00', NULL),
(190, 298, 'Astore', 'ast76', '2018-10-17 16:29:41', '0000-00-00 00:00:00', NULL),
(191, 299, 'Chilas', 'chi89', '2018-10-17 16:29:41', '0000-00-00 00:00:00', NULL),
(192, 299, 'Darel', 'dar20', '2018-10-17 16:29:41', '0000-00-00 00:00:00', NULL),
(193, 296, 'Khaplu', 'kha74', '2018-10-17 16:29:41', '0000-00-00 00:00:00', NULL),
(194, 296, 'Mashabrum', 'mas12', '2018-10-17 16:29:41', '0000-00-00 00:00:00', NULL),
(195, 300, 'Gupis', 'gup38', '2018-10-17 16:29:41', '0000-00-00 00:00:00', NULL),
(196, 300, 'Ishkomen', 'ish55', '2018-10-17 16:29:41', '0000-00-00 00:00:00', NULL),
(197, 300, 'Punial', 'pun59', '2018-10-17 16:29:41', '0000-00-00 00:00:00', NULL),
(198, 300, 'Yasin', 'yas29', '2018-10-17 16:29:41', '0000-00-00 00:00:00', NULL),
(199, 301, 'Gilgit', 'gil68', '2018-10-17 16:29:41', '0000-00-00 00:00:00', NULL),
(200, 302, 'Aliabad', 'ali53', '2018-10-17 16:29:41', '0000-00-00 00:00:00', NULL),
(201, 302, 'Gojal', 'goj62', '2018-10-17 16:29:41', '0000-00-00 00:00:00', NULL),
(202, 302, 'Nagar-I', 'nag53', '2018-10-17 16:29:41', '0000-00-00 00:00:00', NULL),
(203, 302, 'Nagar-Ii', 'nag76', '2018-10-17 16:29:41', '0000-00-00 00:00:00', NULL),
(204, 297, 'Gultari', 'gul21', '2018-10-17 16:29:41', '0000-00-00 00:00:00', NULL),
(205, 297, 'Kharmang', 'kha78', '2018-10-17 16:29:41', '0000-00-00 00:00:00', NULL),
(206, 297, 'Rondu', 'ron28', '2018-10-17 16:29:41', '0000-00-00 00:00:00', NULL),
(207, 297, 'Shigar', 'shi68', '2018-10-17 16:29:41', '0000-00-00 00:00:00', NULL),
(208, 297, 'Skardu', 'ska47', '2018-10-17 16:29:41', '0000-00-00 00:00:00', NULL),
(209, 8, 'Abbottabad', 'abb16', '2018-10-17 16:29:41', '0000-00-00 00:00:00', NULL),
(210, 8, 'Havelian', 'hav40', '2018-10-17 16:29:41', '0000-00-00 00:00:00', NULL),
(211, 4, 'Bannu', 'ban52', '2018-10-17 16:29:41', '0000-00-00 00:00:00', NULL),
(212, 4, 'Domel', 'dom40', '2018-10-17 16:29:41', '0000-00-00 00:00:00', NULL),
(213, 9, 'Alai', 'ala42', '2018-10-17 16:29:41', '0000-00-00 00:00:00', NULL),
(214, 9, 'Batagram', 'bat91', '2018-10-17 16:29:41', '0000-00-00 00:00:00', NULL),
(215, 10, 'Daggar', 'dag29', '2018-10-17 16:29:41', '0000-00-00 00:00:00', NULL),
(216, 10, 'Gagra', 'gag70', '2018-10-17 16:29:41', '0000-00-00 00:00:00', NULL),
(217, 10, 'Khado Khel', 'khakh', '2018-10-17 16:29:41', '0000-00-00 00:00:00', NULL),
(218, 3, 'Charsadda', 'cha21', '2018-10-17 16:29:41', '0000-00-00 00:00:00', NULL),
(219, 3, 'Shabqadar', 'sha31', '2018-10-17 16:29:41', '0000-00-00 00:00:00', NULL),
(220, 3, 'Tangi', 'tan56', '2018-10-17 16:29:41', '0000-00-00 00:00:00', NULL),
(221, 11, 'Chitral', 'chi68', '2018-10-17 16:29:41', '0000-00-00 00:00:00', NULL),
(222, 11, 'Booni', 'mas73', '2018-10-17 16:29:41', '0000-00-00 00:00:00', NULL),
(223, 5, 'D.I.Khan', 'd.i62', '2018-10-17 16:29:41', '0000-00-00 00:00:00', NULL),
(224, 5, 'Daraban', 'dar88', '2018-10-17 16:29:41', '0000-00-00 00:00:00', NULL),
(225, 5, 'Kulachi', 'kul56', '2018-10-17 16:29:41', '0000-00-00 00:00:00', NULL),
(226, 5, 'Paharpur', 'pah18', '2018-10-17 16:29:41', '0000-00-00 00:00:00', NULL),
(227, 5, 'Paroa', 'par19', '2018-10-17 16:29:41', '0000-00-00 00:00:00', NULL),
(228, 12, 'Hangu', 'han41', '2018-10-17 16:29:41', '0000-00-00 00:00:00', NULL),
(229, 12, 'Tall', 'tal51', '2018-10-17 16:29:41', '0000-00-00 00:00:00', NULL),
(230, 13, 'Ghazi', 'gha29', '2018-10-17 16:29:41', '0000-00-00 00:00:00', NULL),
(231, 13, 'Haripur', 'har93', '2018-10-17 16:29:41', '0000-00-00 00:00:00', NULL),
(232, 14, 'Banda Daud Shah', 'ban76', '2018-10-17 16:29:41', '0000-00-00 00:00:00', NULL),
(233, 14, 'Karak', 'kar30', '2018-10-17 16:29:41', '0000-00-00 00:00:00', NULL),
(234, 14, 'Takht E Nasrati', 'tak85', '2018-10-17 16:29:41', '0000-00-00 00:00:00', NULL),
(235, 15, 'Kohat', 'koh17', '2018-10-17 16:29:41', '0000-00-00 00:00:00', NULL),
(236, 15, 'Lachi', 'lac30', '2018-10-17 16:29:41', '0000-00-00 00:00:00', NULL),
(237, 16, 'Dassu', 'das97', '2018-10-17 16:29:41', '0000-00-00 00:00:00', NULL),
(238, 16, 'Kandia', 'kan98', '2018-10-17 16:29:41', '0000-00-00 00:00:00', NULL),
(239, 198, 'Palas', 'pal96', '2018-10-17 16:29:41', '0000-00-00 00:00:00', NULL),
(240, 26, 'Pattan', 'pat88', '2018-10-17 16:29:41', '0000-00-00 00:00:00', NULL),
(241, 17, 'Lakki Marwat', 'lak51', '2018-10-17 16:29:41', '0000-00-00 00:00:00', NULL),
(242, 17, 'Naurang', 'nau93', '2018-10-17 16:29:41', '0000-00-00 00:00:00', NULL),
(243, 7, 'Adenzai', 'ade12', '2018-10-17 16:29:41', '0000-00-00 00:00:00', NULL),
(244, 7, 'Lalqilla', 'lal81', '2018-10-17 16:29:41', '0000-00-00 00:00:00', NULL),
(245, 7, 'Munda', 'mun70', '2018-10-17 16:29:41', '0000-00-00 00:00:00', NULL),
(246, 7, 'Samarbagh (Barwa)', 'sam69', '2018-10-17 16:29:41', '0000-00-00 00:00:00', NULL),
(247, 7, 'Temergara', 'tem22', '2018-10-17 16:29:41', '0000-00-00 00:00:00', NULL),
(248, 18, 'Sam Ranizai', 'sam89', '2018-10-17 16:29:41', '0000-00-00 00:00:00', NULL),
(249, 18, 'Swat Ranizai', 'swa81', '2018-10-17 16:29:41', '0000-00-00 00:00:00', NULL),
(250, 19, 'Balakot', 'bal39', '2018-10-17 16:29:41', '0000-00-00 00:00:00', NULL),
(251, 19, 'Mansehra', 'man50', '2018-10-17 16:29:41', '0000-00-00 00:00:00', NULL),
(252, 19, 'Oghi', 'ogh34', '2018-10-17 16:29:41', '0000-00-00 00:00:00', NULL),
(253, 2, 'Katlang', 'kat18', '2018-10-17 16:29:41', '0000-00-00 00:00:00', NULL),
(254, 2, 'Mardan', 'mar91', '2018-10-17 16:29:41', '0000-00-00 00:00:00', NULL),
(255, 2, 'Takht Bhai', 'tak98', '2018-10-17 16:29:41', '0000-00-00 00:00:00', NULL),
(256, 20, 'Nowshera', 'now17', '2018-10-17 16:29:41', '0000-00-00 00:00:00', NULL),
(257, 20, 'Pabbi', 'pab90', '2018-10-17 16:29:41', '0000-00-00 00:00:00', NULL),
(258, 21, 'Alpuri', 'alp06', '2018-10-17 16:29:41', '0000-00-00 00:00:00', NULL),
(259, 21, 'Bisham', 'bis31', '2018-10-17 16:29:41', '0000-00-00 00:00:00', NULL),
(260, 21, 'Chiksar', 'chi55', '2018-10-17 16:29:41', '0000-00-00 00:00:00', NULL),
(261, 21, 'Martung', 'mar82', '2018-10-17 16:29:41', '0000-00-00 00:00:00', NULL),
(262, 21, 'Puran', 'pur43', '2018-10-17 16:29:41', '0000-00-00 00:00:00', NULL),
(263, 22, 'Lahor', 'lah69', '2018-10-17 16:29:41', '0000-00-00 00:00:00', NULL),
(264, 22, 'Razar', 'raz18', '2018-10-17 16:29:41', '0000-00-00 00:00:00', NULL),
(265, 22, 'Swabi', 'swa83', '2018-10-17 16:29:41', '0000-00-00 00:00:00', NULL),
(266, 22, 'Topi', 'top62', '2018-10-17 16:29:41', '0000-00-00 00:00:00', NULL),
(267, 23, 'Babuzai', 'bab60', '2018-10-17 16:29:41', '0000-00-00 00:00:00', NULL),
(268, 23, 'Bahrain', 'bah14', '2018-10-17 16:29:41', '0000-00-00 00:00:00', NULL),
(269, 23, 'Barikot', 'bar88', '2018-10-17 16:29:41', '0000-00-00 00:00:00', NULL),
(270, 23, 'Charbagh', 'cha77', '2018-10-17 16:29:41', '0000-00-00 00:00:00', NULL),
(271, 23, 'Kabal', 'kab42', '2018-10-17 16:29:41', '0000-00-00 00:00:00', NULL),
(272, 23, 'Khawaza Khela', 'kha46', '2018-10-17 16:29:41', '0000-00-00 00:00:00', NULL),
(273, 23, 'Matta', 'mat96', '2018-10-17 16:29:41', '0000-00-00 00:00:00', NULL),
(274, 24, 'Tank', 'tan69', '2018-10-17 16:29:41', '0000-00-00 00:00:00', NULL),
(275, 25, 'Torghar', 'tor55', '2018-10-17 16:29:41', '0000-00-00 00:00:00', NULL),
(276, 6, 'Dir', 'dir70', '2018-10-17 16:29:41', '0000-00-00 00:00:00', NULL),
(277, 6, 'Sharingal', 'sha86', '2018-10-17 16:29:41', '0000-00-00 00:00:00', NULL),
(278, 6, 'Wari', 'war18', '2018-10-17 16:29:41', '0000-00-00 00:00:00', NULL),
(279, 1, 'Badahber', 'pes01', '2018-10-17 16:29:41', '0000-00-00 00:00:00', NULL),
(280, 1, 'Chamkani', 'pes02', '2018-10-17 16:29:41', '0000-00-00 00:00:00', NULL),
(281, 1, 'City', 'pes03', '2018-10-17 16:29:41', '0000-00-00 00:00:00', NULL),
(282, 1, 'Hassan Khel', 'pes04', '2018-10-17 16:29:41', '0000-00-00 00:00:00', NULL),
(283, 1, 'Mathra', 'pcantt', '2018-10-17 16:29:41', '0000-00-00 00:00:00', NULL),
(284, 231, 'Pindi Gheb', 'pin78', '2018-10-17 16:29:41', '0000-00-00 00:00:00', NULL),
(285, 232, 'Bahawalnagar', 'bah76', '2018-10-17 16:29:41', '0000-00-00 00:00:00', NULL),
(286, 232, 'Chishtian', 'chi47', '2018-10-17 16:29:41', '0000-00-00 00:00:00', NULL),
(287, 232, 'Fort Abbas', 'for57', '2018-10-17 16:29:41', '0000-00-00 00:00:00', NULL),
(288, 232, 'Haroonabad', 'har84', '2018-10-17 16:29:41', '0000-00-00 00:00:00', NULL),
(289, 232, 'Minchinabad', 'min510', '2018-10-17 16:29:41', '0000-00-00 00:00:00', NULL),
(290, 233, 'Ahmadpur East', 'ahm73', '2018-10-17 16:29:41', '0000-00-00 00:00:00', NULL),
(291, 233, 'Bahawalpur', 'bah51', '2018-10-17 16:29:41', '0000-00-00 00:00:00', NULL),
(292, 233, 'Bahawalpur City', 'bah37', '2018-10-17 16:29:41', '0000-00-00 00:00:00', NULL),
(293, 233, 'Hasilpur', 'has30', '2018-10-17 16:29:41', '0000-00-00 00:00:00', NULL),
(294, 233, 'Khairpur Tamewali', 'kha38', '2018-10-17 16:29:41', '0000-00-00 00:00:00', NULL),
(295, 233, 'Yazman', 'yaz27', '2018-10-17 16:29:41', '0000-00-00 00:00:00', NULL),
(296, 234, 'Bhakkar', 'bha94', '2018-10-17 16:29:41', '0000-00-00 00:00:00', NULL),
(297, 234, 'Darya Khan', 'dar66', '2018-10-17 16:29:41', '0000-00-00 00:00:00', NULL),
(298, 234, 'Kalur Kot', 'kal47', '2018-10-17 16:29:41', '0000-00-00 00:00:00', NULL),
(299, 234, 'Mankera', 'man38', '2018-10-17 16:29:41', '0000-00-00 00:00:00', NULL),
(300, 235, 'Chakwal', 'cha49', '2018-10-17 16:29:41', '0000-00-00 00:00:00', NULL),
(301, 235, 'Choa Saidan Shah', 'cho32', '2018-10-17 16:29:41', '0000-00-00 00:00:00', NULL),
(302, 235, 'Kallar Kahar', 'kal13', '2018-10-17 16:29:41', '0000-00-00 00:00:00', NULL),
(303, 358, 'Tala Gang', 'tal69', '2018-10-17 16:29:41', '0000-00-00 00:00:00', NULL),
(304, 236, 'Bhawana', 'bha56', '2018-10-17 16:29:41', '0000-00-00 00:00:00', NULL),
(305, 236, 'Chiniot', 'chi20', '2018-10-17 16:29:41', '0000-00-00 00:00:00', NULL),
(306, 236, 'Lalian', 'lal84', '2018-10-17 16:29:41', '0000-00-00 00:00:00', NULL),
(307, 237, 'De-Excluded Area D.G.Khan', 'de-61', '2018-10-17 16:29:41', '0000-00-00 00:00:00', NULL),
(308, 237, 'Dera Ghazi Khan', 'der52', '2018-10-17 16:29:41', '0000-00-00 00:00:00', NULL),
(309, 237, 'Taunsa', 'tau75', '2018-10-17 16:29:41', '0000-00-00 00:00:00', NULL),
(310, 238, 'Chak Jhumra', 'cha22', '2018-10-17 16:29:41', '0000-00-00 00:00:00', NULL),
(311, 238, 'Faisalabad City', 'fai86', '2018-10-17 16:29:41', '0000-00-00 00:00:00', NULL),
(312, 238, 'Faisalabad Saddar', 'fai62', '2018-10-17 16:29:41', '0000-00-00 00:00:00', NULL),
(313, 238, 'Jaranwala', 'jar54', '2018-10-17 16:29:41', '0000-00-00 00:00:00', NULL),
(314, 238, 'Samundari', 'sam81', '2018-10-17 16:29:41', '0000-00-00 00:00:00', NULL),
(315, 238, 'Tandlianwala', 'tan45', '2018-10-17 16:29:41', '0000-00-00 00:00:00', NULL),
(316, 239, 'Gujranwala', 'guj84', '2018-10-17 16:29:41', '0000-00-00 00:00:00', NULL),
(317, 239, 'Gujranwala City', 'guj81', '2018-10-17 16:29:41', '0000-00-00 00:00:00', NULL),
(318, 239, 'Kamoke', 'kam56', '2018-10-17 16:29:41', '0000-00-00 00:00:00', NULL),
(319, 239, 'Nowshera Virkhan', 'now34', '2018-10-17 16:29:41', '0000-00-00 00:00:00', NULL),
(320, 239, 'Wazirabad', 'waz510', '2018-10-17 16:29:41', '0000-00-00 00:00:00', NULL),
(321, 240, 'Gujrat', 'guj24', '2018-10-17 16:29:41', '0000-00-00 00:00:00', NULL),
(322, 240, 'Kharian', 'kha20', '2018-10-17 16:29:41', '0000-00-00 00:00:00', NULL),
(323, 240, 'Sarai Alamgir', 'sar41', '2018-10-17 16:29:41', '0000-00-00 00:00:00', NULL),
(324, 241, 'Hafizabad', 'haf97', '2018-10-17 16:29:41', '0000-00-00 00:00:00', NULL),
(325, 241, 'Pindi Bhattian', 'pin61', '2018-10-17 16:29:41', '0000-00-00 00:00:00', NULL),
(326, 242, '18-Hazari', 'hazari', '2018-10-17 16:29:41', '0000-00-00 00:00:00', NULL),
(327, 242, 'Ahmedpur Sial', 'ahm87', '2018-10-17 16:29:41', '0000-00-00 00:00:00', NULL),
(328, 242, 'Jhang', 'jha94', '2018-10-17 16:29:41', '0000-00-00 00:00:00', NULL),
(329, 242, 'Shorkot', 'sho93', '2018-10-17 16:29:41', '0000-00-00 00:00:00', NULL),
(330, 243, 'Dina', 'din61', '2018-10-17 16:29:41', '0000-00-00 00:00:00', NULL),
(331, 243, 'Jhelum', 'jhe78', '2018-10-17 16:29:41', '0000-00-00 00:00:00', NULL),
(332, 243, 'Pind Dadan Khan', 'pin72', '2018-10-17 16:29:41', '0000-00-00 00:00:00', NULL),
(333, 243, 'Sohawa', 'soh13', '2018-10-17 16:29:41', '0000-00-00 00:00:00', NULL),
(334, 244, 'Chunian', 'chu85', '2018-10-17 16:29:41', '0000-00-00 00:00:00', NULL),
(335, 244, 'Kasur', 'kas21', '2018-10-17 16:29:41', '0000-00-00 00:00:00', NULL),
(336, 244, 'Kot Radha Kishan', 'kot52', '2018-10-17 16:29:41', '0000-00-00 00:00:00', NULL),
(337, 244, 'Pattoki', 'pat95', '2018-10-17 16:29:41', '0000-00-00 00:00:00', NULL),
(338, 245, 'Jahanian', 'jah21', '2018-10-17 16:29:41', '0000-00-00 00:00:00', NULL),
(339, 245, 'Kabirwala', 'kab19', '2018-10-17 16:29:41', '0000-00-00 00:00:00', NULL),
(340, 245, 'Khanewal', 'kha32', '2018-10-17 16:29:41', '0000-00-00 00:00:00', NULL),
(341, 246, 'Khushab', 'khu59', '2018-10-17 16:29:41', '0000-00-00 00:00:00', NULL),
(342, 246, 'Noorpur', 'noo26', '2018-10-17 16:29:41', '0000-00-00 00:00:00', NULL),
(343, 246, 'Qaidabad', 'qai17', '2018-10-17 16:29:41', '0000-00-00 00:00:00', NULL),
(344, 247, 'Lahore Cantt', 'lcant', '2018-10-17 16:29:41', '0000-00-00 00:00:00', NULL),
(345, 247, 'Lahore City', 'lcity', '2018-10-17 16:29:41', '0000-00-00 00:00:00', NULL),
(346, 248, 'Chaubara', 'cha01', '2018-10-17 16:29:41', '0000-00-00 00:00:00', NULL),
(347, 248, 'Karor Lal Esan', 'kar96', '2018-10-17 16:29:41', '0000-00-00 00:00:00', NULL),
(348, 248, 'Layyah', 'lay45', '2018-10-17 16:29:41', '0000-00-00 00:00:00', NULL),
(349, 249, 'Dunya Pur', 'dun37', '2018-10-17 16:29:41', '0000-00-00 00:00:00', NULL),
(350, 249, 'Karorpacca', 'kar49', '2018-10-17 16:29:41', '0000-00-00 00:00:00', NULL),
(351, 249, 'Lodhran', 'lod34', '2018-10-17 16:29:41', '0000-00-00 00:00:00', NULL),
(352, 250, 'Malakwal', 'mal25', '2018-10-17 16:29:41', '0000-00-00 00:00:00', NULL),
(353, 250, 'Mandi Bahauddin', 'man21', '2018-10-17 16:29:41', '0000-00-00 00:00:00', NULL),
(354, 250, 'Phalia', 'pha30', '2018-10-17 16:29:41', '0000-00-00 00:00:00', NULL),
(355, 251, 'Isakhel', 'isa86', '2018-10-17 16:29:41', '0000-00-00 00:00:00', NULL),
(356, 251, 'Mianwali', 'mia41', '2018-10-17 16:29:41', '0000-00-00 00:00:00', NULL),
(357, 251, 'Piplan', 'pip49', '2018-10-17 16:29:41', '0000-00-00 00:00:00', NULL),
(358, 252, 'Jalalpur Pirwala', 'jal19', '2018-10-17 16:29:41', '0000-00-00 00:00:00', NULL),
(359, 252, 'Multan City', 'mul51', '2018-10-17 16:29:41', '0000-00-00 00:00:00', NULL),
(360, 252, 'Multan Saddar', 'mul97', '2018-10-17 16:29:41', '0000-00-00 00:00:00', NULL),
(361, 252, 'Shujabad', 'shu33', '2018-10-17 16:29:41', '0000-00-00 00:00:00', NULL),
(362, 253, 'Alipur', 'ali73', '2018-10-17 16:29:41', '0000-00-00 00:00:00', NULL),
(363, 253, 'Jatoi', 'jat67', '2018-10-17 16:29:41', '0000-00-00 00:00:00', NULL),
(364, 253, 'Kot Addu', 'kot14', '2018-10-17 16:29:41', '0000-00-00 00:00:00', NULL),
(365, 253, 'Muzaffargarh', 'muz70', '2018-10-17 16:29:41', '0000-00-00 00:00:00', NULL),
(366, 255, 'Nankana Sahab', 'nan88', '2018-10-17 16:29:41', '0000-00-00 00:00:00', NULL),
(367, 263, 'Safdarabad', 'saf28', '2018-10-17 16:29:41', '0000-00-00 00:00:00', NULL),
(368, 255, 'Shah Kot', 'sha17', '2018-10-17 16:29:41', '0000-00-00 00:00:00', NULL),
(369, 255, 'Shangla Hill', 'sha55', '2018-10-17 16:29:41', '0000-00-00 00:00:00', NULL),
(370, 254, 'Narowal', 'nar59', '2018-10-17 16:29:41', '0000-00-00 00:00:00', NULL),
(371, 254, 'Shakargarh', 'sha87', '2018-10-17 16:29:41', '0000-00-00 00:00:00', NULL),
(372, 254, 'Zafarwal', 'zaf61', '2018-10-17 16:29:41', '0000-00-00 00:00:00', NULL),
(373, 256, 'Depalpur', 'dep41', '2018-10-17 16:29:41', '0000-00-00 00:00:00', NULL),
(374, 256, 'Okara', 'oka23', '2018-10-17 16:29:41', '0000-00-00 00:00:00', NULL),
(375, 256, 'Renala Khurd', 'ren91', '2018-10-17 16:29:41', '0000-00-00 00:00:00', NULL),
(376, 257, 'Arifwala', 'ari85', '2018-10-17 16:29:41', '0000-00-00 00:00:00', NULL),
(377, 257, 'Pak Pattan', 'pak54', '2018-10-17 16:29:41', '0000-00-00 00:00:00', NULL),
(378, 258, 'Khan Pur', 'kha16', '2018-10-17 16:29:41', '0000-00-00 00:00:00', NULL),
(379, 258, 'Liaqat Pur', 'lia15', '2018-10-17 16:29:41', '0000-00-00 00:00:00', NULL),
(380, 258, 'Rahim Yar Khan', 'rah28', '2018-10-17 16:29:41', '0000-00-00 00:00:00', NULL),
(381, 258, 'Sadiqabad', 'sad97', '2018-10-17 16:29:41', '0000-00-00 00:00:00', NULL),
(382, 259, 'De-Excluded Area Rajanpur', 'de-99', '2018-10-17 16:29:41', '0000-00-00 00:00:00', NULL),
(383, 259, 'Jampur', 'jam69', '2018-10-17 16:29:41', '0000-00-00 00:00:00', NULL),
(384, 259, 'Rajanpur', 'raj32', '2018-10-17 16:29:41', '0000-00-00 00:00:00', NULL),
(385, 259, 'Rojhan', 'roj44', '2018-10-17 16:29:41', '0000-00-00 00:00:00', NULL),
(386, 260, 'Gujar Khan', 'guj21', '2018-10-17 16:29:41', '0000-00-00 00:00:00', NULL),
(387, 260, 'Kahuta', 'kah73', '2018-10-17 16:29:41', '0000-00-00 00:00:00', NULL),
(388, 260, 'Kallar Sayyedan', 'kal410', '2018-10-17 16:29:41', '0000-00-00 00:00:00', NULL),
(389, 260, 'Kotli Sattian', 'kot02', '2018-10-17 16:29:41', '0000-00-00 00:00:00', NULL),
(390, 260, 'Murree', 'mur88', '2018-10-17 16:29:41', '0000-00-00 00:00:00', NULL),
(391, 260, 'Rawalpindi', 'raw41', '2018-10-17 16:29:41', '0000-00-00 00:00:00', NULL),
(392, 260, 'Taxila', 'tax41', '2018-10-17 16:29:41', '0000-00-00 00:00:00', NULL),
(393, 261, 'Chichawatni', 'chi84', '2018-10-17 16:29:41', '0000-00-00 00:00:00', NULL),
(394, 261, 'Sahiwal', 'sah93', '2018-10-17 16:29:41', '0000-00-00 00:00:00', NULL),
(395, 262, 'Bhalwal', 'bha17', '2018-10-17 16:29:41', '0000-00-00 00:00:00', NULL),
(396, 262, 'Kot Momin', 'kot31', '2018-10-17 16:29:41', '0000-00-00 00:00:00', NULL),
(397, 262, 'Sahiwal', 'sah66', '2018-10-17 16:29:41', '0000-00-00 00:00:00', NULL),
(398, 262, 'Sargodha', 'sar20', '2018-10-17 16:29:41', '0000-00-00 00:00:00', NULL),
(399, 262, 'Shahpur', 'sha10', '2018-10-17 16:29:41', '0000-00-00 00:00:00', NULL),
(400, 262, 'Sillanwali', 'sil52', '2018-10-17 16:29:41', '0000-00-00 00:00:00', NULL),
(401, 263, 'Ferozewala', 'fer00', '2018-10-17 16:29:41', '0000-00-00 00:00:00', NULL),
(402, 263, 'Muridke', 'mur21', '2018-10-17 16:29:41', '0000-00-00 00:00:00', NULL),
(403, 263, 'Sharak Pur', 'sha56', '2018-10-17 16:29:41', '0000-00-00 00:00:00', NULL),
(404, 263, 'Sheikhupura', 'she73', '2018-10-17 16:29:41', '0000-00-00 00:00:00', NULL),
(405, 264, 'Daska', 'das98', '2018-10-17 16:29:41', '0000-00-00 00:00:00', NULL),
(406, 264, 'Pasrur', 'pas71', '2018-10-17 16:29:41', '0000-00-00 00:00:00', NULL),
(407, 264, 'Sambrial', 'sam61', '2018-10-17 16:29:41', '0000-00-00 00:00:00', NULL),
(408, 264, 'Sialkot', 'sia91', '2018-10-17 16:29:41', '0000-00-00 00:00:00', NULL),
(409, 265, 'Gojra', 'goj74', '2018-10-17 16:29:41', '0000-00-00 00:00:00', NULL),
(410, 265, 'Toba Tek Singh', 'tob95', '2018-10-17 16:29:41', '0000-00-00 00:00:00', NULL),
(411, 266, 'Burewala', 'bur54', '2018-10-17 16:29:41', '0000-00-00 00:00:00', NULL),
(412, 266, 'Mailsi', 'mai84', '2018-10-17 16:29:41', '0000-00-00 00:00:00', NULL),
(413, 266, 'Vehari', 'veh59', '2018-10-17 16:29:41', '0000-00-00 00:00:00', NULL),
(414, 267, 'Badin', 'bad43', '2018-10-17 16:29:41', '0000-00-00 00:00:00', NULL),
(415, 267, 'Matli', 'mat38', '2018-10-17 16:29:41', '0000-00-00 00:00:00', NULL),
(416, 267, 'Shaheed Fazal Rahu', 'sha59', '2018-10-17 16:29:41', '0000-00-00 00:00:00', NULL),
(417, 267, 'Talhar', 'tal82', '2018-10-17 16:29:41', '0000-00-00 00:00:00', NULL),
(418, 267, 'Tando Bago', 'tan31', '2018-10-17 16:29:41', '0000-00-00 00:00:00', NULL),
(419, 268, 'Dadu', 'dad11', '2018-10-17 16:29:41', '0000-00-00 00:00:00', NULL),
(420, 268, 'Johi', 'joh63', '2018-10-17 16:29:41', '0000-00-00 00:00:00', NULL),
(421, 268, 'Khairpur Nathan Shah', 'kha79', '2018-10-17 16:29:41', '0000-00-00 00:00:00', NULL),
(422, 268, 'Mehar', 'meh99', '2018-10-17 16:29:41', '0000-00-00 00:00:00', NULL),
(423, 269, 'Daharki', 'dah72', '2018-10-17 16:29:41', '0000-00-00 00:00:00', NULL),
(424, 269, 'Ghotki', 'gho94', '2018-10-17 16:29:41', '0000-00-00 00:00:00', NULL),
(425, 269, 'Khangarh', 'kha24', '2018-10-17 16:29:41', '0000-00-00 00:00:00', NULL),
(426, 269, 'Mirpur Mathelo', 'mir91', '2018-10-17 16:29:41', '0000-00-00 00:00:00', NULL),
(427, 269, 'Ubauro', 'uba85', '2018-10-17 16:29:41', '0000-00-00 00:00:00', NULL),
(428, 270, 'Hyderabad', 'hyd52', '2018-10-17 16:29:41', '0000-00-00 00:00:00', NULL),
(429, 270, 'Latifabad', 'lat21', '2018-10-17 16:29:41', '0000-00-00 00:00:00', NULL),
(430, 270, 'Qasimabad', 'qas58', '2018-10-17 16:29:41', '0000-00-00 00:00:00', NULL),
(431, 271, 'Garhi Khairo', 'gar81', '2018-10-17 16:29:41', '0000-00-00 00:00:00', NULL),
(432, 271, 'Jacobabad', 'jac31', '2018-10-17 16:29:41', '0000-00-00 00:00:00', NULL),
(433, 271, 'Thul', 'thu15', '2018-10-17 16:29:41', '0000-00-00 00:00:00', NULL),
(434, 272, 'Kotri', 'kot79', '2018-10-17 16:29:41', '0000-00-00 00:00:00', NULL),
(435, 272, 'Manjand', 'man49', '2018-10-17 16:29:41', '0000-00-00 00:00:00', NULL),
(436, 272, 'Sehwan', 'seh11', '2018-10-17 16:29:41', '0000-00-00 00:00:00', NULL),
(437, 272, 'Thano Bula Khan', 'tha80', '2018-10-17 16:29:41', '0000-00-00 00:00:00', NULL),
(438, 277, 'Kandhkot', 'kan40', '2018-10-17 16:29:41', '0000-00-00 00:00:00', NULL),
(439, 277, 'Kashmore', 'kas98', '2018-10-17 16:29:41', '0000-00-00 00:00:00', NULL),
(440, 277, 'Tangwani', 'tan09', '2018-10-17 16:29:41', '0000-00-00 00:00:00', NULL),
(441, 278, 'Faiz Ganj', 'fai91', '2018-10-17 16:29:41', '0000-00-00 00:00:00', NULL),
(442, 278, 'Gambat', 'gam26', '2018-10-17 16:29:41', '0000-00-00 00:00:00', NULL),
(443, 278, 'Khairpur', 'kha56', '2018-10-17 16:29:41', '0000-00-00 00:00:00', NULL),
(444, 278, 'Kingri', 'kin01', '2018-10-17 16:29:41', '0000-00-00 00:00:00', NULL),
(445, 278, 'Kot Diji', 'kot33', '2018-10-17 16:29:41', '0000-00-00 00:00:00', NULL),
(446, 278, 'Mirwah', 'mir67', '2018-10-17 16:29:41', '0000-00-00 00:00:00', NULL),
(447, 278, 'Nara', 'nar36', '2018-10-17 16:29:41', '0000-00-00 00:00:00', NULL),
(448, 278, 'Sobho Dero', 'sob78', '2018-10-17 16:29:41', '0000-00-00 00:00:00', NULL),
(449, 280, 'Bakrani Taluks', 'bak81', '2018-10-17 16:29:41', '0000-00-00 00:00:00', NULL),
(450, 280, 'Dokri', 'dok70', '2018-10-17 16:29:41', '0000-00-00 00:00:00', NULL),
(451, 280, 'Larkana', 'lar88', '2018-10-17 16:29:41', '0000-00-00 00:00:00', NULL),
(452, 280, 'Ratodero', 'rat32', '2018-10-17 16:29:41', '0000-00-00 00:00:00', NULL),
(453, 282, 'Hala', 'hal34', '2018-10-17 16:29:41', '0000-00-00 00:00:00', NULL),
(454, 282, 'Matiari', 'mat77', '2018-10-17 16:29:41', '0000-00-00 00:00:00', NULL),
(455, 282, 'Saeedabad', 'sae80', '2018-10-17 16:29:41', '0000-00-00 00:00:00', NULL),
(456, 283, 'Digri', 'dig68', '2018-10-17 16:29:41', '0000-00-00 00:00:00', NULL),
(457, 283, 'Hussain Bux Mari', 'hus34', '2018-10-17 16:29:41', '0000-00-00 00:00:00', NULL),
(458, 283, 'Jhudo', 'jhu98', '2018-10-17 16:29:41', '0000-00-00 00:00:00', NULL),
(459, 283, 'Kot Ghulam Muhammad', 'kot38', '2018-10-17 16:29:41', '0000-00-00 00:00:00', NULL),
(460, 283, 'Mirpurkhas', 'mir64', '2018-10-17 16:29:41', '0000-00-00 00:00:00', NULL),
(461, 283, 'Sindhri', 'sin38', '2018-10-17 16:29:41', '0000-00-00 00:00:00', NULL),
(462, 284, 'Bhiria', 'bhi24', '2018-10-17 16:29:41', '0000-00-00 00:00:00', NULL),
(463, 284, 'Kandiaro', 'kan10', '2018-10-17 16:29:41', '0000-00-00 00:00:00', NULL),
(464, 284, 'Mehrabpur', 'meh79', '2018-10-17 16:29:41', '0000-00-00 00:00:00', NULL),
(465, 284, 'Moro', 'mor63', '2018-10-17 16:29:41', '0000-00-00 00:00:00', NULL),
(466, 284, 'Naushahro Feroze', 'nau81', '2018-10-17 16:29:41', '0000-00-00 00:00:00', NULL),
(467, 286, 'Jam Nawaz Ali', 'jam13', '2018-10-17 16:29:41', '0000-00-00 00:00:00', NULL),
(468, 286, 'Khipro', 'khi23', '2018-10-17 16:29:41', '0000-00-00 00:00:00', NULL),
(469, 286, 'Sanghar', 'san76', '2018-10-17 16:29:41', '0000-00-00 00:00:00', NULL),
(470, 286, 'Shahdadpur', 'sha99', '2018-10-17 16:29:41', '0000-00-00 00:00:00', NULL),
(471, 286, 'Sinjhoro', 'sin21', '2018-10-17 16:29:41', '0000-00-00 00:00:00', NULL),
(472, 286, 'Tando Adam', 'tan77', '2018-10-17 16:29:41', '0000-00-00 00:00:00', NULL),
(473, 287, 'Daur', 'dau22', '2018-10-17 16:29:41', '0000-00-00 00:00:00', NULL),
(474, 287, 'Kazi Ahmed', 'kaz81', '2018-10-17 16:29:41', '0000-00-00 00:00:00', NULL),
(475, 287, 'Nawabshah', 'naw36', '2018-10-17 16:29:41', '0000-00-00 00:00:00', NULL),
(476, 287, 'Sakrand', 'sak36', '2018-10-17 16:29:41', '0000-00-00 00:00:00', NULL),
(477, 288, 'Garhi Yasin', 'gar73', '2018-10-17 16:29:41', '0000-00-00 00:00:00', NULL),
(478, 288, 'Khanpur', 'kha59', '2018-10-17 16:29:41', '0000-00-00 00:00:00', NULL),
(479, 288, 'Lakhi', 'lak75', '2018-10-17 16:29:41', '0000-00-00 00:00:00', NULL),
(480, 288, 'Shikarpur', 'shi97', '2018-10-17 16:29:41', '0000-00-00 00:00:00', NULL),
(481, 290, 'New Sukkur', 'new60', '2018-10-17 16:29:41', '0000-00-00 00:00:00', NULL),
(482, 290, 'Pano Aqil', 'pan94', '2018-10-17 16:29:41', '0000-00-00 00:00:00', NULL),
(483, 290, 'Rohri', 'roh67', '2018-10-17 16:29:41', '0000-00-00 00:00:00', NULL),
(484, 290, 'Salehpat', 'sal88', '2018-10-17 16:29:41', '0000-00-00 00:00:00', NULL),
(485, 290, 'Sukkur', 'suk39', '2018-10-17 16:29:41', '0000-00-00 00:00:00', NULL),
(486, 291, 'Chamber', 'cha70', '2018-10-17 16:29:41', '0000-00-00 00:00:00', NULL),
(487, 291, 'Jhando Mari', 'jha35', '2018-10-17 16:29:41', '0000-00-00 00:00:00', NULL),
(488, 291, 'Tando Allah Yar', 'tan65', '2018-10-17 16:29:41', '0000-00-00 00:00:00', NULL),
(489, 292, 'Bulri Shah Karim', 'bul19', '2018-10-17 16:29:41', '0000-00-00 00:00:00', NULL),
(490, 292, 'Tando Gulam Hyder', 'tan98', '2018-10-17 16:29:41', '0000-00-00 00:00:00', NULL),
(491, 292, 'Tando Muhammad Khan', 'tan36', '2018-10-17 16:29:41', '0000-00-00 00:00:00', NULL),
(492, 293, 'Chachro', 'cha86', '2018-10-17 16:29:41', '0000-00-00 00:00:00', NULL),
(493, 293, 'Diplo', 'dip22', '2018-10-17 16:29:41', '0000-00-00 00:00:00', NULL),
(494, 293, 'Mithi', 'mit53', '2018-10-17 16:29:41', '0000-00-00 00:00:00', NULL),
(495, 293, 'Nagar Parkar', 'nag99', '2018-10-17 16:29:41', '0000-00-00 00:00:00', NULL),
(496, 294, 'Ghorabari', 'gho35', '2018-10-17 16:29:41', '0000-00-00 00:00:00', NULL),
(497, 289, 'Jati', 'jat79', '2018-10-17 16:29:41', '0000-00-00 00:00:00', NULL),
(498, 294, 'Keti Bunder', 'ket88', '2018-10-17 16:29:41', '0000-00-00 00:00:00', NULL),
(499, 289, 'Kharo Chan', 'kha69', '2018-10-17 16:29:41', '0000-00-00 00:00:00', NULL),
(500, 289, 'Mirpur Bathoro', 'mir65', '2018-10-17 16:29:41', '0000-00-00 00:00:00', NULL),
(501, 294, 'Mirpur Sakro', 'mir50', '2018-10-17 16:29:41', '0000-00-00 00:00:00', NULL),
(502, 289, 'Shah Bunder', 'sha32', '2018-10-17 16:29:41', '0000-00-00 00:00:00', NULL),
(503, 289, 'Sujawal', 'suj44', '2018-10-17 16:29:41', '0000-00-00 00:00:00', NULL),
(504, 294, 'Thatta', 'tha24', '2018-10-17 16:29:41', '0000-00-00 00:00:00', NULL),
(505, 295, 'Kunri', 'kun87', '2018-10-17 16:29:41', '0000-00-00 00:00:00', NULL),
(506, 295, 'Pithoro', 'pit66', '2018-10-17 16:29:41', '0000-00-00 00:00:00', NULL),
(507, 295, 'Samaro', 'sam66', '2018-10-17 16:29:41', '0000-00-00 00:00:00', NULL),
(508, 295, 'Umer Kot', 'ume31', '2018-10-17 16:29:41', '0000-00-00 00:00:00', NULL),
(514, 265, 'Kamalia', 'kam11', '2018-10-17 16:29:41', '0000-00-00 00:00:00', NULL),
(515, 245, 'Mian Channu', 'mia42', '2018-10-17 16:29:41', '0000-00-00 00:00:00', NULL),
(516, 273, 'Gulberg Town', 'gul78', '2018-10-17 16:29:41', '0000-00-00 00:00:00', NULL),
(517, 273, 'Liaquatabad Town', 'lia63', '2018-10-17 16:29:41', '0000-00-00 00:00:00', NULL),
(518, 273, 'New Karachi Town', 'new81', '2018-10-17 16:29:41', '0000-00-00 00:00:00', NULL),
(519, 273, 'North Nazimabad Town', 'nor18', '2018-10-17 16:29:41', '0000-00-00 00:00:00', NULL),
(520, 273, 'Nazimabad', 'naz47', '2018-10-17 16:29:41', '0000-00-00 00:00:00', NULL),
(521, 274, 'Gulshan Town', 'gul80', '2018-10-17 16:29:41', '0000-00-00 00:00:00', NULL),
(522, 274, 'Jamshed Town', 'jam58', '2018-10-17 16:29:41', '0000-00-00 00:00:00', NULL),
(523, 274, 'Ferozabad', 'fer51', '2018-10-17 16:29:41', '0000-00-00 00:00:00', NULL),
(524, 274, 'Gulshan-E-Iqbal', 'gul79', '2018-10-17 16:29:41', '0000-00-00 00:00:00', NULL),
(525, 274, 'Gulzar-E-Hijri', 'gul45', '2018-10-17 16:29:41', '0000-00-00 00:00:00', NULL),
(526, 275, 'Lyari Town', 'lya87', '2018-10-17 16:29:41', '0000-00-00 00:00:00', NULL),
(527, 275, 'Saddar Town', 'sad03', '2018-10-17 16:29:41', '0000-00-00 00:00:00', NULL),
(528, 275, 'Aram Bahg', 'ara41', '2018-10-17 16:29:41', '0000-00-00 00:00:00', NULL),
(529, 275, 'Civil Line', 'civ15', '2018-10-17 16:29:41', '0000-00-00 00:00:00', NULL),
(530, 275, 'Garden', 'gar86', '2018-10-17 16:29:41', '0000-00-00 00:00:00', NULL),
(531, 352, 'Baldia Town', 'bal24', '2018-10-17 16:29:41', '0000-00-00 00:00:00', NULL),
(532, 276, 'Kiamari Town', 'kia64', '2018-10-17 16:29:41', '0000-00-00 00:00:00', NULL),
(533, 352, 'S.I.T.E. Town', 's.i47', '2018-10-17 16:29:41', '0000-00-00 00:00:00', NULL),
(534, 276, 'Orangi Town', 'ora44', '2018-10-17 16:29:41', '0000-00-00 00:00:00', NULL),
(535, 276, 'Harbour', 'har77', '2018-10-17 16:29:41', '0000-00-00 00:00:00', NULL),
(536, 276, 'Manghopir', 'man53', '2018-10-17 16:29:41', '0000-00-00 00:00:00', NULL),
(537, 276, 'Maripur', 'mar34', '2018-10-17 16:29:41', '0000-00-00 00:00:00', NULL),
(538, 276, 'Mominabad', 'mom12', '2018-10-17 16:29:41', '0000-00-00 00:00:00', NULL),
(541, 20, 'Jehangira', 'jeh20', '2018-11-30 14:17:49', '0000-00-00 00:00:00', NULL),
(544, 11, 'Drosh', 'dro10', '2018-12-03 12:23:46', '0000-00-00 00:00:00', NULL),
(548, 7, 'Balambat', 'bal99', '2018-12-05 14:10:31', '0000-00-00 00:00:00', NULL),
(553, 7, 'Khall', 'kha99', '2018-12-05 14:10:31', '0000-00-00 00:00:00', NULL),
(555, 5, 'Darazinda', 'dar10', '2018-12-12 07:38:09', '0000-00-00 00:00:00', NULL),
(560, 13, 'Khanpur', 'khn11', '2019-01-02 14:26:24', '0000-00-00 00:00:00', NULL),
(563, 6, 'Barawal', 'bar11', '2019-01-14 12:27:32', '0000-00-00 00:00:00', NULL),
(565, 4, 'Kakki', 'kak10', '2019-01-17 10:24:46', '0000-00-00 00:00:00', NULL),
(570, 4, 'Baka Khel', 'bkk11', '2019-01-17 10:26:37', '0000-00-00 00:00:00', NULL),
(577, 10, 'Mandanr', 'man10', '2019-01-24 14:46:53', '0000-00-00 00:00:00', NULL),
(582, 2, 'Rustam', 'rus10', '2018-10-17 16:29:41', '0000-00-00 00:00:00', NULL),
(584, 231, 'Fateh Jang', 'fathj', '2019-04-03 10:47:55', '0000-00-00 00:00:00', NULL),
(589, 231, 'Jand', 'jand', '2019-04-03 10:49:30', '0000-00-00 00:00:00', NULL),
(594, 231, 'Hassan Abdal', 'hsnabd', '2019-04-03 10:50:11', '0000-00-00 00:00:00', NULL),
(599, 231, 'Hazro', 'hazro', '2019-04-03 10:50:44', '0000-00-00 00:00:00', NULL),
(601, 143, 'Shawal', 'shawal', '2019-04-20 19:51:03', '0000-00-00 00:00:00', NULL),
(605, 330, 'Kharan', 'kha1', '2019-05-28 10:46:39', '0000-00-00 00:00:00', NULL),
(610, 330, 'Ser Kharan', 'kha2', '2019-05-28 10:46:39', '0000-00-00 00:00:00', NULL),
(615, 335, 'Nushki', 'nus1', '2019-05-28 10:46:39', '0000-00-00 00:00:00', NULL),
(620, 335, 'Ahmed Wall', 'nus2', '2019-05-28 10:46:39', '0000-00-00 00:00:00', NULL),
(625, 340, 'Dalbandin', 'cha1', '2019-05-28 10:46:39', '0000-00-00 00:00:00', NULL),
(630, 340, 'Chagi', 'cha2', '2019-05-28 10:46:39', '0000-00-00 00:00:00', NULL),
(635, 340, 'Naukundi', 'cha3', '2019-05-28 10:46:39', '0000-00-00 00:00:00', NULL),
(640, 340, 'Taftan', 'cha4', '2019-05-28 10:46:39', '0000-00-00 00:00:00', NULL),
(645, 345, 'Washuk', 'was1', '2019-05-28 10:46:39', '0000-00-00 00:00:00', NULL),
(650, 345, 'Basima', 'was2', '2019-05-28 10:46:39', '0000-00-00 00:00:00', NULL),
(655, 345, 'Maskel', 'was2', '2019-05-28 10:46:39', '0000-00-00 00:00:00', NULL),
(658, 265, 'Pir Mahal', 'pirm', '2019-09-03 21:13:18', '0000-00-00 00:00:00', NULL),
(663, 24, 'Jandola', 'jand', '2020-01-03 09:41:44', '0000-00-00 00:00:00', NULL),
(668, 231, 'Attock', 'att', '2020-02-07 11:16:05', '0000-00-00 00:00:00', NULL),
(673, 0, 'Tehsil Missing', 'TM', '2020-04-14 10:16:05', '0000-00-00 00:00:00', NULL),
(675, 262, 'Bhera', 'bher', '2020-05-08 16:29:41', '0000-00-00 00:00:00', NULL),
(682, 142, 'Lower Mohmand', 'lwmh', '2020-05-11 16:29:41', '0000-00-00 00:00:00', NULL),
(683, 358, 'Lawa', 'law', '2020-05-13 16:29:41', '0000-00-00 00:00:00', NULL),
(690, 142, 'Baizai', 'bazupp', '2020-05-14 16:29:41', '0000-00-00 00:00:00', NULL),
(703, 299, 'Tangir', 'tan20', '2020-06-19 16:29:41', '0000-00-00 00:00:00', NULL),
(704, 219, 'Toi Sar', 'toi219', '2020-12-28 16:22:23', '0000-00-00 00:00:00', NULL),
(705, 4, 'Miryan', 'mir111', '2021-01-28 12:16:15', '0000-00-00 00:00:00', NULL),
(706, 279, 'Korangi', 'kor279', '2021-04-07 11:00:00', '0000-00-00 00:00:00', NULL),
(707, 352, 'Mauripur', 'mau52', '2021-06-28 10:48:08', '0000-00-00 00:00:00', NULL),
(708, 352, 'Keamari', 'ke52', '2021-06-28 10:48:46', '0000-00-00 00:00:00', NULL),
(709, 8, 'Lower Tanawal', 'lt8', '2021-10-11 10:46:00', '0000-00-00 00:00:00', NULL),
(710, 8, 'Lora', 'lr8', '2021-10-11 10:46:19', '0000-00-00 00:00:00', NULL),
(711, 1, 'Pishtakhara', 'pisht', '2022-01-21 13:04:38', '0000-00-00 00:00:00', NULL),
(712, 1, 'Shah Alam', 'shalam', '2022-01-21 13:04:59', '0000-00-00 00:00:00', NULL),
(713, 253, 'Chowk Sarwar Shaheed', 'css', '2022-06-13 12:04:59', '0000-00-00 00:00:00', NULL),
(714, 356, 'Gandakha', 'gan12', '2022-12-07 17:29:41', '0000-00-00 00:00:00', NULL),
(715, 11, 'Garam Chashma', 'gca11', '2023-10-02 11:38:51', '0000-00-00 00:00:00', NULL),
(716, 11, 'Latkoh', 'lat11', '2023-10-02 11:39:06', '0000-00-00 00:00:00', NULL),
(717, 11, 'Arrandu', 'arr11', '2023-10-02 11:39:17', '0000-00-00 00:00:00', NULL),
(718, 351, 'Mastuj', 'mas351', '2023-10-02 11:39:49', '0000-00-00 00:00:00', NULL),
(719, 351, 'Mulkhow', 'mul351', '2023-10-02 11:40:04', '0000-00-00 00:00:00', NULL),
(720, 351, 'Torkhow', 'tor351', '2023-10-02 11:40:21', '0000-00-00 00:00:00', NULL),
(721, 351, 'Yarkhon', 'yar351', '2023-10-02 11:40:34', '0000-00-00 00:00:00', NULL);

-- --------------------------------------------------------

--
-- Table structure for table `temporary_files`
--

DROP TABLE IF EXISTS `temporary_files`;
CREATE TABLE IF NOT EXISTS `temporary_files` (
  `id` bigint UNSIGNED NOT NULL AUTO_INCREMENT,
  `token` varchar(125) NOT NULL,
  `collection` varchar(125) NOT NULL,
  `created_at` timestamp NULL DEFAULT NULL,
  `updated_at` timestamp NULL DEFAULT NULL,
  PRIMARY KEY (`id`) USING BTREE
) ENGINE=InnoDB AUTO_INCREMENT=86 DEFAULT CHARSET=utf8mb3 ROW_FORMAT=DYNAMIC;

--
-- Dumping data for table `temporary_files`
--

INSERT INTO `temporary_files` (`id`, `token`, `collection`, `created_at`, `updated_at`) VALUES
(7, 'UfIOMTNtOnibhymby8PEqAXTeeJVnwP40AFJEqch9f5JIKX75RphH26nXJU6', 'attachments', '2023-06-22 11:59:57', '2023-06-22 11:59:57'),
(8, 'dC5jX1VSDdekR4pFIpnkWPAKVMurSW8pS1qcPjvVyxGMT1gdtz0MmC2voMUv', 'complaint_attachments', '2023-10-24 22:20:14', '2023-10-24 22:20:14'),
(10, 'yKXk0LuxFQ9hgpFwiXOfzxlLs85DaLT0UrfyiEQzYfbAyjO2ik3iFMyf7HE5', 'complaint_attachments', '2023-10-27 14:05:17', '2023-10-27 14:05:17'),
(11, 'BWOpzhZiVAQx1UociKpZMMdmdpDT3QIGEjstZYTg1Az9W2pOqB9cionp8Mom', 'activity_attachments', '2023-10-29 15:17:40', '2023-10-29 15:17:40'),
(12, '5F0ALELei2E2dj873NR57A71NI7pCcTZPN65TS1m92Np65qzzsQm7XEwjBtl', 'activity_attachments', '2023-10-29 15:19:17', '2023-10-29 15:19:17'),
(13, 'JTOWEMNrtCchYfS3MCzdWivP6djDzVrp8b83yZq7xQGBkN0A2BWybohbwYni', 'activity_attachments', '2023-10-29 15:21:01', '2023-10-29 15:21:01'),
(14, 'YpQGYpqInKyJEPwPjXa1a130imOUWXoI7oEWzdHOzoN2gwfpy0QxV6YcpwFU', 'activity_attachments', '2023-10-29 15:21:19', '2023-10-29 15:21:19'),
(15, 'osyifFdtXyiYVdqiOh3C1W4M8GnRH8LSQhN7tguOFXvcHYVpfq1U6k0DM7Rw', 'activity_attachments', '2023-10-29 15:27:12', '2023-10-29 15:27:12'),
(16, 'cnEWsYSU4MZswYgeN8JqwpBzriX6yRHdIyLn30befzUWfH98qvGv5p7cJM44', 'activity_attachments', '2023-10-29 15:51:49', '2023-10-29 15:51:49'),
(17, 'TxC8pC9O3uTkCkCkKnUQ9OHHWsDmmf8I567w8YkcyDRHbwZO4L90JuDIKk94', 'activity_attachments', '2023-10-29 15:51:57', '2023-10-29 15:51:57'),
(18, 'DgJXJGL9oNcsoX31D5hw4iDBfOwsAst5CoYTmk9kMU7byIqMl9n4J0sY6neL', 'complaint_attachments', '2023-10-30 09:26:18', '2023-10-30 09:26:18'),
(19, 'xV91gBqFmVcL4HBqt95OXRu9SsfsZVT55VB8P1ta1yDgwLVRAUSv4cUndrRh', 'complaint_attachments', '2023-10-30 09:27:01', '2023-10-30 09:27:01'),
(29, '6N04bNcBe7CHFlfxEFCjFSdhjeZ22MduZM9UV2fVXQY1cP4doPZhwILqeJaU', 'activity_attachments', '2023-10-31 11:48:23', '2023-10-31 11:48:23'),
(32, '5ItWoKUexMJvJkONUPYNbyGUjNs5pU3yisUFUSTrblCyZ4AKv52TDnmd1xZk', 'activity_attachments', '2023-10-31 11:50:29', '2023-10-31 11:50:29'),
(33, 'Dd6fYLjPoh3np5TlMvouexEITa5oYQUuDbgRi2xFw6cq6mofIpQimJmWIydi', 'PROFILE_PICTURE', '2023-12-30 21:58:38', '2023-12-30 21:58:38'),
(34, 'VrPG1FrsdRzKFMlfIhe1bpARwHv0Vn0uavacJt4HsBr2OxZyEKXKRKCYZZY0', 'PROFILE_PICTURE', '2023-12-30 21:58:56', '2023-12-30 21:58:56'),
(35, 'iavphlu9eJGYAWWSECJCvXQJruptn4Jft7fzcdUakxwiW26WsormisU3rZaB', 'PROFILE_PICTURE', '2023-12-30 21:59:01', '2023-12-30 21:59:01'),
(36, 'kj8SSIA8fq7F3c54QZ5KEQYm6Fs1LGL4GchvdEWpoVi7bZ3QEHLjaTBHxY9q', 'PROFILE_PICTURE', '2023-12-30 22:02:06', '2023-12-30 22:02:06'),
(37, 'FhjSrv9FQx8OqncLvpuniarNIYhd8I1PtcIRqmA4CArEamM3kB552mj6QBqR', 'PROFILE_PICTURE', '2023-12-30 22:02:38', '2023-12-30 22:02:38'),
(38, 'HXrRpHnDqRR8i3CnnddP3Z1qyh0BG98gXslUiTSqmeXRUefDsYSYOOubYijd', 'PROFILE_PICTURE', '2023-12-30 22:02:45', '2023-12-30 22:02:45'),
(39, 'R5QwKVpMZgRGzyx3sxzR8j58EtPRErkXfghdgFb2QNp9BmybsvmWmX9zeUFB', 'PROFILE_PICTURE', '2023-12-30 22:04:04', '2023-12-30 22:04:04'),
(40, 'kMaX3Wiq33Noa2QBrxVkBOr91kr9XFFRg7WH3WNHSaYSWaUc4rY789rg8rYd', 'PROFILE_PICTURE', '2023-12-30 22:04:09', '2023-12-30 22:04:09'),
(41, '9aEBJYjwdSSs8fHnKEF0XDDlDMaaFFu4kOPWPT1I9w7iPYWuXvu6AZZ8wfKD', 'PROFILE_PICTURE', '2023-12-30 22:04:13', '2023-12-30 22:04:13'),
(42, 'iozbwAdJsraGbPTXbEBLB9wuZ7SeA6q2Q376nJ8o2LjMMFhIrbsvJYnlzwV5', 'PROFILE_PICTURE', '2024-01-30 08:18:43', '2024-01-30 08:18:43'),
(43, 'VUI4uRnt3ceZte1nSD1lyO6VrDcFfzZYrlcqBsfkiJhNJDsulxjL741k8Vqs', 'PROFILE_PICTURE', '2024-02-02 11:03:40', '2024-02-02 11:03:40'),
(44, 'nHNNH73aVVyEW43XzEO7EfvjijObAHSSgpoOITVXlKUkRP5ClqWGH4jCN4Th', 'PROFILE_PICTURE', '2024-02-03 05:40:50', '2024-02-03 05:40:50'),
(45, 'JicQv7B4gTko8hMwjufWhO3iWJ5CkSlIUF1drhMX7CCnyuLAF9gYcZzsWsre', 'PROFILE_PICTURE', '2024-02-03 05:41:30', '2024-02-03 05:41:30'),
(46, '5qDmvPoypMuAi8UOT5DGTzG6Uj0URNgroYDY8v04l6RWUTl4oRBmLEZwXp8O', 'PROFILE_PICTURE', '2024-02-03 08:17:18', '2024-02-03 08:17:18'),
(47, '8pt3JlAERhYSa3Ga6lLVVxS5QsLFFj17jipjnOQKzg2LznDCN5c8DqynNtZO', 'PROFILE_PICTURE', '2024-02-03 08:20:15', '2024-02-03 08:20:15'),
(48, 'EIhmG5FpjujMDvlHnZGRnGcVAd1ZwB3CKX0bUc1EI6cOiorDNlLN19DqAb17', 'PROFILE_PICTURE', '2024-02-03 08:22:01', '2024-02-03 08:22:01'),
(49, 'ZfZLZqz0S5V7tLA3F6CrQEkwPWf0QsbzsVmSy3uRneNTm8DOIvrK3MKCdF5y', 'PROFILE_PICTURE', '2024-02-03 08:22:10', '2024-02-03 08:22:10'),
(50, 'HmQf1Dq0jYsRLiCUs3LY0QCdkLEIvIoOFDlZ6bvI2bjq2qK2HGZ6LXCYZHm8', 'PROFILE_PICTURE', '2024-02-03 08:24:00', '2024-02-03 08:24:00'),
(51, 'LOsPXzfgQWBbuad3efndxp1kPbuUkZCBVj8ZSCumzH2cBE13Fd0uBxh86zZ2', 'PROFILE_PICTURE', '2024-02-03 08:29:49', '2024-02-03 08:29:49'),
(52, '3zJwPPm8ccSGSKtBhg2CdS7BQ25YyZQC95nE34G3zcdPTkY6i4W0AX90glr5', 'PROFILE_PICTURE', '2024-02-03 08:30:45', '2024-02-03 08:30:45'),
(53, 'DJQiMj463sfabrNypv9lDOnT1VhaShxchON1OUU4zHqwwHPVJj1rKXcQ4bqx', 'PROFILE_PICTURE', '2024-02-03 08:40:35', '2024-02-03 08:40:35'),
(54, 'VuotDeLirXvuyM0ssplssLWeScjJlYZ2jc3EtUtz61QXZM4PWFM8EwUd7tUs', 'PROFILE_PICTURE', '2024-02-03 09:49:45', '2024-02-03 09:49:45'),
(55, 'EEhxACxMUvukYxuq7sbwmv5ERA3XqNrfNBhfhYtjrOgmJrwywvlBkUADpbnz', 'PROFILE_PICTURE', '2024-02-03 11:09:52', '2024-02-03 11:09:52'),
(56, 'iJnRrAycSpvDxuPOOjZ8AVCFj0CJpschzdTC8ktTJEQCFO4vskZlu13I5rKX', 'PROFILE_PICTURE', '2024-02-03 11:10:24', '2024-02-03 11:10:24'),
(57, 'oYzyq6iqlhr2XEnrS9CPSKH3s6EgScwjy6paS2CU5ZKYSAxpdmirT6ddxwZE', 'PROFILE_PICTURE', '2024-02-03 11:17:04', '2024-02-03 11:17:04'),
(58, 'ZaH6tyrxxznsr7sIG89EMgrRYHYw4MwqGUHr1gPMZSfBVp0TCW5UXxT6Hn4p', 'PROFILE_PICTURE', '2024-02-03 11:18:57', '2024-02-03 11:18:57'),
(59, 'UwkCiXKf9tzuWVBkBqv3VuICt0VDHvBIQCAt397wa3Mr6BzPuCygdxlmUMQ6', 'PROFILE_PICTURE', '2024-02-03 11:24:15', '2024-02-03 11:24:15'),
(60, 'dBF2K1GP7TC9qU3oE6Gzj8AXorWVPBzx1wk8RQkDQi04CvTP69McqOJokej8', 'PROFILE_PICTURE', '2024-02-03 11:26:14', '2024-02-03 11:26:14'),
(61, 'GOZWeyc4eqCqcMkYpBKxqdVz5svZI4mwOAwWYGRPZ0LQTvazXzka1nxPygfH', 'PROFILE_PICTURE', '2024-02-03 11:26:20', '2024-02-03 11:26:20'),
(62, 'LzpQjmof4JioDvymlAYXcCKm4nPB18cdv77W10MEyZ2iz2Oizqkx9IPFfr9g', 'PROFILE_PICTURE', '2024-02-03 11:26:47', '2024-02-03 11:26:47'),
(63, 'LsmGelS2hUEMA5r14tGNLfq2J8JJXaomDoqnM9UcCUU3JPZJvRJdzMhIORWn', 'PROFILE_PICTURE', '2024-02-03 11:29:49', '2024-02-03 11:29:49'),
(64, 'snjT8j744gf5PzMjq93lwoPAhNUEx23WerLMTMCNdHsxVw9fUvpV6VYgFYcZ', 'PROFILE_PICTURE', '2024-02-03 11:44:19', '2024-02-03 11:44:19'),
(65, 'A61rnnwz1bKW8y1tPDbw3QOEfACJHOMSQYbO5ZxNzLbXUmrcLkHv5hQXYpI1', 'PROFILE_PICTURE', '2024-02-03 11:50:10', '2024-02-03 11:50:10'),
(66, 'AEvfURf4Or1Ch50lILbGFqOROsPJy6Bg237R1xvKPtp1vccjaRZXBTqxPDgL', 'PROFILE_PICTURE', '2024-02-03 11:56:40', '2024-02-03 11:56:40'),
(67, 'ezwDO4NT4Tq891nCWFC1PlXwVbn0inhayg0KXnFvDsP5Sy01yXmBLKgjXAIx', 'PROFILE_PICTURE', '2024-02-03 12:05:33', '2024-02-03 12:05:33'),
(68, '6KbTsqD9DFhT6Dm1OP4OiWyTcicDNid7fpGnB7B1tu1iOXUxgtD2PASNmtk4', 'PROFILE_PICTURE', '2024-02-03 12:42:05', '2024-02-03 12:42:05'),
(69, 'Cg7BjOXmCcOdkVWHVnmJJXb4ZIcMJrPNSRCY5yKLEo3SZLM0TTNlgvtqHMWl', 'PROFILE_PICTURE', '2024-02-03 13:00:01', '2024-02-03 13:00:01'),
(70, 'UGFD78DV6YY9La6NuzYaOwjCE7IpoytHsh47fVQ8yrECeJHbLbTdnOHgXC8g', 'PROFILE_PICTURE', '2024-02-04 12:57:29', '2024-02-04 12:57:29'),
(71, 'hTikkSngqqfPfrRynWXiqHe48U2XGNKlUoeZf7uk42uSUrMrejjMKUkjClnt', 'PROFILE_PICTURE', '2024-02-04 16:45:11', '2024-02-04 16:45:11'),
(72, 'xTpwwLkDwrPxe4zgPA5vyWgVtb2Tw4reJXZk4Fv4f7fgTaG7aawfad0B7knr', 'PROFILE_PICTURE', '2024-02-04 17:55:44', '2024-02-04 17:55:44'),
(73, 'hMGAVJiVC2C7ccWKLiMXJd4VgOXIYKSgWMKtRARiT7uvXzCIk4Us0WLN3BQc', 'PROFILE_PICTURE', '2024-02-04 17:56:03', '2024-02-04 17:56:03'),
(74, 'H1i0uJOIiSELUa7p62Cem4zpqrf2ZR1T396SxLVwgzWxVahtaliRznx2l8Eg', 'PROFILE_PICTURE', '2024-02-04 17:57:52', '2024-02-04 17:57:52'),
(75, '0fDfnDYkzbFy7etvY7905V46NEdxfiX0OK6ahiYMT11ohTaSjKUNDG3N58Qb', 'PROFILE_PICTURE', '2024-02-04 17:59:17', '2024-02-04 17:59:17'),
(76, 'DR51itrN2PkS3MCEfwAnZGRxjP3XI4yFbd6aOGowHFfYRMttDq3C39UcHnrj', 'PROFILE_PICTURE', '2024-02-04 18:01:07', '2024-02-04 18:01:07'),
(77, 'c0rZIJpfncm5as5Zg2OENy6xs0HJgi2QTCGEf1DBm8KvdBmGhh0oSxfe6tG1', 'PROFILE_PICTURE', '2024-02-05 05:54:12', '2024-02-05 05:54:12'),
(78, 'ETbH6R3WhmvrOodmQZCBFVbqlkMbF0GQ9XN2jzbdgi7YeGc1sChahje7uVCw', 'PROFILE_PICTURE', '2024-02-05 07:34:37', '2024-02-05 07:34:37'),
(79, 'qWjHxGpDGtBMaTiEa4n3mJaziG4XnsltCzzWA0Exl85d3L0afn8B7MrPS4fx', 'PROFILE_PICTURE', '2024-02-06 09:35:27', '2024-02-06 09:35:27'),
(80, 'AlzDbnc2bU2QqwZgm34nV2Z6k0Fc9lkKhlo4oCQIyhD1bXXpNTagLbgrwRVX', 'PROFILE_PICTURE', '2024-02-06 09:35:36', '2024-02-06 09:35:36'),
(81, '69jhzwzz9P1R4AFtQH8Nq4nfVFYrrARTToInXPsq8I5K7rSCOoDRWRtZDQ9m', 'PROFILE_PICTURE', '2024-02-07 06:39:50', '2024-02-07 06:39:50'),
(82, '3c5oNpthbQKvk5lb2vxC7925gISg81BP2ov2TCuULciRHwy5FMN8qaHtUnGJ', 'PROFILE_PICTURE', '2024-02-07 06:40:48', '2024-02-07 06:40:48'),
(83, 'zlT2GKiYWIHTzP4rhTO0tcZ2bEWLnClNGSmOlTpy5b6uLRGyDQPXoDtL5Fff', 'PROFILE_PICTURE', '2024-02-07 06:41:41', '2024-02-07 06:41:41'),
(84, 'DChovcA649DhJjq8wG343fuanHQRsZCYhINfUvReGgnVUmTQ8zBKrYcyS6Wr', 'PROFILE_PICTURE', '2024-02-07 06:43:32', '2024-02-07 06:43:32'),
(85, 'QJsvxkb9ZuVlE4Np1EQoBqi1H5PcACNFwuPJZkniPoL7mEjefD1N9aXGQ2b9', 'PROFILE_PICTURE', '2024-02-07 07:57:06', '2024-02-07 07:57:06');

-- --------------------------------------------------------

--
-- Table structure for table `temp_sale`
--

DROP TABLE IF EXISTS `temp_sale`;
CREATE TABLE IF NOT EXISTS `temp_sale` (
  `SaleID` int NOT NULL AUTO_INCREMENT,
  `SCID` int DEFAULT NULL,
  `InvoiceNo` varchar(255) DEFAULT NULL,
  `Date` date DEFAULT NULL,
  `Description` text,
  `TNo` int DEFAULT NULL,
  `TotalSale` decimal(10,2) DEFAULT NULL,
  `received_amount` decimal(10,2) NOT NULL DEFAULT '0.00',
  `Discount` int DEFAULT NULL,
  `SalemanID` int DEFAULT '0',
  `SalemanCommesion` int DEFAULT '0',
  `CustomerMobile` varchar(255) DEFAULT NULL,
  `CreatedBy` int DEFAULT NULL,
  `CreatedAt` date DEFAULT NULL,
  `ModifiedBy` int DEFAULT NULL,
  `ModifiedAt` date DEFAULT NULL,
  `SalemanCommesionStatus` int DEFAULT '0',
  `sale_descriptions` varchar(255) DEFAULT NULL,
  `bill_details` text,
  PRIMARY KEY (`SaleID`)
) ENGINE=InnoDB DEFAULT CHARSET=utf8mb3;

-- --------------------------------------------------------

--
-- Table structure for table `temp_sale_details`
--

DROP TABLE IF EXISTS `temp_sale_details`;
CREATE TABLE IF NOT EXISTS `temp_sale_details` (
  `SDID` int NOT NULL AUTO_INCREMENT,
  `ProductID` int DEFAULT NULL,
  `SaleID` int DEFAULT NULL,
  `Quantity` int DEFAULT NULL,
  `UnitePrice` float DEFAULT NULL,
  `taxPercentage` decimal(10,2) DEFAULT NULL,
  `taxAmount` decimal(10,2) DEFAULT NULL,
  `PurchasePrice` float DEFAULT NULL,
  `ReturnQuantity` int DEFAULT '0',
  `GDID` int DEFAULT '0',
  PRIMARY KEY (`SDID`)
) ENGINE=InnoDB DEFAULT CHARSET=utf8mb3;

-- --------------------------------------------------------

--
-- Table structure for table `users`
--

DROP TABLE IF EXISTS `users`;
CREATE TABLE IF NOT EXISTS `users` (
  `id` bigint UNSIGNED NOT NULL AUTO_INCREMENT,
  `department_id` int NOT NULL,
  `name` varchar(255) NOT NULL,
  `email` varchar(255) NOT NULL,
  `cnic` varchar(255) DEFAULT NULL,
  `email_verified_at` timestamp NULL DEFAULT NULL,
  `password` varchar(255) NOT NULL,
  `remember_token` varchar(100) DEFAULT NULL,
  `contact_number` varchar(100) DEFAULT NULL,
  `district_id` int DEFAULT NULL,
  `tehsil_id` int DEFAULT NULL,
  `created_at` timestamp NULL DEFAULT NULL,
  `updated_at` timestamp NULL DEFAULT NULL,
  `username` varchar(255) DEFAULT NULL,
  `company_id` int DEFAULT NULL,
  `section_id` int DEFAULT NULL,
  `parent_id` int DEFAULT NULL,
  `status` int NOT NULL DEFAULT '1',
  `description` text,
  `is_hod` varchar(100) DEFAULT NULL,
  `deleted_at` datetime DEFAULT NULL,
  `device_token` text,
  `android_token` varchar(255) DEFAULT NULL,
  `ios_token` varchar(255) DEFAULT NULL,
  `is_specific` int NOT NULL DEFAULT '0',
  PRIMARY KEY (`id`) USING BTREE,
  UNIQUE KEY `users_email_unique` (`email`) USING BTREE
) ENGINE=InnoDB AUTO_INCREMENT=12261 DEFAULT CHARSET=utf8mb3 ROW_FORMAT=DYNAMIC;

--
-- Dumping data for table `users`
--

INSERT INTO `users` (`id`, `department_id`, `name`, `email`, `cnic`, `email_verified_at`, `password`, `remember_token`, `contact_number`, `district_id`, `tehsil_id`, `created_at`, `updated_at`, `username`, `company_id`, `section_id`, `parent_id`, `status`, `description`, `is_hod`, `deleted_at`, `device_token`, `android_token`, `ios_token`, `is_specific`) VALUES
(2, 1, 'Ayaz Ahmad', 'admin@gmail.com', '16202-4138307-7', '0000-00-00 00:00:00', '$2a$12$57O0K5VeM0hzo9H4VfJaZ.Ka7lO8EoCZxgxHdeKF8nsPa3so3ZQ3G', '', '4456456', 1, 279, '2022-05-13 10:15:04', '2024-02-07 06:07:30', 'admin@gmail.com', 1, 0, 0, 1, '', '0', NULL, 'erwOZxGUDgY41vRxGrfKUO:APA91bFXUFw7LQYbXID3--Rco7miVg1ZeZpC_H3p9iCFDXeUQ-EBNM7KSf6z9__34zbTr4u4QWyeK7DEPu4eIkdSgsUSLK1uXJV0RM28M7sj_zthUsSVbQWf1Aq61Pd1hwjHonU20Wyx', 'd2qAJyzATLKSKQE3VXK8Lh:APA91bGsAAZL_I3HQTwHH9WRMrrFRok7nOpUjGrvoM7HEhJY55c5NnHKfRw_orR4v2EbcsNqHhCZmRXjhqF5eeEK-7IaKnGZT2db_FgdCbnO9bV8ffkL7KFStk8gPsNg1fQFua_ndPG6', '', 0),
(12245, 1, 'KPITB', 'kpitb@gmail.com', '', '0000-00-00 00:00:00', '$2y$10$QNRz282GkBMxMxUw57ij9OYHUgpACClFr9V3fYVSVsFNyOo01AhcC', '', '12345678', 1, 0, '2024-07-04 18:43:18', '2024-07-04 18:43:18', 'kpitb@gmail.com', 0, 0, 0, 1, 'asdfa', '0', NULL, '', '', '', 0),
(12246, 2, 'Food', 'food@gamil.com', '', '0000-00-00 00:00:00', '$2y$10$fdQKHEMuuZ3DyqMaNXDC/.fHBlCJzx2lStF1lU3WBzShA68.1CIk6', '', '123164654', 1, 0, '2024-07-05 18:27:41', '2024-07-05 18:27:41', 'food@gmail.com', 0, 0, 0, 1, 'adfssdf', '0', NULL, '', '', '', 0),
(12247, 1, 'Sehat Card Focal Person', 'salman@amch.com', NULL, NULL, '$2y$10$KwQjzUcjYkjcuV8XnAAFkOD/QT.16Rs5Rh92PGbJXZPVXgayOBWqa', NULL, '234234', 22, NULL, '2025-01-03 07:50:47', '2025-01-03 07:50:47', 'salman@amch.com', NULL, NULL, NULL, 1, NULL, '0', NULL, NULL, NULL, NULL, 0),
(12248, 1, 'Ahmad Johar', 'ahmad@amch.com', NULL, NULL, '$2y$10$YrBcO.cyJZsz5yaDu1aZF.A8RUboL70H4Ws00wgA8JB0R.sjvXmb6', NULL, '234234234', 22, NULL, '2025-01-03 07:53:54', '2025-01-03 07:53:54', 'ahmad@amch.com', NULL, NULL, NULL, 1, NULL, '0', NULL, NULL, NULL, NULL, 0),
(12249, 1, 'Ayaz Ahmad', 'ayaz@amch.com', NULL, NULL, '$2y$10$OnUvrUbLTJOoVmVyrtWkXe3VQ95eGuLP9X2oyx3jQqmeucdYOzdW2', NULL, '435435345', 22, NULL, '2025-01-03 07:57:24', '2025-01-03 07:57:24', 'ayaz@amch.com', NULL, NULL, NULL, 1, NULL, '0', NULL, NULL, NULL, NULL, 0),
(12250, 1, 'Akhtar Iqbal', 'akhtar@amch.com', NULL, NULL, '$2y$10$uVEGBkD2IYl8TlqxGFzmkuNT9ieeDf0UFgOIjb6Llg/rq/tCrGzWK', NULL, '23432432', 22, NULL, '2025-01-03 07:58:34', '2025-01-03 07:58:34', 'akhtar@amch.com', NULL, NULL, NULL, 1, NULL, '0', NULL, NULL, NULL, NULL, 0),
(12251, 1, 'Saqib Ahmad', 'saqib@amch.com', NULL, NULL, '$2y$10$lg9Xhcs53TLNpK5dszCrZez3uIMB0abTYvEaVhB4mpIhNy4Lnqk7e', NULL, '23432423432', 22, NULL, '2025-01-03 07:59:05', '2025-01-03 07:59:05', 'saqib@amch.com', NULL, NULL, NULL, 1, NULL, '0', NULL, NULL, NULL, NULL, 0),
(12252, 1, 'Manzoor Ahmad', 'manzoor@amch.com', NULL, NULL, '$2y$10$2Pr1Ce9FIeRtoLlFNAgSOOvsxaHGi/3Kt4Bs8UEGroJunNkj948gC', NULL, '234324', 22, NULL, '2025-01-03 07:59:47', '2025-01-03 07:59:47', 'manzoor@amch.com', NULL, NULL, NULL, 1, NULL, '0', NULL, NULL, NULL, NULL, 0),
(12253, 1, 'Waheed Hussain', 'waheed@amch.com', NULL, NULL, '$2y$10$J8soC6Pc6V4NxEsItRItRuIpx1W6La2CkAuPK1zFaj6g2ntcKfmW6', NULL, '234324234', 22, NULL, '2025-01-03 08:00:17', '2025-01-03 08:00:17', 'waheed@amch.com', NULL, NULL, NULL, 1, NULL, '0', NULL, NULL, NULL, NULL, 0),
(12254, 1, 'Mr. Zeeshan', 'zeeshan@amch.com', NULL, NULL, '$2y$10$PcZvmIfPwSFEDGpxuIs5H.Hz2..R6dkrULDf1wyCsBl1zs8LAaGkO', NULL, '03167094000', 22, NULL, '2025-01-03 15:39:08', '2025-01-03 15:39:08', 'zeeshan@amch.com', NULL, NULL, NULL, 1, NULL, '0', NULL, NULL, NULL, NULL, 0),
(12255, 1, 'Abbas', 'abbas@amch.com', NULL, NULL, '$2y$10$4gFmvqHNzFeBHz9GYFV/fOGoCElZVTXtx/ws5AL62AJu2swlBCS5y', NULL, '031670940003', 22, NULL, '2025-01-03 15:39:58', '2025-01-03 15:39:58', 'abbas@amch.com', NULL, NULL, NULL, 1, 'sdfg', '0', NULL, NULL, NULL, NULL, 0),
(12256, 1, 'Umar Khaliq', 'umarkh@gmail.com', NULL, NULL, '$2y$10$cHVPBNWbUkIR2WCXz7dBAueBcNDNPzzVa1AMyKdBkCxyPmw6j26Im', NULL, '2343242', 22, NULL, '2025-01-04 06:33:48', '2025-01-04 06:33:48', 'umar@amch.com', NULL, NULL, NULL, 1, NULL, '0', NULL, NULL, NULL, NULL, 0),
(12257, 1, 'Shaheer Khan', 'shaheer@gmail.com', NULL, NULL, '$2y$10$OOqhw0gUugQ2yGCYFv.uv.Sc.4YmUKQ6mnDIZ/azHA.awGOQ.JO9G', NULL, '03149465659', 22, NULL, '2025-01-06 15:02:43', '2025-01-06 15:02:43', 'shaheer@amc.org.pk', NULL, NULL, NULL, 1, NULL, '0', NULL, NULL, NULL, NULL, 0),
(12258, 1, 'fahad@amch.org.pk', 'naqeebonline444@gmail.com', NULL, NULL, '$2y$10$iT90kPGn6awarY7RfrGFPeAdyI.PJ2/kXWg2FBhDklajf.2saqq9e', NULL, '43353453', 22, NULL, '2025-01-07 08:08:27', '2025-01-07 08:08:27', 'fahad@amch.org.pk', NULL, NULL, NULL, 1, NULL, '0', NULL, NULL, NULL, NULL, 0),
(12259, 1, 'naila nasir', 'naila@gmail.com', NULL, NULL, '$2y$10$w7yyYwZEVM8lucwKA.mmdOjx/hppt4iTFho86/6oPXORgnfIwMoPu', NULL, '5446546', 1, NULL, '2025-01-19 11:09:25', '2025-01-19 11:09:25', 'naila@gmail.com', NULL, NULL, NULL, 1, NULL, '0', NULL, NULL, NULL, NULL, 0),
(12260, 1, 'Abubakar', 'abubakar@gmail.com', NULL, NULL, '$2y$10$tywevQqf7iglpw9XhAceBeghUtz/6R4JCyk9GAAUaZPcZpwpVl7Dy', NULL, '0314595962', 1, NULL, '2025-01-19 11:36:57', '2025-01-19 11:36:57', 'abubakar@gmail.com', NULL, NULL, NULL, 1, NULL, '0', NULL, NULL, NULL, NULL, 0);

-- --------------------------------------------------------

--
-- Table structure for table `wards`
--

DROP TABLE IF EXISTS `wards`;
CREATE TABLE IF NOT EXISTS `wards` (
  `id` int NOT NULL AUTO_INCREMENT,
  `name` varchar(255) CHARACTER SET utf8mb4 COLLATE utf8mb4_general_ci DEFAULT NULL,
  `short_name` varchar(255) CHARACTER SET utf8mb4 COLLATE utf8mb4_general_ci DEFAULT NULL,
  `is_active` int NOT NULL DEFAULT '1',
  PRIMARY KEY (`id`)
) ENGINE=InnoDB AUTO_INCREMENT=12 DEFAULT CHARSET=utf8mb4 COLLATE=utf8mb4_general_ci;

--
-- Dumping data for table `wards`
--

INSERT INTO `wards` (`id`, `name`, `short_name`, `is_active`) VALUES
(1, 'Gynae Ward', 'Ward 1', 1),
(2, 'Emergency Male  Ward', 'EM Ward', 1),
(3, 'Emergency Female Ward', NULL, 1),
(4, 'General Male Ward', NULL, 1),
(5, 'Orthopedic ward#1', NULL, 1),
(6, 'Orthopedic ward #2', NULL, 1),
(7, 'General Female Ward #1', NULL, 1),
(8, 'General Female Ward #2', NULL, 1),
(9, 'Peads Ward', NULL, 1),
(10, 'Nephrology Dialysis ward', NULL, 1),
(11, 'NICU', NULL, 1);

-- --------------------------------------------------------

--
-- Table structure for table `ward_beds`
--

DROP TABLE IF EXISTS `ward_beds`;
CREATE TABLE IF NOT EXISTS `ward_beds` (
  `id` int NOT NULL AUTO_INCREMENT,
  `ward_id` int NOT NULL,
  `name` varchar(255) CHARACTER SET utf8mb4 COLLATE utf8mb4_general_ci DEFAULT NULL,
  `is_active` int DEFAULT '1',
  PRIMARY KEY (`id`)
) ENGINE=InnoDB AUTO_INCREMENT=51 DEFAULT CHARSET=utf8mb4 COLLATE=utf8mb4_general_ci;

--
-- Dumping data for table `ward_beds`
--

INSERT INTO `ward_beds` (`id`, `ward_id`, `name`, `is_active`) VALUES
(1, 1, 'Bed#301', 1),
(2, 2, 'Bed#101', 1),
(3, 2, 'Bed#102', 1),
(4, 2, 'Bed#103', 1),
(5, 3, 'Bed#201', 1),
(6, 3, 'Bed#202', 1),
(7, 3, 'Bed#203', 1),
(8, 4, 'Bed#401', 1),
(9, 4, 'Bed#402', 1),
(10, 4, 'Bed#403', 1),
(11, 4, 'Bed#404', 1),
(12, 4, 'Bed#405', 1),
(13, 4, 'Bed#406', 1),
(14, 4, 'Bed#407', 1),
(15, 4, 'Bed#408', 1),
(16, 4, 'Bed#409', 1),
(17, 9, 'Bed#501', 1),
(18, 9, 'Bed#502', 1),
(19, 9, 'Bed#503', 1),
(20, 9, 'Bed#504', 1),
(21, 9, 'Bed#505', 1),
(22, 9, 'Bed#506', 1),
(23, 9, 'Bed#507', 1),
(24, 9, 'Bed#508', 1),
(25, 1, 'Bed#302', 1),
(26, 1, 'Bed#303', 1),
(27, 1, 'Bed#304', 1),
(28, 1, 'Bed#305', 1),
(29, 1, 'Bed#306', 1),
(30, 1, 'Bed#307', 1),
(31, 1, 'Bed#308', 1),
(32, 10, 'Bed#601', 1),
(33, 10, 'Bed#602', 1),
(34, 10, 'Bed#603', 1),
(35, 10, 'Bed#604', 1),
(36, 10, 'Bed#605', 1),
(37, 5, 'Bed#701', 1),
(38, 5, 'Bed#702', 1),
(39, 6, 'Bed#703', 1),
(40, 6, 'Bed#704', 1),
(41, 6, 'Bed#705', 1),
(42, 7, 'Bed#801', 1),
(43, 7, 'Bed#802', 1),
(44, 7, 'Bed#803', 1),
(45, 8, 'Bed#804', 1),
(46, 8, 'Bed#805', 1),
(47, 8, 'Bed#806', 1),
(48, 11, 'Bed#901', 1),
(49, 11, 'Bed#902', 1),
(50, 11, 'Bed#903', 1);

--
-- Constraints for dumped tables
--

--
-- Constraints for table `permission_role`
--
ALTER TABLE `permission_role`
  ADD CONSTRAINT `permission_role_permission_id_foreign` FOREIGN KEY (`permission_id`) REFERENCES `permissions` (`id`) ON DELETE CASCADE,
  ADD CONSTRAINT `permission_role_role_id_foreign` FOREIGN KEY (`role_id`) REFERENCES `roles` (`id`) ON DELETE CASCADE;

--
-- Constraints for table `permission_user`
--
ALTER TABLE `permission_user`
  ADD CONSTRAINT `permission_user_permission_id_foreign` FOREIGN KEY (`permission_id`) REFERENCES `permissions` (`id`) ON DELETE CASCADE,
  ADD CONSTRAINT `permission_user_user_id_foreign` FOREIGN KEY (`user_id`) REFERENCES `users` (`id`) ON DELETE CASCADE;

--
-- Constraints for table `role_user`
--
ALTER TABLE `role_user`
  ADD CONSTRAINT `role_user_role_id_foreign` FOREIGN KEY (`role_id`) REFERENCES `roles` (`id`) ON DELETE CASCADE,
  ADD CONSTRAINT `role_user_user_id_foreign` FOREIGN KEY (`user_id`) REFERENCES `users` (`id`) ON DELETE CASCADE;
COMMIT;

/*!40101 SET CHARACTER_SET_CLIENT=@OLD_CHARACTER_SET_CLIENT */;
/*!40101 SET CHARACTER_SET_RESULTS=@OLD_CHARACTER_SET_RESULTS */;
/*!40101 SET COLLATION_CONNECTION=@OLD_COLLATION_CONNECTION */;
